gene_symbol,human_gene_id,ensembl_gene_id,uniprot_id,synonyms,description,curated_gene_list,curation_evidence,sub_mito_location,pathways,targetp_score,mito_domain_score,coexpression_gnf_n50_score,pgc_induction_score,yeast_mito_homolog_score,rickettsia_homolog_score,msms_score
CYC1,1537,ENSG00000179091,P08574,MC3DN6|UQCR4,cytochrome c1,curated,"literature, APEX_IMS, APEX_matrix, targetP signal, yeast mito homolog++, Rickettsial homolog, mito protein domain+, induction, coexpression++, MS/MS++",MIM,OXPHOS > Complex III > CIII subunits | Metabolism > Metals and cofactors > Heme-containing proteins | Metabolism > Electron carriers > Cytochromes | OXPHOS > OXPHOS subunits,2.0,MitoDomain,49.0,1.24,OrthologMitoHighConf,Ortholog,50-75pure
SDHB,6390,ENSG00000117118,P21912,CWS2|IP|PGL4|SDH|SDH1|SDH2|SDHIP,succinate dehydrogenase complex iron sulfur subunit B,curated,"literature, APEX_matrix, targetP signal+, yeast mito homolog, Rickettsial homolog, mito protein domain+, induction, coexpression++, MS/MS++",MIM,OXPHOS > Complex II > CII subunits | Metabolism > Carbohydrate metabolism > TCA cycle | Metabolism > Metals and cofactors > Fe-S-containing proteins | OXPHOS > OXPHOS subunits,1.0,MitoDomain,49.0,2.32,HomologMitoHighConf,Ortholog,75-100pure
COQ7,10229,ENSG00000167186,Q99807,CAT5|CLK-1|CLK1|COQ10D8,"coenzyme Q7, hydroxylase",curated,"literature, targetP signal+, yeast mito homolog++, Rickettsial homolog, mito protein domain+, coexpression++, MS/MS++",MIM,Metabolism > Metals and cofactors > Coenzyme Q metabolism,1.0,MitoDomain,49.0,,OrthologMitoHighConf,Ortholog,75-100pure
SDHA,6389,ENSG00000073578,P31040,CMD1GG|FP|PGL5|SDH1|SDH2|SDHF,succinate dehydrogenase complex flavoprotein subunit A,curated,"literature, APEX_matrix, targetP signal+, yeast mito homolog++, Rickettsial homolog, mito protein domain, induction, coexpression++, MS/MS++",MIM,OXPHOS > Complex II > CII subunits | Metabolism > Carbohydrate metabolism > TCA cycle | OXPHOS > OXPHOS subunits,1.0,SharedDomain,47.0,1.8,OrthologMitoHighConf,Ortholog,75-100pure
UQCRC1,7384,ENSG00000010256,P31930,D3S3191|QCR1|UQCR1,ubiquinol-cytochrome c reductase core protein 1,curated,"literature, APEX_matrix, targetP signal+, yeast mito homolog+, Rickettsial homolog, mito protein domain+, induction, coexpression++, MS/MS++",MIM,"Protein import, sorting and homeostasis > Protein import and sorting > Preprotein cleavage | OXPHOS > Complex III > CIII subunits | OXPHOS > OXPHOS subunits",1.0,MitoDomain,49.0,1.55,OrthologMitoLowConf,Homolog,50-75pure
COQ5,84274,ENSG00000110871,Q5HYK3,-,"coenzyme Q5, methyltransferase",curated,"APEX_matrix, targetP signal, yeast mito homolog++, Rickettsial homolog, mito protein domain+, induction, coexpression++, MS/MS++",MIM,Metabolism > Metals and cofactors > Coenzyme Q metabolism,2.0,MitoDomain,41.0,2.95,OrthologMitoHighConf,Homolog,50-75pure
PDHA1,5160,ENSG00000131828,P08559,PDHA|PDHAD|PDHCE1A|PHE1A,pyruvate dehydrogenase E1 subunit alpha 1,curated,"literature, APEX_matrix, targetP signal+, yeast mito homolog+, Rickettsial homolog, mito protein domain+, induction, coexpression++, MS/MS++",Matrix,Metabolism > Carbohydrate metabolism > Pyruvate metabolism,1.0,MitoDomain,45.0,1.13,OrthologMitoLowConf,Homolog,75-100pure
COQ9,57017,ENSG00000088682,O75208,C16orf49|COQ10D5,coenzyme Q9,curated,"APEX_matrix, targetP signal+, yeast mito homolog++, Rickettsial homolog, mito protein domain+, induction, coexpression, MS/MS++",MIM,Metabolism > Metals and cofactors > Coenzyme Q metabolism,1.0,MitoDomain,28.0,1.8,OrthologMitoHighConf,Ortholog,50-75pure
MRPL12,6182,ENSG00000262814,P52815,5c5-2|L12mt|MRP-L31/34|MRPL7|MRPL7/L12|RPML12,mitochondrial ribosomal protein L12,curated,"literature, targetP signal+, yeast mito homolog++, Rickettsial homolog, mito protein domain, induction, coexpression++, MS/MS++",Matrix,Mitochondrial central dogma > mtRNA metabolism > Transcription | Mitochondrial central dogma > Translation > Mitochondrial ribosome,1.0,SharedDomain,42.0,1.98,OrthologMitoHighConf,Ortholog,50-75pure
ATP5F1D,513,ENSG00000099624,P30049,ATP5D|MC5DN5,ATP synthase F1 subunit delta,curated,"literature, APEX_matrix, targetP signal, yeast mito homolog++, Rickettsial homolog, mito protein domain+, induction, coexpression++, MS/MS+",MIM,OXPHOS > Complex V > CV subunits | OXPHOS > OXPHOS subunits,2.0,MitoDomain,49.0,1.75,OrthologMitoHighConf,Ortholog,25-50pure
COX5A,9377,ENSG00000178741,P20674,COX|COX-VA|VA,cytochrome c oxidase subunit 5A,curated,"literature, APEX_IMS, APEX_matrix, targetP signal+, yeast mito homolog++, mito protein domain+, induction, coexpression++, MS/MS++",MIM,OXPHOS > Complex IV > CIV subunits | OXPHOS > OXPHOS subunits,1.0,MitoDomain,49.0,1.91,OrthologMitoHighConf,NoHomolog,50-75pure
ISCA2,122961,ENSG00000165898,Q86U28,HBLD1|ISA2|MMDS4|c14_5557,iron-sulfur cluster assembly 2,curated,"APEX_matrix, targetP signal+, yeast mito homolog++, Rickettsial homolog, mito protein domain+, induction, coexpression, MS/MS++",Matrix,Metabolism > Metals and cofactors > Fe-S cluster biosynthesis | Metabolism > Metals and cofactors > Fe-S-containing proteins,1.0,MitoDomain,28.0,1.07,OrthologMitoHighConf,Ortholog,75-100pure
PMPCB,9512,ENSG00000105819,O75439,Beta-MPP|MPP11|MPPB|MPPP52|P-52,"peptidase, mitochondrial processing subunit beta",curated,"literature, APEX_matrix, targetP signal+, yeast mito homolog+, Rickettsial homolog, mito protein domain+, induction, coexpression++, MS/MS++",Matrix,"Protein import, sorting and homeostasis > Protein import and sorting > Preprotein cleavage | Protein import, sorting and homeostasis > Protein homeostasis > Proteases",1.0,MitoDomain,42.0,0.74,OrthologMitoLowConf,Homolog,50-75pure
UQCRFS1,7386,ENSG00000169021,P47985,MC3DN10|RIP1|RIS1|RISP|UQCR5,"ubiquinol-cytochrome c reductase, Rieske iron-sulfur polypeptide 1",curated,"literature, APEX_matrix, targetP signal, yeast mito homolog++, Rickettsial homolog, mito protein domain+, coexpression++, MS/MS++",MIM,OXPHOS > Complex III > CIII subunits | Metabolism > Metals and cofactors > Fe-S-containing proteins | OXPHOS > OXPHOS subunits,2.0,MitoDomain,48.0,,OrthologMitoHighConf,Ortholog,75-100pure
ATP5F1A,498,ENSG00000152234,P25705,ATP5A|ATP5A1|ATP5AL2|ATPM|COXPD22|HEL-S-123m|MC5DN4|MOM2|OMR|ORM|hATP1,ATP synthase F1 subunit alpha,curated,"literature, APEX_matrix, targetP signal+, yeast mito homolog++, Rickettsial homolog, mito protein domain, induction, coexpression++, MS/MS++",MIM,OXPHOS > Complex V > CV subunits | OXPHOS > OXPHOS subunits,1.0,SharedDomain,48.0,1.53,OrthologMitoHighConf,Homolog,75-100pure
OGDH,4967,ENSG00000105953,Q02218,AKGDH|E1k|KGD1|OGDC|OGDH2,oxoglutarate dehydrogenase,curated,"literature, APEX_matrix, targetP signal, yeast mito homolog+, Rickettsial homolog, mito protein domain+, induction, coexpression++, MS/MS++",Matrix,Metabolism > Carbohydrate metabolism > TCA cycle,2.0,MitoDomain,46.0,3.07,OrthologMitoLowConf,Homolog,50-75pure
PDHB,5162,ENSG00000168291,P11177,PDHBD|PDHE1-B|PDHE1B|PHE1B,pyruvate dehydrogenase E1 subunit beta,curated,"literature, targetP signal, yeast mito homolog+, Rickettsial homolog, mito protein domain+, induction, coexpression++, MS/MS++",Matrix,Metabolism > Carbohydrate metabolism > Pyruvate metabolism,2.0,MitoDomain,47.0,1.67,OrthologMitoLowConf,Homolog,50-75pure
UQCRC2,7385,ENSG00000140740,P22695,MC3DN5|QCR2|UQCR2,ubiquinol-cytochrome c reductase core protein 2,curated,"literature, APEX_matrix, targetP signal, yeast mito homolog+, Rickettsial homolog, mito protein domain+, induction, coexpression++, MS/MS++",MIM,"Protein import, sorting and homeostasis > Protein import and sorting > Preprotein cleavage | OXPHOS > Complex III > CIII subunits | OXPHOS > OXPHOS subunits",2.0,MitoDomain,45.0,1.79,OrthologMitoLowConf,Homolog,50-75pure
SDHD,6392,ENSG00000204370,O14521,CBT1|CII-4|CWS3|PGL|PGL1|QPs3|SDH4|cybS,succinate dehydrogenase complex subunit D,curated,"literature, targetP signal, yeast mito homolog++, Rickettsial homolog, mito protein domain+, induction, coexpression++, MS/MS+",MIM,OXPHOS > Complex II > CII subunits | Metabolism > Carbohydrate metabolism > TCA cycle | Metabolism > Metals and cofactors > Heme-containing proteins | OXPHOS > OXPHOS subunits,3.0,MitoDomain,45.0,2.02,OrthologMitoHighConf,Ortholog,25-50pure
MRPS35,60488,ENSG00000061794,P82673,HDCMD11P|MDS023|MRP-S28|MRPS28,mitochondrial ribosomal protein S35,curated,"literature, APEX_matrix, targetP signal, yeast mito homolog++, mito protein domain+, induction, coexpression++, MS/MS++",Matrix,Mitochondrial central dogma > Translation > Mitochondrial ribosome,2.0,MitoDomain,43.0,1.81,OrthologMitoHighConf,NoHomolog,50-75pure
UQCRQ,27089,ENSG00000164405,O14949,MC3DN4|QCR8|QP-C|QPC|UQCR7,ubiquinol-cytochrome c reductase complex III subunit VII,curated,"literature, APEX_IMS, targetP signal, yeast mito homolog++, mito protein domain+, induction, coexpression++, MS/MS++",MIM,OXPHOS > Complex III > CIII subunits | OXPHOS > OXPHOS subunits,2.0,MitoDomain,47.0,0.66,OrthologMitoHighConf,NoHomolog,75-100pure
MRPL53,116540,ENSG00000204822,Q96EL3,L53MT,mitochondrial ribosomal protein L53,curated,"literature, APEX_matrix, targetP signal, yeast mito homolog++, mito protein domain+, induction, coexpression++, MS/MS++",Matrix,Mitochondrial central dogma > Translation > Mitochondrial ribosome,2.0,MitoDomain,47.0,0.6,OrthologMitoHighConf,NoHomolog,75-100pure
DBT,1629,ENSG00000137992,P11182,BCATE2|BCKAD-E2|BCKADE2|BCKDH-E2|BCOADC-E2|E2|E2B,dihydrolipoamide branched chain transacylase E2,curated,"literature, APEX_matrix, targetP signal+, yeast mito homolog+, Rickettsial homolog, mito protein domain+, induction, coexpression+, MS/MS++",Matrix,Metabolism > Amino acid metabolism > Branched-chain amino acid metabolism | Metabolism > Amino acid metabolism > Branched-chain amino acid dehydrogenase complex,1.0,MitoDomain,34.0,2.32,OrthologMitoLowConf,Homolog,50-75pure
PDK4,5166,ENSG00000004799,Q16654,-,pyruvate dehydrogenase kinase 4,curated,"literature, targetP signal, yeast mito homolog++, Rickettsial homolog, mito protein domain+, induction, coexpression, MS/MS++",MIM,Metabolism > Carbohydrate metabolism > Pyruvate metabolism,2.0,MitoDomain,18.0,1.77,OrthologMitoHighConf,Ortholog,50-75pure
MDH2,4191,ENSG00000146701,P40926,EIEE51|M-MDH|MDH|MGC:3559|MOR1,malate dehydrogenase 2,curated,"literature, APEX_matrix, targetP signal, yeast mito homolog++, Rickettsial homolog, mito protein domain, induction, coexpression++, MS/MS++",Matrix,Metabolism > Carbohydrate metabolism > Gluconeogenesis | Metabolism > Carbohydrate metabolism > Malate-aspartate shuttle | Metabolism > Carbohydrate metabolism > TCA cycle,2.0,SharedDomain,50.0,1.54,OrthologMitoHighConf,Homolog,75-100pure
MRPS27,23107,ENSG00000113048,Q92552,MRP-S27|S27mt,mitochondrial ribosomal protein S27,curated,"literature, APEX_matrix, targetP signal+, yeast mito homolog++, mito protein domain+, induction, coexpression+, MS/MS++",Matrix,Mitochondrial central dogma > Translation > Mitochondrial ribosome,1.0,MitoDomain,32.0,1.87,OrthologMitoHighConf,NoHomolog,50-75pure
CS,1431,ENSG00000062485,O75390,-,citrate synthase,curated,"literature, APEX_matrix, targetP signal, yeast mito homolog++, Rickettsial homolog, mito protein domain, induction, coexpression++, MS/MS++",Matrix,Metabolism > Carbohydrate metabolism > TCA cycle,3.0,SharedDomain,48.0,2.32,OrthologMitoHighConf,Ortholog,50-75pure
GRPEL1,80273,ENSG00000109519,Q9HAV7,GrpE|HMGE|mt-GrpE#1,"GrpE like 1, mitochondrial",curated,"literature, APEX_matrix, targetP signal+, Rickettsial homolog, mito protein domain+, induction, coexpression++, MS/MS++",Matrix,"Protein import, sorting and homeostasis > Protein import and sorting > Import motor | Metabolism > Metals and cofactors > Fe-S cluster biosynthesis",1.0,MitoDomain,43.0,1.53,HomologMitoLowConf,Homolog,50-75pure
DLAT,1737,ENSG00000150768,P10515,DLTA|E2|PBC|PDC-E2|PDCE2,dihydrolipoamide S-acetyltransferase,curated,"literature, APEX_matrix, yeast mito homolog+, Rickettsial homolog, mito protein domain+, induction, coexpression++, MS/MS++",Matrix,Metabolism > Carbohydrate metabolism > Pyruvate metabolism,4.0,MitoDomain,41.0,2.68,OrthologMitoLowConf,Homolog,50-75pure
LRPPRC,10128,ENSG00000138095,P42704,CLONE-23970|GP130|LRP130|LSFC,leucine rich pentatricopeptide repeat containing,curated,"literature, APEX_matrix, targetP signal+, yeast mito homolog++, mito protein domain, induction, coexpression++, MS/MS++",Matrix,Mitochondrial central dogma > mtRNA metabolism > mtRNA stability and decay | Mitochondrial central dogma > Translation,1.0,SharedDomain,47.0,2.59,OrthologMitoHighConf,NoHomolog,75-100pure
DLST,1743,ENSG00000119689,P36957,DLTS|KGD2|PGL7,dihydrolipoamide S-succinyltransferase,curated,"literature, APEX_IMS, APEX_matrix, targetP signal, yeast mito homolog+, Rickettsial homolog, mito protein domain+, induction, coexpression++, MS/MS+",Matrix,Metabolism > Carbohydrate metabolism > TCA cycle | Metabolism > Amino acid metabolism > Lysine metabolism,2.0,MitoDomain,42.0,1.79,OrthologMitoLowConf,Homolog,25-50pure
PDHX,8050,ENSG00000110435,O00330,DLDBP|E3BP|OPDX|PDHXD|PDX1|proX,pyruvate dehydrogenase complex component X,curated,"literature, APEX_matrix, targetP signal, yeast mito homolog+, Rickettsial homolog, mito protein domain+, induction, coexpression++, MS/MS+",Matrix,Metabolism > Carbohydrate metabolism > Pyruvate metabolism,2.0,MitoDomain,41.0,2.28,OrthologMitoLowConf,Homolog,25-50pure
GFM1,85476,ENSG00000168827,Q96RP9,COXPD1|EFG|EFG1|EFGM|EGF1|GFM|hEFG1|mtEF-G1,G elongation factor mitochondrial 1,curated,"literature, APEX_matrix, targetP signal, yeast mito homolog++, Rickettsial homolog, mito protein domain, induction, coexpression++, MS/MS++",Matrix,Mitochondrial central dogma > Translation > Translation factors,2.0,SharedDomain,48.0,2.39,OrthologMitoHighConf,Homolog,50-75pure
MPC2,25874,ENSG00000143158,O95563,BRP44|SLC54A2,mitochondrial pyruvate carrier 2,curated,"literature, yeast mito homolog++, mito protein domain+, induction, coexpression++, MS/MS++",MIM,Metabolism > Carbohydrate metabolism > Gluconeogenesis | Metabolism > Carbohydrate metabolism > Pyruvate metabolism | Metabolism > Carbohydrate metabolism > TCA-associated | Small molecule transport,5.0,MitoDomain,41.0,3.21,OrthologMitoHighConf,NoHomolog,75-100pure
NDUFS1,4719,ENSG00000023228|ENSG00000283447,P28331,CI-75Kd|CI-75k|MC1DN5|PRO1304,NADH:ubiquinone oxidoreductase core subunit S1,curated,"literature, APEX_matrix, targetP signal, Rickettsial homolog, mito protein domain+, induction, coexpression++, MS/MS++",MIM,OXPHOS > Complex I > CI subunits | Metabolism > Metals and cofactors > Fe-S-containing proteins | OXPHOS > OXPHOS subunits,2.0,MitoDomain,47.0,1.65,NoMitoHomolog,Ortholog,75-100pure
MRPL46,26589,ENSG00000259494,Q9H2W6,C15orf4|LIECG2|P2ECSL,mitochondrial ribosomal protein L46,curated,"literature, APEX_matrix, targetP signal+, yeast mito homolog++, mito protein domain, induction, coexpression++, MS/MS++",Matrix,Mitochondrial central dogma > Translation > Mitochondrial ribosome,1.0,SharedDomain,41.0,3.04,OrthologMitoHighConf,NoHomolog,50-75pure
ATP5F1E,514,ENSG00000124172,P56381,ATP5E|ATPE|MC5DN3,ATP synthase F1 subunit epsilon,curated,"literature, yeast mito homolog++, mito protein domain+, induction, coexpression++, MS/MS++",MIM,OXPHOS > Complex V > CV subunits | OXPHOS > OXPHOS subunits,4.0,MitoDomain,47.0,0.54,OrthologMitoHighConf,NoHomolog,75-100pure
SLC25A3,5250,ENSG00000075415,Q00325,OK/SW-cl.48|PHC|PTP,solute carrier family 25 member 3,curated,"literature, yeast mito homolog++, mito protein domain+, induction, coexpression++, MS/MS++",MIM,Metabolism > Metals and cofactors > Copper metabolism | Signaling > Calcium homeostasis > Calcium cycle | Small molecule transport > SLC25A family,4.0,MitoDomain,50.0,1.22,OrthologMitoHighConf,NoHomolog,75-100pure
MRPS23,51649,ENSG00000181610,Q9Y3D9,CGI-138|COXPD46|HSPC329|MRP-S23,mitochondrial ribosomal protein S23,curated,"literature, APEX_matrix, yeast mito homolog++, mito protein domain+, induction, coexpression++, MS/MS++",Matrix,Mitochondrial central dogma > Translation > Mitochondrial ribosome,5.0,MitoDomain,45.0,1.37,OrthologMitoHighConf,NoHomolog,75-100pure
FH,2271,ENSG00000091483,P07954,FMRD|HLRCC|HsFH|LRCC|MCL|MCUL1,fumarate hydratase,curated,"literature, APEX_matrix, targetP signal+, yeast mito homolog, Rickettsial homolog, mito protein domain, induction, coexpression++, MS/MS++",Matrix,Metabolism > Carbohydrate metabolism > TCA cycle,1.0,SharedDomain,47.0,1.71,HomologMitoHighConf,Homolog,75-100pure
PMPCA,23203,ENSG00000165688,Q10713,Alpha-MPP|CLA1|CPD3|INPP5E|P-55|SCAR2,"peptidase, mitochondrial processing subunit alpha",curated,"literature, APEX_matrix, targetP signal+, yeast mito homolog++, Rickettsial homolog, mito protein domain+, coexpression, MS/MS++",Matrix,"Protein import, sorting and homeostasis > Protein import and sorting > Preprotein cleavage | Protein import, sorting and homeostasis > Protein homeostasis > Proteases",1.0,MitoDomain,27.0,-0.55,OrthologMitoHighConf,Homolog,50-75pure
ATP5F1B,506,ENSG00000110955,P06576,ATP5B|ATPMB|ATPSB|HEL-S-271,ATP synthase F1 subunit beta,curated,"literature, APEX_matrix, targetP signal+, yeast mito homolog++, Rickettsial homolog, mito protein domain, coexpression++, MS/MS++",MIM,OXPHOS > Complex V > CV subunits | OXPHOS > OXPHOS subunits,1.0,SharedDomain,49.0,,OrthologMitoHighConf,Homolog,75-100pure
SDHAF4,135154,ENSG00000154079,Q5VUM1,C6orf57|Sdh8,succinate dehydrogenase complex assembly factor 4,curated,"yeast mito homolog++, Rickettsial homolog, mito protein domain+, induction, coexpression++, MS/MS",Matrix,OXPHOS > Complex II > CII assembly factors | OXPHOS > OXPHOS assembly factors,4.0,MitoDomain,44.0,1.38,OrthologMitoHighConf,Ortholog,25-50ambig
UQCR10,29796,ENSG00000184076,Q9UDW1,HSPC051|HSPC119|HSPC151|QCR9|UCCR7.2|UCRC,"ubiquinol-cytochrome c reductase, complex III subunit X",curated,"literature, yeast mito homolog++, mito protein domain+, induction, coexpression++, MS/MS++",MIM,OXPHOS > Complex III > CIII subunits | OXPHOS > OXPHOS subunits,,MitoDomain,49.0,2.3,OrthologMitoHighConf,NoHomolog,75-100pure
ISCA1,81689,ENSG00000135070,Q9BUE6,HBLD2|ISA1|MMDS5|hIscA,iron-sulfur cluster assembly 1,curated,"APEX_matrix, targetP signal, yeast mito homolog++, Rickettsial homolog, mito protein domain+, induction, MS/MS++",Matrix,Metabolism > Metals and cofactors > Fe-S cluster biosynthesis | Metabolism > Metals and cofactors > Fe-S-containing proteins,2.0,MitoDomain,,1.55,OrthologMitoHighConf,Ortholog,75-100pure
SUCLA2,8803,ENSG00000136143,Q9P2R7,A-BETA|A-SCS|LINC00444|MTDPS5|SCS-betaA,succinate-CoA ligase ADP-forming subunit beta,curated,"literature, APEX_matrix, targetP signal+, yeast mito homolog+, Rickettsial homolog, mito protein domain, induction, coexpression+, MS/MS++",Matrix,Metabolism > Carbohydrate metabolism > TCA cycle | Metabolism > Carbohydrate metabolism > Itaconate metabolism | Metabolism > Nucleotide metabolism > Nucleotide synthesis and processing,1.0,SharedDomain,39.0,2.1,OrthologMitoLowConf,Homolog,75-100pure
COQ3,51805,ENSG00000132423,Q9NZJ6,DHHBMT|DHHBMTASE|UG0215E05|bA9819.1,"coenzyme Q3, methyltransferase",curated,"APEX_matrix, targetP signal, yeast mito homolog++, Rickettsial homolog, mito protein domain+, induction, coexpression+, MS/MS+",MIM,Metabolism > Metals and cofactors > Coenzyme Q metabolism,2.0,MitoDomain,35.0,0.57,OrthologMitoHighConf,Homolog,25-50pure
IARS2,55699,ENSG00000067704,Q9NSE4,CAGSSS|ILERS,"isoleucyl-tRNA synthetase 2, mitochondrial",curated,"APEX_matrix, targetP signal+, yeast mito homolog++, Rickettsial homolog, mito protein domain, coexpression++, MS/MS++",Matrix,Mitochondrial central dogma > Translation > mt-tRNA synthetases,1.0,SharedDomain,42.0,,OrthologMitoHighConf,Homolog,50-75pure
MRPS15,64960,ENSG00000116898,P82914,DC37|MPR-S15|RPMS15|S15mt,mitochondrial ribosomal protein S15,curated,"literature, targetP signal, yeast mito homolog++, Rickettsial homolog, mito protein domain, coexpression++, MS/MS++",Matrix,Mitochondrial central dogma > Translation > Mitochondrial ribosome,2.0,SharedDomain,45.0,,OrthologMitoHighConf,Ortholog,50-75pure
IDH3A,3419,ENSG00000166411,P50213,-,isocitrate dehydrogenase (NAD(+)) 3 catalytic subunit alpha,curated,"APEX_matrix, yeast mito homolog++, Rickettsial homolog, mito protein domain, induction, coexpression++, MS/MS++",Matrix,Metabolism > Carbohydrate metabolism > TCA cycle,4.0,SharedDomain,40.0,2.98,OrthologMitoHighConf,Homolog,50-75pure
COX11,1353,ENSG00000166260,Q9Y6N1,COX11P,cytochrome c oxidase copper chaperone COX11,curated,"literature, APEX_IMS, targetP signal, yeast mito homolog++, Rickettsial homolog, mito protein domain+, induction, coexpression, MS/MS",MIM,OXPHOS > Complex IV > CIV assembly factors | Metabolism > Metals and cofactors > Copper metabolism | OXPHOS > OXPHOS assembly factors,2.0,MitoDomain,27.0,1.38,OrthologMitoHighConf,Ortholog,50-75ambig
ETFDH,2110,ENSG00000171503,Q16134,ETFQO|MADD,electron transfer flavoprotein dehydrogenase,curated,"literature, APEX_matrix, yeast mito homolog++, mito protein domain+, induction, coexpression++, MS/MS++",MIM,"Metabolism > Lipid metabolism > Fatty acid oxidation | Metabolism > Amino acid metabolism > Branched-chain amino acid metabolism | Metabolism > Amino acid metabolism > Lysine metabolism | Metabolism > Amino acid metabolism > Glycine metabolism | Metabolism > Metals and cofactors > Fe-S-containing proteins | Metabolism > Vitamin metabolism > Choline and betaine metabolism | Metabolism > Electron carriers > Q-linked reactions, other",,MitoDomain,40.0,2.68,OrthologMitoHighConf,NoHomolog,50-75pure
TIMM10,26519,ENSG00000134809,P62072,TIM10|TIM10A|TIMM10A,translocase of inner mitochondrial membrane 10,curated,"literature, APEX_IMS, yeast mito homolog++, mito protein domain+, induction, coexpression++, MS/MS++",MIM,"Protein import, sorting and homeostasis > Protein homeostasis > Chaperones | Protein import, sorting and homeostasis > Protein import and sorting",,MitoDomain,47.0,2.88,OrthologMitoHighConf,NoHomolog,50-75pure
MRPL34,64981,ENSG00000130312,Q9BQ48,L34mt,mitochondrial ribosomal protein L34,curated,"literature, APEX_matrix, targetP signal, yeast mito homolog++, Rickettsial homolog, mito protein domain, induction, coexpression++, MS/MS",Matrix,Mitochondrial central dogma > Translation > Mitochondrial ribosome,2.0,SharedDomain,47.0,1.75,OrthologMitoHighConf,Ortholog,25-50ambig
MRPL2,51069,ENSG00000112651,Q5T653,CGI-22|MRP-L14|RPML14,mitochondrial ribosomal protein L2,curated,"literature, APEX_matrix, targetP signal, yeast mito homolog++, Rickettsial homolog, mito protein domain, induction, coexpression++, MS/MS++",Matrix,Mitochondrial central dogma > Translation > Mitochondrial ribosome,3.0,SharedDomain,45.0,0.68,OrthologMitoHighConf,Homolog,50-75pure
BCKDHA,593,ENSG00000248098,P12694,BCKDE1A|MSU|MSUD1|OVD1A,branched chain keto acid dehydrogenase E1 subunit alpha,curated,"literature, APEX_matrix, targetP signal+, yeast mito homolog+, Rickettsial homolog, mito protein domain+, coexpression+, MS/MS++",MIM,Metabolism > Amino acid metabolism > Branched-chain amino acid metabolism | Metabolism > Amino acid metabolism > Branched-chain amino acid dehydrogenase complex,1.0,MitoDomain,32.0,,OrthologMitoLowConf,Homolog,50-75pure
UQCRH,7388,ENSG00000173660,P07919,QCR6|UQCR8,ubiquinol-cytochrome c reductase hinge protein,curated,"literature, APEX_IMS, yeast mito homolog++, mito protein domain+, induction, coexpression++, MS/MS++",MIM,OXPHOS > Complex III > CIII subunits | OXPHOS > OXPHOS subunits,,MitoDomain,43.0,0.94,OrthologMitoHighConf,NoHomolog,75-100pure
HIGD2A,192286,ENSG00000146066,Q9BW72,RCF1b,HIG1 hypoxia inducible domain family member 2A,curated,"APEX_IMS, yeast mito homolog++, mito protein domain+, induction, coexpression++, MS/MS++",MIM,OXPHOS > OXPHOS assembly factors | OXPHOS > Respirasome assembly,,MitoDomain,42.0,0.99,OrthologMitoHighConf,NoHomolog,75-100pure
ATP5PO,539,ENSG00000241837,P48047,ATP5O|ATPO|HMC08D05|OSCP,ATP synthase peripheral stalk subunit OSCP,curated,"literature, APEX_matrix, targetP signal, yeast mito homolog++, Rickettsial homolog, mito protein domain+, induction, MS/MS++",MIM,OXPHOS > Complex V > CV subunits | OXPHOS > OXPHOS subunits,2.0,MitoDomain,,1.34,OrthologMitoHighConf,Ortholog,75-100pure
ECHS1,1892,ENSG00000127884,P30084,ECHS1D|SCEH,"enoyl-CoA hydratase, short chain 1",curated,"literature, APEX_matrix, targetP signal+, yeast mito homolog+, Rickettsial homolog, mito protein domain, induction, coexpression+, MS/MS++",Matrix,Metabolism > Lipid metabolism > Fatty acid oxidation | Metabolism > Amino acid metabolism > Branched-chain amino acid metabolism | Metabolism > Amino acid metabolism > Lysine metabolism,1.0,SharedDomain,30.0,0.96,OrthologMitoLowConf,Homolog,75-100pure
LETMD1,25875,ENSG00000050426,Q6P1Q0,1110019O13Rik|HCCR|HCCR-1|HCCR-2|HCCR1|HCCR2|HCRR-2|SLC55A3,LETM1 domain containing 1,curated,"GFP, targetP signal+, yeast mito homolog+, mito protein domain+, induction, coexpression, MS/MS++",Membrane,Small molecule transport,1.0,MitoDomain,16.0,2.08,OrthologMitoLowConf,NoHomolog,50-75pure
COX6A1,1337,ENSG00000111775,P12074,CMTRID|COX6A|COX6AL,cytochrome c oxidase subunit 6A1,curated,"literature, targetP signal+, yeast mito homolog+, mito protein domain+, induction, coexpression, MS/MS++",MIM,OXPHOS > Complex IV > CIV subunits | OXPHOS > OXPHOS subunits,1.0,MitoDomain,25.0,1.44,OrthologMitoLowConf,NoHomolog,50-75pure
COX15,1355,ENSG00000014919,Q7KZN9,CEMCOX2,cytochrome c oxidase assembly homolog COX15,curated,"literature, targetP signal, yeast mito homolog++, Rickettsial homolog, mito protein domain+, coexpression++, MS/MS",MIM,OXPHOS > Complex IV > CIV assembly factors | Metabolism > Metals and cofactors > Heme synthesis and processing | OXPHOS > OXPHOS assembly factors,2.0,MitoDomain,41.0,,OrthologMitoHighConf,Ortholog,0-25pure
AFG3L2,10939,ENSG00000141385,Q9Y4W6,OPA12|SCA28|SPAX5,AFG3 like matrix AAA peptidase subunit 2,curated,"literature, APEX_matrix, targetP signal, Rickettsial homolog, mito protein domain+, induction, coexpression++, MS/MS++",MIM,"Protein import, sorting and homeostasis > Protein homeostasis > Proteases",3.0,MitoDomain,44.0,1.56,HomologMitoLowConf,Homolog,50-75pure
HADHA,3030,ENSG00000084754,P40939,ECHA|GBP|HADH|LCEH|LCHAD|MTPA|TP-ALPHA,hydroxyacyl-CoA dehydrogenase trifunctional multienzyme complex subunit alpha,curated,"literature, APEX_matrix, targetP signal+, yeast mito homolog+, Rickettsial homolog, mito protein domain, coexpression++, MS/MS++",MIM,Metabolism > Lipid metabolism > Fatty acid oxidation | Metabolism > Lipid metabolism > Cardiolipin synthesis | Metabolism > Amino acid metabolism > Branched-chain amino acid metabolism,1.0,SharedDomain,42.0,,OrthologMitoLowConf,Homolog,75-100pure
ETFA,2108,ENSG00000140374,P13804,EMA|GA2|MADD,electron transfer flavoprotein subunit alpha,curated,"literature, APEX_matrix, targetP signal, yeast mito homolog++, mito protein domain, induction, coexpression++, MS/MS++",Matrix,"Metabolism > Lipid metabolism > Fatty acid oxidation | Metabolism > Amino acid metabolism > Branched-chain amino acid metabolism | Metabolism > Amino acid metabolism > Lysine metabolism | Metabolism > Amino acid metabolism > Glycine metabolism | Metabolism > Vitamin metabolism > Choline and betaine metabolism | Metabolism > Electron carriers > Q-linked reactions, other",3.0,SharedDomain,40.0,1.54,OrthologMitoHighConf,NoHomolog,75-100pure
NDUFS7,374291,ENSG00000115286,O75251,CI-20|CI-20KD|MC1DN3|MY017|PSST,NADH:ubiquinone oxidoreductase core subunit S7,curated,"literature, APEX_matrix, targetP signal+, Rickettsial homolog, mito protein domain, induction, coexpression++, MS/MS++",MIM,OXPHOS > Complex I > CI subunits | Metabolism > Metals and cofactors > Fe-S-containing proteins | OXPHOS > OXPHOS subunits,1.0,SharedDomain,41.0,1.86,NoMitoHomolog,Ortholog,50-75pure
CPT2,1376,ENSG00000157184,P23786,CPT1|CPTASE|IIAE4,carnitine palmitoyltransferase 2,curated,"literature, APEX_matrix, targetP signal+, yeast mito homolog++, mito protein domain, induction, coexpression+, MS/MS++",MIM,Metabolism > Lipid metabolism > Fatty acid oxidation | Metabolism > Metals and cofactors > Carnitine synthesis and transport | Metabolism > Metals and cofactors > Carnitine shuttle,1.0,SharedDomain,36.0,0.78,OrthologMitoHighConf,NoHomolog,75-100pure
BCKDHB,594,ENSG00000083123,P21953,BCKDE1B|BCKDH E1-beta|E1B,branched chain keto acid dehydrogenase E1 subunit beta,curated,"literature, APEX_matrix, targetP signal, yeast mito homolog+, Rickettsial homolog, mito protein domain+, coexpression+, MS/MS++",MIM,Metabolism > Amino acid metabolism > Branched-chain amino acid metabolism | Metabolism > Amino acid metabolism > Branched-chain amino acid dehydrogenase complex,2.0,MitoDomain,31.0,,OrthologMitoLowConf,Homolog,75-100pure
IDH3B,3420,ENSG00000101365,O43837,RP46,isocitrate dehydrogenase (NAD(+)) 3 non-catalytic subunit beta,curated,"literature, APEX_matrix, targetP signal+, yeast mito homolog+, Rickettsial homolog, mito protein domain, induction, coexpression, MS/MS++",Matrix,Metabolism > Carbohydrate metabolism > TCA cycle,1.0,SharedDomain,20.0,2.08,OrthologMitoLowConf,Homolog,50-75pure
LARS2,23395,ENSG00000011376,Q15031,HLASA|LEURS|PRLTS4|mtLeuRS,"leucyl-tRNA synthetase 2, mitochondrial",curated,"literature, APEX_matrix, targetP signal, yeast mito homolog++, Rickettsial homolog, mito protein domain, coexpression++, MS/MS++",Matrix,Mitochondrial central dogma > Translation > mt-tRNA synthetases,3.0,SharedDomain,42.0,,OrthologMitoHighConf,Ortholog,50-75pure
ACADS,35,ENSG00000122971,P16219,ACAD3|SCAD,acyl-CoA dehydrogenase short chain,curated,"literature, APEX_matrix, targetP signal+, mito protein domain+, induction, coexpression++, MS/MS++",Matrix,Metabolism > Lipid metabolism > Fatty acid oxidation,1.0,MitoDomain,42.0,0.97,NoMitoHomolog,NoHomolog,75-100pure
LETM1,3954,ENSG00000168924,O95202,SLC55A1,leucine zipper and EF-hand containing transmembrane protein 1,curated,"literature, APEX_IMS, APEX_matrix, targetP signal, yeast mito homolog+, mito protein domain+, coexpression++, MS/MS++",MIM,Signaling > Calcium homeostasis > Calcium cycle,2.0,MitoDomain,42.0,,OrthologMitoLowConf,NoHomolog,50-75pure
ATP5ME,521,ENSG00000169020,P56385,ATP5I|ATP5K,ATP synthase membrane subunit e,curated,"literature, APEX_IMS, yeast mito homolog++, mito protein domain+, coexpression++, MS/MS++",MIM,OXPHOS > Complex V > CV subunits | OXPHOS > OXPHOS subunits | Mitochondrial dynamics and surveillance > Cristae formation,5.0,MitoDomain,49.0,,OrthologMitoHighConf,NoHomolog,75-100pure
OPA1,4976,ENSG00000198836,O60313,BERHS|MGM1|MTDPS14|NPG|NTG|largeG,OPA1 mitochondrial dynamin like GTPase,curated,"literature, APEX_IMS, targetP signal, yeast mito homolog++, mito protein domain, induction, coexpression++, MS/MS++",MIM,Mitochondrial dynamics and surveillance > Fusion | Mitochondrial dynamics and surveillance > Cristae formation,3.0,SharedDomain,45.0,1.09,OrthologMitoHighConf,NoHomolog,75-100pure
AUH,549,ENSG00000148090,Q13825,-,AU RNA binding methylglutaconyl-CoA hydratase,curated,"literature, APEX_matrix, yeast mito homolog+, Rickettsial homolog, mito protein domain, induction, coexpression++, MS/MS++",Matrix,Metabolism > Carbohydrate metabolism > Itaconate metabolism | Metabolism > Amino acid metabolism > Branched-chain amino acid metabolism,4.0,SharedDomain,43.0,1.01,OrthologMitoLowConf,Homolog,75-100pure
SUCLG1,8802,ENSG00000163541,P53597,GALPHA|MTDPS9|SUCLA1,succinate-CoA ligase GDP/ADP-forming subunit alpha,curated,"yeast mito homolog+, Rickettsial homolog, mito protein domain, induction, coexpression++, MS/MS++",Matrix,Metabolism > Carbohydrate metabolism > TCA cycle | Metabolism > Carbohydrate metabolism > Itaconate metabolism | Metabolism > Nucleotide metabolism > Nucleotide synthesis and processing,5.0,SharedDomain,44.0,1.59,OrthologMitoLowConf,Homolog,50-75pure
NDUFV2,4729,ENSG00000178127,P19404,CI-24k|MC1DN7,NADH:ubiquinone oxidoreductase core subunit V2,curated,"literature, APEX_matrix, targetP signal+, Rickettsial homolog, induction, coexpression++, MS/MS++",MIM,OXPHOS > Complex I > CI subunits | Metabolism > Metals and cofactors > Fe-S-containing proteins | OXPHOS > OXPHOS subunits,1.0,,47.0,1.84,NoMitoHomolog,Ortholog,75-100pure
COQ6,51004,ENSG00000119723,Q9Y2Z9,CGI-10|CGI10|COQ10D6,"coenzyme Q6, monooxygenase",curated,"literature, APEX_matrix, targetP signal+, yeast mito homolog++, Rickettsial homolog, mito protein domain, induction, coexpression+, MS/MS+",MIM,Metabolism > Metals and cofactors > Coenzyme Q metabolism,1.0,SharedDomain,38.0,0.79,OrthologMitoHighConf,Homolog,25-50pure
MRPL43,84545,ENSG00000055950,Q8N983,L43mt|MRP-L43|bMRP36a,mitochondrial ribosomal protein L43,curated,"literature, targetP signal+, yeast mito homolog++, mito protein domain, induction, coexpression, MS/MS++",Matrix,Mitochondrial central dogma > Translation > Mitochondrial ribosome,1.0,SharedDomain,21.0,1.57,OrthologMitoHighConf,NoHomolog,50-75pure
ABHD11,83451,ENSG00000106077,Q8NFV4,PP1226|WBSCR21,abhydrolase domain containing 11,curated,"literature, APEX_matrix, targetP signal+, yeast mito homolog++, Rickettsial homolog, mito protein domain, coexpression+, MS/MS++",Matrix,Metabolism > Carbohydrate metabolism > TCA-associated,1.0,SharedDomain,30.0,0.45,OrthologMitoHighConf,Homolog,50-75pure
ATP5PF,522,ENSG00000154723,P18859,ATP5|ATP5A|ATP5J|ATPM|CF6|F6,ATP synthase peripheral stalk subunit F6,curated,"literature, APEX_IMS, targetP signal+, mito protein domain+, induction, coexpression++, MS/MS++",MIM,OXPHOS > Complex V > CV subunits | OXPHOS > OXPHOS subunits,1.0,MitoDomain,46.0,0.84,NoMitoHomolog,NoHomolog,50-75pure
NDUFB8,4714,ENSG00000166136,O95169,ASHI|CI-ASHI|MC1DN32,NADH:ubiquinone oxidoreductase subunit B8,curated,"literature, APEX_IMS, APEX_matrix, targetP signal+, mito protein domain+, induction, coexpression++, MS/MS++",MIM,OXPHOS > Complex I > CI subunits | OXPHOS > OXPHOS subunits,1.0,MitoDomain,47.0,1.43,NoMitoHomolog,NoHomolog,50-75pure
LONP1,9361,ENSG00000196365,P36776,CODASS|LON|LONP|LonHS|PIM1|PRSS15|hLON,"lon peptidase 1, mitochondrial",curated,"literature, APEX_matrix, targetP signal+, yeast mito homolog+, Rickettsial homolog, mito protein domain, induction, coexpression, MS/MS++",Matrix,"Protein import, sorting and homeostasis > Protein homeostasis > Proteases",1.0,SharedDomain,14.0,1.81,OrthologMitoLowConf,Homolog,50-75pure
DLD,1738,ENSG00000091140,P09622,DLDD|DLDH|E3|GCSL|LAD|OGDC-E3|PHE3,dihydrolipoamide dehydrogenase,curated,"literature, APEX_matrix, targetP signal, yeast mito homolog, Rickettsial homolog, mito protein domain, induction, coexpression++, MS/MS++",Matrix,Metabolism > Carbohydrate metabolism > Pyruvate metabolism | Metabolism > Carbohydrate metabolism > TCA cycle | Metabolism > Amino acid metabolism > Branched-chain amino acid metabolism | Metabolism > Amino acid metabolism > Branched-chain amino acid dehydrogenase complex | Metabolism > Amino acid metabolism > Lysine metabolism | Metabolism > Amino acid metabolism > Glycine metabolism | Metabolism > Amino acid metabolism > Glycine cleavage system,2.0,SharedDomain,43.0,1.39,HomologMitoHighConf,Homolog,50-75pure
AIFM1,9131,ENSG00000156709,O95831,AIF|AUNX1|CMT2D|CMTX4|COWCK|COXPD6|DFNX5|NADMR|NAMSD|PDCD8|SEMDHL,apoptosis inducing factor mitochondria associated 1,curated,"literature, APEX_IMS, targetP signal, Rickettsial homolog, mito protein domain, induction, coexpression++, MS/MS++",MIM,"Protein import, sorting and homeostasis > Protein import and sorting > MIA40 | OXPHOS > Complex I > CI assembly factors | OXPHOS > OXPHOS assembly factors | Mitochondrial dynamics and surveillance > Apoptosis",2.0,SharedDomain,43.0,1.96,HomologMitoLowConf,Homolog,75-100pure
ECHDC3,79746,ENSG00000134463,Q96DC8,-,enoyl-CoA hydratase domain containing 3,curated,"targetP signal+, yeast mito homolog+, Rickettsial homolog, mito protein domain, induction, coexpression, MS/MS++",Matrix,0,1.0,SharedDomain,17.0,1.37,OrthologMitoLowConf,Homolog,75-100pure
APOOL,139322,ENSG00000155008,Q6UXV4,CXorf33|FAM121A|MICOS27|Mic27|UNQ8193,apolipoprotein O like,curated,"literature, yeast mito homolog, mito protein domain+, induction, coexpression++, MS/MS++",MIM,Mitochondrial dynamics and surveillance > Cristae formation > MICOS complex,5.0,MitoDomain,43.0,0.78,HomologMitoHighConf,NoHomolog,75-100pure
MRPL10,124995,ENSG00000159111,Q7Z7H8,L10MT|MRP-L10|MRP-L8|MRPL8|RPML8,mitochondrial ribosomal protein L10,curated,"literature, APEX_matrix, targetP signal, yeast mito homolog++, Rickettsial homolog, mito protein domain, coexpression+, MS/MS++",Matrix,Mitochondrial central dogma > Translation > Mitochondrial ribosome,2.0,SharedDomain,39.0,,OrthologMitoHighConf,Ortholog,50-75pure
MRRF,92399,ENSG00000148187,Q96E11,MRFF|MTRRF|RRF,mitochondrial ribosome recycling factor,curated,"literature, APEX_matrix, targetP signal+, yeast mito homolog++, Rickettsial homolog, mito protein domain, coexpression, MS/MS++",Matrix,Mitochondrial central dogma > Translation > Translation factors,1.0,SharedDomain,12.0,,OrthologMitoHighConf,Ortholog,50-75pure
NDUFS8,4728,ENSG00000110717,O00217,CI-23k|CI23KD|MC1DN2|TYKY,NADH:ubiquinone oxidoreductase core subunit S8,curated,"literature, APEX_matrix, targetP signal, Rickettsial homolog, mito protein domain, induction, coexpression++, MS/MS++",MIM,OXPHOS > Complex I > CI subunits | Metabolism > Metals and cofactors > Fe-S-containing proteins | OXPHOS > OXPHOS subunits,2.0,SharedDomain,48.0,1.89,NoMitoHomolog,Ortholog,50-75pure
ACADM,34,ENSG00000117054,P11310,ACAD1|MCAD|MCADH,acyl-CoA dehydrogenase medium chain,curated,"literature, APEX_matrix, targetP signal, mito protein domain+, induction, coexpression++, MS/MS++",Matrix,Metabolism > Lipid metabolism > Fatty acid oxidation,2.0,MitoDomain,40.0,1.71,NoMitoHomolog,NoHomolog,50-75pure
IMMT,10989,ENSG00000132305,Q16891,HMP|MICOS60|MINOS2|Mic60|P87|P87/89|P89|PIG4|PIG52,inner membrane mitochondrial protein,curated,"literature, targetP signal, yeast mito homolog, mito protein domain+, coexpression++, MS/MS++",MIM,Mitochondrial dynamics and surveillance > Cristae formation > MICOS complex,2.0,MitoDomain,48.0,,HomologMitoHighConf,NoHomolog,75-100pure
TIMM9,26520,ENSG00000100575,Q9Y5J7,TIM9|TIM9A,translocase of inner mitochondrial membrane 9,curated,"literature, APEX_IMS, yeast mito homolog++, mito protein domain+, induction, coexpression+, MS/MS++",MIM,"Protein import, sorting and homeostasis > Protein homeostasis > Chaperones | Protein import, sorting and homeostasis > Protein import and sorting",,MitoDomain,30.0,1.48,OrthologMitoHighConf,NoHomolog,75-100pure
SLC25A4,291,ENSG00000151729,P12235,AAC1|ANT|ANT 1|ANT1|MTDPS12|MTDPS12A|PEO2|PEO3|PEOA2|T1,solute carrier family 25 member 4,curated,"literature, yeast mito homolog++, mito protein domain+, induction, coexpression, MS/MS++",MIM,Metabolism > Nucleotide metabolism > Nucleotide import | Signaling > Calcium homeostasis > Mitochondrial permeability transition pore | Small molecule transport > SLC25A family,,MitoDomain,24.0,1.53,OrthologMitoHighConf,NoHomolog,75-100pure
SAMM50,25813,ENSG00000100347,Q9Y512,CGI-51|OMP85|SAM50|TOB55|TRG-3|YNL026W,SAMM50 sorting and assembly machinery component,curated,"literature, APEX_IMS, APEX_matrix, yeast mito homolog++, Rickettsial homolog, induction, coexpression++, MS/MS++",MOM,"Protein import, sorting and homeostasis > Protein import and sorting > SAM | Mitochondrial dynamics and surveillance > Intramitochondrial membrane interactions",,,49.0,1.88,OrthologMitoHighConf,Homolog,50-75pure
NDUFS2,4720,ENSG00000158864,O75306,CI-49|MC1DN6,NADH:ubiquinone oxidoreductase core subunit S2,curated,"literature, APEX_matrix, targetP signal, Rickettsial homolog, mito protein domain, induction, coexpression++, MS/MS++",MIM,OXPHOS > Complex I > CI subunits | Metabolism > Metals and cofactors > Fe-S-containing proteins | OXPHOS > OXPHOS subunits,2.0,SharedDomain,45.0,0.71,NoMitoHomolog,Ortholog,75-100pure
NDUFV1,4723,ENSG00000167792,P49821,CI-51K|CI51KD|MC1DN4|UQOR1,NADH:ubiquinone oxidoreductase core subunit V1,curated,"literature, APEX_matrix, targetP signal, Rickettsial homolog, mito protein domain, induction, coexpression++, MS/MS++",MIM,OXPHOS > Complex I > CI subunits | Metabolism > Metals and cofactors > Fe-S-containing proteins | OXPHOS > OXPHOS subunits,2.0,SharedDomain,45.0,1.14,NoMitoHomolog,Ortholog,75-100pure
ACO2,50,ENSG00000100412,Q99798,ACONM|HEL-S-284|ICRD|OCA8|OPA9,aconitase 2,curated,"literature, APEX_matrix, targetP signal, Rickettsial homolog, mito protein domain, induction, coexpression++, MS/MS++",Matrix,Metabolism > Carbohydrate metabolism > TCA cycle | Metabolism > Metals and cofactors > Fe-S-containing proteins,2.0,SharedDomain,45.0,1.84,HomologMitoLowConf,Homolog,50-75pure
SUPV3L1,6832,ENSG00000156502,Q8IYB8,SUV3,Suv3 like RNA helicase,curated,"literature, APEX_matrix, targetP signal+, yeast mito homolog++, mito protein domain, induction, coexpression+, MS/MS+",Matrix,Mitochondrial central dogma > mtRNA metabolism > mtRNA granules | Mitochondrial central dogma > mtRNA metabolism > mtRNA stability and decay,1.0,SharedDomain,31.0,1.58,OrthologMitoHighConf,NoHomolog,25-50pure
FECH,2235,ENSG00000066926,P22830,EPP|EPP1|FCE,ferrochelatase,curated,"literature, APEX_matrix, targetP signal+, yeast mito homolog++, Rickettsial homolog, mito protein domain, coexpression, MS/MS++",MIM,Metabolism > Metals and cofactors > Heme synthesis and processing | Metabolism > Metals and cofactors > Fe-S-containing proteins,1.0,SharedDomain,5.0,,OrthologMitoHighConf,Ortholog,75-100pure
MTIF2,4528,ENSG00000085760,P46199,-,mitochondrial translational initiation factor 2,curated,"literature, APEX_matrix, targetP signal, yeast mito homolog++, Rickettsial homolog, mito protein domain, induction, coexpression++, MS/MS",Matrix,Mitochondrial central dogma > Translation > Translation factors,3.0,SharedDomain,46.0,1.01,OrthologMitoHighConf,Homolog,50-75ambig
HIBCH,26275,ENSG00000198130,Q6NVY1,HIBYLCOAH,3-hydroxyisobutyryl-CoA hydrolase,curated,"literature, APEX_matrix, targetP signal+, yeast mito homolog+, mito protein domain, induction, coexpression, MS/MS++",Matrix,Metabolism > Amino acid metabolism > Branched-chain amino acid metabolism,1.0,SharedDomain,25.0,1.82,OrthologMitoLowConf,NoHomolog,50-75pure
MRPS2,51116,ENSG00000122140,Q9Y399,CGI-91|COXPD36|MRP-S2|S2mt,mitochondrial ribosomal protein S2,curated,"literature, APEX_matrix, targetP signal, yeast mito homolog++, Rickettsial homolog, mito protein domain, induction, coexpression+, MS/MS+",Matrix,Mitochondrial central dogma > Translation > Mitochondrial ribosome,2.0,SharedDomain,33.0,0.82,OrthologMitoHighConf,Homolog,25-50pure
HSPA9,3313,ENSG00000113013,P38646,CRP40|CSA|EVPLS|GRP-75|GRP75|HEL-S-124m|HSPA9B|MOT|MOT2|MTHSP75|PBP74|SAAN|SIDBA4,heat shock protein family A (Hsp70) member 9,curated,"APEX_matrix, targetP signal+, yeast mito homolog, Rickettsial homolog, mito protein domain, induction, coexpression, MS/MS++",Matrix,Metabolism > Metals and cofactors > Fe-S cluster biosynthesis,1.0,SharedDomain,27.0,1.21,HomologMitoHighConf,Homolog,75-100pure
SURF1,6834,ENSG00000148290|ENSG00000280627,Q15526,CMT4K,SURF1 cytochrome c oxidase assembly factor,curated,"literature, targetP signal, yeast mito homolog++, Rickettsial homolog, mito protein domain+, coexpression, MS/MS",MIM,OXPHOS > Complex IV > CIV assembly factors | OXPHOS > OXPHOS assembly factors,2.0,MitoDomain,16.0,,OrthologMitoHighConf,Ortholog,50-75ambig
PRDX3,10935,ENSG00000165672,P30048,AOP-1|AOP1|HBC189|MER5|PRO1748|SP-22|prx-III,peroxiredoxin 3,curated,"literature, APEX_IMS, APEX_matrix, targetP signal+, Rickettsial homolog, mito protein domain, induction, coexpression++, MS/MS++",Matrix,Metabolism > Detoxification > ROS and glutathione metabolism,1.0,SharedDomain,42.0,1.27,NoMitoHomolog,Homolog,50-75pure
GHITM,27069,ENSG00000165678,Q9H3K2,DERP2|HSPC282|MICS1|My021|PTD010|TMBIM5,growth hormone inducible transmembrane protein,curated,"literature, APEX_IMS, targetP signal+, Rickettsial homolog, mito protein domain+, induction, coexpression++, MS/MS",MIM,Mitochondrial dynamics and surveillance > Apoptosis,1.0,MitoDomain,40.0,1.12,NoMitoHomolog,Homolog,25-50ambig
GUF1,60558,ENSG00000151806,Q8N442,EF-4|EF4|EIEE40,"GUF1 homolog, GTPase",curated,"APEX_matrix, targetP signal, yeast mito homolog++, Rickettsial homolog, mito protein domain+, coexpression, MS/MS+",Matrix,Mitochondrial central dogma > Translation,2.0,MitoDomain,7.0,,OrthologMitoHighConf,Ortholog,25-50pure
TIMM13,26517,ENSG00000099800,Q9Y5L4,TIM13|TIM13B|TIMM13A|TIMM13B|ppv1,translocase of inner mitochondrial membrane 13,curated,"literature, APEX_IMS, yeast mito homolog++, mito protein domain+, induction, coexpression, MS/MS++",MIM,"Protein import, sorting and homeostasis > Protein homeostasis > Chaperones | Protein import, sorting and homeostasis > Protein import and sorting",,MitoDomain,22.0,0.59,OrthologMitoHighConf,NoHomolog,75-100pure
LYRM4,57128,ENSG00000214113,Q9HD34,C6orf149|CGI-203|COXPD19|ISD11,LYR motif containing 4,curated,"literature, APEX_matrix, targetP signal+, yeast mito homolog, mito protein domain+, induction, coexpression, MS/MS++",Matrix,Metabolism > Metals and cofactors > Fe-S cluster biosynthesis,1.0,MitoDomain,8.0,1.08,HomologMitoHighConf,NoHomolog,75-100pure
MRPL16,54948,ENSG00000166902,Q9NX20,L16mt|MRP-L16|PNAS-111,mitochondrial ribosomal protein L16,curated,"literature, yeast mito homolog++, Rickettsial homolog, mito protein domain, coexpression++, MS/MS+",Matrix,Mitochondrial central dogma > Translation > Mitochondrial ribosome,4.0,SharedDomain,49.0,,OrthologMitoHighConf,Ortholog,25-50pure
MRPL40,64976,ENSG00000185608,Q9NQ50,L40mt|MRP-L22|MRP-L40|MRPL22|NLVCF|URIM,mitochondrial ribosomal protein L40,curated,"literature, APEX_matrix, targetP signal+, yeast mito homolog++, mito protein domain+, induction, coexpression, MS/MS",Matrix,Mitochondrial central dogma > Translation > Mitochondrial ribosome,1.0,MitoDomain,5.0,1.03,OrthologMitoHighConf,NoHomolog,50-75ambig
IDH3G,3421,ENSG00000067829,P51553,H-IDHG,isocitrate dehydrogenase (NAD(+)) 3 non-catalytic subunit gamma,curated,"literature, APEX_matrix, yeast mito homolog+, Rickettsial homolog, mito protein domain, induction, coexpression++, MS/MS++",Matrix,Metabolism > Carbohydrate metabolism > TCA cycle,,SharedDomain,46.0,1.29,OrthologMitoLowConf,Homolog,50-75pure
SDHC,6391,ENSG00000143252,Q99643,CYB560|CYBL|PGL3|QPS1|SDH3,succinate dehydrogenase complex subunit C,curated,"literature, targetP signal+, Rickettsial homolog, mito protein domain, induction, coexpression++, MS/MS+",MIM,OXPHOS > Complex II > CII subunits | Metabolism > Carbohydrate metabolism > TCA cycle | Metabolism > Metals and cofactors > Heme-containing proteins | OXPHOS > OXPHOS subunits,1.0,SharedDomain,47.0,1.32,NoMitoHomolog,Ortholog,25-50pure
NDUFB5,4711,ENSG00000136521,O43674,CISGDH|SGDH,NADH:ubiquinone oxidoreductase subunit B5,curated,"literature, APEX_IMS, APEX_matrix, targetP signal+, mito protein domain+, induction, coexpression++, MS/MS+",MIM,OXPHOS > Complex I > CI subunits | OXPHOS > OXPHOS subunits,1.0,MitoDomain,48.0,1.44,NoMitoHomolog,NoHomolog,25-50pure
SDHAF2,54949,ENSG00000167985,Q9NX18,C11orf79|PGL2|SDH5,succinate dehydrogenase complex assembly factor 2,curated,"GFP, targetP signal, yeast mito homolog++, Rickettsial homolog, mito protein domain+, induction, coexpression, MS/MS",Matrix,OXPHOS > Complex II > CII assembly factors | OXPHOS > OXPHOS assembly factors,3.0,MitoDomain,9.0,0.53,OrthologMitoHighConf,Ortholog,25-50ambig
COQ10A,93058,ENSG00000135469,Q96MF6,-,coenzyme Q10A,curated,"targetP signal, yeast mito homolog+, Rickettsial homolog, mito protein domain+, induction, MS/MS++",MIM,Metabolism > Metals and cofactors > Coenzyme Q metabolism,2.0,MitoDomain,2.0,1.49,OrthologMitoLowConf,Homolog,50-75pure
TXN2,25828,ENSG00000100348,Q99757,COXPD29|MT-TRX|MTRX|TRX2|TXN,thioredoxin 2,curated,"literature, APEX_matrix, targetP signal+, Rickettsial homolog, mito protein domain, induction, coexpression++, MS/MS+",Matrix,Metabolism > Vitamin metabolism > Vitamin C metabolism | Metabolism > Detoxification > ROS and glutathione metabolism,1.0,SharedDomain,47.0,1.23,HomologMitoLowConf,Homolog,25-50pure
MRPS18A,55168,ENSG00000096080,Q9NVS2,HumanS18b|MRP-S18-3|MRP-S18-a|MRPS18-3|S18bmt|S18mt-a,mitochondrial ribosomal protein S18A,curated,"literature, APEX_matrix, targetP signal, Rickettsial homolog, mito protein domain, induction, coexpression++, MS/MS++",Matrix,Mitochondrial central dogma > Translation > Mitochondrial ribosome,2.0,SharedDomain,44.0,1.55,NoMitoHomolog,Homolog,50-75pure
COX6C,1345,ENSG00000164919,P09669,-,cytochrome c oxidase subunit 6C,curated,"literature, APEX_IMS, APEX_matrix, targetP signal, mito protein domain+, induction, coexpression++, MS/MS++",MIM,OXPHOS > Complex IV > CIV subunits | OXPHOS > OXPHOS subunits,3.0,MitoDomain,47.0,0.85,NoMitoHomolog,NoHomolog,75-100pure
NDUFB9,4715,ENSG00000147684,Q9Y6M9,B22|CI-B22|LYRM3|MC1DN24|UQOR22,NADH:ubiquinone oxidoreductase subunit B9,curated,"literature, APEX_IMS, APEX_matrix, targetP signal, mito protein domain+, induction, coexpression++, MS/MS++",MIM,OXPHOS > Complex I > CI subunits | OXPHOS > OXPHOS subunits,3.0,MitoDomain,48.0,1.26,NoMitoHomolog,NoHomolog,75-100pure
MTCH2,23788,ENSG00000109919|ENSG00000285121,Q9Y6C9,HSPC032|MIMP|SLC25A50,mitochondrial carrier 2,curated,"literature, APEX_IMS, yeast mito homolog+, mito protein domain+, induction, coexpression+, MS/MS++",MOM,Small molecule transport > SLC25A family | Mitochondrial dynamics and surveillance > Fusion,,MitoDomain,32.0,0.7,OrthologMitoLowConf,NoHomolog,75-100pure
NDUFA6,4700,ENSG00000184983|ENSG00000272765|ENSG00000273397|ENSG00000277365|ENSG00000281013,P56556,B14|CI-B14|LYRM6|MC1DN33|NADHB14,NADH:ubiquinone oxidoreductase subunit A6,curated,"literature, APEX_matrix, mito protein domain+, induction, coexpression++, MS/MS++",MIM,OXPHOS > Complex I > CI subunits | OXPHOS > OXPHOS subunits,5.0,MitoDomain,47.0,1.73,NoMitoHomolog,NoHomolog,75-100pure
SLC25A20,788,ENSG00000178537,O43772,CAC|CACT,solute carrier family 25 member 20,curated,"literature, yeast mito homolog+, mito protein domain+, induction, coexpression, MS/MS++",MIM,Metabolism > Lipid metabolism > Fatty acid oxidation | Metabolism > Metals and cofactors > Carnitine synthesis and transport | Metabolism > Metals and cofactors > Carnitine shuttle | Small molecule transport > SLC25A family,,MitoDomain,29.0,1.62,OrthologMitoLowConf,NoHomolog,75-100pure
MRPL1,65008,ENSG00000169288,Q9BYD6,BM022|L1MT|MRP-L1,mitochondrial ribosomal protein L1,curated,"literature, APEX_matrix, targetP signal, yeast mito homolog++, mito protein domain, induction, coexpression, MS/MS++",Matrix,Mitochondrial central dogma > Translation > Mitochondrial ribosome,2.0,SharedDomain,27.0,0.5,OrthologMitoHighConf,NoHomolog,50-75pure
TIMM44,10469,ENSG00000104980,O43615,TIM44,translocase of inner mitochondrial membrane 44,curated,"literature, APEX_matrix, targetP signal, yeast mito homolog, mito protein domain, induction, coexpression++, MS/MS++",MIM,"Protein import, sorting and homeostasis > Protein import and sorting > Import motor",2.0,SharedDomain,45.0,1.44,HomologMitoHighConf,NoHomolog,50-75pure
COX17,10063,ENSG00000138495,Q14061,-,cytochrome c oxidase copper chaperone COX17,curated,"literature, APEX_IMS, yeast mito homolog, mito protein domain+, induction, coexpression++, MS/MS++",IMS,OXPHOS > Complex IV > CIV assembly factors | Metabolism > Metals and cofactors > Copper metabolism | OXPHOS > OXPHOS assembly factors,,MitoDomain,44.0,0.87,HomologMitoHighConf,NoHomolog,50-75pure
MICOS10,440574,ENSG00000173436,Q5TGZ0,C1orf151|MINOS1|MIO10|Mic10,mitochondrial contact site and cristae organizing system subunit 10,curated,"literature, APEX_IMS, yeast mito homolog, mito protein domain+, induction, coexpression++, MS/MS++",MIM,Mitochondrial dynamics and surveillance > Cristae formation > MICOS complex,,MitoDomain,47.0,1.13,HomologMitoHighConf,NoHomolog,50-75pure
COX6B1,1340,ENSG00000126267,P14854,COX6B|COXG|COXVIb1,cytochrome c oxidase subunit 6B1,curated,"literature, APEX_IMS, yeast mito homolog+, mito protein domain+, coexpression++, MS/MS++",MIM,OXPHOS > Complex IV > CIV subunits | OXPHOS > OXPHOS subunits,,MitoDomain,49.0,,OrthologMitoLowConf,NoHomolog,75-100pure
VDAC1,7416,ENSG00000213585,P21796,PORIN|VDAC-1,voltage dependent anion channel 1,curated,"literature, APEX_IMS, yeast mito homolog+, mito protein domain+, coexpression++, MS/MS++",MOM,Signaling > Calcium homeostasis > Mitochondrial permeability transition pore | Mitochondrial dynamics and surveillance > Organelle contact sites | Small molecule transport,,MitoDomain,45.0,,OrthologMitoLowConf,NoHomolog,75-100pure
CLPP,8192,ENSG00000125656,Q16740,DFNB81|PRLTS3,caseinolytic mitochondrial matrix peptidase proteolytic subunit,curated,"literature, APEX_matrix, targetP signal+, Rickettsial homolog, mito protein domain, induction, coexpression+, MS/MS++",Matrix,"Protein import, sorting and homeostasis > Protein homeostasis > Proteases",1.0,SharedDomain,33.0,0.52,NoMitoHomolog,Ortholog,50-75pure
HADH,3033,ENSG00000138796,Q16836,HAD|HADH1|HADHSC|HCDH|HHF4|MSCHAD|SCHAD,hydroxyacyl-CoA dehydrogenase,curated,"literature, APEX_matrix, targetP signal, Rickettsial homolog, mito protein domain, induction, coexpression++, MS/MS++",Matrix,Metabolism > Lipid metabolism > Fatty acid oxidation | Metabolism > Amino acid metabolism > Lysine metabolism,2.0,SharedDomain,42.0,0.58,NoMitoHomolog,Homolog,75-100pure
ACADL,33,ENSG00000115361,P28330,ACAD4|LCAD,acyl-CoA dehydrogenase long chain,curated,"literature, targetP signal+, mito protein domain+, induction, coexpression+, MS/MS++",MIM,Metabolism > Lipid metabolism > Fatty acid oxidation,1.0,MitoDomain,32.0,0.72,NoMitoHomolog,NoHomolog,50-75pure
ACAT1,38,ENSG00000075239,P24752,ACAT|MAT|T2|THIL,acetyl-CoA acetyltransferase 1,curated,"literature, APEX_matrix, targetP signal+, Rickettsial homolog, mito protein domain, induction, coexpression+, MS/MS++",Matrix,Metabolism > Carbohydrate metabolism > Ketone metabolism | Metabolism > Lipid metabolism > Fatty acid oxidation | Metabolism > Amino acid metabolism > Branched-chain amino acid metabolism | Metabolism > Amino acid metabolism > Lysine metabolism,1.0,SharedDomain,39.0,2.25,NoMitoHomolog,Homolog,75-100pure
MALSU1,115416,ENSG00000156928,Q96EH3,C7orf30|mtRsfA,mitochondrial assembly of ribosomal large subunit 1,curated,"literature, APEX_matrix, targetP signal+, yeast mito homolog++, Rickettsial homolog, mito protein domain, coexpression+, MS/MS",Matrix,Mitochondrial central dogma > Translation > Mitochondrial ribosome assembly,1.0,SharedDomain,30.0,,OrthologMitoHighConf,Ortholog,25-50ambig
CLPX,10845,ENSG00000166855,O76031,EPP2,caseinolytic mitochondrial matrix peptidase chaperone subunit X,curated,"literature, APEX_matrix, yeast mito homolog++, Rickettsial homolog, mito protein domain, induction, coexpression, MS/MS++",Matrix,"Protein import, sorting and homeostasis > Protein homeostasis > Proteases",4.0,SharedDomain,8.0,0.68,OrthologMitoHighConf,Ortholog,50-75pure
NDUFS4,4724,ENSG00000164258,O43181,AQDQ|CI-18|CI-18 kDa|CI-AQDQ|MC1DN1,NADH:ubiquinone oxidoreductase subunit S4,curated,"literature, APEX_matrix, targetP signal+, mito protein domain+, coexpression++, MS/MS++",MIM,OXPHOS > Complex I > CI subunits | OXPHOS > OXPHOS subunits,1.0,MitoDomain,47.0,,NoMitoHomolog,NoHomolog,50-75pure
MRPL4,51073,ENSG00000105364,Q9BYD3,CGI-28|L4mt,mitochondrial ribosomal protein L4,curated,"literature, APEX_matrix, targetP signal, yeast mito homolog++, Rickettsial homolog, mito protein domain, induction, MS/MS++",Matrix,Mitochondrial central dogma > Translation > Mitochondrial ribosome,2.0,SharedDomain,,1.26,OrthologMitoHighConf,Ortholog,50-75pure
C1QBP,708,ENSG00000108561,Q07021,COXPD33|GC1QBP|HABP1|SF2AP32|SF2p32|gC1Q-R|gC1qR|p32,complement C1q binding protein,curated,"literature, APEX_matrix, targetP signal+, yeast mito homolog++, mito protein domain, induction, coexpression, MS/MS++",Matrix,Signaling > Immune response,1.0,SharedDomain,7.0,0.86,OrthologMitoHighConf,NoHomolog,50-75pure
PITRM1,10531,ENSG00000107959,Q5JRX3,MP1|PreP,pitrilysin metallopeptidase 1,curated,"literature, APEX_matrix, targetP signal, yeast mito homolog++, mito protein domain+, coexpression, MS/MS++",Matrix,"Protein import, sorting and homeostasis > Protein homeostasis > Proteases",2.0,MitoDomain,7.0,,OrthologMitoHighConf,NoHomolog,75-100pure
UQCC1,55245,ENSG00000101019,Q9NVA1,BFZB|C20orf44|CBP3|UQCC,ubiquinol-cytochrome c reductase complex assembly factor 1,curated,"literature, APEX_matrix, targetP signal, yeast mito homolog, mito protein domain+, coexpression++, MS/MS++",MIM,OXPHOS > Complex III > CIII assembly factors | OXPHOS > OXPHOS assembly factors,3.0,MitoDomain,41.0,,HomologMitoHighConf,NoHomolog,50-75pure
MRPL55,128308,ENSG00000162910,Q7Z7F7,AAVG5835|L55nt|MRP-L55|PRO19675,mitochondrial ribosomal protein L55,curated,"literature, APEX_matrix, targetP signal, mito protein domain+, induction, coexpression++, MS/MS+",Matrix,Mitochondrial central dogma > Translation > Mitochondrial ribosome,2.0,MitoDomain,47.0,2.42,NoMitoHomolog,NoHomolog,25-50pure
MRM1,79922,ENSG00000274853|ENSG00000278619,Q6IN84,-,mitochondrial rRNA methyltransferase 1,curated,"APEX_matrix, targetP signal+, yeast mito homolog++, Rickettsial homolog, mito protein domain+, induction, coexpression",Matrix,Mitochondrial central dogma > mtRNA metabolism > mtRNA granules | Mitochondrial central dogma > mtRNA metabolism > mt-rRNA modifications,1.0,MitoDomain,5.0,1.16,OrthologMitoHighConf,Homolog,0-25ambig
MECR,51102,ENSG00000116353,Q9BV79,CGI-63|DYTOABG|ETR1|FASN2B|NRBF1,mitochondrial trans-2-enoyl-CoA reductase,curated,"literature, APEX_matrix, targetP signal+, yeast mito homolog++, mito protein domain, coexpression, MS/MS++",Matrix,Metabolism > Lipid metabolism > Type II fatty acid synthesis,1.0,SharedDomain,21.0,,OrthologMitoHighConf,NoHomolog,75-100pure
MRPL44,65080,ENSG00000135900,Q9H9J2,COXPD16|L44MT|MRP-L44,mitochondrial ribosomal protein L44,curated,"literature, APEX_matrix, targetP signal, yeast mito homolog++, induction, coexpression+, MS/MS++",Matrix,Mitochondrial central dogma > Translation > Mitochondrial ribosome,2.0,,31.0,1.49,OrthologMitoHighConf,NoHomolog,50-75pure
HSDL2,84263,ENSG00000119471,Q6YN16,C9orf99|SDR13C1,hydroxysteroid dehydrogenase like 2,curated,"APEX_matrix, GFP, Rickettsial homolog, mito protein domain+, induction, coexpression+, MS/MS++",Matrix,0,5.0,MitoDomain,36.0,2.84,NoMitoHomolog,Homolog,75-100pure
MRPS14,63931,ENSG00000120333,O60783,COXPD38|DJ262D12.2|HSMRPS14|MRP-S14|S14mt,mitochondrial ribosomal protein S14,curated,"literature, APEX_matrix, targetP signal, yeast mito homolog++, Rickettsial homolog, mito protein domain, coexpression, MS/MS++",Matrix,Mitochondrial central dogma > Translation > Mitochondrial ribosome,2.0,SharedDomain,9.0,0.44,OrthologMitoHighConf,Ortholog,50-75pure
ABCB8,11194,ENSG00000197150,Q9NUT2,EST328128|M-ABC1|MABC1|MITOSUR,ATP binding cassette subfamily B member 8,curated,"literature, targetP signal+, Rickettsial homolog, mito protein domain, coexpression++, MS/MS++",MIM,Small molecule transport > ABC transporters,1.0,SharedDomain,45.0,,HomologMitoLowConf,Homolog,50-75pure
ATPAF2,91647,ENSG00000171953,Q8N5M1,ATP12|ATP12p|LP3663|MC5DN1,ATP synthase mitochondrial F1 complex assembly factor 2,curated,"literature, targetP signal, yeast mito homolog++, mito protein domain+, induction, coexpression, MS/MS",Matrix,OXPHOS > Complex V > CV assembly factors | OXPHOS > OXPHOS assembly factors,3.0,MitoDomain,18.0,1.61,OrthologMitoHighConf,NoHomolog,50-75ambig
NDUFA9,4704,ENSG00000139180,Q16795,CC6|CI-39k|CI39k|COQ11|MC1DN26|NDUFS2L|SDR22E1,NADH:ubiquinone oxidoreductase subunit A9,curated,"literature, APEX_matrix, targetP signal+, mito protein domain, induction, coexpression++, MS/MS++",MIM,OXPHOS > Complex I > CI subunits | OXPHOS > OXPHOS subunits,1.0,SharedDomain,48.0,1.41,NoMitoHomolog,NoHomolog,75-100pure
COA6,388753,ENSG00000168275,Q5JTJ3,C1orf31|CEMCOX4,cytochrome c oxidase assembly factor 6,curated,"APEX_IMS, yeast mito homolog++, mito protein domain+, induction, coexpression+, MS/MS",IMS,OXPHOS > Complex IV > CIV assembly factors | OXPHOS > OXPHOS assembly factors,5.0,MitoDomain,36.0,0.79,OrthologMitoHighConf,NoHomolog,50-75ambig
POLRMT,5442,ENSG00000099821,O00411,APOLMT|MTRNAP|MTRPOL|h-mtRPOL,RNA polymerase mitochondrial,curated,"literature, APEX_matrix, targetP signal, yeast mito homolog++, mito protein domain+, coexpression++, MS/MS",Matrix,Mitochondrial central dogma > mtDNA maintenance > mtDNA replication | Mitochondrial central dogma > mtDNA maintenance > mtDNA nucleoid | Mitochondrial central dogma > mtRNA metabolism > Transcription,3.0,MitoDomain,47.0,,OrthologMitoHighConf,NoHomolog,25-50ambig
ISCU,23479,ENSG00000136003,Q9H1K1,2310020H20Rik|HML|ISU2|NIFU|NIFUN|hnifU,iron-sulfur cluster assembly enzyme,curated,"literature, APEX_matrix, targetP signal+, yeast mito homolog++, Rickettsial homolog, mito protein domain, MS/MS++",Matrix,Metabolism > Metals and cofactors > Fe-S cluster biosynthesis | Metabolism > Metals and cofactors > Fe-S-containing proteins,1.0,SharedDomain,,,OrthologMitoHighConf,Ortholog,75-100pure
RTN4IP1,84816,ENSG00000130347,Q8WWV3,NIMP|OPA10,reticulon 4 interacting protein 1,curated,"literature, APEX_matrix, targetP signal, yeast mito homolog, mito protein domain, induction, coexpression++, MS/MS++",Matrix,0,3.0,SharedDomain,40.0,0.96,HomologMitoHighConf,NoHomolog,75-100pure
OGDHL,55753,ENSG00000197444,Q9ULD0,-,oxoglutarate dehydrogenase L,curated,"APEX_matrix, targetP signal+, yeast mito homolog+, Rickettsial homolog, mito protein domain+, MS/MS++",Matrix,Metabolism > Carbohydrate metabolism > TCA cycle,1.0,MitoDomain,,,OrthologMitoLowConf,Homolog,50-75pure
ATP5F1C,509,ENSG00000165629,P36542,ATP5C|ATP5C1|ATP5CL1,ATP synthase F1 subunit gamma,curated,"literature, yeast mito homolog++, Rickettsial homolog, mito protein domain, induction, MS/MS++",MIM,OXPHOS > Complex V > CV subunits | OXPHOS > OXPHOS subunits,4.0,SharedDomain,,1.54,OrthologMitoHighConf,Ortholog,75-100pure
BCKDK,10295,ENSG00000103507,O14874,BCKDKD|BDK,branched chain keto acid dehydrogenase kinase,curated,"literature, APEX_matrix, targetP signal, yeast mito homolog+, Rickettsial homolog, mito protein domain+, MS/MS++",Matrix,Metabolism > Amino acid metabolism > Branched-chain amino acid metabolism | Metabolism > Amino acid metabolism > Branched-chain amino acid dehydrogenase complex,2.0,MitoDomain,4.0,,OrthologMitoLowConf,Ortholog,50-75pure
GFM2,84340,ENSG00000164347,Q969S9,EF-G2mt|EFG2|MRRF2|MST027|MSTP027|RRF|RRF2|RRF2mt|hEFG2|mEF-G 2,GTP dependent ribosome recycling factor mitochondrial 2,curated,"literature, APEX_matrix, yeast mito homolog++, Rickettsial homolog, mito protein domain, coexpression++, MS/MS++",Matrix,Mitochondrial central dogma > Translation > Translation factors,,SharedDomain,41.0,,OrthologMitoHighConf,Homolog,50-75pure
NDUFAF4,29078,ENSG00000123545,Q9P032,C6orf66|HRPAP20|HSPC125|MC1DN15|My013|bA22L21.1,NADH:ubiquinone oxidoreductase complex assembly factor 4,curated,"APEX_matrix, GFP, mito protein domain+, induction, coexpression++, MS/MS++",MIM,OXPHOS > Complex I > CI assembly factors | OXPHOS > OXPHOS assembly factors,5.0,MitoDomain,44.0,1.45,NoMitoHomolog,NoHomolog,75-100pure
SLC25A35,399512,ENSG00000125434,Q3KQZ1,-,solute carrier family 25 member 35,curated,"APEX_matrix, yeast mito homolog+, mito protein domain+, induction, coexpression, MS/MS++",MIM,Small molecule transport > SLC25A family,,MitoDomain,17.0,1.87,OrthologMitoLowConf,NoHomolog,75-100pure
SLC25A11,8402,ENSG00000108528,Q02978,OGC|PGL6|SLC20A4,solute carrier family 25 member 11,curated,"literature, yeast mito homolog+, mito protein domain+, induction, coexpression, MS/MS++",MIM,Metabolism > Carbohydrate metabolism > Gluconeogenesis | Metabolism > Carbohydrate metabolism > Malate-aspartate shuttle | Metabolism > Carbohydrate metabolism > TCA-associated | Small molecule transport > SLC25A family,,MitoDomain,24.0,1.31,OrthologMitoLowConf,NoHomolog,75-100pure
TIMM8B,26521,ENSG00000150779,Q9Y5J9,DDP2|TIM8B,translocase of inner mitochondrial membrane 8 homolog B,curated,"literature, yeast mito homolog+, mito protein domain+, induction, coexpression, MS/MS++",MIM,"Protein import, sorting and homeostasis > Protein homeostasis > Chaperones | Protein import, sorting and homeostasis > Protein import and sorting",,MitoDomain,25.0,1.21,OrthologMitoLowConf,NoHomolog,75-100pure
MCAT,27349,ENSG00000100294,Q8IVS2,FASN2C|MCT|MCT1|MT|NET62|fabD,malonyl-CoA-acyl carrier protein transacylase,curated,"literature, APEX_matrix, targetP signal, yeast mito homolog++, Rickettsial homolog, mito protein domain, coexpression, MS/MS++",Matrix,Metabolism > Lipid metabolism > Type II fatty acid synthesis,2.0,SharedDomain,8.0,,OrthologMitoHighConf,Ortholog,50-75pure
IBA57,200205,ENSG00000181873,Q5T440,C1orf69|MMDS3|SPG74,iron-sulfur cluster assembly factor IBA57,curated,"APEX_matrix, targetP signal, yeast mito homolog++, Rickettsial homolog, mito protein domain, coexpression, MS/MS++",Matrix,Metabolism > Metals and cofactors > Fe-S cluster biosynthesis,2.0,SharedDomain,8.0,,OrthologMitoHighConf,Ortholog,50-75pure
PHB2,11331,ENSG00000215021,Q99623,BAP|BCAP37|Bap37|PNAS-141|REA|hBAP|p22,prohibitin 2,curated,"literature, yeast mito homolog++, Rickettsial homolog, mito protein domain, induction, coexpression, MS/MS++",MIM,"Protein import, sorting and homeostasis > Protein homeostasis > Chaperones",,SharedDomain,27.0,1.42,OrthologMitoHighConf,Homolog,75-100pure
DAP3,7818,ENSG00000132676,P51398,DAP-3|MRP-S29|MRPS29|S29mt|bMRP-10,death associated protein 3,curated,"literature, APEX_matrix, targetP signal, yeast mito homolog++, mito protein domain+, coexpression, MS/MS++",Matrix,Mitochondrial central dogma > Translation > Mitochondrial ribosome,2.0,MitoDomain,8.0,,OrthologMitoHighConf,NoHomolog,50-75pure
CMC2,56942,ENSG00000103121,Q9NRP2,2310061C15Rik|C16orf61|DC13,C-X9-C motif containing 2,curated,"APEX_IMS, yeast mito homolog++, mito protein domain+, induction, coexpression, MS/MS+",IMS,OXPHOS > Complex IV > CIV assembly factors | OXPHOS > OXPHOS assembly factors,,MitoDomain,28.0,2.74,OrthologMitoHighConf,NoHomolog,75-100ambig
SDHAF1,644096,ENSG00000205138,A6NFY7,LYRM8,succinate dehydrogenase complex assembly factor 1,curated,"literature, targetP signal+, yeast mito homolog, mito protein domain+, induction, coexpression+, MS/MS",Matrix,OXPHOS > Complex II > CII assembly factors | OXPHOS > OXPHOS assembly factors,1.0,MitoDomain,32.0,0.96,HomologMitoHighConf,NoHomolog,25-50ambig
MRPS17,51373,ENSG00000239789,Q9Y2R5,HSPC011|MRP-S17|RPMS17|S17mt,mitochondrial ribosomal protein S17,curated,"literature, targetP signal, yeast mito homolog++, Rickettsial homolog, mito protein domain, induction, coexpression, MS/MS+",Matrix,Mitochondrial central dogma > Translation > Mitochondrial ribosome,3.0,SharedDomain,20.0,0.79,OrthologMitoHighConf,Homolog,75-100ambig
ADHFE1,137872,ENSG00000147576,Q8IWW8,ADH8|HMFT2263|HOT,alcohol dehydrogenase iron containing 1,curated,"targetP signal+, yeast mito homolog++, mito protein domain, coexpression, MS/MS++",Matrix,Metabolism > Amino acid metabolism > GABA metabolism,1.0,SharedDomain,29.0,,OrthologMitoHighConf,NoHomolog,50-75pure
NFS1,9054,ENSG00000244005,Q9Y697,HUSSY-08|IscS|NIFS,NFS1 cysteine desulfurase,curated,"literature, APEX_matrix, targetP signal, Rickettsial homolog, mito protein domain+, coexpression+, MS/MS++",Matrix,Metabolism > Metals and cofactors > Fe-S cluster biosynthesis | Metabolism > Metals and cofactors > Fe-S-containing proteins,2.0,MitoDomain,38.0,,HomologMitoLowConf,Homolog,50-75pure
NDUFAF5,79133,ENSG00000101247,Q5TEU4,C20orf7|MC1DN16|bA526K24.2|dJ842G6.1,NADH:ubiquinone oxidoreductase complex assembly factor 5,curated,"literature, APEX_matrix, GFP, targetP signal+, Rickettsial homolog, mito protein domain+, induction, coexpression, MS/MS",MIM,OXPHOS > Complex I > CI assembly factors | OXPHOS > OXPHOS assembly factors,1.0,MitoDomain,12.0,1.93,NoMitoHomolog,Ortholog,25-50ambig
MRPL17,63875,ENSG00000158042,Q9NRX2,L17mt|LIP2|MRP-L17|MRP-L26|RPL17L|RPML26,mitochondrial ribosomal protein L17,curated,"literature, APEX_matrix, targetP signal+, yeast mito homolog++, Rickettsial homolog, mito protein domain, coexpression, MS/MS",Matrix,Mitochondrial central dogma > Translation > Mitochondrial ribosome,1.0,SharedDomain,13.0,,OrthologMitoHighConf,Ortholog,50-75ambig
TACO1,51204,ENSG00000136463,Q9BSH4,CCDC44,translational activator of cytochrome c oxidase I,curated,"literature, APEX_matrix, targetP signal+, yeast mito homolog, Rickettsial homolog, mito protein domain+, MS/MS++",Matrix,Mitochondrial central dogma > Translation > Translation factors | OXPHOS > Complex IV > CIV assembly factors | OXPHOS > OXPHOS assembly factors,1.0,MitoDomain,,,HomologMitoHighConf,Ortholog,50-75pure
MFN1,55669,ENSG00000171109,Q8IWA4,hfzo1|hfzo2,mitofusin 1,curated,"literature, yeast mito homolog++, mito protein domain+, induction, coexpression, MS/MS+",MOM,Mitochondrial dynamics and surveillance > Fusion | Mitochondrial dynamics and surveillance > Organelle contact sites,,MitoDomain,20.0,2.39,OrthologMitoHighConf,NoHomolog,25-50pure
PPTC7,160760,ENSG00000196850,Q8NI37,TA-PP2C|TAPP2C,protein phosphatase targeting COQ7,curated,"APEX_matrix, yeast mito homolog, mito protein domain+, induction, coexpression, MS/MS++",Matrix,Signaling,5.0,MitoDomain,21.0,3.53,HomologMitoHighConf,NoHomolog,50-75pure
MRPL11,65003,ENSG00000174547,Q9Y3B7,CGI-113|L11MT|MRP-L11,mitochondrial ribosomal protein L11,curated,"literature, targetP signal, yeast mito homolog++, Rickettsial homolog, mito protein domain, coexpression+, MS/MS+",Matrix,Mitochondrial central dogma > Translation > Mitochondrial ribosome,3.0,SharedDomain,38.0,,OrthologMitoHighConf,Ortholog,75-100ambig
COX4I1,1327,ENSG00000131143,P13073,COX IV-1|COX4|COX4-1|COXIV|COXIV-1,cytochrome c oxidase subunit 4I1,curated,"literature, APEX_IMS, APEX_matrix, targetP signal, mito protein domain+, coexpression++, MS/MS++",MIM,OXPHOS > Complex IV > CIV subunits | OXPHOS > OXPHOS subunits,2.0,MitoDomain,48.0,,NoMitoHomolog,NoHomolog,75-100pure
NDUFS6,4726,ENSG00000145494,O75380,CI-13kA|CI-13kD-A|CI13KDA|MC1DN9,NADH:ubiquinone oxidoreductase subunit S6,curated,"literature, APEX_matrix, targetP signal, mito protein domain+, coexpression++, MS/MS++",MIM,OXPHOS > Complex I > CI subunits | OXPHOS > OXPHOS subunits,2.0,MitoDomain,44.0,,NoMitoHomolog,NoHomolog,75-100pure
MRPL13,28998,ENSG00000172172,Q9BYD1,L13|L13A|L13mt|RPL13|RPML13,mitochondrial ribosomal protein L13,curated,"literature, APEX_matrix, targetP signal, yeast mito homolog, Rickettsial homolog, mito protein domain, induction, coexpression, MS/MS++",Matrix,Mitochondrial central dogma > Translation > Mitochondrial ribosome,3.0,SharedDomain,17.0,1.14,HomologMitoHighConf,Ortholog,75-100pure
OXCT1,5019,ENSG00000083720,P55809,OXCT|SCOT,3-oxoacid CoA-transferase 1,curated,"literature, APEX_matrix, targetP signal, mito protein domain, induction, coexpression++, MS/MS++",Matrix,Metabolism > Carbohydrate metabolism > Ketone metabolism,2.0,SharedDomain,43.0,2.92,NoMitoHomolog,NoHomolog,75-100pure
COX5B,1329,ENSG00000135940,P10606,COXVB,cytochrome c oxidase subunit 5B,curated,"literature, APEX_IMS, APEX_matrix, targetP signal+, yeast mito homolog++, mito protein domain+, MS/MS++",MIM,OXPHOS > Complex IV > CIV subunits | OXPHOS > OXPHOS subunits,1.0,MitoDomain,,,OrthologMitoHighConf,NoHomolog,50-75pure
PDK2,5164,ENSG00000005882,Q15119,PDHK2|PDKII,pyruvate dehydrogenase kinase 2,curated,"literature, APEX_matrix, yeast mito homolog+, mito protein domain+, induction, coexpression, MS/MS++",Matrix,Metabolism > Carbohydrate metabolism > Pyruvate metabolism,5.0,MitoDomain,8.0,0.58,OrthologMitoLowConf,NoHomolog,75-100pure
ALAS1,211,ENSG00000023330,P13196,ALAS|ALAS-H|ALAS3|ALASH|MIG4,5'-aminolevulinate synthase 1,curated,"literature, APEX_matrix, targetP signal, yeast mito homolog+, Rickettsial homolog, mito protein domain+, induction, coexpression, MS/MS",Matrix,Metabolism > Metals and cofactors > Heme synthesis and processing,3.0,MitoDomain,12.0,1.93,OrthologMitoLowConf,Homolog,0-25pure
MRPL33,9553,ENSG00000243147,O75394,C2orf1|L33mt|MRP-L33|RPL33L,mitochondrial ribosomal protein L33,curated,"literature, yeast mito homolog++, Rickettsial homolog, mito protein domain, coexpression, MS/MS++",Matrix,Mitochondrial central dogma > Translation > Mitochondrial ribosome,4.0,SharedDomain,14.0,-0.26,OrthologMitoHighConf,Ortholog,50-75pure
MTO1,25821,ENSG00000135297,Q9Y2Z2,CGI-02|COXPD10,mitochondrial tRNA translation optimization 1,curated,"literature, APEX_matrix, targetP signal, yeast mito homolog++, Rickettsial homolog, mito protein domain, coexpression++",Matrix,Mitochondrial central dogma > mtRNA metabolism > mt-tRNA modifications | Metabolism > Vitamin metabolism > Folate and 1-C metabolism,2.0,SharedDomain,46.0,,OrthologMitoHighConf,Ortholog,0-25ambig
LIAS,11019,ENSG00000121897,O43766,HGCLAS|HUSSY-01|LAS|LIP1|LS|PDHLD,lipoic acid synthetase,curated,"literature, APEX_matrix, targetP signal, yeast mito homolog, Rickettsial homolog, mito protein domain, induction, coexpression++, MS/MS",Matrix,Metabolism > Lipid metabolism > Lipoate insertion | Metabolism > Metals and cofactors > Fe-S-containing proteins,3.0,SharedDomain,41.0,1.49,HomologMitoHighConf,Ortholog,25-50ambig
NDUFA5,4698,ENSG00000128609,Q16718,B13|CI-13KD-B|CI-13kB|NUFM|UQOR13,NADH:ubiquinone oxidoreductase subunit A5,curated,"literature, APEX_matrix, mito protein domain+, induction, coexpression++, MS/MS++",MIM,OXPHOS > Complex I > CI subunits | OXPHOS > OXPHOS subunits,,MitoDomain,46.0,1.96,NoMitoHomolog,NoHomolog,75-100pure
NDUFB6,4712,ENSG00000165264,O95139,B17|CI,NADH:ubiquinone oxidoreductase subunit B6,curated,"literature, APEX_IMS, APEX_matrix, mito protein domain+, induction, coexpression++, MS/MS++",MIM,OXPHOS > Complex I > CI subunits | OXPHOS > OXPHOS subunits,,MitoDomain,49.0,1.72,NoMitoHomolog,NoHomolog,75-100pure
MTX2,10651,ENSG00000128654,O75431,metaxin-2,metaxin 2,curated,"literature, mito protein domain+, induction, coexpression++, MS/MS++",MOM,"Protein import, sorting and homeostasis > Protein import and sorting > SAM | Mitochondrial dynamics and surveillance > Intramitochondrial membrane interactions",,MitoDomain,48.0,2.05,NoMitoHomolog,NoHomolog,75-100pure
SUCLG2,8801,ENSG00000172340,Q96I99,G-SCS|GBETA|GTPSCS,succinate-CoA ligase GDP-forming subunit beta,curated,"literature, APEX_matrix, targetP signal, yeast mito homolog+, Rickettsial homolog, mito protein domain, coexpression, MS/MS++",Matrix,Metabolism > Carbohydrate metabolism > TCA cycle | Metabolism > Carbohydrate metabolism > Itaconate metabolism | Metabolism > Nucleotide metabolism > Nucleotide synthesis and processing,2.0,SharedDomain,27.0,,OrthologMitoLowConf,Homolog,75-100pure
FDX1,2230,ENSG00000137714,P10109,ADX|FDX|LOH11CR1D,ferredoxin 1,curated,"literature, APEX_matrix, targetP signal, yeast mito homolog+, Rickettsial homolog, mito protein domain, induction, coexpression, MS/MS+",Matrix,"Metabolism > Lipid metabolism > Cholesterol, bile acid, steroid synthesis | Metabolism > Metals and cofactors > Heme synthesis and processing | Metabolism > Metals and cofactors > Fe-S cluster biosynthesis | Metabolism > Metals and cofactors > Fe-S-containing proteins | Metabolism > Vitamin metabolism > Vitamin D metabolism",2.0,SharedDomain,10.0,5.12,OrthologMitoLowConf,Homolog,25-50pure
SLC25A1,6576,ENSG00000100075,P53007,CMS23|CTP|D2L2AD|SEA|SLC20A3,solute carrier family 25 member 1,curated,"literature, yeast mito homolog++, mito protein domain+, coexpression, MS/MS++",MIM,Metabolism > Carbohydrate metabolism > Gluconeogenesis | Metabolism > Carbohydrate metabolism > TCA-associated | Metabolism > Lipid metabolism | Small molecule transport > SLC25A family,4.0,MitoDomain,18.0,-0.26,OrthologMitoHighConf,NoHomolog,50-75pure
MRPS28,28957,ENSG00000147586,Q9Y2Q9,COXPD47|HSPC007|MRP-S28|MRP-S35|MRPS35,mitochondrial ribosomal protein S28,curated,"literature, targetP signal, mito protein domain+, coexpression++, MS/MS++",Matrix,Mitochondrial central dogma > Translation > Mitochondrial ribosome,2.0,MitoDomain,40.0,0.41,NoMitoHomolog,NoHomolog,50-75pure
TIMM50,92609,ENSG00000105197,Q3ZCQ8,MGCA9|TIM50|TIM50L,translocase of inner mitochondrial membrane 50,curated,"literature, APEX_IMS, yeast mito homolog++, mito protein domain, coexpression++, MS/MS++",MIM,"Protein import, sorting and homeostasis > Protein import and sorting > TIM23 presequence pathway",5.0,SharedDomain,43.0,,OrthologMitoHighConf,NoHomolog,50-75pure
VDAC2,7417,ENSG00000165637,P45880,POR,voltage dependent anion channel 2,curated,"literature, APEX_IMS, yeast mito homolog+, mito protein domain+, induction, coexpression, MS/MS++",MOM,Small molecule transport,,MitoDomain,17.0,2.08,OrthologMitoLowConf,NoHomolog,50-75pure
SLC25A42,284439,ENSG00000181035,Q86VD7,MECREN,solute carrier family 25 member 42,curated,"literature, yeast mito homolog+, mito protein domain+, induction, coexpression, MS/MS++",MIM,Metabolism > Metals and cofactors > Coenzyme A metabolism | Small molecule transport > SLC25A family,,MitoDomain,28.0,1.34,OrthologMitoLowConf,NoHomolog,50-75pure
TOMM7,54543,ENSG00000196683,Q9P0U1,TOM7,translocase of outer mitochondrial membrane 7,curated,"literature, yeast mito homolog++, mito protein domain+, coexpression, MS/MS++",MOM,"Protein import, sorting and homeostasis > Protein import and sorting > TOM | Mitochondrial dynamics and surveillance > Mitophagy | Mitochondrial dynamics and surveillance > Autophagy",5.0,MitoDomain,12.0,,OrthologMitoHighConf,NoHomolog,75-100pure
ECH1,1891,ENSG00000104823|ENSG00000282853,Q13011,HPXEL,enoyl-CoA hydratase 1,curated,"APEX_matrix, targetP signal+, yeast mito homolog+, mito protein domain, coexpression+, MS/MS++",Matrix,Metabolism > Lipid metabolism,1.0,SharedDomain,39.0,,OrthologMitoLowConf,NoHomolog,50-75pure
GATB,5188,ENSG00000059691,O75879,COXPD41|HSPC199|PET112|PET112L,glutamyl-tRNA amidotransferase subunit B,curated,"literature, APEX_matrix, targetP signal, yeast mito homolog, Rickettsial homolog, mito protein domain+, coexpression+, MS/MS",Matrix,Mitochondrial central dogma > Translation > mt-tRNA synthetases,2.0,MitoDomain,35.0,,HomologMitoHighConf,Ortholog,25-50ambig
BCS1L,617,ENSG00000074582,Q9Y276,BCS|BCS1|BJS|FLNMS|GRACILE|Hs.6719|MC3DN1|PTD|h-BCS|h-BCS1,"BCS1 homolog, ubiquinol-cytochrome c reductase complex chaperone",curated,"literature, APEX_matrix, yeast mito homolog++, Rickettsial homolog, mito protein domain+, coexpression+, MS/MS+",MIM,OXPHOS > Complex III > CIII assembly factors | OXPHOS > OXPHOS assembly factors,,MitoDomain,37.0,,OrthologMitoHighConf,Homolog,25-50pure
ERAL1,26284,ENSG00000132591,O75616,CEGA|ERA|ERA-W|ERAL1A|ERAL1B|H-ERA|HERA-A|HERA-B|PRLTS6,Era like 12S mitochondrial rRNA chaperone 1,curated,"APEX_matrix, targetP signal+, yeast mito homolog+, Rickettsial homolog, mito protein domain, induction, coexpression++",Matrix,Mitochondrial central dogma > mtRNA metabolism > mtRNA granules | Mitochondrial central dogma > Translation > Mitochondrial ribosome assembly,1.0,SharedDomain,43.0,0.53,OrthologMitoLowConf,Homolog,
CMC1,152100,ENSG00000187118,Q7Z7K0,C3orf68,C-X9-C motif containing 1,curated,"APEX_IMS, GFP, yeast mito homolog++, mito protein domain+, induction, coexpression, MS/MS+",IMS,OXPHOS > Complex IV > CIV assembly factors | OXPHOS > OXPHOS assembly factors,,MitoDomain,27.0,0.72,OrthologMitoHighConf,NoHomolog,75-100ambig
MRPL28,10573,ENSG00000086504,Q13084,MAAT1|p15,mitochondrial ribosomal protein L28,curated,"literature, APEX_matrix, yeast mito homolog++, Rickettsial homolog, coexpression, MS/MS++",Matrix,Mitochondrial central dogma > Translation > Mitochondrial ribosome,5.0,,28.0,,OrthologMitoHighConf,Ortholog,75-100pure
TSFM,10102,ENSG00000123297,P43897,EFTS|EFTSMT,"Ts translation elongation factor, mitochondrial",curated,"literature, APEX_matrix, targetP signal+, Rickettsial homolog, mito protein domain, induction, coexpression, MS/MS++",Matrix,Mitochondrial central dogma > Translation > Translation factors,1.0,SharedDomain,15.0,1.47,NoMitoHomolog,Ortholog,50-75pure
FXN,2395,ENSG00000165060,Q16595,CyaY|FA|FARR|FRDA|X25,frataxin,curated,"literature, APEX_matrix, targetP signal, yeast mito homolog++, Rickettsial homolog, mito protein domain, coexpression, MS/MS+",Matrix,Metabolism > Metals and cofactors > Fe-S cluster biosynthesis,2.0,SharedDomain,15.0,,OrthologMitoHighConf,Ortholog,25-50pure
NFU1,27247,ENSG00000169599,Q9UMS0,CGI-33|HIRIP|HIRIP5|MMDS1|NIFUC|Nfu|NifU,NFU1 iron-sulfur cluster scaffold,curated,"APEX_matrix, targetP signal, yeast mito homolog++, Rickettsial homolog, mito protein domain, coexpression, MS/MS+",Matrix,Metabolism > Metals and cofactors > Fe-S cluster biosynthesis | Metabolism > Metals and cofactors > Fe-S-containing proteins,2.0,SharedDomain,11.0,,OrthologMitoHighConf,Ortholog,25-50pure
YARS2,51067,ENSG00000139131,Q9Y2Z4,CGI-04|MLASA2|MT-TYRRS|TYRRS,tyrosyl-tRNA synthetase 2,curated,"literature, APEX_matrix, targetP signal, yeast mito homolog++, Rickettsial homolog, mito protein domain, coexpression, MS/MS+",Matrix,Mitochondrial central dogma > Translation > mt-tRNA synthetases,2.0,SharedDomain,14.0,,OrthologMitoHighConf,Ortholog,25-50pure
MRPL21,219927,ENSG00000197345,Q7Z2W9,L21mt|MRP-L21,mitochondrial ribosomal protein L21,curated,"literature, APEX_matrix, targetP signal, yeast mito homolog++, Rickettsial homolog, mito protein domain, coexpression, MS/MS+",Matrix,Mitochondrial central dogma > Translation > Mitochondrial ribosome,2.0,SharedDomain,13.0,,OrthologMitoHighConf,Ortholog,25-50pure
ALDH4A1,8659,ENSG00000159423,P30038,ALDH4|P5CD|P5CDh,aldehyde dehydrogenase 4 family member A1,curated,"literature, APEX_matrix, targetP signal+, yeast mito homolog++, mito protein domain, coexpression, MS/MS++",Matrix,Metabolism > Amino acid metabolism > Proline metabolism | Metabolism > Amino acid metabolism > Glyoxylate metabolism,1.0,SharedDomain,11.0,,OrthologMitoHighConf,NoHomolog,50-75pure
TOMM40L,84134,ENSG00000158882,Q969M1,TOMM40B,translocase of outer mitochondrial membrane 40 like,curated,"targetP signal, yeast mito homolog+, mito protein domain+, induction, coexpression+, MS/MS",MOM,"Protein import, sorting and homeostasis > Protein import and sorting > TOM",3.0,MitoDomain,39.0,1.01,OrthologMitoLowConf,NoHomolog,25-50ambig
NDUFAF1,51103,ENSG00000137806,Q9Y375,CGI-65|CGI65|CIA30|MC1DN11,NADH:ubiquinone oxidoreductase complex assembly factor 1,curated,"literature, APEX_matrix, targetP signal, mito protein domain, induction, coexpression++, MS/MS++",MIM,OXPHOS > Complex I > CI assembly factors | OXPHOS > OXPHOS assembly factors,2.0,SharedDomain,46.0,2.08,NoMitoHomolog,NoHomolog,50-75pure
NDUFB10,4716,ENSG00000140990,O96000,PDSW,NADH:ubiquinone oxidoreductase subunit B10,curated,"literature, APEX_matrix, mito protein domain+, induction, coexpression++, MS/MS++",MIM,OXPHOS > Complex I > CI subunits | OXPHOS > OXPHOS subunits,,MitoDomain,48.0,2.29,NoMitoHomolog,NoHomolog,50-75pure
ACADSB,36,ENSG00000196177,P45954,2-MEBCAD|ACAD7|SBCAD,acyl-CoA dehydrogenase short/branched chain,curated,"literature, APEX_matrix, targetP signal, mito protein domain+, induction, coexpression, MS/MS++",Matrix,Metabolism > Lipid metabolism > Fatty acid oxidation | Metabolism > Amino acid metabolism > Branched-chain amino acid metabolism,2.0,MitoDomain,28.0,0.57,NoMitoHomolog,NoHomolog,75-100pure
MRPS9,64965,ENSG00000135972,P82933,MRP-S9|RPMS9|S9mt,mitochondrial ribosomal protein S9,curated,"literature, APEX_matrix, targetP signal, yeast mito homolog++, Rickettsial homolog, mito protein domain, induction, coexpression, MS/MS",Matrix,Mitochondrial central dogma > mtRNA metabolism > mtRNA granules | Mitochondrial central dogma > Translation > Mitochondrial ribosome,3.0,SharedDomain,20.0,0.9,OrthologMitoHighConf,Homolog,50-75ambig
COQ8A,56997,ENSG00000163050,Q8NI60,ADCK3|ARCA2|CABC1|COQ10D4|COQ8|SCAR9,coenzyme Q8A,curated,"literature, APEX_matrix, yeast mito homolog+, Rickettsial homolog, mito protein domain, induction, coexpression+, MS/MS++",MIM,Metabolism > Metals and cofactors > Coenzyme Q metabolism,,SharedDomain,30.0,1.34,OrthologMitoLowConf,Homolog,50-75pure
ACADVL,37,ENSG00000072778,P49748,ACAD6|LCACD|VLCAD,acyl-CoA dehydrogenase very long chain,curated,"literature, APEX_matrix, targetP signal+, mito protein domain+, coexpression+, MS/MS++",MIM,Metabolism > Lipid metabolism > Fatty acid oxidation,1.0,MitoDomain,38.0,,NoMitoHomolog,NoHomolog,75-100pure
COQ4,51117,ENSG00000167113,Q9Y3A0,CGI-92|COQ10D7,coenzyme Q4,curated,"literature, targetP signal+, yeast mito homolog++, mito protein domain+, coexpression, MS/MS",MIM,Metabolism > Metals and cofactors > Coenzyme Q metabolism,1.0,MitoDomain,7.0,,OrthologMitoHighConf,NoHomolog,50-75ambig
MRPL15,29088,ENSG00000137547,Q9P015,HSPC145|L15mt|MRP-L15|MRP-L7|RPML7,mitochondrial ribosomal protein L15,curated,"literature, APEX_matrix, yeast mito homolog++, Rickettsial homolog, mito protein domain, induction, coexpression, MS/MS",Matrix,Mitochondrial central dogma > Translation > Mitochondrial ribosome,4.0,SharedDomain,9.0,2.17,OrthologMitoHighConf,Ortholog,50-75ambig
NDUFA2,4695,ENSG00000131495,O43678,B8|CD14|CIB8|MC1DN13,NADH:ubiquinone oxidoreductase subunit A2,curated,"literature, APEX_matrix, targetP signal, mito protein domain, induction, coexpression++, MS/MS++",MIM,OXPHOS > Complex I > CI subunits | OXPHOS > OXPHOS subunits,2.0,SharedDomain,43.0,0.57,NoMitoHomolog,NoHomolog,75-100pure
MRPL24,79590,ENSG00000143314,Q96A35,L24mt|MRP-L18|MRP-L24,mitochondrial ribosomal protein L24,curated,"literature, APEX_matrix, targetP signal, yeast mito homolog++, Rickettsial homolog, mito protein domain, coexpression, MS/MS++",Matrix,Mitochondrial central dogma > Translation > Mitochondrial ribosome,3.0,SharedDomain,6.0,,OrthologMitoHighConf,Ortholog,50-75pure
HSPD1,3329,ENSG00000144381,P10809,CPN60|GROEL|HLD4|HSP-60|HSP60|HSP65|HuCHA60|SPG13,heat shock protein family D (Hsp60) member 1,curated,"literature, APEX_matrix, targetP signal+, yeast mito homolog++, Rickettsial homolog, mito protein domain, MS/MS++",Matrix,"Protein import, sorting and homeostasis > Protein homeostasis > Chaperones",1.0,SharedDomain,,,OrthologMitoHighConf,Homolog,75-100pure
NDUFS5,4725,ENSG00000168653,O43920,CI-15k|CI15K,NADH:ubiquinone oxidoreductase subunit S5,curated,"literature, APEX_IMS, mito protein domain+, induction, coexpression++, MS/MS++",MIM,OXPHOS > Complex I > CI subunits | OXPHOS > OXPHOS subunits,,MitoDomain,44.0,1.35,NoMitoHomolog,NoHomolog,75-100pure
AK3,50808,ENSG00000147853,Q9UIJ7,AK3L1|AK6|AKL3L|AKL3L1|FIX,adenylate kinase 3,curated,"literature, APEX_matrix, targetP signal, Rickettsial homolog, mito protein domain, induction, coexpression, MS/MS++",Matrix,Metabolism > Nucleotide metabolism > Nucleotide synthesis and processing,2.0,SharedDomain,26.0,0.89,HomologMitoLowConf,Homolog,75-100pure
CYCS,54205,ENSG00000172115,P99999,CYC|HCS|THC4,"cytochrome c, somatic",curated,"literature, APEX_IMS, yeast mito homolog++, Rickettsial homolog, mito protein domain+, MS/MS++",IMS,Metabolism > Metals and cofactors > Heme-containing proteins | Metabolism > Electron carriers > Cytochromes | OXPHOS > OXPHOS subunits | OXPHOS > Cytochrome C | Mitochondrial dynamics and surveillance > Apoptosis,,MitoDomain,1.0,,OrthologMitoHighConf,Ortholog,75-100pure
MIPEP,4285,ENSG00000027001,Q99797,COXPD31|HMIP|MIP,mitochondrial intermediate peptidase,curated,"literature, APEX_matrix, targetP signal+, yeast mito homolog++, mito protein domain, induction, MS/MS++",Matrix,"Protein import, sorting and homeostasis > Protein import and sorting > Preprotein cleavage | Protein import, sorting and homeostasis > Protein homeostasis > Proteases",1.0,SharedDomain,3.0,1.33,OrthologMitoHighConf,NoHomolog,50-75pure
LYRM7,90624,ENSG00000186687,Q5U5X0,C5orf31|MC3DN8|MZM1L,LYR motif containing 7,curated,"literature, APEX_matrix, targetP signal, yeast mito homolog++, mito protein domain+, MS/MS++",Matrix,OXPHOS > Complex III > CIII assembly factors | OXPHOS > OXPHOS assembly factors,2.0,MitoDomain,,,OrthologMitoHighConf,NoHomolog,75-100pure
CRAT,1384,ENSG00000095321,P43155,CAT|CAT1|NBIA8,carnitine O-acetyltransferase,curated,"literature, APEX_matrix, targetP signal, yeast mito homolog+, mito protein domain, induction, coexpression, MS/MS++",MIM,Metabolism > Lipid metabolism > Fatty acid oxidation,2.0,SharedDomain,15.0,1.47,OrthologMitoLowConf,NoHomolog,50-75pure
PCCB,5096,ENSG00000114054,P05166,-,propionyl-CoA carboxylase subunit beta,curated,"literature, targetP signal+, Rickettsial homolog, mito protein domain, coexpression+, MS/MS++",Matrix,Metabolism > Carbohydrate metabolism > Propanoate metabolism | Metabolism > Lipid metabolism > Fatty acid oxidation,1.0,SharedDomain,31.0,,HomologMitoLowConf,Homolog,75-100pure
MRPS7,51081,ENSG00000125445,Q9Y2R9,COXPD34|MRP-S|MRP-S7|RP-S7|RPMS7|S7mt|bMRP27a,mitochondrial ribosomal protein S7,curated,"literature, APEX_matrix, targetP signal, yeast mito homolog++, Rickettsial homolog, mito protein domain, coexpression+, MS/MS",Matrix,Mitochondrial central dogma > mtRNA metabolism > mtRNA granules | Mitochondrial central dogma > Translation > Mitochondrial ribosome,2.0,SharedDomain,38.0,,OrthologMitoHighConf,Homolog,50-75ambig
MRPL3,11222,ENSG00000114686,P09001,COXPD9|MRL3|RPML3,mitochondrial ribosomal protein L3,curated,"literature, APEX_matrix, yeast mito homolog++, Rickettsial homolog, mito protein domain, induction, coexpression",Matrix,Mitochondrial central dogma > Translation > Mitochondrial ribosome,4.0,SharedDomain,22.0,1.52,OrthologMitoHighConf,Ortholog,50-75crude
PRODH,5625,ENSG00000100033,O43272,HSPOX2|PIG6|POX|PRODH1|PRODH2|TP53I6,proline dehydrogenase 1,curated,"literature, targetP signal, yeast mito homolog+, mito protein domain+, coexpression, MS/MS++",MIM,"Metabolism > Amino acid metabolism > Proline metabolism | Metabolism > Electron carriers > Q-linked reactions, other",3.0,MitoDomain,11.0,,OrthologMitoLowConf,NoHomolog,50-75pure
PCCA,5095,ENSG00000175198,P05165,-,propionyl-CoA carboxylase subunit alpha,curated,"literature, targetP signal, Rickettsial homolog, mito protein domain, induction, coexpression+, MS/MS++",Matrix,Metabolism > Carbohydrate metabolism > Propanoate metabolism | Metabolism > Lipid metabolism > Fatty acid oxidation | Metabolism > Vitamin metabolism > Biotin utilizing proteins,2.0,SharedDomain,37.0,0.95,NoMitoHomolog,Homolog,75-100pure
MCCC1,56922,ENSG00000078070,Q96RQ3,MCC-B|MCCA,methylcrotonoyl-CoA carboxylase 1,curated,"literature, targetP signal, Rickettsial homolog, mito protein domain, induction, coexpression+, MS/MS++",Matrix,Metabolism > Amino acid metabolism > Branched-chain amino acid metabolism | Metabolism > Vitamin metabolism > Biotin utilizing proteins,2.0,SharedDomain,35.0,1.08,NoMitoHomolog,Homolog,75-100pure
MRPS12,6183,ENSG00000128626|ENSG00000283018,O15235,MPR-S12|MT-RPS12|RPMS12|RPS12|RPSM12,mitochondrial ribosomal protein S12,curated,"literature, yeast mito homolog++, Rickettsial homolog, mito protein domain, induction, coexpression+, MS/MS+",Matrix,Mitochondrial central dogma > Translation > Mitochondrial ribosome,,SharedDomain,35.0,0.54,OrthologMitoHighConf,Homolog,25-50pure
CLPB,81570,ENSG00000162129,Q9H078,ANKCLB|HSP78|MEGCANN|MGCA7|SKD3,caseinolytic mitochondrial matrix peptidase chaperone subunit B,curated,"APEX_IMS, targetP signal+, yeast mito homolog+, Rickettsial homolog, mito protein domain, MS/MS++",IMS,"Protein import, sorting and homeostasis > Protein homeostasis > Proteases",1.0,SharedDomain,1.0,,OrthologMitoLowConf,Ortholog,50-75pure
PDK1,5163,ENSG00000152256,Q15118,-,pyruvate dehydrogenase kinase 1,curated,"literature, APEX_matrix, targetP signal+, yeast mito homolog+, mito protein domain+, MS/MS++",Matrix,Metabolism > Carbohydrate metabolism > Pyruvate metabolism,1.0,MitoDomain,2.0,,OrthologMitoLowConf,NoHomolog,50-75pure
MRPL49,740,ENSG00000149792,Q13405,C11orf4|L49mt|MRP-L49|NOF|NOF1,mitochondrial ribosomal protein L49,curated,"literature, APEX_matrix, targetP signal, yeast mito homolog++, mito protein domain, coexpression, MS/MS++",Matrix,Mitochondrial central dogma > Translation > Mitochondrial ribosome,2.0,SharedDomain,10.0,,OrthologMitoHighConf,NoHomolog,75-100pure
COX7A2,1347,ENSG00000112695,P14406,COX7AL|COX7AL1|COXVIIAL|COXVIIa-L|VIIAL,cytochrome c oxidase subunit 7A2,curated,"literature, mito protein domain+, induction, coexpression++, MS/MS++",MIM,OXPHOS > Complex IV > CIV subunits | OXPHOS > OXPHOS subunits,,MitoDomain,46.0,0.87,NoMitoHomolog,NoHomolog,50-75pure
TMEM126A,84233,ENSG00000171202,Q9H061,OPA7,transmembrane protein 126A,curated,"literature, mito protein domain+, induction, coexpression++, MS/MS++",MIM,OXPHOS > Complex I > CI assembly factors | OXPHOS > OXPHOS assembly factors,,MitoDomain,45.0,0.93,NoMitoHomolog,NoHomolog,50-75pure
ECHDC2,55268,ENSG00000121310,Q86YB7,-,enoyl-CoA hydratase domain containing 2,curated,"targetP signal, yeast mito homolog+, Rickettsial homolog, mito protein domain, coexpression, MS/MS++",Matrix,0,2.0,SharedDomain,10.0,,OrthologMitoLowConf,Homolog,50-75pure
HCCS,3052,ENSG00000004961,P53701,CCHL|LSDMCA1|MCOPS7|MLS,holocytochrome c synthase,curated,"literature, APEX_IMS, yeast mito homolog++, mito protein domain+, induction, coexpression, MS/MS",IMS,Metabolism > Metals and cofactors > Heme synthesis and processing | OXPHOS > OXPHOS subunits | OXPHOS > Cytochrome C,,MitoDomain,18.0,2.2,OrthologMitoHighConf,NoHomolog,50-75ambig
HIBADH,11112,ENSG00000106049,P31937,NS5ATP1,3-hydroxyisobutyrate dehydrogenase,curated,"literature, APEX_matrix, targetP signal+, mito protein domain, induction, coexpression+, MS/MS++",Matrix,Metabolism > Amino acid metabolism > Branched-chain amino acid metabolism,1.0,SharedDomain,35.0,1.78,NoMitoHomolog,NoHomolog,50-75pure
MRPL19,9801,ENSG00000115364,P49406,L19mt|MRP-L15|MRP-L19|MRPL15|RLX1|RPML15,mitochondrial ribosomal protein L19,curated,"literature, APEX_matrix, targetP signal, yeast mito homolog++, Rickettsial homolog, mito protein domain, coexpression, MS/MS+",Matrix,Mitochondrial central dogma > Translation > Mitochondrial ribosome,2.0,SharedDomain,5.0,,OrthologMitoHighConf,Ortholog,25-50pure
MRPL36,64979,ENSG00000171421,Q9P0J6,BRIP1|L36mt|MRP-L36|PRPL36|RPMJ,mitochondrial ribosomal protein L36,curated,"literature, targetP signal, yeast mito homolog++, Rickettsial homolog, mito protein domain, induction, coexpression+",Matrix,Mitochondrial central dogma > Translation > Mitochondrial ribosome,2.0,SharedDomain,39.0,0.69,OrthologMitoHighConf,Ortholog,
SLC25A30,253512,ENSG00000174032,Q5SVS4,KMCP1,solute carrier family 25 member 30,curated,"literature, yeast mito homolog+, mito protein domain+, coexpression, MS/MS++",MIM,Metabolism > Sulfur metabolism | Small molecule transport > SLC25A family,5.0,MitoDomain,11.0,,OrthologMitoLowConf,NoHomolog,75-100pure
BDH1,622,ENSG00000161267|ENSG00000275544,Q02338,BDH|SDR9C1,3-hydroxybutyrate dehydrogenase 1,curated,"literature, APEX_matrix, targetP signal+, Rickettsial homolog, mito protein domain, induction, coexpression, MS/MS++",MIM,Metabolism > Carbohydrate metabolism > Ketone metabolism,1.0,SharedDomain,6.0,1.72,NoMitoHomolog,Homolog,75-100pure
FARS2,10667,ENSG00000145982,O95363,COXPD14|FARS1|HSPC320|PheRS|SPG77|mtPheRS,"phenylalanyl-tRNA synthetase 2, mitochondrial",curated,"literature, APEX_matrix, targetP signal, yeast mito homolog+, Rickettsial homolog, mito protein domain, induction, coexpression, MS/MS",Matrix,Mitochondrial central dogma > Translation > mt-tRNA synthetases,2.0,SharedDomain,23.0,1.09,OrthologMitoLowConf,Homolog,25-50ambig
ABCB7,22,ENSG00000131269,O75027,ABC7|ASAT|Atm1p|EST140535,ATP binding cassette subfamily B member 7,curated,"literature, APEX_matrix, targetP signal, yeast mito homolog+, Rickettsial homolog, mito protein domain, coexpression+, MS/MS+",MIM,Metabolism > Metals and cofactors > Heme synthesis and processing | Metabolism > Metals and cofactors > Fe-S cluster biosynthesis | Metabolism > Metals and cofactors > Molybdenum cofactor synthesis and proteins | Small molecule transport > ABC transporters,2.0,SharedDomain,35.0,,OrthologMitoLowConf,Homolog,25-50pure
MTX1,4580,ENSG00000173171,Q13505,MTX|MTXN,metaxin 1,curated,"literature, yeast mito homolog++, mito protein domain+, coexpression, MS/MS++",MOM,"Protein import, sorting and homeostasis > Protein import and sorting > SAM | Mitochondrial dynamics and surveillance > Intramitochondrial membrane interactions",5.0,MitoDomain,5.0,,OrthologMitoHighConf,NoHomolog,50-75pure
NDUFA7,4701,ENSG00000267855,O95182,B14.5a|CI-B14.5a,NADH:ubiquinone oxidoreductase subunit A7,curated,"literature, APEX_matrix, mito protein domain+, coexpression++, MS/MS++",MIM,OXPHOS > Complex I > CI subunits | OXPHOS > OXPHOS subunits,4.0,MitoDomain,41.0,,NoMitoHomolog,NoHomolog,75-100pure
TIMM17A,10440,ENSG00000134375,Q99595,TIM17|TIM17A,translocase of inner mitochondrial membrane 17A,curated,"literature, APEX_IMS, yeast mito homolog+, mito protein domain+, induction, coexpression, MS/MS+",MIM,"Protein import, sorting and homeostasis > Protein import and sorting > TIM23 presequence pathway",,MitoDomain,25.0,1.44,OrthologMitoLowConf,NoHomolog,75-100ambig
ALDH9A1,223,ENSG00000143149,P49189,ALDH4|ALDH7|ALDH9|E3|TMABA-DH|TMABADH|TMABALDH,aldehyde dehydrogenase 9 family member A1,curated,"APEX_matrix, targetP signal+, yeast mito homolog+, mito protein domain, coexpression, MS/MS++",Matrix,Metabolism > Amino acid metabolism > GABA metabolism | Metabolism > Detoxification > ROS and glutathione metabolism,1.0,SharedDomain,10.0,,OrthologMitoLowConf,NoHomolog,50-75pure
MRPS18C,51023,ENSG00000163319,Q9Y3D5,CGI-134|MRP-S18-1|MRP-S18-c|MRPS18-1|S18mt-c|mrps18-c,mitochondrial ribosomal protein S18C,curated,"literature, yeast mito homolog++, Rickettsial homolog, mito protein domain, coexpression, MS/MS++",Matrix,Mitochondrial central dogma > Translation > Mitochondrial ribosome,4.0,SharedDomain,12.0,,OrthologMitoHighConf,Homolog,50-75pure
MARS2,92935,ENSG00000247626,Q96GW9,COXPD25|MetRS|mtMetRS,"methionyl-tRNA synthetase 2, mitochondrial",curated,"literature, APEX_matrix, targetP signal, yeast mito homolog++, Rickettsial homolog, mito protein domain, coexpression, MS/MS+",Matrix,Mitochondrial central dogma > Translation > mt-tRNA synthetases,2.0,SharedDomain,13.0,,OrthologMitoHighConf,Homolog,25-50pure
ALDH6A1,4329,ENSG00000119711,Q02252,MMSADHA|MMSDH,aldehyde dehydrogenase 6 family member A1,curated,"literature, APEX_matrix, targetP signal, yeast mito homolog+, mito protein domain, coexpression, MS/MS++",MIM,Metabolism > Amino acid metabolism > Branched-chain amino acid metabolism,2.0,SharedDomain,29.0,,OrthologMitoLowConf,NoHomolog,75-100pure
FDXR,2232,ENSG00000161513,P22570,ADR|ADXR|ANOA,ferredoxin reductase,curated,"literature, APEX_matrix, targetP signal+, yeast mito homolog++, coexpression, MS/MS++",Matrix,"Metabolism > Lipid metabolism > Cholesterol, bile acid, steroid synthesis | Metabolism > Metals and cofactors > Heme synthesis and processing | Metabolism > Metals and cofactors > Fe-S cluster biosynthesis | Metabolism > Vitamin metabolism > Vitamin D metabolism",1.0,,8.0,,OrthologMitoHighConf,NoHomolog,75-100pure
GATC,283459,ENSG00000257218,O43716,15E1.2|COXPD42,glutamyl-tRNA amidotransferase subunit C,curated,"literature, APEX_matrix, targetP signal, Rickettsial homolog, mito protein domain+, induction, coexpression, MS/MS",Matrix,Mitochondrial central dogma > Translation > mt-tRNA synthetases,2.0,MitoDomain,16.0,0.91,NoMitoHomolog,Ortholog,25-50ambig
TRAP1,10131,ENSG00000126602,Q12931,HSP 75|HSP75|HSP90L|TRAP-1,TNF receptor associated protein 1,curated,"APEX_matrix, GFP, targetP signal+, Rickettsial homolog, mito protein domain, coexpression++, MS/MS+",Matrix,"Protein import, sorting and homeostasis > Protein homeostasis > Chaperones",1.0,SharedDomain,45.0,,NoMitoHomolog,Homolog,75-100ambig
ACAD8,27034,ENSG00000151498,Q9UKU7,ACAD-8|ARC42|IBDH,acyl-CoA dehydrogenase family member 8,curated,"literature, APEX_matrix, targetP signal+, mito protein domain+, coexpression, MS/MS++",Matrix,Metabolism > Amino acid metabolism > Branched-chain amino acid metabolism,1.0,MitoDomain,23.0,,NoMitoHomolog,NoHomolog,50-75pure
ALDH2,217,ENSG00000111275,P05091,ALDH-E2|ALDHI|ALDM,aldehyde dehydrogenase 2 family member,curated,"literature, APEX_matrix, targetP signal+, yeast mito homolog+, mito protein domain, coexpression, MS/MS++",Matrix,Metabolism > Detoxification > Xenobiotic metabolism,1.0,SharedDomain,5.0,,OrthologMitoLowConf,NoHomolog,75-100pure
PPIF,10105,ENSG00000108179,P30405,CYP3|CyP-M|Cyp-D|CypD,peptidylprolyl isomerase F,curated,"literature, APEX_matrix, targetP signal+, mito protein domain, induction, coexpression, MS/MS++",Matrix,Signaling > Calcium homeostasis > Mitochondrial permeability transition pore,1.0,SharedDomain,7.0,4.9,HomologMitoLowConf,NoHomolog,75-100pure
TIMM22,29928,ENSG00000177370|ENSG00000277649|ENSG00000278501,Q9Y584,COXPD43|TEX4|TIM22,translocase of inner mitochondrial membrane 22,curated,"literature, yeast mito homolog++, mito protein domain+, induction, coexpression, MS/MS",MIM,"Protein import, sorting and homeostasis > Protein import and sorting > TIM22 carrier pathway",,MitoDomain,11.0,1.1,OrthologMitoHighConf,NoHomolog,50-75ambig
IVD,3712,ENSG00000128928,P26440,ACAD2,isovaleryl-CoA dehydrogenase,curated,"literature, APEX_matrix, targetP signal, mito protein domain+, coexpression+, MS/MS++",Matrix,Metabolism > Amino acid metabolism > Branched-chain amino acid metabolism,2.0,MitoDomain,38.0,,NoMitoHomolog,NoHomolog,75-100pure
L2HGDH,79944,ENSG00000087299,Q9H9P8,C14orf160|L2HGA,L-2-hydroxyglutarate dehydrogenase,curated,"literature, APEX_matrix, targetP signal+, mito protein domain, induction, coexpression, MS/MS++",MIM,Metabolism > Carbohydrate metabolism > TCA-associated,1.0,SharedDomain,20.0,2.62,NoMitoHomolog,NoHomolog,50-75pure
ETHE1,23474,ENSG00000105755,O95571,HSCO|YF13H12,ETHE1 persulfide dioxygenase,curated,"literature, APEX_matrix, targetP signal, yeast mito homolog+, mito protein domain, induction, MS/MS++",Matrix,Metabolism > Sulfur metabolism,2.0,SharedDomain,3.0,2.28,OrthologMitoLowConf,NoHomolog,75-100pure
MRPL20,55052,ENSG00000242485,Q9BYC9,L20mt|MRP-L20,mitochondrial ribosomal protein L20,curated,"literature, APEX_matrix, targetP signal+, Rickettsial homolog, mito protein domain, induction, coexpression, MS/MS",Matrix,Mitochondrial central dogma > Translation > Mitochondrial ribosome,1.0,SharedDomain,18.0,1.56,NoMitoHomolog,Ortholog,50-75ambig
SLC25A5,292,ENSG00000005022,P05141,2F1|AAC2|ANT2|T2|T3,solute carrier family 25 member 5,curated,"literature, yeast mito homolog+, mito protein domain+, induction, MS/MS++",MIM,Metabolism > Nucleotide metabolism > Nucleotide import | Signaling > Calcium homeostasis > Mitochondrial permeability transition pore | Small molecule transport > SLC25A family,,MitoDomain,,1.72,OrthologMitoLowConf,NoHomolog,75-100pure
SLC25A12,8604,ENSG00000115840,O75746,AGC1|ARALAR|EIEE39,solute carrier family 25 member 12,curated,"literature, yeast mito homolog+, mito protein domain+, induction, MS/MS++",MIM,Metabolism > Carbohydrate metabolism > Malate-aspartate shuttle | Metabolism > Amino acid metabolism > Glutamate metabolism | Signaling > Calcium homeostasis > EF hand proteins | Small molecule transport > SLC25A family,,MitoDomain,2.0,1.97,OrthologMitoLowConf,NoHomolog,75-100pure
MRPS21,54460,ENSG00000266472,P82921,MDS016|MRP-S21|RPMS21,mitochondrial ribosomal protein S21,curated,"literature, yeast mito homolog++, Rickettsial homolog, mito protein domain, induction, MS/MS++",Matrix,Mitochondrial central dogma > Translation > Mitochondrial ribosome,,SharedDomain,,1.35,OrthologMitoHighConf,Ortholog,50-75pure
TOMM22,56993,ENSG00000100216,Q9NS69,1C9-2|MST065|MSTP065|TOM22,translocase of outer mitochondrial membrane 22,curated,"literature, yeast mito homolog++, mito protein domain+, coexpression, MS/MS++",MOM,"Protein import, sorting and homeostasis > Protein import and sorting > TOM",,MitoDomain,9.0,,OrthologMitoHighConf,NoHomolog,75-100pure
ACAA2,10449,ENSG00000167315,P42765,DSAEC,acetyl-CoA acyltransferase 2,curated,"literature, APEX_matrix, targetP signal, Rickettsial homolog, mito protein domain, induction, coexpression+, MS/MS++",Matrix,Metabolism > Carbohydrate metabolism > Ketone metabolism | Metabolism > Lipid metabolism > Fatty acid oxidation | Metabolism > Amino acid metabolism > Lysine metabolism,3.0,SharedDomain,31.0,0.93,NoMitoHomolog,Homolog,75-100pure
MRPL30,51263,ENSG00000185414,Q8TCC3,L28MT|L30MT|MRP-L28|MRP-L30|MRPL28|MRPL28M|RPML28,mitochondrial ribosomal protein L30,curated,"literature, APEX_matrix, yeast mito homolog++, mito protein domain, coexpression++, MS/MS",Matrix,Mitochondrial central dogma > Translation > Mitochondrial ribosome,4.0,SharedDomain,47.0,,OrthologMitoHighConf,NoHomolog,50-75ambig
DNAJA3,9093,ENSG00000103423|ENSG00000276726,Q96EY1,HCA57|TID1|hTID-1,DnaJ heat shock protein family (Hsp40) member A3,curated,"literature, APEX_matrix, targetP signal, Rickettsial homolog, mito protein domain, induction, coexpression++, MS/MS+",Matrix,"Protein import, sorting and homeostasis > Protein homeostasis > Chaperones",3.0,SharedDomain,44.0,1.19,NoMitoHomolog,Homolog,25-50pure
NDUFB2,4708,ENSG00000090266,O95178,AGGG|CI-AGGG,NADH:ubiquinone oxidoreductase subunit B2,curated,"literature, targetP signal, induction, coexpression++, MS/MS++",MIM,OXPHOS > Complex I > CI subunits | OXPHOS > OXPHOS subunits,2.0,,50.0,0.73,NoMitoHomolog,NoHomolog,50-75pure
MRPS34,65993,ENSG00000074071,P82930,COXPD32|MRP-S12|MRP-S34|MRPS12,mitochondrial ribosomal protein S34,curated,"literature, APEX_matrix, targetP signal, induction, coexpression++, MS/MS++",Matrix,Mitochondrial central dogma > Translation > Mitochondrial ribosome,2.0,,45.0,1.43,NoMitoHomolog,NoHomolog,50-75pure
ETFB,2109,ENSG00000105379,P38117,FP585|MADD,electron transfer flavoprotein subunit beta,curated,"literature, APEX_matrix, yeast mito homolog, mito protein domain, induction, coexpression+, MS/MS++",Matrix,"Metabolism > Lipid metabolism > Fatty acid oxidation | Metabolism > Amino acid metabolism > Branched-chain amino acid metabolism | Metabolism > Amino acid metabolism > Lysine metabolism | Metabolism > Amino acid metabolism > Glycine metabolism | Metabolism > Vitamin metabolism > Choline and betaine metabolism | Metabolism > Electron carriers > Q-linked reactions, other",5.0,SharedDomain,39.0,1.36,HomologMitoHighConf,NoHomolog,75-100pure
AFG1L,246269,ENSG00000135537,Q8WV93,AFG1|LACE1|c222389,AFG1 like ATPase,curated,"APEX_matrix, yeast mito homolog++, Rickettsial homolog, coexpression, MS/MS+",MIM,"Protein import, sorting and homeostasis > Protein homeostasis > Proteases",4.0,,29.0,,OrthologMitoHighConf,Ortholog,25-50pure
ATP5IF1,93974,ENSG00000130770|ENSG00000285390,Q9UII2,ATPI|ATPIF1|ATPIP|IP,ATP synthase inhibitory factor subunit 1,curated,"literature, APEX_matrix, targetP signal, yeast mito homolog++, mito protein domain+, MS/MS++",Matrix,OXPHOS > Complex V > CV subunits | OXPHOS > OXPHOS subunits,3.0,MitoDomain,4.0,,OrthologMitoHighConf,NoHomolog,50-75pure
ATP5PB,515,ENSG00000116459,P24539,ATP5F1|PIG47,ATP synthase peripheral stalk-membrane subunit b,curated,"literature, APEX_matrix, yeast mito homolog++, mito protein domain+, MS/MS++",MIM,OXPHOS > Complex V > CV subunits | OXPHOS > OXPHOS subunits,4.0,MitoDomain,,,OrthologMitoHighConf,NoHomolog,75-100pure
COX7C,1350,ENSG00000127184,P15954,-,cytochrome c oxidase subunit 7C,curated,"literature, APEX_IMS, yeast mito homolog++, mito protein domain+, MS/MS++",MIM,OXPHOS > Complex IV > CIV subunits | OXPHOS > OXPHOS subunits,4.0,MitoDomain,,,OrthologMitoHighConf,NoHomolog,75-100pure
CHCHD3,54927,ENSG00000106554,Q9NX63,MICOS19|MINOS3|Mic19|PPP1R22,coiled-coil-helix-coiled-coil-helix domain containing 3,curated,"literature, APEX_IMS, APEX_matrix, GFP, yeast mito homolog, induction, coexpression++, MS/MS++",MIM,Mitochondrial dynamics and surveillance > Cristae formation > MICOS complex | Mitochondrial dynamics and surveillance > Intramitochondrial membrane interactions,,,44.0,1.34,HomologMitoHighConf,NoHomolog,75-100pure
COQ10B,80219,ENSG00000115520,Q9H8M1,-,coenzyme Q10B,curated,"GFP, targetP signal, yeast mito homolog+, Rickettsial homolog, mito protein domain+, MS/MS+",MIM,Metabolism > Metals and cofactors > Coenzyme Q metabolism,2.0,MitoDomain,4.0,,OrthologMitoLowConf,Homolog,25-50pure
ACSF3,197322,ENSG00000176715,Q4G176,-,acyl-CoA synthetase family member 3,curated,"APEX_matrix, targetP signal+, Rickettsial homolog, mito protein domain, coexpression+, MS/MS++",Matrix,Metabolism > Lipid metabolism > Type II fatty acid synthesis,1.0,SharedDomain,30.0,,NoMitoHomolog,Homolog,50-75pure
POLDIP2,26073,ENSG00000004142,Q9Y2S7,PDIP38|POLD4|p38,DNA polymerase delta interacting protein 2,curated,"literature, APEX_matrix, targetP signal+, induction, coexpression++, MS/MS++",Matrix,Mitochondrial central dogma > mtDNA maintenance > mtDNA nucleoid,1.0,NonMitoDomain,41.0,0.73,NoMitoHomolog,NoHomolog,50-75pure
SLC25A10,1468,ENSG00000183048,Q9UBX3,DIC|MTDPS19,solute carrier family 25 member 10,curated,"literature, yeast mito homolog+, mito protein domain+, coexpression, MS/MS++",MIM,Metabolism > Carbohydrate metabolism > Gluconeogenesis | Metabolism > Carbohydrate metabolism > Malate-aspartate shuttle | Small molecule transport > SLC25A family,,MitoDomain,14.0,,OrthologMitoLowConf,NoHomolog,75-100pure
SLC25A13,10165,ENSG00000004864,Q9UJS0,ARALAR2|CITRIN|CTLN2|NICCD,solute carrier family 25 member 13,curated,"literature, yeast mito homolog+, mito protein domain+, coexpression, MS/MS++",MIM,Metabolism > Carbohydrate metabolism > Malate-aspartate shuttle | Metabolism > Amino acid metabolism > Urea cycle | Signaling > Calcium homeostasis > EF hand proteins | Small molecule transport > SLC25A family,,MitoDomain,10.0,,OrthologMitoLowConf,NoHomolog,75-100pure
PDK3,5165,ENSG00000067992,Q15120,CMTX6|GS1-358P8.4,pyruvate dehydrogenase kinase 3,curated,"literature, APEX_matrix, targetP signal, yeast mito homolog+, mito protein domain+, MS/MS++",Matrix,Metabolism > Carbohydrate metabolism > Pyruvate metabolism,2.0,MitoDomain,4.0,,OrthologMitoLowConf,NoHomolog,50-75pure
ME3,10873,ENSG00000151376,Q16798,NADP-ME,malic enzyme 3,curated,"literature, yeast mito homolog+, Rickettsial homolog, mito protein domain, coexpression, MS/MS++",Matrix,Metabolism > Carbohydrate metabolism > TCA-associated,5.0,SharedDomain,15.0,,OrthologMitoLowConf,Homolog,75-100pure
MRPL22,29093,ENSG00000082515,Q9NWU5,HSPC158|L22mt|MRP-L22|MRP-L25|RPML25,mitochondrial ribosomal protein L22,curated,"literature, APEX_matrix, targetP signal, yeast mito homolog++, Rickettsial homolog, mito protein domain, MS/MS++",Matrix,Mitochondrial central dogma > Translation > Mitochondrial ribosome,2.0,SharedDomain,,,OrthologMitoHighConf,Homolog,50-75pure
IDH2,3418,ENSG00000182054,P48735,D2HGA2|ICD-M|IDH|IDHM|IDP|IDPM|mNADP-IDH,isocitrate dehydrogenase (NADP(+)) 2,curated,"literature, APEX_matrix, targetP signal+, Rickettsial homolog, mito protein domain, induction, coexpression, MS/MS++",Matrix,Metabolism > Carbohydrate metabolism > TCA cycle,1.0,SharedDomain,6.0,1.06,NoMitoHomolog,Homolog,50-75pure
GCDH,2639,ENSG00000105607,Q92947,ACAD5|GCD,glutaryl-CoA dehydrogenase,curated,"literature, APEX_matrix, targetP signal+, mito protein domain+, coexpression, MS/MS++",Matrix,Metabolism > Amino acid metabolism > Lysine metabolism,1.0,MitoDomain,12.0,,NoMitoHomolog,NoHomolog,50-75pure
MRPL47,57129,ENSG00000136522,Q9HD33,CGI-204|L47mt|MRP-L47|NCM1,mitochondrial ribosomal protein L47,curated,"literature, APEX_matrix, targetP signal+, yeast mito homolog++, mito protein domain, induction, coexpression",Matrix,Mitochondrial central dogma > mtRNA metabolism > mtRNA granules | Mitochondrial central dogma > Translation > Mitochondrial ribosome,1.0,SharedDomain,9.0,3.04,OrthologMitoHighConf,NoHomolog,50-75crude
PPA2,27068,ENSG00000138777,Q9H2U2,HSPC124|SCFAI|SCFI|SID6-306,inorganic pyrophosphatase 2,curated,"literature, APEX_matrix, targetP signal+, Rickettsial homolog, mito protein domain, coexpression, MS/MS++",Matrix,Mitochondrial central dogma > mtDNA maintenance | Mitochondrial central dogma > mtRNA metabolism | Mitochondrial central dogma > Translation | Metabolism > Nucleotide metabolism,1.0,SharedDomain,25.0,,NoMitoHomolog,Homolog,75-100pure
MRPL9,65005,ENSG00000143436,Q9BYD2,L9mt,mitochondrial ribosomal protein L9,curated,"literature, APEX_matrix, targetP signal, Rickettsial homolog, mito protein domain, induction, coexpression+, MS/MS",Matrix,Mitochondrial central dogma > Translation > Mitochondrial ribosome,2.0,SharedDomain,32.0,0.67,NoMitoHomolog,Ortholog,50-75ambig
CHCHD10,400916,ENSG00000250479|ENSG00000273607,Q8WYQ3,C22orf16|FTDALS2|IMMD|MIX17A|N27C7-4|SMAJ,coiled-coil-helix-coiled-coil-helix domain containing 10,curated,"literature, targetP signal, yeast mito homolog+, mito protein domain, induction, coexpression++",IMS,0,2.0,SharedDomain,46.0,5.24,OrthologMitoLowConf,NoHomolog,
WARS2,10352,ENSG00000116874,Q9UGM6,NEMMLAS|TrpRS|mtTrpRS,"tryptophanyl tRNA synthetase 2, mitochondrial",curated,"literature, APEX_matrix, targetP signal, yeast mito homolog++, Rickettsial homolog, mito protein domain, coexpression, MS/MS",Matrix,Mitochondrial central dogma > Translation > mt-tRNA synthetases,2.0,SharedDomain,5.0,,OrthologMitoHighConf,Ortholog,25-50ambig
SLC25A19,60386,ENSG00000125454,Q9HC21,DNC|MCPHA|MUP1|THMD3|THMD4|TPC,solute carrier family 25 member 19,curated,"literature, yeast mito homolog++, mito protein domain+, induction, coexpression, MS/MS",MIM,Metabolism > Vitamin metabolism > Vitamin B1 metabolism | Small molecule transport > SLC25A family,,MitoDomain,16.0,0.95,OrthologMitoHighConf,NoHomolog,25-50ambig
CBR4,84869,ENSG00000145439,Q8N4T8,SDR45C1,carbonyl reductase 4,curated,"literature, APEX_matrix, Rickettsial homolog, mito protein domain, induction, coexpression+, MS/MS++",Matrix,Metabolism > Lipid metabolism > Type II fatty acid synthesis,4.0,SharedDomain,37.0,1.05,NoMitoHomolog,Homolog,75-100pure
SMDT1,91689,ENSG00000183172|ENSG00000272835|ENSG00000272901|ENSG00000274112,Q9H4I9,C22orf32|DDDD|EMRE,single-pass membrane protein with aspartate rich tail 1,curated,"literature, targetP signal, mito protein domain+, induction, coexpression+, MS/MS",MIM,Signaling > Calcium homeostasis > Calcium cycle | Small molecule transport > Calcium uniporter,2.0,MitoDomain,38.0,0.97,NoMitoHomolog,NoHomolog,50-75ambig
HAGH,3029,ENSG00000063854,Q16775,GLO2|GLX2|GLXII|HAGH1,hydroxyacylglutathione hydrolase,curated,"literature, APEX_matrix, targetP signal+, mito protein domain, induction, coexpression, MS/MS++",Matrix,Metabolism > Detoxification > ROS and glutathione metabolism,1.0,SharedDomain,11.0,3.34,NoMitoHomolog,NoHomolog,50-75pure
COX7A1,1346,ENSG00000161281,P24310,COX7A|COX7AH|COX7AM,cytochrome c oxidase subunit 7A1,curated,"literature, targetP signal, mito protein domain+, induction, coexpression, MS/MS+",MIM,OXPHOS > Complex IV > CIV subunits | OXPHOS > OXPHOS subunits,2.0,MitoDomain,19.0,6.03,NoMitoHomolog,NoHomolog,25-50pure
MTG1,92170,ENSG00000148824,Q9BT17,GTP|GTPBP7,mitochondrial ribosome associated GTPase 1,curated,"literature, APEX_matrix, targetP signal, yeast mito homolog++, Rickettsial homolog, mito protein domain, coexpression+, MS/MS",Matrix,Mitochondrial central dogma > Translation > Mitochondrial ribosome assembly,3.0,SharedDomain,35.0,,OrthologMitoHighConf,Homolog,25-50ambig
COX14,84987,ENSG00000178449,Q96I36,C12orf62|PCAG1,cytochrome c oxidase assembly factor COX14,curated,"literature, GFP, mito protein domain+, induction, coexpression++, MS/MS+",MIM,Mitochondrial central dogma > Translation > Translation factors | OXPHOS > Complex IV > CIV assembly factors | OXPHOS > OXPHOS assembly factors,,MitoDomain,48.0,1.13,NoMitoHomolog,NoHomolog,75-100ambig
NDUFA12,55967,ENSG00000184752,Q9UI09,B17.2|DAP13|MC1DN23,NADH:ubiquinone oxidoreductase subunit A12,curated,"literature, APEX_matrix, Rickettsial homolog, coexpression++, MS/MS++",MIM,OXPHOS > Complex I > CI subunits | OXPHOS > OXPHOS subunits,5.0,,47.0,,NoMitoHomolog,Ortholog,75-100pure
MRPS16,51021,ENSG00000182180,Q9Y3D3,CGI-132|COXPD2|MRP-S16|RPMS16,mitochondrial ribosomal protein S16,curated,"literature, APEX_matrix, targetP signal, yeast mito homolog++, Rickettsial homolog, mito protein domain, MS/MS+",Matrix,Mitochondrial central dogma > Translation > Mitochondrial ribosome,2.0,SharedDomain,,,OrthologMitoHighConf,Ortholog,75-100ambig
MTERF2,80298,ENSG00000120832,Q49AM1,MTERFD3|mTERFL,mitochondrial transcription termination factor 2,curated,"literature, APEX_matrix, targetP signal+, mito protein domain+, induction, coexpression, MS/MS",Matrix,Mitochondrial central dogma > mtDNA maintenance > mtDNA nucleoid,1.0,MitoDomain,22.0,1.06,NoMitoHomolog,NoHomolog,25-50ambig
ETFRF1,144363,ENSG00000205707,Q6IPR1,LYRM5,electron transfer flavoprotein regulatory factor 1,curated,"mito protein domain+, induction, coexpression, MS/MS++",Matrix,"Metabolism > Electron carriers > Q-linked reactions, other",,MitoDomain,26.0,1.73,NoMitoHomolog,NoHomolog,75-100pure
GPD2,2820,ENSG00000115159,P43304,GDH2|GPDM|mGDH|mGPDH,glycerol-3-phosphate dehydrogenase 2,curated,"literature, APEX_IMS, yeast mito homolog++, mito protein domain, coexpression, MS/MS++",MIM,"Metabolism > Carbohydrate metabolism > Glycerol phosphate shuttle | Metabolism > Electron carriers > Q-linked reactions, other",4.0,SharedDomain,15.0,,OrthologMitoHighConf,NoHomolog,75-100pure
NDUFA10,4705,ENSG00000130414,O95299,CI-42KD|CI-42k|MC1DN22,NADH:ubiquinone oxidoreductase subunit A10,curated,"literature, targetP signal, mito protein domain, coexpression++, MS/MS++",MIM,OXPHOS > Complex I > CI subunits | OXPHOS > OXPHOS subunits,2.0,SharedDomain,46.0,,NoMitoHomolog,NoHomolog,75-100pure
NDUFC2,4718,ENSG00000151366,O95298,B14.5b|CI-B14.5b|HLC-1|NADHDH2,NADH:ubiquinone oxidoreductase subunit C2,curated,"literature, APEX_IMS, mito protein domain+, coexpression++, MS/MS++",MIM,OXPHOS > Complex I > CI subunits | OXPHOS > OXPHOS subunits,,MitoDomain,46.0,,NoMitoHomolog,NoHomolog,75-100pure
SLIRP,81892,ENSG00000119705,Q9GZT3,C14orf156|DC50|PD04872,SRA stem-loop interacting RNA binding protein,curated,"literature, APEX_matrix, GFP, targetP signal+, mito protein domain, induction, coexpression, MS/MS++",Matrix,Mitochondrial central dogma > mtRNA metabolism > mtRNA stability and decay | Mitochondrial central dogma > Translation,1.0,SharedDomain,11.0,1.03,NoMitoHomolog,NoHomolog,75-100pure
MT-ATP6,4508,ENSG00000198899,P00846,ATPase6|MTATP6,ATP synthase F0 subunit 6,curated,"literature, yeast mito homolog++, Rickettsial homolog, mito protein domain+, MS/MS+",MIM,OXPHOS > Complex V > CV subunits | OXPHOS > OXPHOS subunits,,MitoDomain,,,OrthologMitoHighConf,Ortholog,25-50pure
MT-CO2,4513,ENSG00000198712,P00403,COII|MTCO2,cytochrome c oxidase subunit II,curated,"literature, APEX_IMS, APEX_matrix, yeast mito homolog++, Rickettsial homolog, mito protein domain+, MS/MS+",MIM,OXPHOS > Complex IV > CIV subunits | OXPHOS > OXPHOS subunits,,MitoDomain,,,OrthologMitoHighConf,Ortholog,25-50pure
TIMM21,29090,ENSG00000075336,Q9BVV7,C18orf55|HSPC154|TIM21,translocase of inner mitochondrial membrane 21,curated,"APEX_IMS, GFP, yeast mito homolog++, mito protein domain+, coexpression, MS/MS",MIM,"Mitochondrial central dogma > Translation > Translation factors | Protein import, sorting and homeostasis > Protein import and sorting > TIM23 presequence pathway | OXPHOS > Complex IV > CIV assembly factors | OXPHOS > OXPHOS assembly factors",5.0,MitoDomain,22.0,,OrthologMitoHighConf,NoHomolog,25-50ambig
NDUFA8,4702,ENSG00000119421,P51970,CI-19KD|CI-PGIV|PGIV,NADH:ubiquinone oxidoreductase subunit A8,curated,"literature, APEX_IMS, mito protein domain, induction, coexpression++, MS/MS++",MIM,OXPHOS > Complex I > CI subunits | OXPHOS > OXPHOS subunits,,SharedDomain,48.0,1.84,NoMitoHomolog,NoHomolog,75-100pure
GLS,2744,ENSG00000115419,O94925,AAD20|CASGID|EIEE71|GAC|GAM|GDPAG|GLS1|KGA,glutaminase,curated,"literature, APEX_matrix, targetP signal+, Rickettsial homolog, mito protein domain+, MS/MS++",MIM,Metabolism > Amino acid metabolism > Glutamate metabolism,1.0,MitoDomain,1.0,0.43,NoMitoHomolog,Homolog,50-75pure
NDUFB11,54539,ENSG00000147123,Q9NX14,CI-ESSS|ESSS|MC1DN30|NP17.3|Np15|P17.3,NADH:ubiquinone oxidoreductase subunit B11,curated,"literature, APEX_IMS, APEX_matrix, targetP signal+, coexpression++, MS/MS++",MIM,OXPHOS > Complex I > CI subunits | OXPHOS > OXPHOS subunits,1.0,,48.0,,NoMitoHomolog,NoHomolog,50-75pure
DHTKD1,55526,ENSG00000181192,Q96HY7,AMOXAD|CMT2Q,dehydrogenase E1 and transketolase domain containing 1,curated,"APEX_matrix, targetP signal, yeast mito homolog+, Rickettsial homolog, mito protein domain+, MS/MS",Matrix,Metabolism > Amino acid metabolism > Lysine metabolism,2.0,MitoDomain,,,OrthologMitoLowConf,Homolog,50-75ambig
FAHD2A,51011,ENSG00000115042,Q96GK7,CGI-105,fumarylacetoacetate hydrolase domain containing 2A,curated,"APEX_matrix, targetP signal, mito protein domain, induction, coexpression, MS/MS++",Matrix,0,2.0,SharedDomain,15.0,1.0,HomologMitoLowConf,NoHomolog,75-100pure
HSD17B8,7923,ENSG00000112474|ENSG00000204228|ENSG00000225312|ENSG00000228357|ENSG00000228712|ENSG00000232357,Q92506,D6S2245E|FABG|FABGL|H2-KE6|HKE6|KE6|RING2|SDR30C1|dJ1033B10.9,hydroxysteroid 17-beta dehydrogenase 8,curated,"APEX_matrix, targetP signal+, Rickettsial homolog, mito protein domain, coexpression, MS/MS++",Matrix,"Metabolism > Lipid metabolism > Type II fatty acid synthesis | Metabolism > Lipid metabolism > Cholesterol, bile acid, steroid synthesis",1.0,SharedDomain,21.0,,NoMitoHomolog,Homolog,50-75pure
HINT2,84681,ENSG00000137133,Q9BX68,HIT-17,histidine triad nucleotide binding protein 2,curated,"APEX_matrix, targetP signal+, Rickettsial homolog, mito protein domain, coexpression, MS/MS++",Matrix,"Metabolism > Lipid metabolism > Cholesterol, bile acid, steroid synthesis",1.0,SharedDomain,22.0,,NoMitoHomolog,Homolog,50-75pure
MRPS5,64969,ENSG00000144029,P82675,MRP-S5|S5mt,mitochondrial ribosomal protein S5,curated,"literature, APEX_matrix, yeast mito homolog++, Rickettsial homolog, mito protein domain, induction, coexpression, MS/MS",Matrix,Mitochondrial central dogma > Translation > Mitochondrial ribosome,,SharedDomain,19.0,2.95,OrthologMitoHighConf,Homolog,25-50ambig
C6orf136,221545,ENSG00000204564|ENSG00000206487|ENSG00000224120|ENSG00000233164|ENSG00000233641|ENSG00000237012|ENSG00000237100,Q5SQH8,-,chromosome 6 open reading frame 136,curated,"targetP signal, induction, coexpression++, MS/MS+",Matrix,0,2.0,,45.0,2.65,NoMitoHomolog,NoHomolog,25-50pure
SPRYD4,283377,ENSG00000176422,Q8WW59,-,SPRY domain containing 4,curated,"APEX_matrix, GFP, targetP signal+, mito protein domain, coexpression+, MS/MS++",Matrix,0,1.0,SharedDomain,35.0,0.15,NoMitoHomolog,NoHomolog,75-100pure
LIPT2,387787,ENSG00000175536,A6NK58,-,lipoyl(octanoyl) transferase 2,curated,"targetP signal, yeast mito homolog, Rickettsial homolog, mito protein domain, coexpression, MS/MS",Matrix,Metabolism > Lipid metabolism > Lipoate insertion,2.0,SharedDomain,22.0,,HomologMitoHighConf,Ortholog,50-75ambig
DECR1,1666,ENSG00000104325,Q16698,DECR|NADPH|SDR18C1,"2,4-dienoyl-CoA reductase 1",curated,"literature, APEX_matrix, targetP signal, Rickettsial homolog, mito protein domain, coexpression+, MS/MS++",Matrix,Metabolism > Lipid metabolism > Fatty acid oxidation,2.0,SharedDomain,39.0,,NoMitoHomolog,Homolog,75-100pure
MRPS26,64949,ENSG00000125901,Q9BYN8,C20orf193|GI008|MRP-S13|MRP-S26|MRPS13|NY-BR-87|RPMS13|dJ534B8.3,mitochondrial ribosomal protein S26,curated,"literature, APEX_matrix, targetP signal, mito protein domain+, induction, coexpression, MS/MS+",Matrix,Mitochondrial central dogma > Translation > Mitochondrial ribosome,2.0,MitoDomain,10.0,0.86,NoMitoHomolog,NoHomolog,75-100ambig
SLC25A15,10166,ENSG00000102743,Q9Y619,D13S327|HHH|LNC-HC|ORC1|ORNT1,solute carrier family 25 member 15,curated,"literature, yeast mito homolog+, mito protein domain+, coexpression, MS/MS++",MIM,Metabolism > Amino acid metabolism > Urea cycle | Small molecule transport > SLC25A family,,MitoDomain,8.0,,OrthologMitoLowConf,NoHomolog,75-100pure
NDUFV3,4731,ENSG00000160194,P56181,CI-10k|CI-9KD,NADH:ubiquinone oxidoreductase subunit V3,curated,"literature, APEX_matrix, targetP signal, induction, coexpression++, MS/MS++",MIM,OXPHOS > Complex I > CI subunits | OXPHOS > OXPHOS subunits,3.0,,45.0,0.58,NoMitoHomolog,NoHomolog,50-75pure
BPHL,670,ENSG00000137274,Q86WA6,BPH-RP|MCNAA|VACVASE,biphenyl hydrolase like,curated,"targetP signal+, Rickettsial homolog, mito protein domain, coexpression, MS/MS++",Matrix,Metabolism > Detoxification > Xenobiotic metabolism,1.0,SharedDomain,14.0,,NoMitoHomolog,Homolog,75-100pure
STOML2,30968,ENSG00000165283,Q9UJZ1,HSPC108|SLP-2,stomatin like 2,curated,"literature, APEX_matrix, targetP signal+, Rickettsial homolog, mito protein domain, coexpression, MS/MS++",MIM,"Protein import, sorting and homeostasis > Protein homeostasis",1.0,SharedDomain,16.0,,NoMitoHomolog,Homolog,75-100pure
MSRB2,22921,ENSG00000148450,Q9Y3D2,CBS-1|CBS1|CGI-131|MSRB|PILB,methionine sulfoxide reductase B2,curated,"APEX_matrix, targetP signal, yeast mito homolog+, mito protein domain, coexpression, MS/MS++",Matrix,Metabolism > Detoxification > ROS and glutathione metabolism | Metabolism > Sulfur metabolism,2.0,SharedDomain,7.0,0.38,OrthologMitoLowConf,NoHomolog,50-75pure
LACTB,114294,ENSG00000103642,P83111,G24|MRPL56,lactamase beta,curated,"literature, APEX_IMS, targetP signal+, Rickettsial homolog, mito protein domain, coexpression, MS/MS++",IMS,"Protein import, sorting and homeostasis > Protein homeostasis > Proteases | Metabolism > Lipid metabolism > Phospholipid metabolism",1.0,SharedDomain,5.0,,NoMitoHomolog,Ortholog,50-75pure
TOMM40,10452,ENSG00000130204,O96008,C19orf1|D19S1177E|PER-EC1|PEREC1|TOM40,translocase of outer mitochondrial membrane 40,curated,"literature, yeast mito homolog+, mito protein domain+, coexpression, MS/MS++",MOM,"Protein import, sorting and homeostasis > Protein import and sorting > TOM",,MitoDomain,5.0,0.45,OrthologMitoLowConf,NoHomolog,50-75pure
SLC25A25,114789,ENSG00000148339,Q6KCM7,MCSC|PCSCL|SCAMC-2,solute carrier family 25 member 25,curated,"literature, yeast mito homolog+, mito protein domain+, coexpression, MS/MS++",MIM,Metabolism > Nucleotide metabolism > Nucleotide import | Signaling > Calcium homeostasis > EF hand proteins | Small molecule transport > SLC25A family,,MitoDomain,6.0,-0.33,OrthologMitoLowConf,NoHomolog,50-75pure
ADCK5,203054,ENSG00000173137|ENSG00000285451,Q3MIX3,-,aarF domain containing kinase 5,curated,"targetP signal, yeast mito homolog+, Rickettsial homolog, mito protein domain, induction, coexpression, MS/MS",unknown,0,2.0,SharedDomain,7.0,0.77,OrthologMitoLowConf,Homolog,0-25pure
ACAD10,80724,ENSG00000111271,Q6JQN1,-,acyl-CoA dehydrogenase family member 10,curated,"APEX_matrix, targetP signal+, mito protein domain+, coexpression, MS/MS++",Matrix,Metabolism > Lipid metabolism > Fatty acid oxidation,1.0,MitoDomain,9.0,,NoMitoHomolog,NoHomolog,50-75pure
VWA8,23078,ENSG00000102763,A3KMH1,KIAA0564|P7BP2,von Willebrand factor A domain containing 8,curated,"APEX_matrix, targetP signal, mito protein domain, coexpression+, MS/MS++",Matrix,0,2.0,SharedDomain,32.0,0.33,HomologMitoLowConf,NoHomolog,75-100pure
CCDC90B,60492,ENSG00000137500,Q9GZT6,MDS011|MDS025,coiled-coil domain containing 90B,curated,"literature, APEX_matrix, targetP signal+, yeast mito homolog+, mito protein domain+, MS/MS",MIM,0,1.0,MitoDomain,2.0,,OrthologMitoLowConf,NoHomolog,50-75ambig
DNAJC11,55735,ENSG00000007923,Q9NVH1,dJ126A5.1,DnaJ heat shock protein family (Hsp40) member C11,curated,"GFP, yeast mito homolog+, Rickettsial homolog, mito protein domain, coexpression, MS/MS++",MOM,"Protein import, sorting and homeostasis > Protein import and sorting | Mitochondrial dynamics and surveillance > Intramitochondrial membrane interactions",,SharedDomain,20.0,,OrthologMitoLowConf,Homolog,50-75pure
ALKBH7,84266,ENSG00000125652,Q9BT30,ABH7|SPATA11|UNQ6002,alkB homolog 7,curated,"APEX_matrix, targetP signal, mito protein domain, induction, coexpression++, MS/MS",Matrix,0,2.0,SharedDomain,42.0,1.86,NoMitoHomolog,NoHomolog,25-50ambig
GLDC,2731,ENSG00000178445,P23378,GCE|GCSP|HYGN1,glycine decarboxylase,curated,"literature, APEX_matrix, targetP signal, yeast mito homolog, mito protein domain+, coexpression, MS/MS++",Matrix,Metabolism > Amino acid metabolism > Glycine metabolism | Metabolism > Amino acid metabolism > Glycine cleavage system,3.0,MitoDomain,9.0,,HomologMitoHighConf,NoHomolog,50-75pure
MPC1L,347411,ENSG00000238205,P0DKB6,SLC54A3,mitochondrial pyruvate carrier 1 like,curated,"targetP signal, yeast mito homolog+, mito protein domain+, MS/MS++",MIM,Metabolism > Carbohydrate metabolism > Gluconeogenesis | Metabolism > Carbohydrate metabolism > Pyruvate metabolism | Metabolism > Carbohydrate metabolism > TCA-associated | Small molecule transport,3.0,MitoDomain,,,OrthologMitoLowConf,NoHomolog,50-75pure
THEM4,117145,ENSG00000159445,Q5T1C6,CTMP,thioesterase superfamily member 4,curated,"literature, APEX_matrix, targetP signal+, yeast mito homolog, mito protein domain, induction, MS/MS++",MIM,Metabolism > Lipid metabolism,1.0,SharedDomain,3.0,1.4,HomologMitoHighConf,NoHomolog,50-75pure
SSBP1,6742,ENSG00000106028|ENSG00000262771,Q04837,Mt-SSB|SOSS-B1|SSBP|mtSSB,single stranded DNA binding protein 1,curated,"literature, APEX_matrix, targetP signal, yeast mito homolog++, Rickettsial homolog, mito protein domain, MS/MS",Matrix,Mitochondrial central dogma > mtDNA maintenance > mtDNA replication | Mitochondrial central dogma > mtDNA maintenance > mtDNA nucleoid,2.0,SharedDomain,,,OrthologMitoHighConf,Ortholog,50-75ambig
MRPL27,51264,ENSG00000108826,Q9P0M9,L27mt,mitochondrial ribosomal protein L27,curated,"literature, APEX_matrix, targetP signal, yeast mito homolog++, Rickettsial homolog, mito protein domain, MS/MS",Matrix,Mitochondrial central dogma > Translation > Mitochondrial ribosome,2.0,SharedDomain,,,OrthologMitoHighConf,Ortholog,50-75ambig
HSCB,150274,ENSG00000100209,Q8IWL3,DNAJC20|HSC20|JAC1,HscB mitochondrial iron-sulfur cluster cochaperone,curated,"APEX_matrix, GFP, targetP signal, yeast mito homolog++, Rickettsial homolog, mito protein domain, MS/MS",Matrix,Metabolism > Metals and cofactors > Fe-S cluster biosynthesis,2.0,SharedDomain,1.0,,OrthologMitoHighConf,Ortholog,50-75ambig
MRPS10,55173,ENSG00000048544,P82664,MRP-S10|PNAS-122,mitochondrial ribosomal protein S10,curated,"literature, APEX_matrix, targetP signal, yeast mito homolog++, Rickettsial homolog, mito protein domain, MS/MS++",Matrix,Mitochondrial central dogma > Translation > Mitochondrial ribosome,3.0,SharedDomain,,,OrthologMitoHighConf,Homolog,50-75pure
AK4,205,ENSG00000162433,P27144,AK 4|AK3|AK3L1|AK3L2,adenylate kinase 4,curated,"APEX_matrix, yeast mito homolog++, Rickettsial homolog, mito protein domain, MS/MS++",Matrix,Metabolism > Nucleotide metabolism > Nucleotide synthesis and processing,4.0,SharedDomain,3.0,,OrthologMitoHighConf,Homolog,75-100pure
ATAD3A,55210,ENSG00000197785,Q9NVI7,HAYOS|PHRINL,ATPase family AAA domain containing 3A,curated,"APEX_IMS, APEX_matrix, GFP, Rickettsial homolog, mito protein domain+, coexpression, MS/MS++",MIM,Mitochondrial central dogma > mtDNA maintenance > mtDNA nucleoid | Mitochondrial dynamics and surveillance > Organelle contact sites | Mitochondrial dynamics and surveillance > Intramitochondrial membrane interactions,,MitoDomain,10.0,,HomologMitoLowConf,Homolog,75-100pure
MRPL37,51253,ENSG00000116221,Q9BZE1,L2mt|L37mt|MRP-L2|MRP-L37|MRPL2|RPML2,mitochondrial ribosomal protein L37,curated,"literature, APEX_matrix, targetP signal, mito protein domain, induction, coexpression+, MS/MS++",Matrix,Mitochondrial central dogma > Translation > Mitochondrial ribosome,3.0,SharedDomain,30.0,1.5,NoMitoHomolog,NoHomolog,50-75pure
PTGES2,80142,ENSG00000148334,Q9H7Z7,C9orf15|GBF-1|GBF1|PGES2|mPGES-2,prostaglandin E synthase 2,curated,"literature, APEX_IMS, APEX_matrix, targetP signal, mito protein domain, induction, coexpression+, MS/MS++",MIM,Metabolism > Lipid metabolism > Eicosanoid metabolism,3.0,SharedDomain,39.0,2.22,NoMitoHomolog,NoHomolog,50-75pure
TXNRD2,10587,ENSG00000184470,Q9NNW7,GCCD5|SELZ|TR|TR-BETA|TR3|TRXR2,thioredoxin reductase 2,curated,"literature, APEX_matrix, targetP signal+, Rickettsial homolog, mito protein domain, coexpression, MS/MS++",Matrix,Metabolism > Detoxification > ROS and glutathione metabolism | Metabolism > Detoxification > Selenoproteins,1.0,SharedDomain,8.0,,HomologMitoLowConf,Homolog,50-75pure
ACSM5,54988,ENSG00000183549,Q6NUN0,-,acyl-CoA synthetase medium chain family member 5,curated,"literature, targetP signal+, Rickettsial homolog, mito protein domain, coexpression, MS/MS++",Matrix,Metabolism > Lipid metabolism > Fatty acid oxidation | Metabolism > Detoxification > Xenobiotic metabolism,1.0,SharedDomain,8.0,,HomologMitoLowConf,Homolog,50-75pure
CISD1,55847,ENSG00000122873,Q9NZ45,C10orf70|MDS029|ZCD1|mitoNEET,CDGSH iron sulfur domain 1,curated,"literature, mito protein domain, induction, coexpression++, MS/MS++",MOM,Metabolism > Metals and cofactors > Fe-S cluster biosynthesis | Metabolism > Metals and cofactors > Fe-S-containing proteins,,SharedDomain,46.0,1.22,NoMitoHomolog,NoHomolog,75-100pure
MRPL41,64975,ENSG00000182154,Q8IXM3,BMRP|MRP-L27|MRPL27|PIG3|RPML27,mitochondrial ribosomal protein L41,curated,"literature, APEX_matrix, yeast mito homolog++, mito protein domain, induction, MS/MS++",Matrix,Mitochondrial central dogma > Translation > Mitochondrial ribosome,4.0,SharedDomain,,0.89,OrthologMitoHighConf,NoHomolog,50-75pure
MTARC2,54996,ENSG00000117791,Q969Z3,MARC2|MOSC2,mitochondrial amidoxime reducing component 2,curated,"literature, targetP signal, mito protein domain+, induction, coexpression, MS/MS++",MOM,Metabolism > Metals and cofactors > Molybdenum cofactor synthesis and proteins | Metabolism > Detoxification > Xenobiotic metabolism | Metabolism > Detoxification > Amidoxime reducing complex,3.0,MitoDomain,9.0,0.83,NoMitoHomolog,NoHomolog,50-75pure
MRPS6,64968,ENSG00000243927,P82932,C21orf101|MRP-S6|RPMS6|S6mt,mitochondrial ribosomal protein S6,curated,"literature, APEX_matrix, yeast mito homolog++, Rickettsial homolog, mito protein domain, MS/MS++",Matrix,Mitochondrial central dogma > Translation > Mitochondrial ribosome,,SharedDomain,2.0,,OrthologMitoHighConf,Ortholog,75-100pure
MRPL23,6150,ENSG00000214026|ENSG00000288141,Q16540,L23MRP|RPL23|RPL23L,mitochondrial ribosomal protein L23,curated,"literature, APEX_matrix, targetP signal, yeast mito homolog++, mito protein domain, MS/MS++",Matrix,Mitochondrial central dogma > Translation > Mitochondrial ribosome,2.0,SharedDomain,,,OrthologMitoHighConf,NoHomolog,75-100pure
SQOR,58472,ENSG00000137767,Q9Y6N5,CGI-44|PRO1975|SQR|SQRDL,sulfide quinone oxidoreductase,curated,"literature, targetP signal, yeast mito homolog++, mito protein domain, MS/MS++",MIM,"Metabolism > Electron carriers > Q-linked reactions, other | Metabolism > Sulfur metabolism",2.0,SharedDomain,3.0,,OrthologMitoHighConf,NoHomolog,75-100pure
SCO1,6341,ENSG00000133028,O75880,SCOD1,synthesis of cytochrome C oxidase 1,curated,"literature, APEX_IMS, APEX_matrix, targetP signal, yeast mito homolog+, Rickettsial homolog, mito protein domain, MS/MS++",MIM,OXPHOS > Complex IV > CIV assembly factors | Metabolism > Metals and cofactors > Copper metabolism | OXPHOS > OXPHOS assembly factors,2.0,SharedDomain,4.0,,OrthologMitoLowConf,Homolog,50-75pure
GCAT,23464,ENSG00000100116,O75600,KBL,glycine C-acetyltransferase,curated,"literature, targetP signal, yeast mito homolog+, Rickettsial homolog, mito protein domain, MS/MS++",unknown,Metabolism > Amino acid metabolism > Glycine metabolism,2.0,SharedDomain,2.0,,OrthologMitoLowConf,Homolog,50-75pure
MTHFD1L,25902,ENSG00000120254,Q6UB35,FTHFSDC1|MTC1THFS|dJ292B18.2,methylenetetrahydrofolate dehydrogenase (NADP+ dependent) 1 like,curated,"literature, APEX_matrix, targetP signal, yeast mito homolog+, Rickettsial homolog, mito protein domain, MS/MS++",Matrix,Metabolism > Vitamin metabolism > Folate and 1-C metabolism,2.0,SharedDomain,3.0,,OrthologMitoLowConf,Homolog,50-75pure
ECI2,10455,ENSG00000198721,O75521,ACBD2|DRS-1|DRS1|HCA88|PECI|dJ1013A10.3,enoyl-CoA delta isomerase 2,curated,"literature, APEX_matrix, targetP signal+, mito protein domain, coexpression+, MS/MS++",Matrix,Metabolism > Lipid metabolism > Fatty acid oxidation,1.0,SharedDomain,32.0,0.36,NoMitoHomolog,NoHomolog,50-75pure
UQCRB,7381,ENSG00000156467,P14927,MC3DN3|QCR7|QP-C|QPC|UQBC|UQBP|UQCR6|UQPC,ubiquinol-cytochrome c reductase binding protein,curated,"literature, APEX_matrix, yeast mito homolog++, mito protein domain+, MS/MS++",MIM,OXPHOS > Complex III > CIII subunits | OXPHOS > OXPHOS subunits,,MitoDomain,,,OrthologMitoHighConf,NoHomolog,75-100pure
ATP5PD,10476,ENSG00000167863,O75947,APT5H|ATP5H|ATPQ,ATP synthase peripheral stalk subunit d,curated,"literature, APEX_matrix, yeast mito homolog++, mito protein domain+, MS/MS++",MIM,OXPHOS > Complex V > CV subunits | OXPHOS > OXPHOS subunits,,MitoDomain,,,OrthologMitoHighConf,NoHomolog,75-100pure
ATP5MG,10632,ENSG00000167283,O75964,ATP5JG|ATP5L,ATP synthase membrane subunit g,curated,"literature, APEX_matrix, yeast mito homolog++, mito protein domain+, MS/MS++",MIM,OXPHOS > Complex V > CV subunits | OXPHOS > OXPHOS subunits | Mitochondrial dynamics and surveillance > Cristae formation,,MitoDomain,,,OrthologMitoHighConf,NoHomolog,75-100pure
MCCC2,64087,ENSG00000131844|ENSG00000275300|ENSG00000281742,Q9HCC0,MCCB,methylcrotonoyl-CoA carboxylase 2,curated,"literature, targetP signal, Rickettsial homolog, mito protein domain, coexpression+, MS/MS++",Matrix,Metabolism > Amino acid metabolism > Branched-chain amino acid metabolism,2.0,SharedDomain,31.0,,NoMitoHomolog,Homolog,50-75pure
MCEE,84693,ENSG00000124370,Q96PE7,GLOD2|MCE,methylmalonyl-CoA epimerase,curated,"targetP signal, induction, coexpression++, MS/MS++",Matrix,Metabolism > Carbohydrate metabolism > Propanoate metabolism | Metabolism > Lipid metabolism > Fatty acid oxidation,2.0,NonMitoDomain,40.0,1.39,NoMitoHomolog,NoHomolog,50-75pure
MOCS1,4337,ENSG00000124615,Q9NZB8,MIG11|MOCOD|MOCS1A|MOCS1B,molybdenum cofactor synthesis 1,curated,"APEX_matrix, targetP signal+, Rickettsial homolog, mito protein domain+, MS/MS+",Matrix,Metabolism > Metals and cofactors > Molybdenum cofactor synthesis and proteins,1.0,MitoDomain,2.0,,NoMitoHomolog,Ortholog,25-50pure
MMUT,4594,ENSG00000146085,P22033,MCM|MUT,methylmalonyl-CoA mutase,curated,"literature, APEX_matrix, targetP signal, mito protein domain+, coexpression, MS/MS++",Matrix,Metabolism > Carbohydrate metabolism > Propanoate metabolism | Metabolism > Lipid metabolism > Fatty acid oxidation | Metabolism > Vitamin metabolism > Vitamin B12 metabolism,3.0,MitoDomain,27.0,,NoMitoHomolog,NoHomolog,75-100pure
SLC25A51,92014,ENSG00000122696,Q9H1U9,CG7943|MCART1,solute carrier family 25 member 51,curated,"GFP, yeast mito homolog+, mito protein domain+, coexpression, MS/MS++",MIM,Metabolism > Metals and cofactors > NAD biosynthesis and metabolism | Small molecule transport > SLC25A family,,MitoDomain,8.0,,OrthologMitoLowConf,NoHomolog,50-75pure
SPG7,6687,ENSG00000197912,Q9UQ90,CAR|CMAR|PGN|SPG5C,"SPG7 matrix AAA peptidase subunit, paraplegin",curated,"literature, targetP signal, Rickettsial homolog, mito protein domain+, coexpression+, MS/MS",MIM,"Protein import, sorting and homeostasis > Protein homeostasis > Proteases",3.0,MitoDomain,32.0,,HomologMitoLowConf,Homolog,25-50ambig
ATP5MC3,518,ENSG00000154518,P48201,ATP5G3|P3,ATP synthase membrane subunit c locus 3,curated,"literature, targetP signal, yeast mito homolog+, Rickettsial homolog, mito protein domain, coexpression++",MIM,OXPHOS > Complex V > CV subunits | OXPHOS > OXPHOS subunits,2.0,SharedDomain,48.0,,OrthologMitoLowConf,Homolog,
ATAD1,84896,ENSG00000138138|ENSG00000283024,Q8NBU5,AFDC1|FNP001|HKPX4|Msp1|THORASE,ATPase family AAA domain containing 1,curated,"yeast mito homolog++, Rickettsial homolog, mito protein domain, coexpression, MS/MS++",MOM,"Protein import, sorting and homeostasis > Protein homeostasis > Proteases",,SharedDomain,6.0,,OrthologMitoHighConf,Homolog,50-75pure
OXNAD1,92106,ENSG00000154814,Q96HP4,-,oxidoreductase NAD binding domain containing 1,curated,"APEX_matrix, GFP, mito protein domain, coexpression++, MS/MS++",Matrix,0,4.0,SharedDomain,44.0,,HomologMitoLowConf,NoHomolog,50-75pure
MTG2,26164,ENSG00000101181,Q9H4K7,GTPBP5|ObgH1|dJ1005F21.2,mitochondrial ribosome associated GTPase 2,curated,"literature, APEX_matrix, targetP signal+, yeast mito homolog+, Rickettsial homolog, mito protein domain, coexpression",Matrix,Mitochondrial central dogma > Translation > Mitochondrial ribosome assembly,1.0,SharedDomain,23.0,,OrthologMitoLowConf,Homolog,0-25ambig
DARS2,55157,ENSG00000117593,Q6PI48,ASPRS|LBSL|MT-ASPRS|mtAspRS,"aspartyl-tRNA synthetase 2, mitochondrial",curated,"APEX_matrix, targetP signal, yeast mito homolog++, Rickettsial homolog, mito protein domain, coexpression, MS/MS",Matrix,Mitochondrial central dogma > Translation > mt-tRNA synthetases,2.0,SharedDomain,8.0,,OrthologMitoHighConf,Homolog,25-50ambig
MRPL51,51258,ENSG00000111639,Q4U2R6,CDA09|HSPC241|MRP64|bMRP64,mitochondrial ribosomal protein L51,curated,"literature, APEX_matrix, targetP signal, mito protein domain+, coexpression, MS/MS++",Matrix,Mitochondrial central dogma > Translation > Mitochondrial ribosome,2.0,MitoDomain,17.0,,NoMitoHomolog,NoHomolog,50-75pure
PC,5091,ENSG00000173599,P11498,PCB,pyruvate carboxylase,curated,"literature, targetP signal, Rickettsial homolog, mito protein domain, coexpression, MS/MS++",Matrix,Metabolism > Carbohydrate metabolism > Gluconeogenesis | Metabolism > Carbohydrate metabolism > TCA-associated | Metabolism > Vitamin metabolism > Biotin utilizing proteins,2.0,SharedDomain,20.0,,NoMitoHomolog,Homolog,75-100pure
CLYBL,171425,ENSG00000125246,Q8N0X4,CLB,citramalyl-CoA lyase,curated,"APEX_matrix, targetP signal+, induction, coexpression+, MS/MS++",Matrix,Metabolism > Carbohydrate metabolism > Itaconate metabolism,1.0,NonMitoDomain,35.0,0.69,NoMitoHomolog,NoHomolog,75-100pure
PNPLA8,50640,ENSG00000135241,Q9NP80,IPLA2-2|IPLA2G|MMLA|PNPLA-gamma|iPLA2gamma,patatin like phospholipase domain containing 8,curated,"APEX_matrix, Rickettsial homolog, induction, coexpression++, MS/MS+",MIM,Metabolism > Lipid metabolism > Cardiolipin synthesis | Metabolism > Lipid metabolism > Phospholipid metabolism,4.0,NonMitoDomain,40.0,0.67,NoMitoHomolog,Ortholog,25-50pure
MLYCD,23417,ENSG00000103150,O95822,MCD,malonyl-CoA decarboxylase,curated,"literature, APEX_matrix, targetP signal+, mito protein domain, coexpression++, MS/MS",Matrix,Metabolism > Lipid metabolism,1.0,SharedDomain,40.0,0.35,NoMitoHomolog,NoHomolog,50-75ambig
PYURF,100996939,ENSG00000145337,Q96I23,PREY,PIGY upstream reading frame,curated,"targetP signal+, induction, coexpression++, MS/MS",unknown,0,1.0,NonMitoDomain,41.0,1.62,NoMitoHomolog,NoHomolog,50-75ambig
TIMM17B,10245,ENSG00000126768,O60830,DXS9822|JM3|TIM17B,translocase of inner mitochondrial membrane 17B,curated,"literature, APEX_IMS, yeast mito homolog+, mito protein domain+, coexpression, MS/MS+",MIM,"Protein import, sorting and homeostasis > Protein import and sorting > TIM23 presequence pathway",,MitoDomain,10.0,-0.12,OrthologMitoLowConf,NoHomolog,75-100ambig
MRPL32,64983,ENSG00000106591,Q9BYC8,HSPC283|L32mt|MRP-L32|bMRP-59b,mitochondrial ribosomal protein L32,curated,"literature, APEX_matrix, yeast mito homolog++, Rickettsial homolog, mito protein domain, coexpression, MS/MS",Matrix,Mitochondrial central dogma > Translation > Mitochondrial ribosome,,SharedDomain,20.0,,OrthologMitoHighConf,Ortholog,25-50ambig
SLC25A26,115286,ENSG00000144741|ENSG00000282739,Q70HW3,COXPD28|SAMC,solute carrier family 25 member 26,curated,"literature, yeast mito homolog++, mito protein domain+, coexpression, MS/MS",MIM,Small molecule transport > SLC25A family,,MitoDomain,22.0,,OrthologMitoHighConf,NoHomolog,25-50ambig
PRODH2,58510,ENSG00000250799,Q9UF12,HSPOX1|HYPDH,proline dehydrogenase 2,curated,"targetP signal, yeast mito homolog+, mito protein domain+, MS/MS+",MIM,"Metabolism > Amino acid metabolism > Glyoxylate metabolism | Metabolism > Electron carriers > Q-linked reactions, other",2.0,MitoDomain,2.0,,OrthologMitoLowConf,NoHomolog,25-50pure
NIT2,56954,ENSG00000114021,Q9NQR4,HEL-S-8a,nitrilase family member 2,curated,"Rickettsial homolog, mito protein domain, coexpression, MS/MS++",unknown,Metabolism > Detoxification,5.0,SharedDomain,11.0,,HomologMitoLowConf,Ortholog,75-100pure
FDX2,112812,ENSG00000267673,Q6P4F2,FDX1L|MEOAL,ferredoxin 2,curated,"APEX_matrix, targetP signal, yeast mito homolog+, Rickettsial homolog, mito protein domain, coexpression, MS/MS",Matrix,Metabolism > Metals and cofactors > Heme synthesis and processing | Metabolism > Metals and cofactors > Fe-S cluster biosynthesis | Metabolism > Metals and cofactors > Fe-S-containing proteins,2.0,SharedDomain,13.0,,OrthologMitoLowConf,Homolog,25-50ambig
ME2,4200,ENSG00000082212,P23368,ODS1,malic enzyme 2,curated,"literature, APEX_matrix, targetP signal, yeast mito homolog+, Rickettsial homolog, mito protein domain, MS/MS++",Matrix,Metabolism > Carbohydrate metabolism > TCA-associated,3.0,SharedDomain,1.0,,OrthologMitoLowConf,Homolog,75-100pure
TUFM,7284,ENSG00000178952,P49411,COXPD4|EF-TuMT|EFTU|P43,"Tu translation elongation factor, mitochondrial",curated,"literature, APEX_matrix, targetP signal, yeast mito homolog+, Rickettsial homolog, mito protein domain, MS/MS++",Matrix,Mitochondrial central dogma > Translation > Translation factors,3.0,SharedDomain,,,OrthologMitoLowConf,Homolog,75-100pure
COX6A2,1339,ENSG00000156885,Q02221,COX6AH|COXVIAH,cytochrome c oxidase subunit 6A2,curated,"literature, targetP signal, yeast mito homolog+, mito protein domain+, induction, coexpression",MIM,OXPHOS > Complex IV > CIV subunits | OXPHOS > OXPHOS subunits,3.0,MitoDomain,9.0,0.68,OrthologMitoLowConf,NoHomolog,25-50crude
SLC30A9,10463,ENSG00000014824,Q6PML9,BILAPES|C4orf1|GAC63|HUEL|ZNT9,solute carrier family 30 member 9,curated,"APEX_matrix, targetP signal+, yeast mito homolog++, mito protein domain, induction, MS/MS",MIM,Small molecule transport,1.0,SharedDomain,3.0,0.6,OrthologMitoHighConf,NoHomolog,0-25pure
TAMM41,132001,ENSG00000144559|ENSG00000279643,Q96BW9,C3orf31|RAM41|TAM41,TAM41 mitochondrial translocator assembly and maintenance homolog,curated,"GFP, yeast mito homolog++, mito protein domain+, MS/MS++",MIM,Metabolism > Lipid metabolism > Cardiolipin synthesis | Metabolism > Lipid metabolism > Phospholipid metabolism,,MitoDomain,4.0,,OrthologMitoHighConf,NoHomolog,50-75pure
TIMM23,100287932,ENSG00000265354,O14925,TIM23,translocase of inner mitochondrial membrane 23,curated,"literature, APEX_IMS, yeast mito homolog++, mito protein domain+, MS/MS++",MIM,"Protein import, sorting and homeostasis > Protein import and sorting > TIM23 presequence pathway",,MitoDomain,,,OrthologMitoHighConf,NoHomolog,50-75pure
RMND1,55005,ENSG00000155906,Q9NWS8,C6orf96|COXPD11|RMD1|bA351K16|bA351K16.3,required for meiotic nuclear division 1 homolog,curated,"literature, GFP, targetP signal, yeast mito homolog++, Rickettsial homolog, mito protein domain, MS/MS",MIM,Mitochondrial central dogma > mtRNA metabolism > mtRNA granules | Mitochondrial central dogma > Translation,2.0,SharedDomain,,,OrthologMitoHighConf,Ortholog,25-50ambig
MFN2,9927,ENSG00000116688,O95140,CMT2A|CMT2A2|CMT2A2A|CMT2A2B|CPRP1|HMSN6A|HSG|MARF,mitofusin 2,curated,"literature, mito protein domain+, induction, coexpression, MS/MS+",MOM,Mitochondrial dynamics and surveillance > Fusion | Mitochondrial dynamics and surveillance > Organelle contact sites,4.0,MitoDomain,18.0,1.83,NoMitoHomolog,NoHomolog,25-50pure
DNLZ,728489,ENSG00000213221,Q5SXM8,C9orf151|HEP|HEP1|TIMM15|ZIM17|bA413M3.2,DNL-type zinc finger,curated,"APEX_matrix, targetP signal, yeast mito homolog++, mito protein domain+, MS/MS",Matrix,"Protein import, sorting and homeostasis > Protein homeostasis > Chaperones",2.0,MitoDomain,3.0,,OrthologMitoHighConf,NoHomolog,25-50ambig
CHCHD4,131474,ENSG00000163528,Q8N4Q1,MIA40|TIMM40,coiled-coil-helix-coiled-coil-helix domain containing 4,curated,"literature, APEX_IMS, yeast mito homolog++, mito protein domain, induction, coexpression, MS/MS+",IMS,"Protein import, sorting and homeostasis > Protein import and sorting > MIA40",,SharedDomain,5.0,1.62,OrthologMitoHighConf,NoHomolog,25-50pure
NDUFAB1,4706,ENSG00000004779,O14561,ACP|ACP1|FASN2A|SDAP,NADH:ubiquinone oxidoreductase subunit AB1,curated,"literature, APEX_matrix, targetP signal+, yeast mito homolog, Rickettsial homolog, mito protein domain, MS/MS+",MIM,OXPHOS > Complex I > CI subunits | Metabolism > Lipid metabolism > Type II fatty acid synthesis | Metabolism > Metals and cofactors > Fe-S cluster biosynthesis | OXPHOS > OXPHOS subunits,1.0,SharedDomain,,,HomologMitoHighConf,Ortholog,25-50pure
ACSM1,116285,ENSG00000166743,Q08AH1,BUCS1|MACS1,acyl-CoA synthetase medium chain family member 1,curated,"literature, targetP signal, Rickettsial homolog, mito protein domain, coexpression, MS/MS++",Matrix,Metabolism > Lipid metabolism > Fatty acid oxidation,2.0,SharedDomain,9.0,,HomologMitoLowConf,Homolog,75-100pure
COA5,493753,ENSG00000183513,Q86WW8,6330578E17Rik|C2orf64|CEMCOX3|Pet191,cytochrome c oxidase assembly factor 5,curated,"literature, APEX_IMS, yeast mito homolog++, mito protein domain+, induction, MS/MS",IMS,OXPHOS > Complex IV > CIV assembly factors | OXPHOS > OXPHOS assembly factors,,MitoDomain,3.0,1.23,OrthologMitoHighConf,NoHomolog,50-75ambig
COQ2,27235,ENSG00000173085,Q96H96,CL640|COQ10D1|MSA1|PHB:PPT,"coenzyme Q2, polyprenyltransferase",curated,"literature, targetP signal, yeast mito homolog++, Rickettsial homolog, mito protein domain, coexpression+",MIM,Metabolism > Metals and cofactors > Coenzyme Q metabolism,3.0,SharedDomain,35.0,,OrthologMitoHighConf,Ortholog,
PDSS2,57107,ENSG00000164494,Q86YH6,C6orf210|COQ10D3|COQ1B|DLP1|bA59I9.3|hDLP1,decaprenyl diphosphate synthase subunit 2,curated,"literature, APEX_matrix, targetP signal, yeast mito homolog+, Rickettsial homolog, mito protein domain, coexpression+",MIM,Metabolism > Metals and cofactors > Coenzyme Q metabolism,2.0,SharedDomain,32.0,,OrthologMitoLowConf,Homolog,0-25ambig
EHHADH,1962,ENSG00000113790,Q08426,ECHD|FRTS3|L-PBE|LBFP|LBP|MFE1|PBFE,enoyl-CoA hydratase and 3-hydroxyacyl CoA dehydrogenase,curated,"yeast mito homolog+, Rickettsial homolog, mito protein domain, coexpression, MS/MS+",unknown,Metabolism > Lipid metabolism,5.0,SharedDomain,10.0,,OrthologMitoLowConf,Homolog,75-100ambig
NDUFS3,4722,ENSG00000213619|ENSG00000285387,O75489,CI-30|MC1DN8,NADH:ubiquinone oxidoreductase core subunit S3,curated,"literature, APEX_matrix, targetP signal+, Rickettsial homolog, mito protein domain, MS/MS++",MIM,OXPHOS > Complex I > CI subunits | OXPHOS > OXPHOS subunits,1.0,SharedDomain,,,NoMitoHomolog,Ortholog,75-100pure
ABCB10,23456,ENSG00000135776,Q9NRK6,EST20237|M-ABC2|MTABC2,ATP binding cassette subfamily B member 10,curated,"literature, APEX_matrix, yeast mito homolog+, Rickettsial homolog, mito protein domain, induction, coexpression, MS/MS+",MIM,Metabolism > Metals and cofactors > Heme synthesis and processing | Small molecule transport > ABC transporters,,SharedDomain,6.0,0.5,OrthologMitoLowConf,Homolog,25-50pure
CKMT2,1160,ENSG00000131730,P17540,SMTCK,"creatine kinase, mitochondrial 2",curated,"literature, targetP signal, mito protein domain, induction, coexpression, MS/MS++",MIM,Metabolism > Nucleotide metabolism > Creatine metabolism,3.0,SharedDomain,10.0,5.24,NoMitoHomolog,NoHomolog,75-100pure
MRPS25,64432,ENSG00000131368,P82663,MRP-S25|RPMS25,mitochondrial ribosomal protein S25,curated,"literature, APEX_matrix, targetP signal, mito protein domain, induction, coexpression, MS/MS++",Matrix,Mitochondrial central dogma > Translation > Mitochondrial ribosome,3.0,SharedDomain,10.0,1.97,NoMitoHomolog,NoHomolog,75-100pure
ACAD9,28976,ENSG00000177646,Q9H845,MC1DN20|NPD002,acyl-CoA dehydrogenase family member 9,curated,"literature, APEX_matrix, targetP signal+, mito protein domain+, MS/MS++",MIM,OXPHOS > Complex I > CI assembly factors | OXPHOS > OXPHOS assembly factors,1.0,MitoDomain,2.0,,NoMitoHomolog,NoHomolog,75-100pure
COX16,51241,ENSG00000133983,Q9P0S2,C14orf112|HSPC203|hCOX16,cytochrome c oxidase assembly factor COX16,curated,"APEX_IMS, GFP, yeast mito homolog++, mito protein domain+, MS/MS+",MIM,OXPHOS > Complex IV > CIV assembly factors | OXPHOS > OXPHOS assembly factors,5.0,MitoDomain,,,OrthologMitoHighConf,NoHomolog,75-100ambig
FAM210A,125228,ENSG00000177150,Q96ND0,C18orf19|HsT2329,family with sequence similarity 210 member A,curated,"GFP, targetP signal, induction, coexpression++, MS/MS",MIM,0,2.0,,42.0,0.87,NoMitoHomolog,NoHomolog,50-75ambig
ACOT13,55856,ENSG00000112304,Q9NPJ3,HT012|PNAS-27|THEM2,acyl-CoA thioesterase 13,curated,"mito protein domain, induction, coexpression, MS/MS++",Matrix,Metabolism > Lipid metabolism,5.0,SharedDomain,27.0,1.82,NoMitoHomolog,NoHomolog,75-100pure
CPT1A,1374,ENSG00000110090,P50416,CPT1|CPT1-L|L-CPT1,carnitine palmitoyltransferase 1A,curated,"literature, yeast mito homolog+, mito protein domain, induction, coexpression, MS/MS++",MOM,Metabolism > Lipid metabolism > Fatty acid oxidation | Metabolism > Metals and cofactors > Carnitine synthesis and transport | Metabolism > Metals and cofactors > Carnitine shuttle,,SharedDomain,9.0,0.75,OrthologMitoLowConf,NoHomolog,50-75pure
DHRS4,10901,ENSG00000157326|ENSG00000284807,Q9BTZ2,CR|NRDR|PHCR|PSCD|SCAD-SRL|SDR-SRL|SDR25C1|SDR25C2,dehydrogenase/reductase 4,curated,"targetP signal, Rickettsial homolog, mito protein domain, coexpression, MS/MS++",Matrix,Metabolism > Vitamin metabolism > Vitamin A metabolism,2.0,SharedDomain,16.0,,NoMitoHomolog,Homolog,75-100pure
PRELID2,153768,ENSG00000186314,Q8N945,-,PRELI domain containing 2,curated,"yeast mito homolog+, mito protein domain+, induction, coexpression, MS/MS",IMS,0,,MitoDomain,8.0,0.91,OrthologMitoLowConf,NoHomolog,25-50ambig
CARS2,79587,ENSG00000134905,Q9HA77,COXPD27|cysRS,"cysteinyl-tRNA synthetase 2, mitochondrial",curated,"APEX_matrix, targetP signal, Rickettsial homolog, mito protein domain, coexpression++, MS/MS",Matrix,Mitochondrial central dogma > Translation > mt-tRNA synthetases,2.0,SharedDomain,43.0,,NoMitoHomolog,Homolog,25-50ambig
NIPSNAP2,2631,ENSG00000146729,O75323,GBAS,nipsnap homolog 2,curated,"literature, APEX_matrix, targetP signal+, induction, coexpression, MS/MS++",Matrix,Mitochondrial dynamics and surveillance > Mitophagy | Mitochondrial dynamics and surveillance > Autophagy,1.0,NonMitoDomain,19.0,1.52,NoMitoHomolog,NoHomolog,75-100pure
NDUFB7,4713,ENSG00000099795,P17568,B18|CI-B18,NADH:ubiquinone oxidoreductase subunit B7,curated,"literature, APEX_IMS, APEX_matrix, induction, coexpression++, MS/MS++",MIM,OXPHOS > Complex I > CI subunits | OXPHOS > OXPHOS subunits,,,47.0,1.46,NoMitoHomolog,NoHomolog,75-100pure
MICOS13,125988,ENSG00000174917,Q5XKP0,C19orf70|MIC13|P117|QIL1,mitochondrial contact site and cristae organizing system subunit 13,curated,"induction, coexpression++, MS/MS++",MIM,Mitochondrial dynamics and surveillance > Cristae formation > MICOS complex,,,42.0,0.72,NoMitoHomolog,NoHomolog,75-100pure
GLRX2,51022,ENSG00000023572,Q9NS18,CGI-133|GRX2,glutaredoxin 2,curated,"literature, targetP signal+, yeast mito homolog, Rickettsial homolog, mito protein domain, coexpression, MS/MS",Matrix,Metabolism > Metals and cofactors > Fe-S-containing proteins | Metabolism > Vitamin metabolism > Vitamin C metabolism | Metabolism > Detoxification > ROS and glutathione metabolism,1.0,SharedDomain,6.0,,HomologMitoHighConf,Homolog,50-75ambig
MRPS30,10884,ENSG00000112996,Q9NP92,MRP-S30|PAP|PDCD9|S30mt,mitochondrial ribosomal protein S30,curated,"literature, APEX_matrix, targetP signal, mito protein domain, induction, coexpression, MS/MS++",Matrix,Mitochondrial central dogma > Translation > Mitochondrial ribosome,2.0,SharedDomain,10.0,0.64,NoMitoHomolog,NoHomolog,50-75pure
SCO2,9997,ENSG00000284194,O43819,CEMCOX1|ECGF1|Gliostatin|MYP6|PD-ECGF|SCO1L|TP|TYMP|TdRPase,synthesis of cytochrome C oxidase 2,curated,"literature, APEX_IMS, targetP signal+, yeast mito homolog+, Rickettsial homolog, mito protein domain, MS/MS",MIM,OXPHOS > Complex IV > CIV assembly factors | Metabolism > Metals and cofactors > Copper metabolism | OXPHOS > OXPHOS assembly factors,1.0,SharedDomain,,,OrthologMitoLowConf,Homolog,50-75ambig
HSD17B10,3028,ENSG00000072506,Q99714,17b-HSD10|ABAD|CAMR|DUPXp11.22|ERAB|HADH2|HCD2|HSD10MD|MHBD|MRPP2|MRX17|MRX31|MRXS10|SCHAD|SDR5C1,hydroxysteroid 17-beta dehydrogenase 10,curated,"literature, APEX_matrix, Rickettsial homolog, mito protein domain, induction, coexpression, MS/MS++",Matrix,"Mitochondrial central dogma > mtRNA metabolism > mtRNA granules | Mitochondrial central dogma > mtRNA metabolism > Polycistronic mtRNA processing | Mitochondrial central dogma > mtRNA metabolism > mt-tRNA modifications | Metabolism > Lipid metabolism > Fatty acid oxidation | Metabolism > Lipid metabolism > Cholesterol, bile acid, steroid synthesis | Metabolism > Amino acid metabolism > Branched-chain amino acid metabolism",,SharedDomain,25.0,0.66,NoMitoHomolog,Homolog,75-100pure
NARS2,79731,ENSG00000137513,Q96I59,DFNB94|SLM5|asnRS,"asparaginyl-tRNA synthetase 2, mitochondrial",curated,"GFP, targetP signal, yeast mito homolog++, Rickettsial homolog, mito protein domain, coexpression",Matrix,Mitochondrial central dogma > Translation > mt-tRNA synthetases,2.0,SharedDomain,16.0,,OrthologMitoHighConf,Homolog,0-25ambig
RPUSD3,285367,ENSG00000156990,Q6P087,-,RNA pseudouridine synthase D3,curated,"APEX_matrix, targetP signal, yeast mito homolog++, Rickettsial homolog, mito protein domain, coexpression",Matrix,Mitochondrial central dogma > mtRNA metabolism > mtRNA granules | Mitochondrial central dogma > mtRNA metabolism > mt-rRNA modifications,2.0,SharedDomain,10.0,,OrthologMitoHighConf,Homolog,0-25ambig
SUOX,6821,ENSG00000139531,P51687,-,sulfite oxidase,curated,"APEX_IMS, targetP signal, mito protein domain+, coexpression, MS/MS++",IMS,Metabolism > Metals and cofactors > Molybdenum cofactor synthesis and proteins | Metabolism > Sulfur metabolism,2.0,MitoDomain,6.0,,NoMitoHomolog,NoHomolog,50-75pure
SARDH,1757,ENSG00000123453,Q9UL12,BPR-2|DMGDHL1|SAR|SARD|SDH,sarcosine dehydrogenase,curated,"literature, targetP signal+, mito protein domain, coexpression, MS/MS++",Matrix,Metabolism > Amino acid metabolism > Glycine metabolism | Metabolism > Vitamin metabolism > Choline and betaine metabolism | Metabolism > Vitamin metabolism > Folate and 1-C metabolism,1.0,SharedDomain,7.0,,HomologMitoLowConf,NoHomolog,75-100pure
RIDA,10247,ENSG00000132541,P52758,HRSP12|P14.5|PSP|UK114|hp14.5,reactive intermediate imine deaminase A homolog,curated,"APEX_matrix, yeast mito homolog++, mito protein domain, coexpression, MS/MS+",Matrix,0,4.0,SharedDomain,10.0,,OrthologMitoHighConf,NoHomolog,75-100ambig
COX8A,1351,ENSG00000176340,P10176,COX|COX8|COX8-2|COX8L|VIII|VIII-L,cytochrome c oxidase subunit 8A,curated,"literature, targetP signal, mito protein domain+, coexpression+, MS/MS",MIM,OXPHOS > Complex IV > CIV subunits | OXPHOS > OXPHOS subunits,2.0,MitoDomain,31.0,,NoMitoHomolog,NoHomolog,50-75ambig
SPR,6697,ENSG00000116096,P35270,SDR38C1,sepiapterin reductase,curated,"Rickettsial homolog, mito protein domain, induction, coexpression, MS/MS++",unknown,Metabolism > Metals and cofactors > Tetrahydrobiopterin synthesis,5.0,SharedDomain,15.0,1.33,NoMitoHomolog,Homolog,50-75pure
MPV17,4358,ENSG00000115204,P39210,CMT2EE|MTDPS6|SYM1,mitochondrial inner membrane protein MPV17,curated,"literature, yeast mito homolog+, mito protein domain, coexpression, MS/MS++",MIM,Small molecule transport,4.0,SharedDomain,9.0,,OrthologMitoLowConf,NoHomolog,75-100pure
MRPL18,29074,ENSG00000112110,Q9H0U6,HSPC071|L18mt|MRP-L18,mitochondrial ribosomal protein L18,curated,"literature, APEX_matrix, targetP signal+, Rickettsial homolog, mito protein domain, coexpression, MS/MS",Matrix,Mitochondrial central dogma > Translation > Mitochondrial ribosome,1.0,SharedDomain,26.0,,NoMitoHomolog,Ortholog,25-50ambig
ALDH1B1,219,ENSG00000137124,P30837,ALDH5|ALDHX,aldehyde dehydrogenase 1 family member B1,curated,"literature, APEX_matrix, targetP signal, yeast mito homolog+, mito protein domain, MS/MS++",Matrix,Metabolism > Detoxification > Xenobiotic metabolism,2.0,SharedDomain,1.0,,OrthologMitoLowConf,NoHomolog,75-100pure
CHCHD1,118487,ENSG00000172586,Q96BP2,C10orf34|C2360|MRP-S37,coiled-coil-helix-coiled-coil-helix domain containing 1,curated,"GFP, targetP signal, yeast mito homolog+, mito protein domain, coexpression+, MS/MS",MIM,Mitochondrial central dogma > Translation > Mitochondrial ribosome,3.0,SharedDomain,31.0,,OrthologMitoLowConf,NoHomolog,50-75ambig
TIMM8A,1678,ENSG00000126953,O60220,DDP|DDP1|DFN1|MTS|TIM8,translocase of inner mitochondrial membrane 8A,curated,"literature, yeast mito homolog+, mito protein domain+, MS/MS++",MIM,"Protein import, sorting and homeostasis > Protein homeostasis > Chaperones | Protein import, sorting and homeostasis > Protein import and sorting",,MitoDomain,,,OrthologMitoLowConf,NoHomolog,75-100pure
VDAC3,7419,ENSG00000078668,Q9Y277,HD-VDAC3|VDAC-3,voltage dependent anion channel 3,curated,"literature, yeast mito homolog+, mito protein domain+, MS/MS++",MOM,Signaling > Calcium homeostasis > Mitochondrial permeability transition pore | Small molecule transport,,MitoDomain,,,OrthologMitoLowConf,NoHomolog,75-100pure
SLC25A24,29957,ENSG00000085491|ENSG00000284468,Q6NUK1,APC1|SCAMC-1|SCAMC1,solute carrier family 25 member 24,curated,"literature, APEX_IMS, yeast mito homolog+, mito protein domain+, MS/MS++",MIM,Metabolism > Nucleotide metabolism > Nucleotide import | Signaling > Calcium homeostasis > EF hand proteins | Small molecule transport > SLC25A family,,MitoDomain,2.0,,OrthologMitoLowConf,NoHomolog,75-100pure
MPC1,51660,ENSG00000060762,Q9Y5U8,BRP44L|CGI-129|MPYCD|SLC54A1,mitochondrial pyruvate carrier 1,curated,"GFP, yeast mito homolog+, mito protein domain+, MS/MS++",MIM,Metabolism > Carbohydrate metabolism > Gluconeogenesis | Metabolism > Carbohydrate metabolism > Pyruvate metabolism | Metabolism > Carbohydrate metabolism > TCA-associated | Small molecule transport,,MitoDomain,,,OrthologMitoLowConf,NoHomolog,75-100pure
SLC25A22,79751,ENSG00000177542,Q9H936,EIEE3|GC-1|GC1|NET44,solute carrier family 25 member 22,curated,"literature, yeast mito homolog+, mito protein domain+, MS/MS++",MIM,Small molecule transport > SLC25A family,,MitoDomain,2.0,,OrthologMitoLowConf,NoHomolog,75-100pure
SLC25A31,83447,ENSG00000151475,Q9H0C2,AAC4|ANT 4|ANT4|SFEC35kDa,solute carrier family 25 member 31,curated,"literature, yeast mito homolog+, mito protein domain+, MS/MS++",MIM,Metabolism > Nucleotide metabolism > Nucleotide import | Signaling > Calcium homeostasis > Mitochondrial permeability transition pore | Small molecule transport > SLC25A family,,MitoDomain,2.0,,OrthologMitoLowConf,NoHomolog,75-100pure
SLC25A18,83733,ENSG00000182902,Q9H1K4,GC2,solute carrier family 25 member 18,curated,"literature, yeast mito homolog+, mito protein domain+, MS/MS++",MIM,Small molecule transport > SLC25A family,,MitoDomain,2.0,,OrthologMitoLowConf,NoHomolog,75-100pure
TRNT1,51095,ENSG00000072756,Q96Q11,CCA1|CGI-47|MtCCA|RPEM|SIFD,tRNA nucleotidyl transferase 1,curated,"literature, targetP signal, yeast mito homolog, Rickettsial homolog, mito protein domain, induction, MS/MS",Matrix,Mitochondrial central dogma > mtRNA metabolism > mt-tRNA modifications,2.0,SharedDomain,4.0,0.96,HomologMitoHighConf,Ortholog,25-50ambig
IDE,3416,ENSG00000119912,P14735,INSULYSIN,insulin degrading enzyme,curated,"literature, APEX_matrix, targetP signal, Rickettsial homolog, mito protein domain+, coexpression, MS/MS+",Matrix,"Protein import, sorting and homeostasis > Protein homeostasis > Proteases",3.0,MitoDomain,17.0,,NoMitoHomolog,Homolog,25-50pure
GSTK1,373156,ENSG00000197448,Q9Y2Q3,GST|GST 13-13|GST13|GST13-13|GSTK1-1|hGSTK1,glutathione S-transferase kappa 1,curated,"literature, mito protein domain+, coexpression+, MS/MS++",Matrix,Metabolism > Detoxification > Xenobiotic metabolism,,MitoDomain,39.0,,NoMitoHomolog,NoHomolog,75-100pure
VARS2,57176,ENSG00000137411|ENSG00000206476|ENSG00000223494|ENSG00000230985|ENSG00000234032|ENSG00000236178,Q5ST30,COXPD20|VALRS|VARS2L|VARSL,"valyl-tRNA synthetase 2, mitochondrial",curated,"APEX_matrix, targetP signal, Rickettsial homolog, mito protein domain, coexpression, MS/MS++",Matrix,Mitochondrial central dogma > Translation > mt-tRNA synthetases,2.0,SharedDomain,6.0,,HomologMitoLowConf,Homolog,50-75pure
HSPE1,3336,ENSG00000115541,P61604,CPN10|EPF|GROES|HSP10,heat shock protein family E (Hsp10) member 1,curated,"literature, APEX_IMS, APEX_matrix, yeast mito homolog++, Rickettsial homolog, mito protein domain, MS/MS++",Matrix,"Protein import, sorting and homeostasis > Protein homeostasis > Chaperones",,SharedDomain,4.0,,OrthologMitoHighConf,Homolog,75-100pure
MRPL54,116541,ENSG00000183617,Q6P161,L54mt|MRP-L54,mitochondrial ribosomal protein L54,curated,"literature, APEX_matrix, yeast mito homolog++, mito protein domain, coexpression, MS/MS+",Matrix,Mitochondrial central dogma > Translation > Mitochondrial ribosome,4.0,SharedDomain,15.0,,OrthologMitoHighConf,NoHomolog,25-50pure
MRPL38,64978,ENSG00000204316,Q96DV4,HSPC262|L38MT|MRP-L3|MRP-L38|RPML3,mitochondrial ribosomal protein L38,curated,"APEX_matrix, targetP signal, mito protein domain, coexpression++, MS/MS+",Matrix,Mitochondrial central dogma > Translation > Mitochondrial ribosome,2.0,SharedDomain,47.0,,NoMitoHomolog,NoHomolog,25-50pure
MRPL58,3396,ENSG00000167862,Q14197,DS-1|DS1|ICT1|MRP-L58,mitochondrial ribosomal protein L58,curated,"APEX_matrix, GFP, targetP signal+, mito protein domain, induction, coexpression, MS/MS",Matrix,Mitochondrial central dogma > Translation > Mitochondrial ribosome | Mitochondrial central dogma > Translation > Translation factors,1.0,SharedDomain,22.0,0.89,NoMitoHomolog,NoHomolog,50-75ambig
MTCH1,23787,ENSG00000137409,Q9NZJ7,CGI-64|PIG60|PSAP|SLC25A49,mitochondrial carrier 1,curated,"literature, yeast mito homolog+, mito protein domain+, MS/MS++",MOM,Small molecule transport > SLC25A family,,MitoDomain,2.0,-0.28,OrthologMitoLowConf,NoHomolog,50-75pure
TRIAP1,51499,ENSG00000170855,O43715,HSPC132|MDM35|P53CSV|WF-1,TP53 regulated inhibitor of apoptosis 1,curated,"literature, yeast mito homolog++, mito protein domain, induction, MS/MS++",IMS,Metabolism > Lipid metabolism > Cardiolipin synthesis | Metabolism > Lipid metabolism > Phospholipid metabolism,,SharedDomain,3.0,1.25,OrthologMitoHighConf,NoHomolog,50-75pure
PTCD3,55037,ENSG00000132300,Q96EY7,MRP-S39,pentatricopeptide repeat domain 3,curated,"literature, APEX_matrix, targetP signal+, mito protein domain+, MS/MS++",Matrix,Mitochondrial central dogma > Translation > Mitochondrial ribosome | Mitochondrial central dogma > Translation > Mitochondrial ribosome assembly,1.0,MitoDomain,,,NoMitoHomolog,NoHomolog,50-75pure
COX10,1352,ENSG00000006695,Q12887,-,cytochrome c oxidase assembly factor heme A:farnesyltransferase COX10,curated,"literature, yeast mito homolog, Rickettsial homolog, mito protein domain, induction, coexpression++",MIM,OXPHOS > Complex IV > CIV assembly factors | Metabolism > Metals and cofactors > Heme synthesis and processing | OXPHOS > OXPHOS assembly factors,5.0,SharedDomain,46.0,1.25,HomologMitoHighConf,Homolog,
AKAP1,8165,ENSG00000121057,Q92667,AKAP|AKAP121|AKAP149|AKAP84|D-AKAP1|PPP1R43|PRKA1|SAKAP84|TDRD17,A-kinase anchoring protein 1,curated,"literature, mito protein domain, induction, coexpression++, MS/MS+",MOM,Signaling > cAMP-PKA signaling,,SharedDomain,41.0,1.88,NoMitoHomolog,NoHomolog,25-50pure
MRM3,55178,ENSG00000171861,Q9HC36,RMTL1|RNMTL1,mitochondrial rRNA methyltransferase 3,curated,"APEX_matrix, GFP, targetP signal+, mito protein domain+, induction, coexpression",Matrix,Mitochondrial central dogma > mtRNA metabolism > mt-rRNA modifications | Mitochondrial central dogma > Translation > Mitochondrial ribosome assembly,1.0,MitoDomain,25.0,1.83,NoMitoHomolog,NoHomolog,
AK2,204,ENSG00000004455,P54819,ADK2,adenylate kinase 2,curated,"literature, APEX_IMS, Rickettsial homolog, mito protein domain, coexpression+, MS/MS++",IMS,Metabolism > Nucleotide metabolism > Nucleotide synthesis and processing,,SharedDomain,35.0,,HomologMitoLowConf,Homolog,75-100pure
TMEM70,54968,ENSG00000175606,Q9BUB7,MC5DN2,transmembrane protein 70,curated,"literature, APEX_matrix, mito protein domain+, coexpression++, MS/MS",MIM,OXPHOS > Complex I > CI assembly factors | OXPHOS > Complex V > CV assembly factors | OXPHOS > OXPHOS assembly factors,4.0,MitoDomain,46.0,0.33,NoMitoHomolog,NoHomolog,0-25pure
NOA1,84273,ENSG00000084092,Q8NC60,C4orf14|MTG3|hAtNOS1|hNOA1|mAtNOS1,nitric oxide associated 1,curated,"literature, APEX_matrix, targetP signal+, yeast mito homolog++, mito protein domain, coexpression",MIM,Mitochondrial central dogma > mtRNA metabolism > mtRNA granules | Mitochondrial central dogma > Translation > Mitochondrial ribosome assembly,1.0,SharedDomain,17.0,,OrthologMitoHighConf,NoHomolog,0-25ambig
MCUR1,63933,ENSG00000050393,Q96AQ8,C6orf79|CCDC90A|FMP32,mitochondrial calcium uniporter regulator 1,curated,"APEX_matrix, yeast mito homolog+, mito protein domain+, induction, MS/MS",MIM,0,5.0,MitoDomain,,1.22,OrthologMitoLowConf,NoHomolog,25-50ambig
TMEM14C,51522,ENSG00000111843|ENSG00000284936,Q9P0S9,C6orf53|HSPC194|MSTP073|NET26|bA421M1.6,transmembrane protein 14C,curated,"literature, mito protein domain+, induction, coexpression, MS/MS+",MIM,0,,MitoDomain,10.0,0.93,HomologMitoLowConf,NoHomolog,75-100ambig
NDUFC1,4717,ENSG00000109390,O43677,KFYI,NADH:ubiquinone oxidoreductase subunit C1,curated,"literature, targetP signal+, mito protein domain+, coexpression++",MIM,OXPHOS > Complex I > CI subunits | OXPHOS > OXPHOS subunits,1.0,MitoDomain,49.0,,NoMitoHomolog,NoHomolog,
MRPL35,51318,ENSG00000132313,Q9NZE8,L35mt|MRP-L35,mitochondrial ribosomal protein L35,curated,"literature, APEX_matrix, targetP signal, mito protein domain, induction, coexpression++",Matrix,Mitochondrial central dogma > Translation > Mitochondrial ribosome,2.0,SharedDomain,48.0,1.71,NoMitoHomolog,NoHomolog,0-25ambig
NDUFA3,4696,ENSG00000170906|ENSG00000273642|ENSG00000274359|ENSG00000275605|ENSG00000275724|ENSG00000276061|ENSG00000276220|ENSG00000276766|ENSG00000277722|ENSG00000278365,O95167,B9|CI-B9,NADH:ubiquinone oxidoreductase subunit A3,curated,"literature, induction, coexpression++, MS/MS++",MIM,OXPHOS > Complex I > CI subunits | OXPHOS > OXPHOS subunits,,,48.0,0.79,NoMitoHomolog,NoHomolog,50-75pure
PDSS1,23590,ENSG00000148459,Q5T2R2,COQ1|COQ10D2|COQ1A|DPS|SPS|TPRT|TPT|TPT 1|hDPS1,decaprenyl diphosphate synthase subunit 1,curated,"APEX_matrix, targetP signal, yeast mito homolog+, Rickettsial homolog, mito protein domain, coexpression",MIM,Metabolism > Metals and cofactors > Coenzyme Q metabolism,2.0,SharedDomain,20.0,,OrthologMitoLowConf,Homolog,0-25ambig
SLC25A16,8034,ENSG00000122912,P16260,D10S105E|GDA|GDC|HGT.1|ML7|hML7,solute carrier family 25 member 16,curated,"literature, yeast mito homolog+, mito protein domain+, coexpression, MS/MS",MIM,Small molecule transport > SLC25A family,,MitoDomain,23.0,,OrthologMitoLowConf,NoHomolog,25-50ambig
FMC1,154791,ENSG00000164898,0,C7orf55|HSPC268,formation of mitochondrial complex V assembly factor 1 homolog,curated,"literature, APEX_matrix, targetP signal, induction, coexpression++, MS/MS",Matrix,OXPHOS > Complex V > CV assembly factors | OXPHOS > OXPHOS assembly factors,2.0,,48.0,1.19,NoMitoHomolog,NoHomolog,25-50ambig
ACSM3,6296,ENSG00000005187,Q53FZ2,SA|SAH,acyl-CoA synthetase medium chain family member 3,curated,"literature, targetP signal+, Rickettsial homolog, mito protein domain, MS/MS++",Matrix,Metabolism > Lipid metabolism > Fatty acid oxidation,1.0,SharedDomain,3.0,,HomologMitoLowConf,Homolog,50-75pure
NDUFAF6,137682,ENSG00000156170,Q330K2,C8orf38|FRTS5|MC1DN17,NADH:ubiquinone oxidoreductase complex assembly factor 6,curated,"literature, targetP signal, mito protein domain, induction, coexpression++, MS/MS",MIM,OXPHOS > Complex I > CI assembly factors | OXPHOS > OXPHOS assembly factors,3.0,SharedDomain,44.0,1.31,NoMitoHomolog,NoHomolog,25-50ambig
UCP1,7350,ENSG00000109424,P25874,SLC25A7|UCP,uncoupling protein 1,curated,"literature, yeast mito homolog+, mito protein domain+, coexpression, MS/MS",MIM,Small molecule transport > SLC25A family,,MitoDomain,16.0,,OrthologMitoLowConf,NoHomolog,50-75ambig
SFXN1,94081,ENSG00000164466,Q9H9B4,SLC56A1|TCC,sideroflexin 1,curated,"literature, mito protein domain+, coexpression, MS/MS++",MIM,Metabolism > Amino acid metabolism > Serine metabolism | Metabolism > Vitamin metabolism > Folate and 1-C metabolism | Small molecule transport > Sideroflexins,,MitoDomain,14.0,,HomologMitoLowConf,NoHomolog,75-100pure
GLRX5,51218,ENSG00000182512,Q86SX6,C14orf87|FLB4739|GRX5|PR01238|PRO1238|PRSA|SIDBA3|SPAHGC,glutaredoxin 5,curated,"literature, APEX_matrix, yeast mito homolog+, Rickettsial homolog, mito protein domain, coexpression, MS/MS+",Matrix,Metabolism > Metals and cofactors > Fe-S cluster biosynthesis | Metabolism > Metals and cofactors > Fe-S-containing proteins,4.0,SharedDomain,7.0,,OrthologMitoLowConf,Homolog,25-50pure
PTRH1,138428,ENSG00000187024,Q86Y79,C9orf115|PTH1,peptidyl-tRNA hydrolase 1 homolog,curated,"APEX_matrix, GFP, targetP signal, yeast mito homolog++, Rickettsial homolog, mito protein domain, MS/MS",Matrix,0,3.0,SharedDomain,1.0,,OrthologMitoHighConf,Ortholog,25-50ambig
MRPS11,64963,ENSG00000181991,P82912,HCC-2|MRP-S11|S11mt,mitochondrial ribosomal protein S11,curated,"literature, targetP signal, Rickettsial homolog, mito protein domain, induction, coexpression, MS/MS",Matrix,Mitochondrial central dogma > Translation > Mitochondrial ribosome,2.0,SharedDomain,13.0,0.77,NoMitoHomolog,Homolog,50-75ambig
XPNPEP3,63929,ENSG00000196236,Q9NQH7,APP3|ICP55|NPHPL1,X-prolyl aminopeptidase 3,curated,"literature, APEX_matrix, yeast mito homolog, Rickettsial homolog, mito protein domain, coexpression, MS/MS+",Matrix,"Protein import, sorting and homeostasis > Protein import and sorting > Preprotein cleavage | Protein import, sorting and homeostasis > Protein homeostasis > Proteases",4.0,SharedDomain,20.0,,HomologMitoHighConf,Homolog,25-50pure
PDP1,54704,ENSG00000164951,Q9P0J1,PDH|PDP|PDPC|PPM2A|PPM2C,pyruvate dehyrogenase phosphatase catalytic subunit 1,curated,"literature, APEX_matrix, targetP signal, yeast mito homolog+, mito protein domain, MS/MS++",MIM,Metabolism > Carbohydrate metabolism > Pyruvate metabolism,2.0,SharedDomain,2.0,,OrthologMitoLowConf,NoHomolog,50-75pure
ECI1,1632,ENSG00000167969,P42126,DCI,enoyl-CoA delta isomerase 1,curated,"literature, APEX_matrix, targetP signal, mito protein domain, coexpression+, MS/MS++",Matrix,Metabolism > Lipid metabolism > Fatty acid oxidation,2.0,SharedDomain,32.0,,NoMitoHomolog,NoHomolog,50-75pure
SLC25A21,89874,ENSG00000183032,Q9BQT8,MTDPS18|ODC|ODC1,solute carrier family 25 member 21,curated,"literature, yeast mito homolog+, mito protein domain+, MS/MS++",MIM,Metabolism > Amino acid metabolism | Small molecule transport > SLC25A family,,MitoDomain,,,OrthologMitoLowConf,NoHomolog,50-75pure
SLC25A29,123096,ENSG00000197119,Q8N8R3,C14orf69|CACL|ORNT3,solute carrier family 25 member 29,curated,"literature, yeast mito homolog+, mito protein domain+, MS/MS++",MIM,Metabolism > Amino acid metabolism > Lysine metabolism | Small molecule transport > SLC25A family,,MitoDomain,2.0,,OrthologMitoLowConf,NoHomolog,50-75pure
SLC25A45,283130,ENSG00000162241,Q8N413,-,solute carrier family 25 member 45,curated,"yeast mito homolog+, mito protein domain+, MS/MS++",MIM,Small molecule transport > SLC25A family,,MitoDomain,2.0,,OrthologMitoLowConf,NoHomolog,50-75pure
SDHAF3,57001,ENSG00000196636,Q9NRP4,ACN9|DC11|LYRM10|Sdh7,succinate dehydrogenase complex assembly factor 3,curated,"targetP signal, yeast mito homolog++, coexpression+, MS/MS",Matrix,OXPHOS > Complex II > CII assembly factors | OXPHOS > OXPHOS assembly factors,3.0,,32.0,,OrthologMitoHighConf,NoHomolog,25-50ambig
PRELID3B,51012,ENSG00000101166,Q9Y3B1,C20orf45|SLMO2|dJ543J19.5,PRELI domain containing 3B,curated,"GFP, yeast mito homolog+, mito protein domain+, induction, coexpression",IMS,Metabolism > Lipid metabolism > Phospholipid metabolism,,MitoDomain,25.0,1.69,OrthologMitoLowConf,NoHomolog,
SLC25A39,51629,ENSG00000013306,Q9BZJ4,CGI-69|CGI69,solute carrier family 25 member 39,curated,"literature, yeast mito homolog+, mito protein domain+, induction, coexpression",MIM,Small molecule transport > SLC25A family,,MitoDomain,21.0,2.03,OrthologMitoLowConf,NoHomolog,
NDUFB3,4709,ENSG00000119013,O43676,B12|CI-B12|MC1DN25,NADH:ubiquinone oxidoreductase subunit B3,curated,"literature, APEX_IMS, APEX_matrix, mito protein domain+, coexpression+, MS/MS++",MIM,OXPHOS > Complex I > CI subunits | OXPHOS > OXPHOS subunits,,MitoDomain,33.0,,NoMitoHomolog,NoHomolog,50-75pure
REXO2,25996,ENSG00000076043,Q9Y3B8,CGI-114|REX2|RFN|SFN,RNA exonuclease 2,curated,"APEX_matrix, targetP signal, yeast mito homolog++, mito protein domain, MS/MS+",Matrix,Mitochondrial central dogma > mtRNA metabolism > mtRNA stability and decay,2.0,SharedDomain,4.0,-0.57,OrthologMitoHighConf,NoHomolog,25-50pure
GATM,2628,ENSG00000171766,P50440,AGAT|AT|CCDS3|FRTS1,glycine amidinotransferase,curated,"literature, targetP signal, mito protein domain+, MS/MS++",Matrix,Metabolism > Nucleotide metabolism > Creatine metabolism,2.0,MitoDomain,2.0,-0.53,NoMitoHomolog,NoHomolog,75-100pure
TIMM10B,26515,ENSG00000132286,Q9Y5J6,FXC1|TIM10B|Tim9b,translocase of inner mitochondrial membrane 10B,curated,"literature, APEX_IMS, yeast mito homolog+, mito protein domain+, MS/MS+",MIM,"Protein import, sorting and homeostasis > Protein homeostasis > Chaperones | Protein import, sorting and homeostasis > Protein import and sorting",4.0,MitoDomain,4.0,,OrthologMitoLowConf,NoHomolog,75-100ambig
SARS2,54938,ENSG00000104835|ENSG00000283104,Q9NP81,SARS|SARSM|SERS|SYS|SerRS|SerRSmt|mtSerRS,"seryl-tRNA synthetase 2, mitochondrial",curated,"literature, APEX_matrix, targetP signal, yeast mito homolog++, Rickettsial homolog, mito protein domain, MS/MS",Matrix,Mitochondrial central dogma > Translation > mt-tRNA synthetases,2.0,SharedDomain,3.0,,OrthologMitoHighConf,Homolog,25-50ambig
CHDH,55349,ENSG00000016391,Q8NE62,-,choline dehydrogenase,curated,"APEX_matrix, targetP signal+, mito protein domain, coexpression, MS/MS++",MIM,"Metabolism > Amino acid metabolism > Glycine metabolism | Metabolism > Vitamin metabolism > Choline and betaine metabolism | Metabolism > Vitamin metabolism > Folate and 1-C metabolism | Metabolism > Electron carriers > Q-linked reactions, other",1.0,SharedDomain,14.0,,NoMitoHomolog,NoHomolog,50-75pure
MRPL57,78988,ENSG00000173141,Q9BQC6,MRP63|bMRP63,mitochondrial ribosomal protein L57,curated,"literature, APEX_matrix, targetP signal, mito protein domain+, coexpression, MS/MS+",Matrix,Mitochondrial central dogma > Translation > Mitochondrial ribosome,2.0,MitoDomain,10.0,,NoMitoHomolog,NoHomolog,25-50pure
C8orf82,414919,ENSG00000213563,Q6P1X6,-,chromosome 8 open reading frame 82,curated,"APEX_matrix, targetP signal, coexpression+, MS/MS++",Matrix,0,2.0,,34.0,0.44,NoMitoHomolog,NoHomolog,75-100pure
EARS2,124454,ENSG00000103356,Q5JPH6,COXPD12|MSE1|gluRS|mtGlnRS,"glutamyl-tRNA synthetase 2, mitochondrial",curated,"literature, APEX_matrix, GFP, targetP signal, yeast mito homolog++, Rickettsial homolog, mito protein domain, coexpression",Matrix,Mitochondrial central dogma > Translation > mt-tRNA synthetases,2.0,SharedDomain,8.0,,OrthologMitoHighConf,Homolog,0-25ambig
GRHPR,9380,ENSG00000137106,Q9UBQ7,GLXR|GLYD|PH2,glyoxylate and hydroxypyruvate reductase,curated,"APEX_matrix, targetP signal, yeast mito homolog, mito protein domain, coexpression, MS/MS++",Matrix,Metabolism > Amino acid metabolism > Glyoxylate metabolism,3.0,SharedDomain,10.0,,HomologMitoHighConf,NoHomolog,50-75pure
MTFMT,123263,ENSG00000103707,Q96DP5,COXPD15|FMT1|MC1DN27,mitochondrial methionyl-tRNA formyltransferase,curated,"literature, APEX_matrix, targetP signal+, yeast mito homolog++, Rickettsial homolog, mito protein domain, coexpression",Matrix,Mitochondrial central dogma > Translation > fMet processing | Metabolism > Vitamin metabolism > Folate and 1-C metabolism,1.0,SharedDomain,9.0,,OrthologMitoHighConf,Homolog,
PTCD2,79810,ENSG00000049883,Q8WV60,-,pentatricopeptide repeat domain 2,curated,"literature, mito protein domain+, induction, coexpression, MS/MS",Matrix,Mitochondrial central dogma > mtRNA metabolism > mtRNA granules | Mitochondrial central dogma > mtRNA metabolism > Polycistronic mtRNA processing,4.0,MitoDomain,13.0,2.2,NoMitoHomolog,NoHomolog,25-50ambig
ECHDC1,55862,ENSG00000093144,Q9NTX5,HEL-S-76|MMCD|dJ351K20.2,ethylmalonyl-CoA decarboxylase 1,curated,"yeast mito homolog+, Rickettsial homolog, mito protein domain, coexpression, MS/MS+",unknown,Metabolism > Lipid metabolism,,SharedDomain,16.0,,OrthologMitoLowConf,Homolog,75-100ambig
HARS2,23438,ENSG00000112855,P49590,HARSL|HARSR|HO3|HisRS|PRLTS2,"histidyl-tRNA synthetase 2, mitochondrial",curated,"literature, APEX_matrix, GFP, targetP signal, Rickettsial homolog, mito protein domain, coexpression, MS/MS+",Matrix,Mitochondrial central dogma > Translation > mt-tRNA synthetases,2.0,SharedDomain,10.0,,HomologMitoLowConf,Homolog,25-50pure
NDUFA4,4697,ENSG00000189043,O00483,CI-9k|CI-MLRQ|COXFA4|MLRQ,NDUFA4 mitochondrial complex associated,curated,"literature, mito protein domain, coexpression++, MS/MS++",MIM,OXPHOS > Complex IV > CIV subunits | OXPHOS > OXPHOS subunits,,SharedDomain,47.0,,NoMitoHomolog,NoHomolog,75-100pure
NDUFA13,51079,ENSG00000186010,Q9P0J0,B16.6|CDA016|CGI-39|GRIM-19|GRIM19|MC1DN28,NADH:ubiquinone oxidoreductase subunit A13,curated,"literature, APEX_IMS, mito protein domain, coexpression++, MS/MS++",MIM,OXPHOS > Complex I > CI subunits | OXPHOS > OXPHOS subunits,,SharedDomain,40.0,,NoMitoHomolog,NoHomolog,75-100pure
NAXE,128240,ENSG00000163382,Q8NCW5,AIBP|APOA1BP|PEBEL|YJEFN1,NAD(P)HX epimerase,curated,"APEX_matrix, targetP signal, mito protein domain, coexpression, MS/MS++",Matrix,Metabolism > Metals and cofactors > NAD biosynthesis and metabolism,2.0,SharedDomain,10.0,,HomologMitoLowConf,NoHomolog,50-75pure
TMEM11,8834,ENSG00000178307,P17152,C17orf35|PM1|PMI,transmembrane protein 11,curated,"GFP, targetP signal, mito protein domain+, induction, coexpression, MS/MS",MIM,Mitochondrial dynamics and surveillance,3.0,MitoDomain,13.0,0.53,NoMitoHomolog,NoHomolog,25-50ambig
SELENOO,83642,ENSG00000073169,Q9BVL4,SELO,selenoprotein O,curated,"targetP signal+, yeast mito homolog, mito protein domain+, coexpression",Matrix,Metabolism > Detoxification > Selenoproteins,1.0,MitoDomain,7.0,,HomologMitoHighConf,NoHomolog,0-25ambig
NAGS,162417,ENSG00000161653,Q8N159,AGAS|ARGA,N-acetylglutamate synthase,curated,"literature, targetP signal, yeast mito homolog++, mito protein domain+, MS/MS",Matrix,Metabolism > Amino acid metabolism > Urea cycle,3.0,MitoDomain,4.0,,OrthologMitoHighConf,NoHomolog,0-25pure
HSD17B4,3295,ENSG00000133835,P51659,DBP|MFE-2|MFP-2|MPF-2|PRLTS1|SDR8C1,hydroxysteroid 17-beta dehydrogenase 4,curated,"Rickettsial homolog, mito protein domain+, induction, coexpression",unknown,Metabolism > Lipid metabolism,4.0,MitoDomain,12.0,0.69,NoMitoHomolog,Homolog,50-75crude
NDUFAF7,55471,ENSG00000003509,Q7L592,C2orf56|MidA|PRO1853,NADH:ubiquinone oxidoreductase complex assembly factor 7,curated,"APEX_matrix, GFP, targetP signal, Rickettsial homolog, mito protein domain+, coexpression, MS/MS",MIM,OXPHOS > Complex I > CI assembly factors | OXPHOS > OXPHOS assembly factors,3.0,MitoDomain,9.0,,NoMitoHomolog,Ortholog,25-50ambig
OAT,4942,ENSG00000065154,P04181,GACR|HOGA|OATASE|OKT,ornithine aminotransferase,curated,"literature, APEX_matrix, targetP signal+, mito protein domain, coexpression, MS/MS++",Matrix,Metabolism > Amino acid metabolism > Proline metabolism,1.0,SharedDomain,6.0,,NoMitoHomolog,NoHomolog,75-100pure
MRPL50,54534,ENSG00000136897,Q8N5N7,MRP-L50,mitochondrial ribosomal protein L50,curated,"literature, APEX_matrix, targetP signal, mito protein domain+, coexpression+, MS/MS",Matrix,Mitochondrial central dogma > Translation > Mitochondrial ribosome,3.0,MitoDomain,36.0,,NoMitoHomolog,NoHomolog,50-75ambig
COX7B,1349,ENSG00000131174,P24311,APLCC|LSDMCA2,cytochrome c oxidase subunit 7B,curated,"literature, targetP signal, mito protein domain+, induction, MS/MS+",MIM,OXPHOS > Complex IV > CIV subunits | OXPHOS > OXPHOS subunits,2.0,MitoDomain,,1.44,NoMitoHomolog,NoHomolog,25-50pure
RARS2,57038,ENSG00000146282,Q5T160,ArgRS|DALRD2|PCH6|PRO1992|RARSL,"arginyl-tRNA synthetase 2, mitochondrial",curated,"literature, APEX_matrix, GFP, Rickettsial homolog, mito protein domain, coexpression, MS/MS++",Matrix,Mitochondrial central dogma > Translation > mt-tRNA synthetases,5.0,SharedDomain,10.0,,HomologMitoLowConf,Homolog,50-75pure
OXLD1,339229,ENSG00000204237,Q5BKU9,C17orf90,oxidoreductase like domain containing 1,curated,"targetP signal, yeast mito homolog, mito protein domain+, coexpression+",unknown,0,3.0,MitoDomain,37.0,,HomologMitoHighConf,NoHomolog,0-25ambig
LACTB2,51110,ENSG00000147592,Q53H82,CGI-83,lactamase beta 2,curated,"targetP signal, yeast mito homolog+, mito protein domain, induction, MS/MS+",Matrix,Mitochondrial central dogma > mtRNA metabolism > mtRNA stability and decay,3.0,SharedDomain,,1.2,OrthologMitoLowConf,NoHomolog,25-50pure
NDUFA11,126328,ENSG00000174886,Q86Y39,B14.7|CI-B14.7|MC1DN14,NADH:ubiquinone oxidoreductase subunit A11,curated,"literature, APEX_IMS, mito protein domain+, induction, MS/MS++",MIM,OXPHOS > Complex I > CI subunits | OXPHOS > OXPHOS subunits,,MitoDomain,2.0,1.8,NoMitoHomolog,NoHomolog,75-100pure
AURKAIP1,54998,ENSG00000175756,Q9NWT8,AIP|AKIP|MRP-S38,aurora kinase A interacting protein 1,curated,"GFP, targetP signal, yeast mito homolog++, mito protein domain, coexpression+",Matrix,Mitochondrial central dogma > Translation > Mitochondrial ribosome,2.0,SharedDomain,38.0,0.38,OrthologMitoHighConf,NoHomolog,
CHCHD7,79145,ENSG00000170791,Q9BUK0,COX23,coiled-coil-helix-coiled-coil-helix domain containing 7,curated,"yeast mito homolog, induction, coexpression, MS/MS+",IMS,Metabolism > Metals and cofactors > Copper metabolism,5.0,,15.0,2.91,HomologMitoHighConf,NoHomolog,75-100ambig
SHMT2,6472,ENSG00000182199,P34897,GLYA|HEL-S-51e|SHMT,serine hydroxymethyltransferase 2,curated,"literature, APEX_matrix, targetP signal, Rickettsial homolog, mito protein domain, coexpression, MS/MS++",Matrix,Metabolism > Amino acid metabolism > Serine metabolism | Metabolism > Amino acid metabolism > Glycine metabolism | Metabolism > Vitamin metabolism > Folate and 1-C metabolism,2.0,SharedDomain,8.0,,NoMitoHomolog,Homolog,50-75pure
MTHFD2,10797,ENSG00000065911,P13995,NMDMC,"methylenetetrahydrofolate dehydrogenase (NADP+ dependent) 2, methenyltetrahydrofolate cyclohydrolase",curated,"literature, APEX_matrix, targetP signal, yeast mito homolog+, Rickettsial homolog, mito protein domain, MS/MS",Matrix,Metabolism > Vitamin metabolism > Folate and 1-C metabolism,2.0,SharedDomain,4.0,,OrthologMitoLowConf,Homolog,50-75ambig
RMDN1,51115,ENSG00000176623,Q96DB5,CGI-90|FAM82B|RMD-1|RMD1,regulator of microtubule dynamics 1,curated,"APEX_IMS, targetP signal+, induction, coexpression, MS/MS",MOM,0,1.0,,17.0,2.64,NoMitoHomolog,NoHomolog,50-75ambig
CPS1,1373,ENSG00000021826,P31327,CPSASE1|PHN,carbamoyl-phosphate synthase 1,curated,"literature, APEX_matrix, targetP signal, Rickettsial homolog, mito protein domain, MS/MS++",Matrix,Metabolism > Amino acid metabolism > Urea cycle,2.0,SharedDomain,,,HomologMitoLowConf,Homolog,75-100pure
MRPL14,64928,ENSG00000180992,Q6P1L8,L14mt|L32mt|MRP-L14|MRP-L32|MRPL32|RMPL32|RPML32,mitochondrial ribosomal protein L14,curated,"literature, APEX_matrix, targetP signal, Rickettsial homolog, mito protein domain, coexpression+, MS/MS",Matrix,Mitochondrial central dogma > Translation > Mitochondrial ribosome,2.0,SharedDomain,30.0,,NoMitoHomolog,Homolog,50-75ambig
MTRES1,51250,ENSG00000130349,Q9P0P8,C6orf203|HSPC230|PRED31,mitochondrial transcription rescue factor 1,curated,"GFP, induction, coexpression++, MS/MS+",Matrix,Mitochondrial central dogma > mtRNA metabolism > Transcription | Mitochondrial central dogma > Translation,,,41.0,2.5,NoMitoHomolog,NoHomolog,25-50pure
RDH13,112724,ENSG00000160439|ENSG00000273944|ENSG00000274418|ENSG00000274504|ENSG00000275474|ENSG00000276341|ENSG00000276684|ENSG00000276826|ENSG00000278149|ENSG00000278284,Q8NBN7,SDR7C3,retinol dehydrogenase 13,curated,"yeast mito homolog+, Rickettsial homolog, mito protein domain, induction, MS/MS",MIM,Metabolism > Vitamin metabolism > Vitamin A metabolism,,SharedDomain,0.0,2.35,OrthologMitoLowConf,Homolog,50-75ambig
TRMT2B,79979,ENSG00000188917,Q96GJ1,CXorf34|dJ341D10.3,tRNA methyltransferase 2 homolog B,curated,"GFP, targetP signal, Rickettsial homolog, mito protein domain+, induction, coexpression",Matrix,Mitochondrial central dogma > mtRNA metabolism > mt-tRNA modifications | Mitochondrial central dogma > mtRNA metabolism > mt-rRNA modifications,2.0,MitoDomain,14.0,0.5,NoMitoHomolog,Homolog,
MRPS24,64951,ENSG00000062582,Q96EL2,HSPC335|MRP-S24|S24mt|bMRP-47|bMRP47,mitochondrial ribosomal protein S24,curated,"literature, APEX_matrix, induction, coexpression++, MS/MS",Matrix,Mitochondrial central dogma > Translation > Mitochondrial ribosome,4.0,,47.0,0.52,NoMitoHomolog,NoHomolog,50-75ambig
COA3,28958,ENSG00000183978,Q9Y2R0,CCDC56|COX25|HSPC009|MITRAC12,cytochrome c oxidase assembly factor 3,curated,"APEX_IMS, APEX_matrix, mito protein domain+, coexpression, MS/MS++",MIM,Mitochondrial central dogma > Translation > Translation factors | OXPHOS > Complex IV > CIV assembly factors | OXPHOS > OXPHOS assembly factors,,MitoDomain,22.0,,NoMitoHomolog,NoHomolog,50-75pure
GSR,2936,ENSG00000104687,P00390,GR|GSRD|HEL-75|HEL-S-122m,glutathione-disulfide reductase,curated,"literature, APEX_matrix, targetP signal, Rickettsial homolog, mito protein domain, MS/MS++",Matrix,Metabolism > Detoxification > ROS and glutathione metabolism,2.0,SharedDomain,4.0,-0.34,HomologMitoLowConf,Homolog,50-75pure
ENDOG,2021,ENSG00000167136,Q14249,-,endonuclease G,curated,"literature, APEX_IMS, mito protein domain, coexpression++, MS/MS",IMS,Mitochondrial central dogma > mtDNA maintenance > mtDNA stability and decay | Mitochondrial central dogma > mtRNA metabolism > mtRNA stability and decay | Mitochondrial dynamics and surveillance > Apoptosis,4.0,SharedDomain,42.0,,HomologMitoLowConf,NoHomolog,50-75ambig
BCAT2,587,ENSG00000105552,O15382,BCAM|BCATM|BCT2|HVLI|PP18,branched chain amino acid transaminase 2,curated,"literature, APEX_matrix, targetP signal, Rickettsial homolog, mito protein domain, coexpression, MS/MS++",Matrix,Metabolism > Amino acid metabolism > Branched-chain amino acid metabolism,3.0,SharedDomain,10.0,,NoMitoHomolog,Homolog,50-75pure
TEFM,79736,ENSG00000172171,Q96QE5,C17orf42,"transcription elongation factor, mitochondrial",curated,"APEX_matrix, targetP signal, induction, coexpression++, MS/MS",Matrix,Mitochondrial central dogma > mtRNA metabolism > Transcription,3.0,,46.0,1.14,NoMitoHomolog,NoHomolog,25-50ambig
ACSF2,80221,ENSG00000167107,Q96CM8,ACSMW|AVYV493,acyl-CoA synthetase family member 2,curated,"APEX_matrix, targetP signal+, Rickettsial homolog, mito protein domain, MS/MS++",Matrix,Metabolism > Lipid metabolism > Fatty acid oxidation,1.0,SharedDomain,,,NoMitoHomolog,Homolog,50-75pure
TRMU,55687,ENSG00000100416,O75648,LCAL3|MTO2|MTU1|TRMT|TRMT1,tRNA mitochondrial 2-thiouridylase,curated,"literature, APEX_matrix, yeast mito homolog++, Rickettsial homolog, mito protein domain, coexpression",Matrix,Mitochondrial central dogma > mtRNA metabolism > mt-tRNA modifications,4.0,SharedDomain,12.0,,OrthologMitoHighConf,Homolog,0-25ambig
MRPS22,56945,ENSG00000175110,P82650,C3orf5|COXPD5|GIBT|GK002|MRP-S22|ODG7|RPMS22,mitochondrial ribosomal protein S22,curated,"literature, APEX_matrix, mito protein domain+, induction, coexpression, MS/MS",Matrix,Mitochondrial central dogma > Translation > Mitochondrial ribosome,,MitoDomain,27.0,1.47,NoMitoHomolog,NoHomolog,50-75ambig
LAP3,51056,ENSG00000002549,P28838,HEL-S-106|LAP|LAPEP|PEPS,leucine aminopeptidase 3,curated,"APEX_matrix, targetP signal+, Rickettsial homolog, coexpression, MS/MS++",Matrix,"Protein import, sorting and homeostasis > Protein homeostasis > Proteases",1.0,NonMitoDomain,12.0,,NoMitoHomolog,Homolog,50-75pure
GLUD1,2746,ENSG00000148672,P00367,GDH|GDH1|GLUD,glutamate dehydrogenase 1,curated,"literature, APEX_matrix, Rickettsial homolog, mito protein domain, coexpression, MS/MS++",Matrix,Metabolism > Amino acid metabolism > Glutamate metabolism | Metabolism > Amino acid metabolism > GABA metabolism,5.0,SharedDomain,9.0,0.36,HomologMitoLowConf,Homolog,50-75pure
HMGCL,3155,ENSG00000117305,P35914,HL,3-hydroxy-3-methylglutaryl-CoA lyase,curated,"literature, APEX_matrix, targetP signal+, mito protein domain, coexpression, MS/MS++",Matrix,Metabolism > Carbohydrate metabolism > Ketone metabolism | Metabolism > Amino acid metabolism > Branched-chain amino acid metabolism,1.0,SharedDomain,5.0,,NoMitoHomolog,NoHomolog,50-75pure
FHIT,2272,ENSG00000189283,P49789,AP3Aase|FRA3B,fragile histidine triad diadenosine triphosphatase,curated,"yeast mito homolog, Rickettsial homolog, mito protein domain, MS/MS++",Matrix,Metabolism > Nucleotide metabolism > Nucleotide synthesis and processing,4.0,SharedDomain,4.0,,HomologMitoHighConf,Homolog,75-100pure
MRPS33,51650,ENSG00000090263,Q9Y291,CGI-139|MRP-S33|PTD003|S33mt,mitochondrial ribosomal protein S33,curated,"literature, targetP signal, mito protein domain+, MS/MS++",Matrix,Mitochondrial central dogma > Translation > Mitochondrial ribosome,2.0,MitoDomain,,,NoMitoHomolog,NoHomolog,50-75pure
NUBPL,80224,ENSG00000151413,Q8TB37,C14orf127|IND1|MC1DN21|huInd1,nucleotide binding protein like,curated,"literature, targetP signal, Rickettsial homolog, mito protein domain, coexpression+, MS/MS+",Matrix,OXPHOS > Complex I > CI assembly factors | Metabolism > Metals and cofactors > Fe-S cluster biosynthesis | Metabolism > Metals and cofactors > Fe-S-containing proteins | OXPHOS > OXPHOS assembly factors,3.0,SharedDomain,39.0,,NoMitoHomolog,Homolog,25-50pure
LYRM2,57226,ENSG00000083099,Q9NU23,DJ122O8.2,LYR motif containing 2,curated,"APEX_matrix, GFP, targetP signal+, mito protein domain+, coexpression, MS/MS",Matrix,OXPHOS > Complex I > CI assembly factors | OXPHOS > OXPHOS assembly factors,1.0,MitoDomain,6.0,,NoMitoHomolog,NoHomolog,25-50ambig
MPV17L,255027,ENSG00000156968|ENSG00000261130|ENSG00000275543|ENSG00000282074,Q2QL34,M-LPH|MLPH1|MLPH2|MPV17L1,MPV17 mitochondrial inner membrane protein like,curated,"targetP signal, yeast mito homolog+, mito protein domain, MS/MS++",MIM,Small molecule transport,3.0,SharedDomain,3.0,,OrthologMitoLowConf,NoHomolog,50-75pure
GADD45GIP1,90480,ENSG00000179271,Q8TAE8,CKBBP2|CKbetaBP2|CRIF1|MRP-L59|PLINP|PLINP-1|PRG6|Plinp1,GADD45G interacting protein 1,curated,"APEX_matrix, GFP, targetP signal, coexpression+, MS/MS++",Matrix,Mitochondrial central dogma > Translation > Mitochondrial ribosome,2.0,,34.0,,NoMitoHomolog,NoHomolog,50-75pure
TFAM,7019,ENSG00000108064,Q00059,MTDPS15|MTTF1|MTTFA|TCF6|TCF6L1|TCF6L2|TCF6L3,"transcription factor A, mitochondrial",curated,"literature, APEX_matrix, targetP signal, mito protein domain, induction, MS/MS++",Matrix,Mitochondrial central dogma > mtDNA maintenance > mtDNA replication | Mitochondrial central dogma > mtDNA maintenance > mtDNA nucleoid | Mitochondrial central dogma > mtRNA metabolism > Transcription,2.0,SharedDomain,3.0,1.62,NoMitoHomolog,NoHomolog,50-75pure
ALDH18A1,5832,ENSG00000059573,P54886,ADCL3|ARCL3A|GSAS|P5CS|PYCS|SPG9|SPG9A|SPG9B,aldehyde dehydrogenase 18 family member A1,curated,"literature, Rickettsial homolog, mito protein domain, coexpression, MS/MS++",Matrix,Metabolism > Amino acid metabolism > Proline metabolism,5.0,SharedDomain,5.0,,NoMitoHomolog,Ortholog,50-75pure
OXSM,54995,ENSG00000151093,Q9NWU1,CEM1|FASN2D|KASI|KS,"3-oxoacyl-ACP synthase, mitochondrial",curated,"literature, APEX_matrix, targetP signal, Rickettsial homolog, mito protein domain, MS/MS++",Matrix,Metabolism > Lipid metabolism > Type II fatty acid synthesis,2.0,SharedDomain,4.0,,HomologMitoLowConf,Homolog,50-75pure
KYAT3,56267,ENSG00000137944,Q6YP21,CCBL2|KAT3|KATIII,kynurenine aminotransferase 3,curated,"APEX_matrix, targetP signal, Rickettsial homolog, mito protein domain, MS/MS++",Matrix,Metabolism > Amino acid metabolism > Kynurenine metabolism | Metabolism > Metals and cofactors > NAD biosynthesis and metabolism,2.0,SharedDomain,2.0,,HomologMitoLowConf,Homolog,50-75pure
TARS2,80222,ENSG00000143374,Q9BW92,COXPD21|TARSL1|thrRS,"threonyl-tRNA synthetase 2, mitochondrial",curated,"APEX_matrix, targetP signal, Rickettsial homolog, mito protein domain, MS/MS++",Matrix,Mitochondrial central dogma > Translation > mt-tRNA synthetases,2.0,SharedDomain,4.0,,HomologMitoLowConf,Homolog,50-75pure
TBRG4,9238,ENSG00000136270,Q969Z0,CPR2|FASTKD4,transforming growth factor beta regulator 4,curated,"literature, APEX_matrix, targetP signal+, coexpression, MS/MS++",Matrix,Mitochondrial central dogma > mtRNA metabolism > Polycistronic mtRNA processing | Mitochondrial central dogma > mtRNA metabolism > mtRNA stability and decay,1.0,,10.0,,NoMitoHomolog,NoHomolog,50-75pure
TMEM65,157378,ENSG00000164983,Q6PI78,-,transmembrane protein 65,curated,"literature, APEX_matrix, targetP signal+, coexpression, MS/MS++",MIM,0,1.0,,10.0,,NoMitoHomolog,NoHomolog,50-75pure
ROMO1,140823,ENSG00000125995,P60602,C20orf52|MTGM|MTGMP|bA353C18.2,reactive oxygen species modulator 1,curated,"literature, APEX_IMS, yeast mito homolog++, mito protein domain+, MS/MS",MIM,"Protein import, sorting and homeostasis > Protein import and sorting > TIM23 presequence pathway | Small molecule transport",,MitoDomain,,,OrthologMitoHighConf,NoHomolog,50-75ambig
PRDX5,25824,ENSG00000126432,P30044,ACR1|AOEB166|B166|HEL-S-55|PLP|PMP20|PRDX6|PRXV|SBBI10|prx-V,peroxiredoxin 5,curated,"literature, APEX_matrix, targetP signal, mito protein domain, induction, MS/MS++",Matrix,Metabolism > Detoxification > ROS and glutathione metabolism,2.0,SharedDomain,2.0,0.95,NoMitoHomolog,NoHomolog,75-100pure
DNAJC15,29103,ENSG00000120675,Q9Y5T4,DNAJD1|HSD18|MCJ,DnaJ heat shock protein family (Hsp40) member C15,curated,"GFP, mito protein domain, induction, coexpression, MS/MS+",MIM,"Protein import, sorting and homeostasis > Protein import and sorting > Import motor",,SharedDomain,29.0,3.03,HomologMitoLowConf,NoHomolog,75-100ambig
MAIP1,79568,ENSG00000162972,Q8WWC4,C2orf47,matrix AAA peptidase interacting protein 1,curated,"GFP, targetP signal, induction, coexpression, MS/MS+",Matrix,"Protein import, sorting and homeostasis > Protein homeostasis > Chaperones",2.0,,28.0,1.41,NoMitoHomolog,NoHomolog,25-50pure
HIGD1A,25994,ENSG00000181061,Q9Y241,HIG1|RCF1a,HIG1 hypoxia inducible domain family member 1A,curated,"literature, APEX_IMS, mito protein domain+, induction, MS/MS++",MIM,OXPHOS > Complex IV > CIV assembly factors | OXPHOS > OXPHOS assembly factors | OXPHOS > Respirasome assembly,,MitoDomain,1.0,0.94,NoMitoHomolog,NoHomolog,75-100pure
RHOT2,89941,ENSG00000140983,Q8IXI1,ARHT2|C16orf39|MIRO-2|MIRO2|RASL,ras homolog family member T2,curated,"literature, mito protein domain+, induction, coexpression",MOM,Signaling > Calcium homeostasis > EF hand proteins | Mitochondrial dynamics and surveillance > Trafficking,,MitoDomain,27.0,2.28,HomologMitoLowConf,NoHomolog,25-50crude
SLC25A44,9673,ENSG00000160785,Q96H78,-,solute carrier family 25 member 44,curated,"yeast mito homolog+, mito protein domain+, induction, MS/MS",MIM,Metabolism > Amino acid metabolism > Branched-chain amino acid metabolism | Small molecule transport > SLC25A family,,MitoDomain,1.0,0.52,OrthologMitoLowConf,NoHomolog,0-25pure
HAO2,51179,ENSG00000116882,Q9NYQ3,GIG16|HAOX2,hydroxyacid oxidase 2,curated,"yeast mito homolog+, Rickettsial homolog, mito protein domain, coexpression, MS/MS",unknown,Metabolism > Lipid metabolism,,SharedDomain,6.0,,OrthologMitoLowConf,Ortholog,25-50ambig
OXA1L,5018,ENSG00000155463,Q15070,OXA1,OXA1L mitochondrial inner membrane protein,curated,"literature, APEX_matrix, targetP signal, yeast mito homolog+, Rickettsial homolog, mito protein domain, coexpression",MIM,"Protein import, sorting and homeostasis > Protein import and sorting > OXA | Mitochondrial central dogma > Translation",2.0,SharedDomain,9.0,,OrthologMitoLowConf,Homolog,0-25ambig
SLC25A46,91137,ENSG00000164209,Q96AG3,HMSN6B,solute carrier family 25 member 46,curated,"yeast mito homolog++, mito protein domain+, induction",MOM,Small molecule transport > SLC25A family | Mitochondrial dynamics and surveillance > Fission | Mitochondrial dynamics and surveillance > Intramitochondrial membrane interactions,,MitoDomain,1.0,1.02,OrthologMitoHighConf,NoHomolog,0-25ambig
RDH14,57665,ENSG00000240857,Q9HBH5,PAN2|SDR7C4,retinol dehydrogenase 14,curated,"yeast mito homolog+, Rickettsial homolog, mito protein domain, coexpression, MS/MS",Membrane,Metabolism > Vitamin metabolism > Vitamin A metabolism,,SharedDomain,15.0,0.37,OrthologMitoLowConf,Homolog,25-50ambig
CA5B,11238,ENSG00000169239,Q9Y2D0,CA-VB|CAVB,carbonic anhydrase 5B,curated,"literature, targetP signal, mito protein domain, coexpression, MS/MS++",Matrix,Metabolism > Amino acid metabolism > Urea cycle,2.0,SharedDomain,10.0,,NoMitoHomolog,NoHomolog,50-75pure
COASY,80347,ENSG00000068120,Q13057,DPCK|NBIA6|NBP|PCH12|PPAT|UKR1|pOV-2,Coenzyme A synthase,curated,"APEX_matrix, targetP signal, mito protein domain, coexpression, MS/MS++",Matrix,Metabolism > Metals and cofactors > Coenzyme A metabolism,2.0,SharedDomain,12.0,,NoMitoHomolog,NoHomolog,50-75pure
CISD3,284106,ENSG00000274768|ENSG00000277972,P0C7P0,MiNT|Miner2,CDGSH iron sulfur domain 3,curated,"APEX_matrix, targetP signal, mito protein domain, coexpression, MS/MS++",Matrix,Metabolism > Metals and cofactors > Fe-S cluster biosynthesis | Metabolism > Metals and cofactors > Fe-S-containing proteins,2.0,SharedDomain,12.0,,NoMitoHomolog,NoHomolog,50-75pure
GSTZ1,2954,ENSG00000100577,O43708,GSTZ1-1|MAAI|MAAID|MAI,glutathione S-transferase zeta 1,curated,"APEX_matrix, mito protein domain, coexpression, MS/MS++",Matrix,Metabolism > Detoxification > Xenobiotic metabolism,4.0,SharedDomain,11.0,,HomologMitoLowConf,NoHomolog,75-100pure
COX6B2,125965,ENSG00000160471,Q6YFQ2,COXVIB2|CT59,cytochrome c oxidase subunit 6B2,curated,"literature, yeast mito homolog+, mito protein domain+, MS/MS+",MIM,OXPHOS > Complex IV > CIV subunits | OXPHOS > OXPHOS subunits,,MitoDomain,2.0,,OrthologMitoLowConf,NoHomolog,75-100ambig
GLOD4,51031,ENSG00000167699,Q9HC38,C17orf25|CGI-150|HC71,glyoxalase domain containing 4,curated,"APEX_matrix, targetP signal+, coexpression, MS/MS++",Matrix,0,1.0,,6.0,,NoMitoHomolog,NoHomolog,75-100pure
ACAA1,30,ENSG00000060971,P09110,ACAA|PTHIO|THIO,acetyl-CoA acyltransferase 1,curated,"yeast mito homolog++, Rickettsial homolog, mito protein domain, coexpression",unknown,Metabolism > Lipid metabolism,5.0,SharedDomain,5.0,,OrthologMitoHighConf,Homolog,50-75crude
CROT,54677,ENSG00000005469,Q9UKG9,COT,carnitine O-octanoyltransferase,curated,"yeast mito homolog+, mito protein domain, induction, coexpression, MS/MS",unknown,Metabolism > Lipid metabolism > Fatty acid oxidation,,SharedDomain,7.0,0.65,OrthologMitoLowConf,NoHomolog,50-75ambig
PDF,64146,ENSG00000258429,Q9HBH1,-,"peptide deformylase, mitochondrial",curated,"APEX_matrix, Rickettsial homolog, mito protein domain+, coexpression, MS/MS",Matrix,"Mitochondrial central dogma > Translation > fMet processing | Protein import, sorting and homeostasis > Protein homeostasis",,MitoDomain,14.0,,NoMitoHomolog,Ortholog,25-50ambig
COX19,90639,ENSG00000240230,Q49B96,-,cytochrome c oxidase assembly factor COX19,curated,"yeast mito homolog, mito protein domain, induction, coexpression+, MS/MS",IMS,OXPHOS > Complex IV > CIV assembly factors | Metabolism > Metals and cofactors > Copper metabolism | OXPHOS > OXPHOS assembly factors,,SharedDomain,39.0,0.92,HomologMitoHighConf,NoHomolog,25-50ambig
AMT,275,ENSG00000145020,P48728,GCE|GCST|GCVT|NKH,aminomethyltransferase,curated,"targetP signal+, mito protein domain, MS/MS++",Matrix,Metabolism > Amino acid metabolism > Glycine metabolism | Metabolism > Amino acid metabolism > Glycine cleavage system | Metabolism > Vitamin metabolism > Folate and 1-C metabolism,1.0,SharedDomain,,,HomologMitoLowConf,NoHomolog,50-75pure
PDPR,55066,ENSG00000090857,Q8NCN5,PDP3,pyruvate dehydrogenase phosphatase regulatory subunit,curated,"APEX_matrix, targetP signal+, mito protein domain, MS/MS++",Matrix,Metabolism > Carbohydrate metabolism > Pyruvate metabolism,1.0,SharedDomain,,,HomologMitoLowConf,NoHomolog,50-75pure
NLN,57486,ENSG00000123213,Q9BYT8,AGTBP|EP24.16|MEP|MOP,neurolysin,curated,"literature, APEX_matrix, targetP signal+, mito protein domain, MS/MS++",Matrix,"Protein import, sorting and homeostasis > Protein homeostasis > Proteases",1.0,SharedDomain,4.0,,HomologMitoLowConf,NoHomolog,50-75pure
BOLA1,51027,ENSG00000178096,Q9Y3E2,CGI-143,bolA family member 1,curated,"GFP, Rickettsial homolog, mito protein domain, coexpression, MS/MS++",Matrix,Metabolism > Metals and cofactors > Fe-S cluster biosynthesis | Metabolism > Metals and cofactors > Fe-S-containing proteins,5.0,SharedDomain,18.0,,NoMitoHomolog,Homolog,50-75pure
ALAS2,212,ENSG00000158578,P22557,ALAS-E|ALASE|ANH1|ASB|SIDBA1|XLDPP|XLEPP|XLSA,5'-aminolevulinate synthase 2,curated,"literature, yeast mito homolog+, Rickettsial homolog, mito protein domain+, coexpression",Matrix,Metabolism > Metals and cofactors > Heme synthesis and processing,5.0,MitoDomain,5.0,,OrthologMitoLowConf,Homolog,
GRPEL2,134266,ENSG00000164284,Q8TAA5,Mt-GrpE#2,"GrpE like 2, mitochondrial",curated,"literature, APEX_matrix, targetP signal+, Rickettsial homolog, mito protein domain+",Matrix,"Protein import, sorting and homeostasis > Protein import and sorting > Import motor | Metabolism > Metals and cofactors > Fe-S cluster biosynthesis",1.0,MitoDomain,3.0,,HomologMitoLowConf,Homolog,0-25ambig
ALDH7A1,501,ENSG00000164904,P49419,ATQ1|EPD|PDE,aldehyde dehydrogenase 7 family member A1,curated,"literature, APEX_matrix, targetP signal, yeast mito homolog, mito protein domain, MS/MS++",Matrix,Metabolism > Amino acid metabolism > Lysine metabolism | Metabolism > Amino acid metabolism > Glycine metabolism | Metabolism > Vitamin metabolism > Choline and betaine metabolism | Metabolism > Vitamin metabolism > Folate and 1-C metabolism | Metabolism > Detoxification > ROS and glutathione metabolism,2.0,SharedDomain,2.0,,HomologMitoHighConf,NoHomolog,50-75pure
HDHD5,27440,ENSG00000069998,Q9BXW7,CECR5,haloacid dehalogenase like hydrolase domain containing 5,curated,"APEX_matrix, targetP signal, yeast mito homolog, mito protein domain, MS/MS++",Matrix,0,2.0,SharedDomain,,,HomologMitoHighConf,NoHomolog,50-75pure
GFER,2671,ENSG00000127554,P55789,ALR|ERV1|HERV1|HPO|HPO1|HPO2|HSS|MMCHD|MPMCD,"growth factor, augmenter of liver regeneration",curated,"literature, GFP, yeast mito homolog++, mito protein domain, coexpression, MS/MS",IMS,"Protein import, sorting and homeostasis > Protein import and sorting > MIA40",,SharedDomain,11.0,,OrthologMitoHighConf,NoHomolog,50-75ambig
IMMP2L,83943,ENSG00000184903,Q96T52,IMMP2L-IT1|IMP2|IMP2-LIKE,inner mitochondrial membrane peptidase subunit 2,curated,"literature, yeast mito homolog++, mito protein domain, coexpression, MS/MS",MIM,"Protein import, sorting and homeostasis > Protein import and sorting > Preprotein cleavage | Protein import, sorting and homeostasis > Protein homeostasis > Proteases",,SharedDomain,19.0,,OrthologMitoHighConf,NoHomolog,50-75ambig
COX4I2,84701,ENSG00000131055,Q96KJ9,COX4|COX4-2|COX4B|COX4L2|COXIV-2|dJ857M17.2,cytochrome c oxidase subunit 4I2,curated,"literature, targetP signal, yeast mito homolog++, mito protein domain+",MIM,OXPHOS > Complex IV > CIV subunits | OXPHOS > OXPHOS subunits,3.0,MitoDomain,,,OrthologMitoHighConf,NoHomolog,0-25ambig
MRPL39,54148,ENSG00000154719,Q9NYK5,C21orf92|L39mt|L5mt|MRP-L5|MRPL5|MSTP003|PRED22|PRED66|RPML5,mitochondrial ribosomal protein L39,curated,"literature, APEX_matrix, targetP signal, Rickettsial homolog, induction, coexpression, MS/MS",Matrix,Mitochondrial central dogma > Translation > Mitochondrial ribosome,3.0,,13.0,1.09,HomologMitoLowConf,Homolog,25-50ambig
AADAT,51166,ENSG00000109576,Q8N5Z0,KAT2|KATII|KYAT2,aminoadipate aminotransferase,curated,"targetP signal, Rickettsial homolog, mito protein domain, coexpression, MS/MS++",Matrix,Metabolism > Amino acid metabolism > Lysine metabolism,3.0,SharedDomain,8.0,,NoMitoHomolog,Homolog,50-75pure
FUNDC2,65991,ENSG00000165775,Q9BWH2,DC44|HCBP6|HCC3|PD03104,FUN14 domain containing 2,curated,"mito protein domain+, MS/MS++",MOM,Mitochondrial dynamics and surveillance > Organelle contact sites | Signaling,4.0,MitoDomain,0.0,0.27,NoMitoHomolog,NoHomolog,75-100pure
LYPLA1,10434,ENSG00000120992,O75608,APT-1|APT1|LPL-I|LPL1|hAPT1,lysophospholipase 1,curated,"Rickettsial homolog, mito protein domain, coexpression, MS/MS++",unknown,Metabolism > Lipid metabolism | Signaling,4.0,SharedDomain,9.0,,NoMitoHomolog,Homolog,75-100pure
PDHA2,5161,ENSG00000163114,P29803,PDHAL,pyruvate dehydrogenase E1 subunit alpha 2,curated,"targetP signal+, yeast mito homolog+, Rickettsial homolog, mito protein domain+",Matrix,Metabolism > Carbohydrate metabolism > Pyruvate metabolism,1.0,MitoDomain,,,OrthologMitoLowConf,Homolog,
MTRF1L,54516,ENSG00000112031,Q9UGC7,HMRF1L|MRF1L|mtRF1a,mitochondrial translational release factor 1 like,curated,"literature, targetP signal+, yeast mito homolog+, Rickettsial homolog, mito protein domain",Matrix,Mitochondrial central dogma > Translation > Translation factors,1.0,SharedDomain,4.0,,OrthologMitoLowConf,Homolog,0-25ambig
GTPBP3,84705,ENSG00000130299,Q969Y2,COXPD23|GTPBG3|MSS1|MTGP1|THDF1,"GTP binding protein 3, mitochondrial",curated,"literature, APEX_matrix, targetP signal+, yeast mito homolog+, Rickettsial homolog, mito protein domain",Matrix,Mitochondrial central dogma > mtRNA metabolism > mt-tRNA modifications | Metabolism > Vitamin metabolism > Folate and 1-C metabolism,1.0,SharedDomain,4.0,,OrthologMitoLowConf,Homolog,0-25ambig
MTHFD2L,441024,ENSG00000163738,Q9H903,-,methylenetetrahydrofolate dehydrogenase (NADP+ dependent) 2 like,curated,"literature, targetP signal+, yeast mito homolog+, Rickettsial homolog, mito protein domain",Matrix,Metabolism > Vitamin metabolism > Folate and 1-C metabolism,1.0,SharedDomain,1.0,,OrthologMitoLowConf,Homolog,0-25ambig
YME1L1,10730,ENSG00000136758,Q96TA2,FTSH|MEG4|OPA11|PAMP|YME1L,YME1 like 1 ATPase,curated,"literature, APEX_IMS, Rickettsial homolog, mito protein domain+, MS/MS+",MIM,"Protein import, sorting and homeostasis > Protein homeostasis > Proteases",5.0,MitoDomain,4.0,,HomologMitoLowConf,Homolog,25-50pure
ACOT2,10965,ENSG00000119673,P49753,CTE-IA|CTE1A|MTE1|PTE2|PTE2A|ZAP128,acyl-CoA thioesterase 2,curated,"literature, mito protein domain, induction, coexpression, MS/MS++",Matrix,Metabolism > Lipid metabolism,4.0,SharedDomain,8.0,1.24,NoMitoHomolog,NoHomolog,50-75pure
COA8,84334,ENSG00000256053,Q96IL0,APOP|APOP1|APOPT1|C14orf153,cytochrome c oxidase assembly factor 8,curated,"literature, targetP signal, mito protein domain+, coexpression+",MIM,OXPHOS > Complex IV > CIV assembly factors | OXPHOS > OXPHOS assembly factors,2.0,MitoDomain,32.0,,NoMitoHomolog,NoHomolog,0-25ambig
MMAB,326625,ENSG00000139428,Q96EY8,ATR|CFAP23|cblB|cob,metabolism of cobalamin associated B,curated,"APEX_matrix, GFP, targetP signal, coexpression, MS/MS++",Matrix,Metabolism > Vitamin metabolism > Vitamin B12 metabolism,2.0,,29.0,,NoMitoHomolog,NoHomolog,50-75pure
PPOX,5498,ENSG00000143224,P50336,PPO|V290M|VP,protoporphyrinogen oxidase,curated,"literature, APEX_matrix, yeast mito homolog++, mito protein domain, coexpression, MS/MS",MIM,Metabolism > Metals and cofactors > Heme synthesis and processing,4.0,SharedDomain,6.0,,OrthologMitoHighConf,NoHomolog,25-50ambig
ABCD3,5825,ENSG00000117528,P28288,ABC43|CBAS5|PMP70|PXMP1|ZWS2,ATP binding cassette subfamily D member 3,curated,"GFP, targetP signal, Rickettsial homolog, mito protein domain, induction, coexpression",Membrane,Small molecule transport > ABC transporters,2.0,SharedDomain,12.0,1.36,NoMitoHomolog,Homolog,50-75crude
SIRT3,23410,ENSG00000142082,Q9NTG7,SIR2L3,sirtuin 3,curated,"literature, APEX_matrix, mito protein domain, induction, coexpression, MS/MS+",Matrix,Metabolism > Metals and cofactors > NAD biosynthesis and metabolism | Signaling,4.0,SharedDomain,18.0,1.81,NoMitoHomolog,NoHomolog,25-50pure
LDHD,197257,ENSG00000166816,Q86WU2,DLACD|DLD,lactate dehydrogenase D,curated,"literature, yeast mito homolog+, mito protein domain, MS/MS++",MIM,Metabolism > Carbohydrate metabolism,5.0,SharedDomain,4.0,,OrthologMitoLowConf,NoHomolog,50-75pure
MRPL45,84311,ENSG00000277936|ENSG00000278845,B4DEF8,L45mt|MRP-L45,mitochondrial ribosomal protein L45,curated,"literature, APEX_matrix, mito protein domain, induction, coexpression, MS/MS+",Matrix,Mitochondrial central dogma > Translation > Mitochondrial ribosome,4.0,SharedDomain,26.0,1.2,NoMitoHomolog,NoHomolog,25-50pure
IMMP1L,196294,ENSG00000148950,Q96LU5,IMMP1|IMP1|IMP1-LIKE,inner mitochondrial membrane peptidase subunit 1,curated,"literature, yeast mito homolog++, Rickettsial homolog, mito protein domain, MS/MS",MIM,"Protein import, sorting and homeostasis > Protein import and sorting > Preprotein cleavage | Protein import, sorting and homeostasis > Protein homeostasis > Proteases",,SharedDomain,,,OrthologMitoHighConf,Ortholog,25-50ambig
POLG,5428,ENSG00000140521,P54098,MDP1|MIRAS|MTDPS4A|MTDPS4B|PEO|POLG1|POLGA|SANDO|SCAE,"DNA polymerase gamma, catalytic subunit",curated,"literature, APEX_matrix, targetP signal, yeast mito homolog++, mito protein domain, MS/MS",Matrix,Mitochondrial central dogma > mtDNA maintenance > mtDNA replication | Mitochondrial central dogma > mtDNA maintenance > mtDNA nucleoid | Mitochondrial central dogma > mtDNA maintenance > mtDNA repair,2.0,SharedDomain,1.0,,OrthologMitoHighConf,NoHomolog,25-50ambig
ATPAF1,64756,ENSG00000123472,Q5TC12,ATP11|ATP11p,ATP synthase mitochondrial F1 complex assembly factor 1,curated,"literature, APEX_matrix, yeast mito homolog++, mito protein domain+, MS/MS",Matrix,OXPHOS > Complex V > CV assembly factors | OXPHOS > OXPHOS assembly factors,,MitoDomain,,,OrthologMitoHighConf,NoHomolog,25-50ambig
BLOC1S1,2647,ENSG00000135441,P78537,BLOS1|BORCS1|GCN5L1|MICoA|RT14,biogenesis of lysosomal organelles complex 1 subunit 1,curated,"mito protein domain, coexpression++, MS/MS",unknown,Signaling,4.0,SharedDomain,40.0,,NoMitoHomolog,NoHomolog,50-75ambig
ALDH1L2,160428,ENSG00000136010,Q3SY69,mtFDH,aldehyde dehydrogenase 1 family member L2,curated,"literature, APEX_matrix, targetP signal, Rickettsial homolog, mito protein domain, coexpression, MS/MS",Matrix,Metabolism > Vitamin metabolism > Folate and 1-C metabolism,2.0,SharedDomain,5.0,,HomologMitoLowConf,Homolog,50-75ambig
COX18,285521,ENSG00000163626,Q8N8Q8,COX18HS,cytochrome c oxidase assembly factor COX18,curated,"literature, targetP signal, yeast mito homolog+, Rickettsial homolog, mito protein domain, coexpression",MIM,OXPHOS > Complex IV > CIV assembly factors | OXPHOS > OXPHOS assembly factors,2.0,SharedDomain,12.0,,OrthologMitoLowConf,Homolog,
CPOX,1371,ENSG00000080819,P36551,COX|CPO|CPX|HARPO|HCP,coproporphyrinogen oxidase,curated,"literature, APEX_IMS, APEX_matrix, Rickettsial homolog, mito protein domain, coexpression, MS/MS++",MIM,Metabolism > Metals and cofactors > Heme synthesis and processing,,SharedDomain,5.0,-0.18,NoMitoHomolog,Ortholog,50-75pure
NNT,23530,ENSG00000112992,Q13423,GCCD4,nicotinamide nucleotide transhydrogenase,curated,"literature, APEX_matrix, Rickettsial homolog, mito protein domain, induction, coexpression, MS/MS+",MIM,Metabolism > Metals and cofactors > NAD biosynthesis and metabolism,5.0,SharedDomain,5.0,0.57,NoMitoHomolog,Homolog,25-50pure
NDUFAF8,284184,ENSG00000224877,A1L188,C17orf89|MC1DN34,NADH:ubiquinone oxidoreductase complex assembly factor 8,curated,"targetP signal, induction, coexpression+, MS/MS",IMS,OXPHOS > Complex I > CI assembly factors | OXPHOS > OXPHOS assembly factors,2.0,,37.0,1.29,NoMitoHomolog,NoHomolog,25-50ambig
ATP23,91419,ENSG00000166896|ENSG00000262145,Q9Y6H3,KUB3|XRCC6BP1,ATP23 metallopeptidase and ATP synthase assembly factor homolog,curated,"yeast mito homolog++, mito protein domain+, coexpression",IMS,"Protein import, sorting and homeostasis > Protein homeostasis > Proteases",,MitoDomain,5.0,,OrthologMitoHighConf,NoHomolog,0-25ambig
DCAKD,79877,ENSG00000172992,Q8WVC6,-,dephospho-CoA kinase domain containing,curated,"GFP, yeast mito homolog, Rickettsial homolog, mito protein domain, coexpression, MS/MS",Membrane,0,,SharedDomain,6.0,-0.33,HomologMitoHighConf,Ortholog,50-75ambig
ATP5MF,9551,ENSG00000241468,P56134,ATP5J2|ATP5JL,ATP synthase membrane subunit f,curated,"literature, coexpression++, MS/MS++",MIM,OXPHOS > Complex V > CV subunits | OXPHOS > OXPHOS subunits,,,49.0,,NoMitoHomolog,NoHomolog,50-75pure
SFXN3,81855,ENSG00000107819,Q9BWM7,BA108L7.2|SFX3|SLC56A3,sideroflexin 3,curated,"mito protein domain+, MS/MS++",MIM,Metabolism > Amino acid metabolism > Serine metabolism | Metabolism > Vitamin metabolism > Folate and 1-C metabolism | Small molecule transport > Sideroflexins,,MitoDomain,0.0,-0.38,HomologMitoLowConf,NoHomolog,75-100pure
AASS,10157,ENSG00000008311,Q9UDR5,LKR/SDH|LKRSDH|LORSDH,aminoadipate-semialdehyde synthase,curated,"APEX_matrix, targetP signal, mito protein domain, coexpression, MS/MS++",Matrix,Metabolism > Amino acid metabolism > Lysine metabolism,3.0,SharedDomain,10.0,,NoMitoHomolog,NoHomolog,75-100pure
DIABLO,56616,ENSG00000184047,Q9NR28,DFNA64|SMAC,diablo IAP-binding mitochondrial protein,curated,"literature, APEX_IMS, targetP signal+, mito protein domain+, MS/MS",IMS,Mitochondrial dynamics and surveillance > Apoptosis,1.0,MitoDomain,1.0,,NoMitoHomolog,NoHomolog,50-75ambig
COX8C,341947,ENSG00000187581|ENSG00000277018,Q7Z4L0,COX8-3,cytochrome c oxidase subunit 8C,curated,"literature, targetP signal+, mito protein domain+, MS/MS",MIM,OXPHOS > Complex IV > CIV subunits | OXPHOS > OXPHOS subunits,1.0,MitoDomain,2.0,,NoMitoHomolog,NoHomolog,50-75ambig
PXMP2,5827,ENSG00000176894,Q9NR77,MPV17L3|PMP22,peroxisomal membrane protein 2,curated,"GFP, targetP signal, yeast mito homolog+, mito protein domain, induction",MIM,0,2.0,SharedDomain,4.0,0.64,OrthologMitoLowConf,NoHomolog,50-75crude
AGXT2,64902,ENSG00000113492,Q9BYV1,AGT2|BAIBA|DAIBAT,alanine--glyoxylate aminotransferase 2,curated,"literature, yeast mito homolog++, mito protein domain, MS/MS+",Matrix,Metabolism > Amino acid metabolism > Glyoxylate metabolism,4.0,SharedDomain,,,OrthologMitoHighConf,NoHomolog,25-50pure
GLS2,27165,ENSG00000135423,Q9UI32,GA|GLS|LGA|hLGA,glutaminase 2,curated,"targetP signal, mito protein domain+, MS/MS++",Matrix,Metabolism > Amino acid metabolism > Glutamate metabolism,3.0,MitoDomain,2.0,,NoMitoHomolog,NoHomolog,50-75pure
APOO,79135,ENSG00000184831,Q9BUR5,FAM121B|MIC26|MICOS26|Mic23|My025,apolipoprotein O,curated,"literature, APEX_IMS, mito protein domain+, MS/MS++",MIM,Mitochondrial dynamics and surveillance > Cristae formation > MICOS complex,4.0,MitoDomain,,,NoMitoHomolog,NoHomolog,75-100pure
ACAD11,84129,ENSG00000240303,Q709F0,ACAD-11,acyl-CoA dehydrogenase family member 11,curated,"mito protein domain+, induction, coexpression",MIM,Metabolism > Lipid metabolism > Fatty acid oxidation,,MitoDomain,25.0,2.12,NoMitoHomolog,NoHomolog,75-100crude
C5orf63,401207,ENSG00000164241,A6NC05,YDR286C,chromosome 5 open reading frame 63,curated,"targetP signal+, coexpression+, MS/MS",Matrix,0,1.0,,38.0,,NoMitoHomolog,NoHomolog,50-75ambig
HOGA1,112817,ENSG00000241935,Q86XE5,C10orf65|DHDPS2|DHDPSL|HP3|NPL2,4-hydroxy-2-oxoglutarate aldolase 1,curated,"GFP, targetP signal, Rickettsial homolog, mito protein domain, coexpression, MS/MS",Matrix,Metabolism > Amino acid metabolism > Glyoxylate metabolism,2.0,SharedDomain,11.0,,NoMitoHomolog,Homolog,50-75ambig
TTC19,54902,ENSG00000011295,Q6DKK2,2010204O13Rik|MC3DN2,tetratricopeptide repeat domain 19,curated,"literature, APEX_IMS, targetP signal+, mito protein domain, induction, MS/MS+",MIM,OXPHOS > Complex III > CIII assembly factors | OXPHOS > OXPHOS assembly factors,1.0,SharedDomain,2.0,1.39,NoMitoHomolog,NoHomolog,25-50pure
NGRN,51335,ENSG00000182768,Q9NPE2,DSC92,"neugrin, neurite outgrowth associated",curated,"APEX_matrix, yeast mito homolog++, mito protein domain+, coexpression",Matrix,Mitochondrial central dogma > mtRNA metabolism > mt-rRNA modifications | Mitochondrial central dogma > Translation > Mitochondrial ribosome assembly,5.0,MitoDomain,6.0,,OrthologMitoHighConf,NoHomolog,
TCAIM,285343,ENSG00000179152,Q8N3R3,C3orf23|TOAG-1|TOAG1,"T cell activation inhibitor, mitochondrial",curated,"literature, APEX_matrix, targetP signal, mito protein domain+, coexpression++",Matrix,0,3.0,MitoDomain,41.0,,NoMitoHomolog,NoHomolog,
GCSH,2653,ENSG00000140905,P23434,GCE|NKH,glycine cleavage system protein H,curated,"literature, APEX_matrix, targetP signal, yeast mito homolog, mito protein domain+, MS/MS",Matrix,Metabolism > Lipid metabolism > Lipoate insertion | Metabolism > Amino acid metabolism > Glycine metabolism | Metabolism > Amino acid metabolism > Glycine cleavage system,2.0,MitoDomain,,,HomologMitoHighConf,NoHomolog,0-25pure
SIRT5,23408,ENSG00000124523,Q9NXA8,SIR2L5,sirtuin 5,curated,"literature, APEX_matrix, Rickettsial homolog, mito protein domain, induction, coexpression, MS/MS",Matrix,Metabolism > Metals and cofactors > NAD biosynthesis and metabolism,4.0,SharedDomain,10.0,0.81,NoMitoHomolog,Homolog,25-50ambig
GPT2,84706,ENSG00000166123,Q8TD30,ALT2|GPT 2|MRT49,glutamic--pyruvic transaminase 2,curated,"APEX_matrix, targetP signal, Rickettsial homolog, mito protein domain, MS/MS++",Matrix,Metabolism > Amino acid metabolism > Glutamate metabolism,2.0,SharedDomain,1.0,,NoMitoHomolog,Homolog,50-75pure
TOMM6,100188893,ENSG00000214736,Q96B49,OBTP|TOM6,translocase of outer mitochondrial membrane 6,curated,"GFP, mito protein domain+, coexpression, MS/MS+",MOM,"Protein import, sorting and homeostasis > Protein import and sorting > TOM",,MitoDomain,20.0,,NoMitoHomolog,NoHomolog,75-100ambig
FAM162A,26355,ENSG00000114023,Q96A26,C3orf28|E2IG5|HGTD-P,family with sequence similarity 162 member A,curated,"APEX_IMS, APEX_matrix, targetP signal, induction, coexpression, MS/MS++",MIM,0,3.0,,5.0,0.61,NoMitoHomolog,NoHomolog,50-75pure
ABCB6,10058,ENSG00000115657,Q9NP58,ABC|LAN|MTABC3|PRP|umat,ATP binding cassette subfamily B member 6 (Langereis blood group),curated,"literature, yeast mito homolog+, Rickettsial homolog, mito protein domain, coexpression, MS/MS",MOM,Metabolism > Metals and cofactors > Heme synthesis and processing | Small molecule transport > ABC transporters,,SharedDomain,7.0,0.32,OrthologMitoLowConf,Homolog,25-50ambig
MACROD1,28992,ENSG00000133315,Q9BQ69,LRP16,mono-ADP ribosylhydrolase 1,curated,"APEX_matrix, targetP signal+, coexpression, MS/MS++",Matrix,Signaling,1.0,NonMitoDomain,10.0,0.49,NoMitoHomolog,NoHomolog,50-75pure
TST,7263,ENSG00000128311,Q16762,RDS,thiosulfate sulfurtransferase,curated,"literature, APEX_matrix, Rickettsial homolog, mito protein domain, coexpression, MS/MS++",Matrix,Metabolism > Detoxification > Xenobiotic metabolism | Metabolism > Sulfur metabolism,,SharedDomain,9.0,,NoMitoHomolog,Ortholog,50-75pure
MT-CO1,4512,ENSG00000198804,P00395,COI|MTCO1,cytochrome c oxidase subunit I,curated,"literature, APEX_IMS, yeast mito homolog++, Rickettsial homolog, mito protein domain, MS/MS",MIM,OXPHOS > Complex IV > CIV subunits | Metabolism > Metals and cofactors > Heme-containing proteins | OXPHOS > OXPHOS subunits,,SharedDomain,,,OrthologMitoHighConf,Ortholog,0-25pure
MTFR1L,56181,ENSG00000117640,Q9H019,FAM54B|HYST1888|MST116|MSTP116,mitochondrial fission regulator 1 like,curated,"mito protein domain+, induction, coexpression, MS/MS",unknown,0,,MitoDomain,11.0,0.73,NoMitoHomolog,NoHomolog,25-50ambig
SDR39U1,56948,ENSG00000100445,Q9NRG7,C14orf124|HCDI,short chain dehydrogenase/reductase family 39U member 1,curated,"mito protein domain, coexpression, MS/MS++",unknown,0,4.0,SharedDomain,26.0,,NoMitoHomolog,NoHomolog,50-75pure
DMGDH,29958,ENSG00000132837,Q9UI17,DMGDHD|ME2GLYDH,dimethylglycine dehydrogenase,curated,"literature, targetP signal, mito protein domain, MS/MS++",Matrix,Metabolism > Amino acid metabolism > Glycine metabolism | Metabolism > Vitamin metabolism > Choline and betaine metabolism | Metabolism > Vitamin metabolism > Folate and 1-C metabolism,2.0,SharedDomain,2.0,,HomologMitoLowConf,NoHomolog,75-100pure
SLC25A14,9016,ENSG00000102078,O95258,BMCP1|UCP5,solute carrier family 25 member 14,curated,"literature, yeast mito homolog+, mito protein domain+, MS/MS",MIM,Metabolism > Sulfur metabolism | Small molecule transport > SLC25A family,,MitoDomain,1.0,,OrthologMitoLowConf,NoHomolog,50-75ambig
PRELID3A,10650,ENSG00000141391,Q96N28,C18orf43|HFL-EDDG1|SLMO1,PRELI domain containing 3A,curated,"yeast mito homolog+, mito protein domain+, MS/MS",IMS,Metabolism > Lipid metabolism > Cardiolipin synthesis | Metabolism > Lipid metabolism > Phospholipid metabolism,,MitoDomain,1.0,,OrthologMitoLowConf,NoHomolog,50-75ambig
CHCHD5,84269,ENSG00000125611,Q9BSY4,C2orf9|CHTM1|MIC14|MIX14,coiled-coil-helix-coiled-coil-helix domain containing 5,curated,"APEX_IMS, yeast mito homolog++, mito protein domain, coexpression, MS/MS",IMS,0,,SharedDomain,5.0,,OrthologMitoHighConf,NoHomolog,50-75ambig
TOMM70,9868,ENSG00000154174,O94826,TOMM70A|Tom70,translocase of outer mitochondrial membrane 70,curated,"literature, yeast mito homolog+, mito protein domain, induction, coexpression",MOM,"Protein import, sorting and homeostasis > Protein import and sorting > TOM",,SharedDomain,11.0,0.68,OrthologMitoLowConf,NoHomolog,75-100crude
NIT1,4817,ENSG00000158793,Q86X76,-,nitrilase 1,curated,"APEX_matrix, targetP signal, mito protein domain, coexpression, MS/MS++",Matrix,Metabolism > Detoxification > ROS and glutathione metabolism,3.0,SharedDomain,12.0,,NoMitoHomolog,NoHomolog,50-75pure
FAHD1,81889,ENSG00000180185,Q6P587,C16orf36|YISKL,fumarylacetoacetate hydrolase domain containing 1,curated,"literature, APEX_matrix, mito protein domain, coexpression, MS/MS++",Matrix,Metabolism > Carbohydrate metabolism > TCA-associated,5.0,SharedDomain,9.0,,HomologMitoLowConf,NoHomolog,75-100pure
MCU,90550,ENSG00000156026,Q8NE86,C10orf42|CCDC109A|HsMCU,mitochondrial calcium uniporter,curated,"literature, GFP, mito protein domain+, MS/MS++",MIM,Signaling > Calcium homeostasis > Calcium cycle | Small molecule transport > Calcium uniporter,4.0,MitoDomain,2.0,,NoMitoHomolog,NoHomolog,50-75pure
CYP27A1,1593,ENSG00000135929,Q02318,CP27|CTX|CYP27,cytochrome P450 family 27 subfamily A member 1,curated,"literature, targetP signal+, mito protein domain, MS/MS++",MIM,"Metabolism > Lipid metabolism > Cholesterol, bile acid, steroid synthesis | Metabolism > Metals and cofactors > Heme-containing proteins",1.0,SharedDomain,2.0,,NoMitoHomolog,NoHomolog,50-75pure
MT-ND2,4536,ENSG00000198763,P03891,MTND2,MTND2,curated,"literature, Rickettsial homolog, mito protein domain+, MS/MS+",MIM,OXPHOS > Complex I > CI subunits | OXPHOS > OXPHOS subunits,,MitoDomain,,,NoMitoHomolog,Ortholog,25-50pure
MT-ND4,4538,ENSG00000198886,P03905,MTND4,"NADH dehydrogenase, subunit 4 (complex I)",curated,"literature, APEX_IMS, APEX_matrix, Rickettsial homolog, mito protein domain+, MS/MS+",MIM,OXPHOS > Complex I > CI subunits | OXPHOS > OXPHOS subunits,,MitoDomain,,,NoMitoHomolog,Ortholog,25-50pure
MT-ND5,4540,ENSG00000198786,P03915,MTND5,"NADH dehydrogenase, subunit 5 (complex I)",curated,"literature, APEX_IMS, APEX_matrix, Rickettsial homolog, mito protein domain+, MS/MS+",MIM,OXPHOS > Complex I > CI subunits | OXPHOS > OXPHOS subunits,,MitoDomain,,,NoMitoHomolog,Ortholog,25-50pure
DELE1,9812,ENSG00000081791,Q14154,DELE|DELE1(L)|KIAA0141,DAP3 binding cell death enhancer 1,curated,"targetP signal+, mito protein domain, induction, coexpression",MIM,Signaling,1.0,SharedDomain,26.0,1.74,NoMitoHomolog,NoHomolog,
FASTKD1,79675,ENSG00000138399,Q53R41,-,FAST kinase domains 1,curated,"APEX_matrix, induction, coexpression++",Matrix,Mitochondrial central dogma > mtRNA metabolism > mtRNA granules | Mitochondrial central dogma > mtRNA metabolism > Polycistronic mtRNA processing | Mitochondrial central dogma > mtRNA metabolism > mtRNA stability and decay,5.0,,42.0,2.7,NoMitoHomolog,NoHomolog,0-25ambig
MRPS31,10240,ENSG00000102738,Q92665,IMOGN38|MRP-S31|S31mt,mitochondrial ribosomal protein S31,curated,"literature, APEX_matrix, targetP signal, induction, coexpression, MS/MS",Matrix,Mitochondrial central dogma > Translation > Mitochondrial ribosome,2.0,,18.0,0.96,NoMitoHomolog,NoHomolog,50-75ambig
ALDH1L1,10840,ENSG00000144908,O75891,10-FTHFDH|10-fTHF|FDH|FTHFD,aldehyde dehydrogenase 1 family member L1,curated,"APEX_matrix, Rickettsial homolog, mito protein domain, induction, coexpression, MS/MS",Matrix,Metabolism > Vitamin metabolism > Folate and 1-C metabolism,,SharedDomain,7.0,0.71,HomologMitoLowConf,Homolog,50-75ambig
PTCD1,26024,ENSG00000106246,O75127,-,pentatricopeptide repeat domain 1,curated,"targetP signal+, mito protein domain+, coexpression",Matrix,Mitochondrial central dogma > mtRNA metabolism > mtRNA granules,1.0,MitoDomain,5.0,,NoMitoHomolog,NoHomolog,0-25ambig
HADHB,3032,ENSG00000138029,P55084,ECHB|MSTP029|MTPB|TP-BETA,hydroxyacyl-CoA dehydrogenase trifunctional multienzyme complex subunit beta,curated,"literature, targetP signal, Rickettsial homolog, mito protein domain, MS/MS++",MIM,Metabolism > Carbohydrate metabolism > Ketone metabolism | Metabolism > Lipid metabolism > Fatty acid oxidation | Metabolism > Amino acid metabolism > Lysine metabolism,3.0,SharedDomain,,,NoMitoHomolog,Homolog,75-100pure
TRIT1,54802,ENSG00000043514,Q9H3H1,COXPD35|GRO1|IPPT|IPT|IPTase|MOD5|hGRO1,tRNA isopentenyltransferase 1,curated,"literature, APEX_matrix, targetP signal, yeast mito homolog, Rickettsial homolog, mito protein domain, coexpression",Matrix,Mitochondrial central dogma > mtRNA metabolism > mt-tRNA modifications | Mitochondrial central dogma > mtRNA metabolism > mt-rRNA modifications,3.0,SharedDomain,6.0,,HomologMitoHighConf,Ortholog,0-25ambig
CRLS1,54675,ENSG00000088766,Q9UJA2,C20orf155|CLS|CLS1|GCD10|dJ967N21.6,cardiolipin synthase 1,curated,"literature, targetP signal, yeast mito homolog, Rickettsial homolog, mito protein domain, coexpression",MIM,Metabolism > Lipid metabolism > Cardiolipin synthesis,2.0,SharedDomain,20.0,,HomologMitoHighConf,Homolog,
GLYCTK,132158,ENSG00000168237,Q8IVS8,HBEBP2|HBEBP4|HBeAgBP4A,glycerate kinase,curated,"targetP signal+, coexpression, MS/MS+",Matrix,Metabolism > Carbohydrate metabolism,1.0,,12.0,,NoMitoHomolog,NoHomolog,25-50pure
SLC25A32,81034,ENSG00000164933,Q9H2D1,MFT|MFTC|RREI,solute carrier family 25 member 32,curated,"literature, targetP signal, yeast mito homolog+, mito protein domain+",MIM,Metabolism > Vitamin metabolism > Vitamin B2 metabolism | Metabolism > Vitamin metabolism > Folate and 1-C metabolism | Small molecule transport > SLC25A family,3.0,MitoDomain,3.0,,OrthologMitoLowConf,NoHomolog,0-25ambig
AARS2,57505,ENSG00000124608,Q5JTZ9,AARSL|COXPD8|LKENP|MT-ALARS|MTALARS,"alanyl-tRNA synthetase 2, mitochondrial",curated,"literature, APEX_matrix, targetP signal+, Rickettsial homolog, mito protein domain, MS/MS",Matrix,Mitochondrial central dogma > Translation > mt-tRNA synthetases,1.0,SharedDomain,3.0,,HomologMitoLowConf,Homolog,25-50ambig
EXOG,9941,ENSG00000157036,Q9Y2C4,ENDOGL1|ENDOGL2|ENGL|ENGL-a|ENGL-b|ENGLA|ENGLB,exo/endonuclease G,curated,"APEX_IMS, targetP signal, mito protein domain, MS/MS++",MIM,Mitochondrial central dogma > mtDNA maintenance > mtDNA replication | Mitochondrial central dogma > mtDNA maintenance > mtDNA repair | Mitochondrial central dogma > mtDNA maintenance > mtDNA stability and decay,2.0,SharedDomain,4.0,,HomologMitoLowConf,NoHomolog,50-75pure
CHCHD2,51142,ENSG00000106153,Q9Y6H1,C7orf17|MIX17B|MNRR1|NS2TP|PARK22,coiled-coil-helix-coiled-coil-helix domain containing 2,curated,"APEX_IMS, targetP signal, yeast mito homolog+, mito protein domain, coexpression",IMS,Mitochondrial dynamics and surveillance > Apoptosis,2.0,SharedDomain,25.0,,OrthologMitoLowConf,NoHomolog,
KMO,8564,ENSG00000117009,O15229,dJ317G22.1,kynurenine 3-monooxygenase,curated,"yeast mito homolog, Rickettsial homolog, mito protein domain, MS/MS++",MOM,Metabolism > Amino acid metabolism > Kynurenine metabolism | Metabolism > Metals and cofactors > NAD biosynthesis and metabolism,,SharedDomain,3.0,,HomologMitoHighConf,Homolog,50-75pure
SFXN5,94097,ENSG00000144040,Q8TD22,BBG-TCC|SLC56A5,sideroflexin 5,curated,"literature, mito protein domain+, MS/MS++",MIM,Metabolism > Carbohydrate metabolism > TCA-associated | Small molecule transport > Sideroflexins,,MitoDomain,2.0,,HomologMitoLowConf,NoHomolog,50-75pure
ELAC2,60528,ENSG00000006744,Q9BQ52,COXPD17|ELC2|HPC2,elaC ribonuclease Z 2,curated,"APEX_matrix, GFP, targetP signal, Rickettsial homolog, mito protein domain, MS/MS",Matrix,Mitochondrial central dogma > mtRNA metabolism > Polycistronic mtRNA processing,2.0,SharedDomain,4.0,,HomologMitoLowConf,Ortholog,25-50ambig
GPX1,2876,ENSG00000233276,P07203,GPXD|GSHPX1,glutathione peroxidase 1,curated,"literature, APEX_matrix, targetP signal, mito protein domain, coexpression, MS/MS+",Matrix,Metabolism > Detoxification > ROS and glutathione metabolism | Metabolism > Detoxification > Selenoproteins,3.0,SharedDomain,11.0,,HomologMitoLowConf,NoHomolog,75-100ambig
CPT1B,1375,ENSG00000205560,Q92523,CPT1-M|CPT1M|CPTI|CPTI-M|M-CPT1|MCCPT1|MCPT1,carnitine palmitoyltransferase 1B,curated,"literature, yeast mito homolog+, mito protein domain, MS/MS++",MOM,Metabolism > Lipid metabolism > Fatty acid oxidation | Metabolism > Metals and cofactors > Carnitine synthesis and transport | Metabolism > Metals and cofactors > Carnitine shuttle,,SharedDomain,,,OrthologMitoLowConf,NoHomolog,50-75pure
FIS1,51024,ENSG00000214253,Q9Y3D6,CGI-135|TTC11,"fission, mitochondrial 1",curated,"literature, yeast mito homolog++, mito protein domain+",MOM,Mitochondrial dynamics and surveillance > Fission,,MitoDomain,1.0,,OrthologMitoHighConf,NoHomolog,75-100crude
PRELID1,27166,ENSG00000169230,Q9Y255,CGI-106|PRELI|PX19|SBBI12,PRELI domain containing 1,curated,"literature, APEX_IMS, GFP, targetP signal, yeast mito homolog++, mito protein domain+",IMS,Metabolism > Lipid metabolism > Cardiolipin synthesis | Metabolism > Lipid metabolism > Phospholipid metabolism,3.0,MitoDomain,,,OrthologMitoHighConf,NoHomolog,
UCP3,7352,ENSG00000175564,P55916,SLC25A9,uncoupling protein 3,curated,"literature, yeast mito homolog+, mito protein domain+, MS/MS",MIM,Small molecule transport > SLC25A family,,MitoDomain,1.0,,OrthologMitoLowConf,NoHomolog,25-50ambig
SLC25A27,9481,ENSG00000153291,O95847,UCP4,solute carrier family 25 member 27,curated,"literature, yeast mito homolog+, mito protein domain+, MS/MS",MIM,Small molecule transport > SLC25A family,,MitoDomain,1.0,,OrthologMitoLowConf,NoHomolog,25-50ambig
SLC25A40,55972,ENSG00000075303,Q8TBP6,MCFP,solute carrier family 25 member 40,curated,"literature, yeast mito homolog+, mito protein domain+, MS/MS",MIM,Small molecule transport > SLC25A family,,MitoDomain,1.0,,OrthologMitoLowConf,NoHomolog,25-50ambig
SLC25A23,79085,ENSG00000125648,Q9BV35,APC2|MCSC2|SCaMC-3,solute carrier family 25 member 23,curated,"literature, yeast mito homolog+, mito protein domain+, MS/MS",MIM,Metabolism > Nucleotide metabolism > Nucleotide import | Signaling > Calcium homeostasis > EF hand proteins | Small molecule transport > SLC25A family,,MitoDomain,1.0,,OrthologMitoLowConf,NoHomolog,25-50ambig
HEMK1,51409,ENSG00000114735,Q9Y5R4,HEMK|MPRMC|MTQ1,HemK methyltransferase family member 1,curated,"GFP, targetP signal, yeast mito homolog, Rickettsial homolog, mito protein domain+",Matrix,Mitochondrial central dogma > Translation > Translation factors,2.0,MitoDomain,4.0,,HomologMitoHighConf,Homolog,
SLC25A36,55186,ENSG00000114120,Q96CQ1,PNC2,solute carrier family 25 member 36,curated,"GFP, yeast mito homolog+, mito protein domain+, coexpression",MIM,Metabolism > Nucleotide metabolism > Nucleotide import | Small molecule transport > SLC25A family,,MitoDomain,8.0,,OrthologMitoLowConf,NoHomolog,0-25ambig
OMA1,115209,ENSG00000162600,Q96E52,2010001O09Rik|DAB1|MPRP-1|MPRP1|YKR087C|ZMPOMA1|peptidase,OMA1 zinc metallopeptidase,curated,"APEX_IMS, GFP, targetP signal+, yeast mito homolog++, coexpression",MIM,"Protein import, sorting and homeostasis > Protein homeostasis > Proteases | Mitochondrial dynamics and surveillance > Fusion | Mitochondrial dynamics and surveillance > Fission",1.0,NonMitoDomain,8.0,,OrthologMitoHighConf,NoHomolog,0-25ambig
LETM2,137994,ENSG00000165046,Q2VYF4,SLC55A2,leucine zipper and EF-hand containing transmembrane protein 2,curated,"targetP signal, yeast mito homolog+, mito protein domain+",MIM,0,2.0,MitoDomain,0.0,,OrthologMitoLowConf,NoHomolog,
DHRS1,115817,ENSG00000157379|ENSG00000284868,Q96LJ7,SDR19C1,dehydrogenase/reductase 1,curated,"Rickettsial homolog, mito protein domain, MS/MS++",MIM,"Metabolism > Lipid metabolism > Cholesterol, bile acid, steroid synthesis",5.0,SharedDomain,2.0,0.39,NoMitoHomolog,Homolog,75-100pure
STOM,2040,ENSG00000148175,P27105,BND7|EPB7|EPB72,stomatin,curated,"yeast mito homolog+, Rickettsial homolog, mito protein domain, MS/MS",Membrane,0,,SharedDomain,1.0,-0.75,OrthologMitoLowConf,Homolog,50-75ambig
METTL5,29081,ENSG00000138382,Q9NRN9,HSPC133|MRT72,methyltransferase like 5,curated,"Rickettsial homolog, mito protein domain+, induction, coexpression",Matrix,Mitochondrial central dogma > mtRNA metabolism > mt-rRNA modifications,,MitoDomain,8.0,1.01,NoMitoHomolog,Ortholog,
MSRA,4482,ENSG00000175806|ENSG00000285250,Q9UJ68,PMSR,methionine sulfoxide reductase A,curated,"mito protein domain, coexpression, MS/MS++",Matrix,Metabolism > Detoxification > ROS and glutathione metabolism | Metabolism > Sulfur metabolism,5.0,SharedDomain,11.0,,NoMitoHomolog,NoHomolog,50-75pure
NUDT8,254552,ENSG00000167799,Q8WV74,-,nudix hydrolase 8,curated,"APEX_matrix, mito protein domain, coexpression, MS/MS++",Matrix,Metabolism > Metals and cofactors > Coenzyme A metabolism,5.0,SharedDomain,12.0,,NoMitoHomolog,NoHomolog,50-75pure
NMNAT3,349565,ENSG00000163864,Q96T66,FKSG76|PNAT-3|PNAT3,nicotinamide nucleotide adenylyltransferase 3,curated,"literature, mito protein domain, coexpression, MS/MS++",Matrix,Metabolism > Metals and cofactors > NAD biosynthesis and metabolism,5.0,SharedDomain,12.0,,NoMitoHomolog,NoHomolog,50-75pure
SLC25A38,54977,ENSG00000144659,Q96DW6,SIDBA2,solute carrier family 25 member 38,curated,"yeast mito homolog++, mito protein domain+, coexpression",MIM,Metabolism > Amino acid metabolism > Glycine metabolism | Metabolism > Metals and cofactors > Heme synthesis and processing | Metabolism > Vitamin metabolism > Folate and 1-C metabolism | Small molecule transport > SLC25A family,,MitoDomain,5.0,,OrthologMitoHighConf,NoHomolog,
MPV17L2,84769,ENSG00000254858,Q567V2,FKSG24,MPV17 mitochondrial inner membrane protein like 2,curated,"GFP, targetP signal, yeast mito homolog+, mito protein domain, coexpression",MIM,Mitochondrial central dogma > Translation > Mitochondrial ribosome assembly,3.0,SharedDomain,13.0,,OrthologMitoLowConf,NoHomolog,0-25ambig
ACLY,47,ENSG00000131473,P53396,ACL|ATPCL|CLATP,ATP citrate lyase,curated,"APEX_matrix, yeast mito homolog+, Rickettsial homolog, mito protein domain, coexpression",Matrix,Metabolism > Carbohydrate metabolism > TCA-associated,,SharedDomain,10.0,,OrthologMitoLowConf,Homolog,25-50crude
ABCD2,225,ENSG00000173208,Q9UBJ2,ABC39|ALDL1|ALDR|ALDRP|hALDR,ATP binding cassette subfamily D member 2,curated,"targetP signal, Rickettsial homolog, mito protein domain, coexpression, MS/MS+",Membrane,Small molecule transport > ABC transporters,3.0,SharedDomain,5.0,,NoMitoHomolog,Homolog,25-50pure
FLAD1,80308,ENSG00000160688,Q8NFF5,FAD1|FADS|LSMFLAD|PP591,flavin adenine dinucleotide synthetase 1,curated,"APEX_matrix, targetP signal, mito protein domain, induction, coexpression",Matrix,Metabolism > Vitamin metabolism > Vitamin B2 metabolism,2.0,SharedDomain,22.0,0.52,NoMitoHomolog,NoHomolog,0-25ambig
LIPT1,51601,ENSG00000144182,Q9Y234,LIPT1D,lipoyltransferase 1,curated,"GFP, yeast mito homolog++, mito protein domain, coexpression",Matrix,Metabolism > Lipid metabolism > Lipoate insertion,,SharedDomain,20.0,,OrthologMitoHighConf,NoHomolog,0-25ambig
DGLUCY,80017,ENSG00000133943,Q7Z3D6,C14orf159,D-glutamate cyclase,curated,"literature, APEX_matrix, targetP signal, coexpression, MS/MS++",Matrix,Metabolism > Amino acid metabolism,2.0,,5.0,,NoMitoHomolog,NoHomolog,50-75pure
PCK2,5106,ENSG00000100889|ENSG00000285241,Q16822,PEPCK|PEPCK-M|PEPCK2,"phosphoenolpyruvate carboxykinase 2, mitochondrial",curated,"literature, targetP signal, mito protein domain, coexpression, MS/MS++",Matrix,Metabolism > Carbohydrate metabolism > Gluconeogenesis | Metabolism > Carbohydrate metabolism > TCA-associated,3.0,SharedDomain,6.0,,NoMitoHomolog,NoHomolog,50-75pure
NADK2,133686,ENSG00000152620,Q4G0N4,C5orf33|DECRD|MNADK|NADKD1,"NAD kinase 2, mitochondrial",curated,"APEX_matrix, targetP signal, mito protein domain, coexpression, MS/MS++",Matrix,Metabolism > Metals and cofactors > NAD biosynthesis and metabolism,3.0,SharedDomain,5.0,,NoMitoHomolog,NoHomolog,50-75pure
MPST,4357,ENSG00000128309,P25325,MST|TST2|TUM1,mercaptopyruvate sulfurtransferase,curated,"APEX_matrix, mito protein domain, coexpression, MS/MS++",MIM,Metabolism > Detoxification > Xenobiotic metabolism | Metabolism > Sulfur metabolism,4.0,SharedDomain,5.0,,NoMitoHomolog,NoHomolog,75-100pure
NUDT13,25961,ENSG00000166321,Q86X67,-,nudix hydrolase 13,curated,"GFP, targetP signal, mito protein domain, induction, coexpression, MS/MS",Matrix,Metabolism > Metals and cofactors > NAD biosynthesis and metabolism,3.0,SharedDomain,16.0,0.68,NoMitoHomolog,NoHomolog,25-50ambig
ACACA,31,ENSG00000275176|ENSG00000278540,Q13085,ACAC|ACACAD|ACC|ACC1|ACCA,acetyl-CoA carboxylase alpha,curated,"targetP signal, Rickettsial homolog, mito protein domain, coexpression",Matrix,Metabolism > Lipid metabolism > Type II fatty acid synthesis | Metabolism > Vitamin metabolism > Biotin utilizing proteins,2.0,SharedDomain,11.0,,HomologMitoLowConf,Homolog,0-25ambig
ABAT,18,ENSG00000183044,P80404,GABA-AT|GABAT|NPD009,4-aminobutyrate aminotransferase,curated,"literature, APEX_matrix, targetP signal, mito protein domain, MS/MS++",Matrix,Metabolism > Amino acid metabolism > GABA metabolism | Metabolism > Metals and cofactors > Fe-S-containing proteins,2.0,SharedDomain,2.0,,NoMitoHomolog,NoHomolog,75-100pure
HMGCS2,3158,ENSG00000134240,P54868,-,3-hydroxy-3-methylglutaryl-CoA synthase 2,curated,"literature, targetP signal, mito protein domain, MS/MS++",Matrix,Metabolism > Carbohydrate metabolism > Ketone metabolism,2.0,SharedDomain,2.0,,NoMitoHomolog,NoHomolog,75-100pure
ALDH5A1,7915,ENSG00000112294,P51649,SSADH|SSDH,aldehyde dehydrogenase 5 family member A1,curated,"APEX_matrix, targetP signal, mito protein domain, MS/MS++",Matrix,Metabolism > Amino acid metabolism > GABA metabolism,2.0,SharedDomain,3.0,,NoMitoHomolog,NoHomolog,75-100pure
CKMT1A,548596,ENSG00000223572,0,CKMT1|U-MtCK|mia-CK,"creatine kinase, mitochondrial 1A",curated,"literature, targetP signal, mito protein domain, MS/MS++",MIM,Metabolism > Nucleotide metabolism > Creatine metabolism,2.0,SharedDomain,1.0,,NoMitoHomolog,NoHomolog,75-100pure
PISD,23761,ENSG00000241878,Q9UG56,DJ858B16|LIBF|PSD|PSDC|PSSC|dJ858B16.2,phosphatidylserine decarboxylase,curated,"yeast mito homolog++, mito protein domain, MS/MS",MIM,Metabolism > Lipid metabolism > Phospholipid metabolism,4.0,SharedDomain,0.0,,OrthologMitoHighConf,NoHomolog,25-50ambig
NDUFB4,4710,ENSG00000065518,O95168,B15|CI-B15,NADH:ubiquinone oxidoreductase subunit B4,curated,"literature, mito protein domain+, MS/MS++",MIM,OXPHOS > Complex I > CI subunits | OXPHOS > OXPHOS subunits,,MitoDomain,,,NoMitoHomolog,NoHomolog,75-100pure
UQCR11,10975,ENSG00000127540,O14957,0710008D09Rik|QCR10|UQCR,"ubiquinol-cytochrome c reductase, complex III subunit XI",curated,"literature, mito protein domain+, MS/MS++",MIM,OXPHOS > Complex III > CIII subunits | OXPHOS > OXPHOS subunits,,MitoDomain,,,NoMitoHomolog,NoHomolog,75-100pure
FAM136A,84908,ENSG00000035141,Q96C01,-,family with sequence similarity 136 member A,curated,"APEX_IMS, mito protein domain+, MS/MS++",IMS,0,,MitoDomain,,,NoMitoHomolog,NoHomolog,75-100pure
TOMM5,401505,ENSG00000175768,Q8N4H5,C9orf105|Tom5|bA613M10.3,translocase of outer mitochondrial membrane 5,curated,"literature, mito protein domain+, MS/MS++",MOM,"Protein import, sorting and homeostasis > Protein import and sorting > TOM",,MitoDomain,,,NoMitoHomolog,NoHomolog,75-100pure
HTRA2,27429,ENSG00000115317,O43464,MGCA8|OMI|PARK13|PRSS25,HtrA serine peptidase 2,curated,"literature, APEX_IMS, targetP signal, Rickettsial homolog, mito protein domain, MS/MS+",MIM,"Protein import, sorting and homeostasis > Protein homeostasis > Proteases | Mitochondrial dynamics and surveillance > Apoptosis",2.0,SharedDomain,4.0,-0.37,NoMitoHomolog,Homolog,25-50pure
NDUFA1,4694,ENSG00000125356,O15239,CI-MWFE|MC1DN12|MWFE|ZNF183,NADH:ubiquinone oxidoreductase subunit A1,curated,"literature, coexpression+, MS/MS++",MIM,OXPHOS > Complex I > CI subunits | OXPHOS > OXPHOS subunits,,,33.0,,NoMitoHomolog,NoHomolog,75-100pure
MT-CYB,4519,ENSG00000198727,P00156,MTCYB,cytochrome b,curated,"literature, yeast mito homolog++, Rickettsial homolog, mito protein domain",MIM,OXPHOS > Complex III > CIII subunits | Metabolism > Metals and cofactors > Heme-containing proteins | Metabolism > Electron carriers > Cytochromes | OXPHOS > OXPHOS subunits,,SharedDomain,,,OrthologMitoHighConf,Ortholog,0-25ambig
GUK1,2987,ENSG00000143774,Q16774,GMK,guanylate kinase 1,curated,"APEX_matrix, targetP signal, Rickettsial homolog, induction, coexpression, MS/MS",Matrix,Metabolism > Nucleotide metabolism > Nucleotide synthesis and processing,3.0,NonMitoDomain,17.0,0.99,NoMitoHomolog,Homolog,50-75ambig
D2HGDH,728294,ENSG00000180902,Q8N465,D2HGD,D-2-hydroxyglutarate dehydrogenase,curated,"literature, APEX_matrix, targetP signal, yeast mito homolog++, mito protein domain",Matrix,Metabolism > Carbohydrate metabolism > TCA-associated,2.0,SharedDomain,,,OrthologMitoHighConf,NoHomolog,0-25ambig
OPA3,80207,ENSG00000125741,Q9H6K4,MGA3,outer mitochondrial membrane lipid metabolism regulator OPA3,curated,"literature, targetP signal, coexpression, MS/MS++",MOM,0,3.0,,17.0,,NoMitoHomolog,NoHomolog,50-75pure
AKR1B10,57016,ENSG00000198074,O60218,AKR1B11|AKR1B12|ALDRLn|ARL-1|ARL1|HIS|HSI,aldo-keto reductase family 1 member B10,curated,"induction, coexpression, MS/MS++",unknown,Metabolism > Vitamin metabolism > Vitamin A metabolism | Metabolism > Detoxification > Xenobiotic metabolism,,NonMitoDomain,23.0,1.32,NoMitoHomolog,NoHomolog,75-100pure
PHYH,5264,ENSG00000107537,O14832,LN1|LNAP1|PAHX|PHYH1|RD,phytanoyl-CoA 2-hydroxylase,curated,"targetP signal, induction, MS/MS++",Matrix,Metabolism > Lipid metabolism,2.0,NonMitoDomain,1.0,3.1,NoMitoHomolog,NoHomolog,50-75pure
NDUFAF2,91942,ENSG00000164182,Q8N183,B17.2L|MC1DN10|MMTN|NDUFA12L|mimitin,NADH:ubiquinone oxidoreductase complex assembly factor 2,curated,"literature, APEX_matrix, induction, coexpression, MS/MS++",MIM,OXPHOS > Complex I > CI assembly factors | OXPHOS > OXPHOS assembly factors,,,8.0,0.65,NoMitoHomolog,NoHomolog,75-100pure
ECSIT,51295,ENSG00000130159,Q9BQ95,SITPEC,ECSIT signaling integrator,curated,"literature, APEX_matrix, targetP signal, mito protein domain, induction, coexpression+",MIM,OXPHOS > Complex I > CI assembly factors | OXPHOS > OXPHOS assembly factors,3.0,SharedDomain,39.0,0.79,NoMitoHomolog,NoHomolog,0-25ambig
PARL,55486,ENSG00000175193|ENSG00000283765,Q9H300,PRO2207|PSARL|PSARL1|PSENIP2|RHBDS1,presenilin associated rhomboid like,curated,"literature, yeast mito homolog++, mito protein domain, MS/MS",MIM,"Protein import, sorting and homeostasis > Protein homeostasis > Proteases | Mitochondrial dynamics and surveillance > Mitophagy | Mitochondrial dynamics and surveillance > Autophagy",5.0,SharedDomain,,,OrthologMitoHighConf,NoHomolog,25-50ambig
MRPL42,28977,ENSG00000198015,Q9Y6G3,HSPC204|L31MT|L42MT|MRP-L31|MRP-L42|MRP-S32|MRPL31|MRPS32|PTD007|RPML31|S32MT,mitochondrial ribosomal protein L42,curated,"APEX_matrix, GFP, mito protein domain+, induction, MS/MS",Matrix,Mitochondrial central dogma > Translation > Mitochondrial ribosome,5.0,MitoDomain,,1.43,NoMitoHomolog,NoHomolog,25-50ambig
DNAJC4,3338,ENSG00000110011,Q9NNZ3,DANJC4|HSPF2|MCG18,DnaJ heat shock protein family (Hsp40) member C4,curated,"GFP, targetP signal+, Rickettsial homolog, mito protein domain, coexpression",Membrane,"Protein import, sorting and homeostasis > Protein homeostasis",1.0,SharedDomain,12.0,,NoMitoHomolog,Homolog,0-25crude
PAM16,51025,ENSG00000217930|ENSG00000282228,Q9Y3D7,CGI-136|MAGMAS|SMDMDM|TIM16|TIMM16,presequence translocase associated motor 16,curated,"literature, APEX_matrix, yeast mito homolog, MS/MS++",MIM,"Protein import, sorting and homeostasis > Protein import and sorting > Import motor",4.0,,,,HomologMitoHighConf,NoHomolog,75-100pure
ALDH3A2,224,ENSG00000072210,P51648,ALDH10|FALDH|SLS,aldehyde dehydrogenase 3 family member A2,curated,"targetP signal+, mito protein domain, coexpression",Membrane,Metabolism > Detoxification > ROS and glutathione metabolism,1.0,SharedDomain,8.0,-0.34,HomologMitoLowConf,NoHomolog,50-75crude
ACSL6,23305,ENSG00000164398,Q9UKU0,ACS2|FACL6|LACS 6|LACS2|LACS5,acyl-CoA synthetase long chain family member 6,curated,"Rickettsial homolog, mito protein domain, MS/MS++",MOM,Metabolism > Lipid metabolism > Fatty acid oxidation,,SharedDomain,2.0,-0.69,HomologMitoLowConf,Homolog,50-75pure
MRS2,57380,ENSG00000124532,Q9HD23,HPT|MRS2L,magnesium transporter MRS2,curated,"APEX_matrix, GFP, targetP signal, yeast mito homolog++, coexpression",MIM,Small molecule transport | Signaling,3.0,,6.0,,OrthologMitoHighConf,NoHomolog,25-50crude
ABHD10,55347,ENSG00000144827,Q9NUJ1,-,"abhydrolase domain containing 10, depalmitoylase",curated,"literature, APEX_IMS, APEX_matrix, Rickettsial homolog, mito protein domain, MS/MS++",Matrix,Metabolism > Detoxification > Xenobiotic metabolism,4.0,SharedDomain,3.0,,NoMitoHomolog,Homolog,50-75pure
HINT3,135114,ENSG00000111911,Q9NQE9,HINT4,histidine triad nucleotide binding protein 3,curated,"Rickettsial homolog, mito protein domain, induction, coexpression+",unknown,0,,SharedDomain,36.0,0.62,NoMitoHomolog,Homolog,0-25ambig
PXMP4,11264,ENSG00000101417,Q9Y6I8,PMP24,peroxisomal membrane protein 4,curated,"targetP signal, mito protein domain+, coexpression",unknown,0,2.0,MitoDomain,9.0,,NoMitoHomolog,NoHomolog,25-50crude
OSGEPL1,64172,ENSG00000128694,Q9H4B0,OSGEPL|Qri7,O-sialoglycoprotein endopeptidase like 1,curated,"APEX_matrix, targetP signal, yeast mito homolog, Rickettsial homolog, mito protein domain, coexpression",Matrix,Mitochondrial central dogma > mtRNA metabolism > mt-tRNA modifications,3.0,SharedDomain,23.0,,HomologMitoHighConf,Homolog,
NUDT2,318,ENSG00000164978,P50583,APAH1,nudix hydrolase 2,curated,"mito protein domain, coexpression, MS/MS++",Matrix,Metabolism > Nucleotide metabolism > Nucleotide synthesis and processing,,SharedDomain,17.0,,NoMitoHomolog,NoHomolog,75-100pure
CYB5B,80777,ENSG00000103018,O43169,CYB5-M|CYPB5M|OMB5,cytochrome b5 type B,curated,"literature, mito protein domain, coexpression, MS/MS++",MOM,Metabolism > Metals and cofactors > Heme-containing proteins | Metabolism > Detoxification > Xenobiotic metabolism | Metabolism > Detoxification > Amidoxime reducing complex | Metabolism > Electron carriers > Cytochromes,,SharedDomain,16.0,,NoMitoHomolog,NoHomolog,75-100pure
GRSF1,2926,ENSG00000132463,Q12849,-,G-rich RNA sequence binding factor 1,curated,"APEX_matrix, mito protein domain, induction, coexpression, MS/MS",Matrix,Mitochondrial central dogma > mtRNA metabolism > mtRNA granules | Mitochondrial central dogma > mtRNA metabolism > Polycistronic mtRNA processing | Mitochondrial central dogma > mtRNA metabolism > mtRNA stability and decay | Mitochondrial central dogma > Translation > Mitochondrial ribosome assembly,4.0,SharedDomain,12.0,1.26,NoMitoHomolog,NoHomolog,25-50ambig
MRPS18B,28973,ENSG00000203624|ENSG00000204568|ENSG00000223775|ENSG00000226111|ENSG00000227420|ENSG00000229861|ENSG00000233813,Q9Y676,C6orf14|HSPC183|HumanS18a|MRP-S18-2|MRPS18-2|PTD017|S18amt,mitochondrial ribosomal protein S18B,curated,"literature, APEX_matrix, targetP signal+, Rickettsial homolog, mito protein domain, MS/MS",Matrix,Mitochondrial central dogma > Translation > Mitochondrial ribosome,1.0,SharedDomain,,,NoMitoHomolog,Homolog,25-50ambig
DNAJC30,84277,ENSG00000176410,Q96LL9,WBSCR18,DnaJ heat shock protein family (Hsp40) member C30,curated,"APEX_matrix, GFP, targetP signal+, Rickettsial homolog, mito protein domain, MS/MS",MIM,0,1.0,SharedDomain,,,NoMitoHomolog,Homolog,25-50ambig
CAT,847,ENSG00000121691,P04040,-,catalase,curated,"yeast mito homolog++, mito protein domain, coexpression",IMS,Metabolism > Detoxification > ROS and glutathione metabolism,,SharedDomain,8.0,-1.25,OrthologMitoHighConf,NoHomolog,75-100crude
DGUOK,1716,ENSG00000114956,Q16854,MTDPS3|NCPH|PEOB4|dGK,deoxyguanosine kinase,curated,"literature, APEX_matrix, targetP signal, mito protein domain, MS/MS++",Matrix,Metabolism > Nucleotide metabolism > Nucleotide synthesis and processing,2.0,SharedDomain,4.0,,NoMitoHomolog,NoHomolog,50-75pure
ACOT9,23597,ENSG00000123130,Q9Y305,ACATE2|CGI-16|MT-ACT48|MTACT48,acyl-CoA thioesterase 9,curated,"literature, targetP signal, mito protein domain, MS/MS++",MIM,Metabolism > Lipid metabolism,2.0,SharedDomain,3.0,,NoMitoHomolog,NoHomolog,50-75pure
ACSS1,84532,ENSG00000154930,Q9NUB1,ACAS2L|ACECS1|AceCS2L,acyl-CoA synthetase short chain family member 1,curated,"literature, APEX_matrix, targetP signal, mito protein domain, MS/MS++",MIM,Metabolism > Lipid metabolism > Fatty acid oxidation,2.0,SharedDomain,4.0,,NoMitoHomolog,NoHomolog,50-75pure
RFK,55312,ENSG00000135002,Q969G6,RIFK,riboflavin kinase,curated,"targetP signal, yeast mito homolog++, MS/MS",Matrix,Metabolism > Vitamin metabolism > Vitamin B2 metabolism,3.0,,1.0,,OrthologMitoHighConf,NoHomolog,25-50ambig
STARD7,56910,ENSG00000084090,Q9NQZ5,FAME2|GTT1,StAR related lipid transfer domain containing 7,curated,"APEX_IMS, targetP signal, mito protein domain, induction, coexpression+",IMS,Metabolism > Lipid metabolism > Phospholipid metabolism | Small molecule transport,2.0,SharedDomain,34.0,1.28,NoMitoHomolog,NoHomolog,
CHPT1,56994,ENSG00000111666,Q8WUD6,CPT|CPT1,choline phosphotransferase 1,curated,"targetP signal, mito protein domain, induction, coexpression+",MIM,Metabolism > Lipid metabolism > Phospholipid metabolism,3.0,SharedDomain,31.0,0.82,HomologMitoLowConf,NoHomolog,
MT-ATP8,4509,ENSG00000228253,P03928,ATPase8|MTATP8,ATP synthase F0 subunit 8,curated,"literature, mito protein domain+, MS/MS++",MIM,OXPHOS > Complex V > CV subunits | OXPHOS > OXPHOS subunits,,MitoDomain,,,NoMitoHomolog,NoHomolog,50-75pure
TIMMDC1,51300,ENSG00000113845,Q9NPL8,C3orf1|MC1DN31,translocase of inner mitochondrial membrane domain containing 1,curated,"literature, APEX_IMS, APEX_matrix, mito protein domain+, MS/MS++",MIM,OXPHOS > Complex I > CI assembly factors | OXPHOS > OXPHOS assembly factors,,MitoDomain,2.0,,NoMitoHomolog,NoHomolog,50-75pure
SPATA19,219938,ENSG00000166118,Q7Z5L4,CT132|SPAS1|spergen1,spermatogenesis associated 19,curated,"mito protein domain+, MS/MS++",unknown,0,,MitoDomain,1.0,,NoMitoHomolog,NoHomolog,50-75pure
HTATIP2,10553,ENSG00000109854,Q9BUP3,CC3|SDR44U1|TIP30,HIV-1 Tat interactive protein 2,curated,"yeast mito homolog, mito protein domain+, MS/MS",Membrane,0,,MitoDomain,0.0,,HomologMitoHighConf,NoHomolog,50-75ambig
AKR7A2,8574,ENSG00000053371,O43488,AFAR|AFAR1|AFB1-AR1|AKR7,aldo-keto reductase family 7 member A2,curated,"APEX_matrix, targetP signal, coexpression, MS/MS++",Matrix,Metabolism > Amino acid metabolism > GABA metabolism | Metabolism > Detoxification > Xenobiotic metabolism,2.0,NonMitoDomain,12.0,,NoMitoHomolog,NoHomolog,50-75pure
DUT,1854,ENSG00000128951,P33316,dUTPase,deoxyuridine triphosphatase,curated,"literature, targetP signal, Rickettsial homolog, MS/MS++",Matrix,Metabolism > Nucleotide metabolism > Nucleotide synthesis and processing,3.0,NonMitoDomain,1.0,,NoMitoHomolog,Ortholog,75-100pure
MT-CO3,4514,ENSG00000198938,P00414,COIII|MTCO3,cytochrome c oxidase III,curated,"literature, yeast mito homolog++, Rickettsial homolog, mito protein domain",MIM,OXPHOS > Complex IV > CIV subunits | OXPHOS > OXPHOS subunits,,SharedDomain,,,OrthologMitoHighConf,Ortholog,0-25crude
DHRS7B,25979,ENSG00000109016,Q6IAN0,CGI-93|SDR32C1,dehydrogenase/reductase 7B,curated,"Rickettsial homolog, mito protein domain, induction, coexpression",Membrane,0,,SharedDomain,27.0,0.74,NoMitoHomolog,Homolog,50-75crude
MTRF1,9617,ENSG00000120662,O75570,MRF1|MTTRF1|RF1,mitochondrial translation release factor 1,curated,"literature, APEX_matrix, targetP signal, yeast mito homolog+, Rickettsial homolog, mito protein domain",Matrix,Mitochondrial central dogma > Translation > Translation factors,3.0,SharedDomain,,,OrthologMitoLowConf,Homolog,0-25ambig
TMEM143,55260,ENSG00000161558,Q96AN5,-,transmembrane protein 143,curated,"targetP signal, coexpression+, MS/MS",MIM,0,2.0,,33.0,,NoMitoHomolog,NoHomolog,25-50ambig
NT5M,56953,ENSG00000205309,Q9NPB1,dNT-2|dNT2|mdN,"5',3'-nucleotidase, mitochondrial",curated,"literature, targetP signal, mito protein domain, induction, MS/MS",Matrix,Metabolism > Nucleotide metabolism > Nucleotide synthesis and processing,2.0,SharedDomain,4.0,1.07,NoMitoHomolog,NoHomolog,50-75ambig
RHOT1,55288,ENSG00000126858,Q8IXI2,ARHT1|MIRO-1|MIRO1,ras homolog family member T1,curated,"literature, mito protein domain+, MS/MS+",MOM,Signaling > Calcium homeostasis > EF hand proteins | Mitochondrial dynamics and surveillance > Trafficking,,MitoDomain,1.0,0.37,HomologMitoLowConf,NoHomolog,25-50pure
NME4,4833,ENSG00000103202,O00746,NDPK-D|NM23H4|nm23-H4,NME/NM23 nucleoside diphosphate kinase 4,curated,"APEX_matrix, GFP, targetP signal, Rickettsial homolog, mito protein domain, MS/MS",MIM,Metabolism > Nucleotide metabolism > Nucleotide synthesis and processing,2.0,SharedDomain,1.0,,HomologMitoLowConf,Homolog,25-50ambig
MTHFS,10588,ENSG00000136371,P49914,HsT19268|NEDMEHM,methenyltetrahydrofolate synthetase,curated,"targetP signal, Rickettsial homolog, mito protein domain, MS/MS",Matrix,Metabolism > Vitamin metabolism > Folate and 1-C metabolism,2.0,SharedDomain,,,HomologMitoLowConf,Homolog,25-50ambig
TIMM29,90580,ENSG00000142444,Q9BSF4,C19orf52|TIM29,translocase of inner mitochondrial membrane 29,curated,"targetP signal+, coexpression, MS/MS",MIM,"Protein import, sorting and homeostasis > Protein import and sorting > TIM22 carrier pathway",1.0,,19.0,,NoMitoHomolog,NoHomolog,25-50ambig
PNPO,55163,ENSG00000108439,Q9NVS9,HEL-S-302|PDXPO,pyridoxamine 5'-phosphate oxidase,curated,"APEX_matrix, yeast mito homolog++, coexpression, MS/MS",Matrix,Metabolism > Vitamin metabolism > Vitamin B6 metabolism,5.0,NonMitoDomain,16.0,,OrthologMitoHighConf,NoHomolog,0-25pure
MICU2,221154,ENSG00000165487,Q8IYU8,1110008L20Rik|EFHA1,mitochondrial calcium uptake 2,curated,"literature, APEX_IMS, GFP, targetP signal+, mito protein domain, MS/MS+",MIM,Signaling > Calcium homeostasis > Calcium cycle | Signaling > Calcium homeostasis > EF hand proteins | Small molecule transport > Calcium uniporter,1.0,SharedDomain,2.0,,NoMitoHomolog,NoHomolog,25-50pure
PCBD2,84105,ENSG00000132570,Q9H0N5,DCOH2|DCOHM|PHS2,pterin-4 alpha-carbinolamine dehydratase 2,curated,"targetP signal+, induction, MS/MS",unknown,Metabolism > Metals and cofactors > Tetrahydrobiopterin synthesis,1.0,NonMitoDomain,0.0,0.61,HomologMitoLowConf,NoHomolog,50-75ambig
QRSL1,55278,ENSG00000130348,Q9H0R6,COXPD40|GatA,glutaminyl-tRNA amidotransferase subunit QRSL1,curated,"literature, APEX_matrix, GFP, yeast mito homolog, Rickettsial homolog, mito protein domain, coexpression, MS/MS",Matrix,Mitochondrial central dogma > Translation > mt-tRNA synthetases,,SharedDomain,6.0,,HomologMitoHighConf,Homolog,25-50ambig
ADCK1,57143,ENSG00000063761,Q86TW2,-,aarF domain containing kinase 1,curated,"yeast mito homolog+, Rickettsial homolog, mito protein domain, MS/MS",unknown,0,,SharedDomain,2.0,,OrthologMitoLowConf,Homolog,25-50ambig
PRDX6,9588,ENSG00000117592,P30041,1-Cys|AOP2|HEL-S-128m|NSGPx|PRX|aiPLA2|p29,peroxiredoxin 6,curated,"yeast mito homolog++, Rickettsial homolog, mito protein domain",unknown,Metabolism > Lipid metabolism > Phospholipid metabolism | Metabolism > Detoxification > ROS and glutathione metabolism,,SharedDomain,2.0,,OrthologMitoHighConf,Homolog,50-75crude
NIPSNAP1,8508,ENSG00000184117,Q9BPW8,-,nipsnap homolog 1,curated,"APEX_matrix, targetP signal, coexpression, MS/MS++",Matrix,Mitochondrial dynamics and surveillance > Mitophagy | Mitochondrial dynamics and surveillance > Autophagy,2.0,NonMitoDomain,7.0,,NoMitoHomolog,NoHomolog,75-100pure
GARS1,2617,ENSG00000106105,P41250,CMT2D|DSMAV|GARS|GlyRS|HMN5|SMAD1,glycyl-tRNA synthetase 1,curated,"targetP signal, yeast mito homolog, mito protein domain, induction",Matrix,Mitochondrial central dogma > Translation > mt-tRNA synthetases,3.0,SharedDomain,3.0,1.62,HomologMitoHighConf,NoHomolog,25-50crude
ACSM2A,123876,ENSG00000183747,Q08AH3,A-923A4.1|ACSM2,acyl-CoA synthetase medium chain family member 2A,curated,"targetP signal, mito protein domain, MS/MS+",Matrix,Metabolism > Lipid metabolism > Fatty acid oxidation | Metabolism > Detoxification > Xenobiotic metabolism,2.0,SharedDomain,2.0,,HomologMitoLowConf,NoHomolog,75-100ambig
SLC25A33,84275,ENSG00000171612,Q9BSK2,BMSC-MCP|PNC1,solute carrier family 25 member 33,curated,"literature, yeast mito homolog+, mito protein domain+",MIM,Metabolism > Nucleotide metabolism > Nucleotide import | Small molecule transport > SLC25A family,,MitoDomain,2.0,0.47,OrthologMitoLowConf,NoHomolog,0-25ambig
LYRM9,201229,ENSG00000232859,A8MSI8,C17orf108|HSD24,LYR motif containing 9,curated,"targetP signal, mito protein domain+, MS/MS",unknown,0,3.0,MitoDomain,2.0,,NoMitoHomolog,NoHomolog,50-75ambig
RAB24,53917,ENSG00000169228,Q969Q5,-,"RAB24, member RAS oncogene family",curated,"mito protein domain, induction, coexpression, MS/MS",MOM,Mitochondrial dynamics and surveillance > Fission | Mitochondrial dynamics and surveillance > Autophagy,,SharedDomain,5.0,0.83,HomologMitoLowConf,NoHomolog,50-75ambig
PARS2,25973,ENSG00000162396,Q7L3T8,EIEE75|MT-PRORS|proRS,"prolyl-tRNA synthetase 2, mitochondrial",curated,"APEX_matrix, GFP, targetP signal, yeast mito homolog, Rickettsial homolog, mito protein domain",Matrix,Mitochondrial central dogma > Translation > mt-tRNA synthetases,3.0,SharedDomain,4.0,,HomologMitoHighConf,Ortholog,0-25ambig
MRPL52,122704,ENSG00000172590,Q86TS9,-,mitochondrial ribosomal protein L52,curated,"literature, APEX_matrix, targetP signal, coexpression, MS/MS",Matrix,Mitochondrial central dogma > Translation > Mitochondrial ribosome,2.0,,12.0,-0.12,NoMitoHomolog,NoHomolog,50-75ambig
PUS1,80324,ENSG00000177192,Q9Y606,MLASA1,pseudouridine synthase 1,curated,"APEX_matrix, targetP signal, yeast mito homolog+, mito protein domain, coexpression",Matrix,Mitochondrial central dogma > mtRNA metabolism > mtRNA granules | Mitochondrial central dogma > mtRNA metabolism > mt-tRNA modifications,2.0,SharedDomain,6.0,,OrthologMitoLowConf,NoHomolog,
GOT2,2806,ENSG00000125166,P00505,KAT4|KATIV|KYAT4|mitAAT,glutamic-oxaloacetic transaminase 2,curated,"literature, APEX_IMS, APEX_matrix, targetP signal, mito protein domain, MS/MS++",MIM,Metabolism > Carbohydrate metabolism > Malate-aspartate shuttle | Metabolism > Amino acid metabolism > Glutamate metabolism | Metabolism > Amino acid metabolism > Glyoxylate metabolism | Metabolism > Amino acid metabolism > Kynurenine metabolism | Metabolism > Sulfur metabolism,3.0,SharedDomain,,,NoMitoHomolog,NoHomolog,75-100pure
NAXD,55739,ENSG00000213995,Q8IW45,CARKD|LP3298|PEBEL2,NAD(P)HX dehydratase,curated,"GFP, targetP signal, mito protein domain, MS/MS++",MIM,Metabolism > Metals and cofactors > NAD biosynthesis and metabolism,3.0,SharedDomain,3.0,,NoMitoHomolog,NoHomolog,75-100pure
MT-ND3,4537,ENSG00000198840,P03897,MTND3,"NADH dehydrogenase, subunit 3 (complex I)",curated,"literature, Rickettsial homolog, mito protein domain+, MS/MS",MIM,OXPHOS > Complex I > CI subunits | OXPHOS > OXPHOS subunits,,MitoDomain,,,NoMitoHomolog,Ortholog,0-25pure
ACCS,84680,ENSG00000110455,Q96QU6,ACS|PHACS,1-aminocyclopropane-1-carboxylate synthase homolog (inactive),curated,"yeast mito homolog++, Rickettsial homolog, mito protein domain, coexpression",unknown,0,,SharedDomain,5.0,,OrthologMitoHighConf,Homolog,
PTRH2,51651,ENSG00000141378,Q9Y3E5,BIT1|CFAP37|CGI-147|IMNEPD|PTH|PTH 2|PTH2,peptidyl-tRNA hydrolase 2,curated,"literature, yeast mito homolog, mito protein domain, MS/MS++",MOM,0,,SharedDomain,4.0,,HomologMitoHighConf,NoHomolog,50-75pure
PGS1,9489,ENSG00000087157,Q32NB8,-,phosphatidylglycerophosphate synthase 1,curated,"targetP signal, yeast mito homolog++, mito protein domain",MIM,Metabolism > Lipid metabolism > Cardiolipin synthesis | Metabolism > Lipid metabolism > Phospholipid metabolism,3.0,SharedDomain,0.0,,OrthologMitoHighConf,NoHomolog,0-25ambig
OXR1,55074,ENSG00000164830,Q8N573,CHEGDD|Nbla00307|TLDC3,oxidation resistance 1,curated,"literature, yeast mito homolog+, mito protein domain, MS/MS",MOM,Metabolism > Detoxification > ROS and glutathione metabolism,4.0,SharedDomain,1.0,,OrthologMitoLowConf,NoHomolog,25-50ambig
LYPLAL1,127018,ENSG00000143353,Q5VWZ2,Q96AV0,lysophospholipase like 1,curated,"mito protein domain, MS/MS++",unknown,Metabolism > Lipid metabolism,4.0,SharedDomain,0.0,-0.72,NoMitoHomolog,NoHomolog,75-100pure
DNAJC28,54943,ENSG00000177692|ENSG00000262911,Q9NX36,C21orf55|C21orf78,DnaJ heat shock protein family (Hsp40) member C28,curated,"Rickettsial homolog, mito protein domain, coexpression+",unknown,0,4.0,SharedDomain,32.0,,NoMitoHomolog,Homolog,0-25ambig
FPGS,2356,ENSG00000136877,Q05932,-,folylpolyglutamate synthase,curated,"APEX_matrix, GFP, targetP signal, yeast mito homolog, Rickettsial homolog, mito protein domain",Matrix,Metabolism > Vitamin metabolism > Folate and 1-C metabolism,2.0,SharedDomain,4.0,,HomologMitoHighConf,Ortholog,
TMEM205,374882,ENSG00000105518,Q6UW68,UNQ501,transmembrane protein 205,curated,"yeast mito homolog, mito protein domain+, coexpression",Membrane,0,,MitoDomain,7.0,,HomologMitoHighConf,NoHomolog,0-25ambig
SLC25A53,401612,ENSG00000269743,Q5H9E4,MCART6,solute carrier family 25 member 53,curated,"yeast mito homolog+, mito protein domain+",MIM,Small molecule transport > SLC25A family,,MitoDomain,0.0,,OrthologMitoLowConf,NoHomolog,0-25ambig
AIFM3,150209,ENSG00000183773,Q96NN9,AIFL,apoptosis inducing factor mitochondria associated 3,curated,"literature, yeast mito homolog, Rickettsial homolog, mito protein domain+",MIM,Metabolism > Metals and cofactors > Fe-S-containing proteins | Mitochondrial dynamics and surveillance > Apoptosis,,MitoDomain,1.0,,HomologMitoHighConf,Ortholog,
MGST1,4257,ENSG00000008394,P10620,GST12|MGST|MGST-I,microsomal glutathione S-transferase 1,curated,"mito protein domain, coexpression, MS/MS++",Membrane,Metabolism > Detoxification > Xenobiotic metabolism | Metabolism > Detoxification > ROS and glutathione metabolism,,SharedDomain,5.0,,NoMitoHomolog,NoHomolog,75-100pure
MTFP1,51537,ENSG00000242114,Q9UDX5,HSPC242|MTP18,mitochondrial fission process 1,curated,"literature, induction, coexpression, MS/MS+",Membrane,Mitochondrial dynamics and surveillance > Fission,,,14.0,1.18,NoMitoHomolog,NoHomolog,75-100ambig
COA4,51287,ENSG00000181924,Q9NYJ1,CHCHD8|CMC3|E2IG2,cytochrome c oxidase assembly factor 4 homolog,curated,"yeast mito homolog++, mito protein domain, MS/MS",IMS,OXPHOS > Complex IV > CIV assembly factors | OXPHOS > OXPHOS assembly factors,,SharedDomain,,,OrthologMitoHighConf,NoHomolog,25-50ambig
NIF3L1,60491,ENSG00000196290,Q9GZT8,ALS2CR1|CALS-7|MDS015,NGG1 interacting factor 3 like 1,curated,"APEX_matrix, targetP signal, yeast mito homolog, coexpression, MS/MS+",Matrix,0,3.0,NonMitoDomain,9.0,-0.55,HomologMitoHighConf,NoHomolog,25-50pure
PUSL1,126789,ENSG00000169972,Q8N0Z8,-,pseudouridine synthase like 1,curated,"APEX_matrix, yeast mito homolog+, Rickettsial homolog, mito protein domain",Matrix,Mitochondrial central dogma > Translation,5.0,SharedDomain,,,OrthologMitoLowConf,Homolog,0-25ambig
SDSL,113675,ENSG00000139410,Q96GA7,SDH 2|SDS-RS1|TDH|cSDH,serine dehydratase like,curated,"yeast mito homolog+, Rickettsial homolog, mito protein domain, coexpression",unknown,Metabolism > Amino acid metabolism > Serine metabolism,,SharedDomain,10.0,,OrthologMitoLowConf,Homolog,
BAX,581,ENSG00000087088,Q07812,BCL2L4,"BCL2 associated X, apoptosis regulator",curated,"literature, mito protein domain, coexpression, MS/MS++",MOM,Mitochondrial dynamics and surveillance > Apoptosis,,SharedDomain,6.0,-0.41,NoMitoHomolog,NoHomolog,50-75pure
MAVS,57506,ENSG00000088888,Q7Z434,CARDIF|IPS-1|IPS1|VISA,mitochondrial antiviral signaling protein,curated,"literature, induction, coexpression+, MS/MS",MOM,Signaling > Immune response,,,32.0,1.11,NoMitoHomolog,NoHomolog,25-50ambig
METTL17,64745,ENSG00000165792,Q9H7H0,METT11D1,methyltransferase like 17,curated,"GFP, yeast mito homolog++, mito protein domain+",Matrix,Mitochondrial central dogma > mtRNA metabolism > mt-rRNA modifications | Mitochondrial central dogma > Translation > Mitochondrial ribosome assembly,,MitoDomain,2.0,,OrthologMitoHighConf,NoHomolog,
ACACB,32,ENSG00000076555,O00763,ACC2|ACCB|HACC275,acetyl-CoA carboxylase beta,curated,"Rickettsial homolog, mito protein domain, coexpression+",MOM,Metabolism > Lipid metabolism > Fatty acid oxidation | Metabolism > Vitamin metabolism > Biotin utilizing proteins,,SharedDomain,30.0,,HomologMitoLowConf,Homolog,0-25ambig
ARG2,384,ENSG00000081181,P78540,-,arginase 2,curated,"literature, APEX_matrix, targetP signal+, mito protein domain, MS/MS",Matrix,Metabolism > Amino acid metabolism,1.0,SharedDomain,1.0,,NoMitoHomolog,NoHomolog,50-75ambig
MTPAP,55149,ENSG00000107951,Q9NVV4,PAPD1|SPAX4|TENT6,mitochondrial poly(A) polymerase,curated,"literature, APEX_matrix, targetP signal+, mito protein domain, induction",Matrix,Mitochondrial central dogma > mtRNA metabolism > mtRNA granules | Mitochondrial central dogma > mtRNA metabolism > mt-rRNA modifications | Mitochondrial central dogma > mtRNA metabolism > mt-mRNA modifications | Mitochondrial central dogma > mtRNA metabolism > mtRNA stability and decay,1.0,SharedDomain,3.0,0.93,NoMitoHomolog,NoHomolog,25-50crude
CCDC51,79714,ENSG00000164051,Q96ER9,MITOK,coiled-coil domain containing 51,curated,"APEX_matrix, targetP signal, MS/MS++",MIM,Small molecule transport,2.0,,1.0,,NoMitoHomolog,NoHomolog,50-75pure
SUGCT,79783,ENSG00000175600,Q9HAC7,C7orf10|DERP13|GA3|ORF19,succinyl-CoA:glutarate-CoA transferase,curated,"APEX_matrix, targetP signal, mito protein domain, coexpression, MS/MS+",Matrix,Metabolism > Amino acid metabolism,3.0,SharedDomain,7.0,,NoMitoHomolog,NoHomolog,25-50pure
DNM1L,10059,ENSG00000087470,O00429,DLP1|DRP1|DVLP|DYMPLE|EMPF|EMPF1|HDYNIV|OPA5,dynamin 1 like,curated,"literature, yeast mito homolog+, mito protein domain, induction",MOM,Mitochondrial dynamics and surveillance > Fission,,SharedDomain,1.0,0.88,OrthologMitoLowConf,NoHomolog,50-75crude
NRDC,4898,ENSG00000078618,O43847,NRD1|hNRD1|hNRD2,nardilysin convertase,curated,"targetP signal, Rickettsial homolog, mito protein domain+",Matrix,"Protein import, sorting and homeostasis > Protein homeostasis > Chaperones | Protein import, sorting and homeostasis > Protein import and sorting",3.0,MitoDomain,1.0,,NoMitoHomolog,Homolog,0-25ambig
TMEM126B,55863,ENSG00000171204,Q8IUX1,HT007|MC1DN29,transmembrane protein 126B,curated,"targetP signal, mito protein domain+, MS/MS",MIM,OXPHOS > Complex I > CI assembly factors | OXPHOS > OXPHOS assembly factors,3.0,MitoDomain,,,NoMitoHomolog,NoHomolog,25-50ambig
NSUN4,387338,ENSG00000117481,Q96CB9,SHTAP,NOP2/Sun RNA methyltransferase 4,curated,"APEX_matrix, targetP signal, mito protein domain, induction, coexpression",Matrix,Mitochondrial central dogma > mtRNA metabolism > mt-rRNA modifications | Mitochondrial central dogma > Translation > Mitochondrial ribosome assembly,3.0,SharedDomain,12.0,1.32,NoMitoHomolog,NoHomolog,0-25ambig
ACSS3,79611,ENSG00000111058,Q9H6R3,-,acyl-CoA synthetase short chain family member 3,curated,"Rickettsial homolog, mito protein domain, MS/MS",Matrix,Metabolism > Lipid metabolism,4.0,SharedDomain,,,HomologMitoLowConf,Homolog,50-75ambig
FAM210B,116151,ENSG00000124098,Q96KR6,5A3|C20orf108|dJ1167H4.1,family with sequence similarity 210 member B,curated,"targetP signal, yeast mito homolog, coexpression, MS/MS",MIM,Metabolism > Metals and cofactors > Iron homeostasis,3.0,,8.0,,HomologMitoHighConf,NoHomolog,25-50ambig
RBFA,79863,ENSG00000101546,Q8N0V3,C18orf22|HsT169,ribosome binding factor A,curated,"APEX_matrix, targetP signal+, Rickettsial homolog, coexpression",Matrix,Mitochondrial central dogma > Translation > Mitochondrial ribosome assembly,1.0,,5.0,,NoMitoHomolog,Ortholog,
METAP1D,254042,ENSG00000172878,Q6UB28,MAP 1D|MAP1D|MetAP 1D|Metap1l,"methionyl aminopeptidase type 1D, mitochondrial",curated,"literature, APEX_matrix, targetP signal, Rickettsial homolog, mito protein domain, coexpression",Matrix,"Mitochondrial central dogma > Translation > fMet processing | Protein import, sorting and homeostasis > Protein homeostasis > Proteases",2.0,SharedDomain,20.0,,NoMitoHomolog,Homolog,
AHCYL1,10768,ENSG00000168710,O43865,DCAL|IRBIT|PPP1R78|PRO0233|XPVKONA,adenosylhomocysteinase like 1,curated,"targetP signal, mito protein domain+, induction",MOM,Mitochondrial dynamics and surveillance > Organelle contact sites,3.0,MitoDomain,3.0,0.61,NoMitoHomolog,NoHomolog,0-25crude
NIPSNAP3A,25934,ENSG00000136783,Q9UFN0,HSPC299|NIPSNAP4|TASSC,nipsnap homolog 3A,curated,"APEX_matrix, targetP signal+, MS/MS++",Matrix,0,1.0,NonMitoDomain,2.0,,NoMitoHomolog,NoHomolog,50-75pure
MTARC1,64757,ENSG00000186205,Q5VT66,MARC1|MOSC1,mitochondrial amidoxime reducing component 1,curated,"mito protein domain+, MS/MS",MOM,Metabolism > Metals and cofactors > Molybdenum cofactor synthesis and proteins | Metabolism > Detoxification > Xenobiotic metabolism | Metabolism > Detoxification > Amidoxime reducing complex,5.0,MitoDomain,2.0,,NoMitoHomolog,NoHomolog,50-75ambig
FUNDC1,139341,ENSG00000069509,Q8IVP5,-,FUN14 domain containing 1,curated,"yeast mito homolog, mito protein domain+, MS/MS",MOM,Mitochondrial dynamics and surveillance > Mitophagy | Mitochondrial dynamics and surveillance > Autophagy,,MitoDomain,3.0,,HomologMitoHighConf,NoHomolog,0-25pure
ACSL1,2180,ENSG00000151726,P33121,ACS1|FACL1|FACL2|LACS|LACS1|LACS2,acyl-CoA synthetase long chain family member 1,curated,"Rickettsial homolog, mito protein domain, coexpression",MOM,Metabolism > Lipid metabolism > Fatty acid oxidation,,SharedDomain,22.0,,HomologMitoLowConf,Homolog,50-75crude
COX20,116228,ENSG00000203667,Q5RI15,FAM36A,cytochrome c oxidase assembly factor COX20,curated,"literature, APEX_IMS, GFP, yeast mito homolog++, MS/MS",MIM,OXPHOS > Complex IV > CIV assembly factors | OXPHOS > OXPHOS assembly factors,,,,,OrthologMitoHighConf,NoHomolog,50-75ambig
HSDL1,83693,ENSG00000103160,Q3SXM5,SDR12C3,hydroxysteroid dehydrogenase like 1,curated,"GFP, Rickettsial homolog, mito protein domain, MS/MS++",unknown,0,,SharedDomain,2.0,,NoMitoHomolog,Homolog,50-75pure
CBR3,874,ENSG00000159231,O75828,HEL-S-25|SDR21C2|hCBR3,carbonyl reductase 3,curated,"targetP signal, Rickettsial homolog, mito protein domain, MS/MS",Matrix,Metabolism > Detoxification > Xenobiotic metabolism,2.0,SharedDomain,0.0,,NoMitoHomolog,Homolog,25-50ambig
MTERF4,130916,ENSG00000122085,Q7Z6M4,MTERFD2,mitochondrial transcription termination factor 4,curated,"APEX_matrix, targetP signal, mito protein domain+, coexpression",Matrix,Mitochondrial central dogma > Translation > Mitochondrial ribosome assembly,3.0,MitoDomain,10.0,0.37,NoMitoHomolog,NoHomolog,
NUDT19,390916,ENSG00000213965,A8MXV4,RP2,nudix hydrolase 19,curated,"APEX_matrix, targetP signal, mito protein domain, induction",Matrix,Metabolism > Metals and cofactors > Coenzyme A metabolism,2.0,SharedDomain,3.0,3.43,NoMitoHomolog,NoHomolog,50-75crude
HEBP1,50865,ENSG00000013583,Q9NRV9,HBP|HEBP,heme binding protein 1,curated,"APEX_IMS, mito protein domain, coexpression, MS/MS++",IMS,0,,SharedDomain,7.0,,NoMitoHomolog,NoHomolog,50-75pure
PTPMT1,114971,ENSG00000110536|ENSG00000285206,Q8WUK0,DUSP23|MOSP|PLIP|PNAS-129,protein tyrosine phosphatase mitochondrial 1,curated,"literature, APEX_matrix, mito protein domain, coexpression, MS/MS++",MIM,Metabolism > Lipid metabolism > Cardiolipin synthesis | Metabolism > Lipid metabolism > Phospholipid metabolism,,SharedDomain,8.0,,NoMitoHomolog,NoHomolog,50-75pure
PGAM5,192111,ENSG00000247077,Q96HS1,BXLBV68,"PGAM family member 5, mitochondrial serine/threonine protein phosphatase",curated,"APEX_IMS, mito protein domain, coexpression, MS/MS++",MOM,Mitochondrial dynamics and surveillance > Mitophagy | Mitochondrial dynamics and surveillance > Autophagy,,SharedDomain,6.0,,NoMitoHomolog,NoHomolog,50-75pure
DTYMK,1841,ENSG00000168393,P23919,CDC8|PP3731|TMPK|TYMK,deoxythymidylate kinase,curated,"Rickettsial homolog, MS/MS+",Matrix,Metabolism > Nucleotide metabolism > Nucleotide synthesis and processing,5.0,,1.0,,NoMitoHomolog,Ortholog,75-100ambig
KARS1,3735,ENSG00000065427,Q15046,CMTRIB|DFNB89|KARS|KARS2|KRS,lysyl-tRNA synthetase 1,curated,"literature, GFP, targetP signal, Rickettsial homolog, mito protein domain, coexpression",Matrix,Mitochondrial central dogma > Translation > mt-tRNA synthetases,2.0,SharedDomain,5.0,,NoMitoHomolog,Homolog,0-25ambig
STAR,6770,ENSG00000147465,P49675,STARD1,steroidogenic acute regulatory protein,curated,"literature, targetP signal, mito protein domain, coexpression, MS/MS",MOM|IMS,"Metabolism > Lipid metabolism > Cholesterol, bile acid, steroid synthesis",2.0,SharedDomain,8.0,,NoMitoHomolog,NoHomolog,25-50ambig
DNAJC19,131118,ENSG00000205981,Q96DA6,PAM18|TIM14|TIMM14,DnaJ heat shock protein family (Hsp40) member C19,curated,"literature, APEX_matrix, mito protein domain, MS/MS++",MIM,"Protein import, sorting and homeostasis > Protein import and sorting > Import motor",,SharedDomain,,,HomologMitoLowConf,NoHomolog,75-100pure
OTC,5009,ENSG00000036473,P00480,OCTD,ornithine carbamoyltransferase,curated,"literature, targetP signal, mito protein domain, MS/MS+",Matrix,Metabolism > Amino acid metabolism > Urea cycle,2.0,SharedDomain,4.0,,NoMitoHomolog,NoHomolog,75-100ambig
COX7A2L,9167,ENSG00000115944,O14548,COX7AR|COX7RP|EB1|SIG81,cytochrome c oxidase subunit 7A2 like,curated,"literature, APEX_IMS, APEX_matrix, mito protein domain+, MS/MS+",MIM,OXPHOS > Complex IV > CIV subunits | OXPHOS > OXPHOS subunits | OXPHOS > OXPHOS assembly factors | OXPHOS > Respirasome assembly,,MitoDomain,4.0,,NoMitoHomolog,NoHomolog,75-100ambig
MTERF3,51001,ENSG00000156469,Q96E29,CGI-12|MTERFD1,mitochondrial transcription termination factor 3,curated,"literature, APEX_matrix, GFP, targetP signal, mito protein domain+, coexpression",Matrix,Mitochondrial central dogma > Translation > Mitochondrial ribosome assembly,2.0,MitoDomain,5.0,,NoMitoHomolog,NoHomolog,
SFXN2,118980,ENSG00000156398,Q96NB2,SLC56A2,sideroflexin 2,curated,"mito protein domain+, coexpression",MIM,Small molecule transport > Sideroflexins,,MitoDomain,8.0,,HomologMitoLowConf,NoHomolog,50-75crude
FASN,2194,ENSG00000169710,P49327,FAS|OA-519|SDR27X1,fatty acid synthase,curated,"Rickettsial homolog, mito protein domain, coexpression",IMS,Metabolism > Lipid metabolism,,SharedDomain,11.0,-0.59,HomologMitoLowConf,Homolog,50-75crude
PINK1,65018,ENSG00000158828,Q9BXM7,BRPK|PARK6,PTEN induced kinase 1,curated,"literature, targetP signal+, mito protein domain, coexpression",MOM,Mitochondrial dynamics and surveillance > Mitophagy | Mitochondrial dynamics and surveillance > Autophagy | Signaling,1.0,SharedDomain,20.0,,NoMitoHomolog,NoHomolog,
TMEM177,80775,ENSG00000144120,Q53S58,-,transmembrane protein 177,curated,"targetP signal, coexpression, MS/MS",MIM,OXPHOS > Complex IV > CIV assembly factors | OXPHOS > OXPHOS assembly factors,2.0,,19.0,,NoMitoHomolog,NoHomolog,25-50ambig
TXNRD1,7296,ENSG00000198431,Q16881,GRIM-12|TR|TR1|TRXR1|TXNR,thioredoxin reductase 1,curated,"GFP, Rickettsial homolog, mito protein domain, coexpression, MS/MS",unknown,Metabolism > Detoxification > ROS and glutathione metabolism | Metabolism > Detoxification > Selenoproteins,,SharedDomain,5.0,,HomologMitoLowConf,Homolog,25-50ambig
THNSL1,79896,ENSG00000185875,Q8IYQ7,TSH1,threonine synthase like 1,curated,"APEX_matrix, mito protein domain, MS/MS++",Matrix,0,4.0,SharedDomain,3.0,,NoMitoHomolog,NoHomolog,50-75pure
FDPS,2224,ENSG00000160752,P14324,FPPS|FPS|POROK9,farnesyl diphosphate synthase,curated,"targetP signal, mito protein domain, MS/MS+",MIM,Metabolism > Lipid metabolism > Cholesterol-associated,2.0,SharedDomain,,,NoMitoHomolog,NoHomolog,25-50pure
IDI1,3422,ENSG00000067064,Q13907,IPP1|IPPI1,isopentenyl-diphosphate delta isomerase 1,curated,"targetP signal, mito protein domain, MS/MS+",Matrix,Metabolism > Lipid metabolism > Cholesterol-associated,2.0,SharedDomain,,,NoMitoHomolog,NoHomolog,25-50pure
TOP3A,7156,ENSG00000177302|ENSG00000284238,Q13472,MGRISCE2|PEOB5|TOP3|ZGRF7,DNA topoisomerase III alpha,curated,"APEX_matrix, targetP signal+, Rickettsial homolog, mito protein domain",Matrix,Mitochondrial central dogma > mtDNA maintenance > mtDNA replication,1.0,SharedDomain,2.0,,NoMitoHomolog,Homolog,0-25ambig
FTMT,94033,ENSG00000181867,Q8N4E7,MTF,ferritin mitochondrial,curated,"literature, targetP signal+, mito protein domain, MS/MS",Matrix,Metabolism > Metals and cofactors > Iron homeostasis,1.0,SharedDomain,2.0,,NoMitoHomolog,NoHomolog,25-50ambig
LDHAL6B,92483,ENSG00000171989,Q9BYZ2,LDH6B|LDHAL6|LDHL,lactate dehydrogenase A like 6B,curated,"targetP signal, Rickettsial homolog, mito protein domain, MS/MS",Matrix,Metabolism > Carbohydrate metabolism,3.0,SharedDomain,2.0,,NoMitoHomolog,Homolog,50-75ambig
MTFR1,9650,ENSG00000066855,Q15390,CHPPR|FAM54A2,mitochondrial fission regulator 1,curated,"literature, targetP signal, mito protein domain+, coexpression",Membrane,Mitochondrial dynamics and surveillance > Fission,3.0,MitoDomain,11.0,,NoMitoHomolog,NoHomolog,
BCL2L13,23786,ENSG00000099968,Q9BXK5,BCL-RAMBO|Bcl2-L-13|MIL1,BCL2 like 13,curated,"literature, mito protein domain, coexpression, MS/MS+",MOM,Mitochondrial dynamics and surveillance > Mitophagy | Mitochondrial dynamics and surveillance > Autophagy | Mitochondrial dynamics and surveillance > Apoptosis,,SharedDomain,11.0,0.49,NoMitoHomolog,NoHomolog,25-50pure
TRMT10C,54931,ENSG00000174173,Q7L0Y3,COXPD30|HNYA|MRPP1|RG9MTD1,"tRNA methyltransferase 10C, mitochondrial RNase P subunit",curated,"literature, APEX_matrix, GFP, targetP signal+, mito protein domain, coexpression",Matrix,Mitochondrial central dogma > mtRNA metabolism > mtRNA granules | Mitochondrial central dogma > mtRNA metabolism > Polycistronic mtRNA processing | Mitochondrial central dogma > mtRNA metabolism > mt-tRNA modifications,1.0,SharedDomain,7.0,,NoMitoHomolog,NoHomolog,0-25ambig
ACOT7,11332,ENSG00000097021,O00154,ACH1|ACT|BACH|CTE-II|LACH|LACH1|hBACH,acyl-CoA thioesterase 7,curated,"targetP signal+, mito protein domain, induction",Matrix,Metabolism > Lipid metabolism,1.0,SharedDomain,1.0,1.09,NoMitoHomolog,NoHomolog,0-25crude
TFB1M,51106,ENSG00000029639,Q8WVM0,CGI-75|CGI75|mtTFB|mtTFB1,"transcription factor B1, mitochondrial",curated,"literature, APEX_matrix, Rickettsial homolog, mito protein domain, MS/MS+",Matrix,Mitochondrial central dogma > mtRNA metabolism > mtRNA granules | Mitochondrial central dogma > mtRNA metabolism > mt-rRNA modifications | Mitochondrial central dogma > Translation > Mitochondrial ribosome assembly,5.0,SharedDomain,3.0,,NoMitoHomolog,Homolog,25-50pure
ARF5,381,ENSG00000004059,P84085,-,ADP ribosylation factor 5,curated,"targetP signal, mito protein domain, coexpression, MS/MS",unknown,0,3.0,SharedDomain,7.0,,NoMitoHomolog,NoHomolog,50-75ambig
MCUB,55013,ENSG00000005059,Q9NWR8,CCDC109B,mitochondrial calcium uniporter dominant negative subunit beta,curated,"literature, targetP signal, mito protein domain+",MIM,Signaling > Calcium homeostasis > Calcium cycle | Small molecule transport > Calcium uniporter,2.0,MitoDomain,2.0,,NoMitoHomolog,NoHomolog,0-25ambig
TWNK,56652,ENSG00000107815,Q96RR1,ATXN8|C10orf2|IOSCA|MTDPS7|PEO|PEO1|PEOA3|PRLTS5|SANDO|SCA8|TWINL,twinkle mtDNA helicase,curated,"literature, APEX_matrix, targetP signal, induction, coexpression",Matrix,Mitochondrial central dogma > mtDNA maintenance > mtDNA replication | Mitochondrial central dogma > mtDNA maintenance > mtDNA nucleoid,2.0,,13.0,1.99,NoMitoHomolog,NoHomolog,
MMADHC,27249,ENSG00000168288,Q9H3L0,C2orf25|CL25022|cblD,metabolism of cobalamin associated D,curated,"APEX_matrix, targetP signal, induction, coexpression",Matrix,Metabolism > Vitamin metabolism > Vitamin B12 metabolism,2.0,,20.0,0.64,NoMitoHomolog,NoHomolog,
PYCR2,29920,ENSG00000143811,Q96C36,HLD10|P5CR2,pyrroline-5-carboxylate reductase 2,curated,"APEX_matrix, mito protein domain, MS/MS++",Matrix,Metabolism > Amino acid metabolism > Proline metabolism,5.0,SharedDomain,2.0,,NoMitoHomolog,NoHomolog,50-75pure
TSTD1,100131187,ENSG00000215845,Q8NFU3,KAT|TST,thiosulfate sulfurtransferase like domain containing 1,curated,"Rickettsial homolog, mito protein domain, MS/MS",unknown,Metabolism > Sulfur metabolism,4.0,SharedDomain,3.0,,HomologMitoLowConf,Homolog,25-50ambig
LYRM1,57149,ENSG00000102897,O43325,A211C6.1,LYR motif containing 1,curated,"GFP, mito protein domain+, MS/MS",unknown,0,5.0,MitoDomain,2.0,,NoMitoHomolog,NoHomolog,25-50ambig
OSBPL1A,114876,ENSG00000141447,Q9BXW6,ORP-1|ORP1|OSBPL1B,oxysterol binding protein like 1A,curated,"Rickettsial homolog, mito protein domain, induction, MS/MS",unknown,"Metabolism > Lipid metabolism > Cholesterol, bile acid, steroid synthesis | Metabolism > Lipid metabolism > Phospholipid metabolism",,SharedDomain,0.0,5.89,NoMitoHomolog,Homolog,0-25pure
RECQL4,9401,ENSG00000160957,O94761,RECQ4,RecQ like helicase 4,curated,"targetP signal, Rickettsial homolog, mito protein domain, coexpression",Matrix,Mitochondrial central dogma > mtDNA maintenance > mtDNA repair,2.0,SharedDomain,10.0,,NoMitoHomolog,Homolog,
PET100,100131801,ENSG00000229833,P0DJ07,C19orf79,PET100 cytochrome c oxidase chaperone,curated,"literature, yeast mito homolog++, MS/MS",MIM,OXPHOS > Complex IV > CIV assembly factors | OXPHOS > OXPHOS assembly factors,,,1.0,,OrthologMitoHighConf,NoHomolog,25-50ambig
GDAP1,54332,ENSG00000104381,Q8TB36,CMT4|CMT4A|CMTRIA,ganglioside induced differentiation associated protein 1,curated,"APEX_IMS, mito protein domain, MS/MS++",MOM,0,,SharedDomain,1.0,,HomologMitoLowConf,NoHomolog,50-75pure
MTIF3,219402,ENSG00000122033,Q9H2K0,IF3mt,mitochondrial translational initiation factor 3,curated,"literature, APEX_matrix, Rickettsial homolog, mito protein domain, coexpression",Matrix,Mitochondrial central dogma > Translation > Translation factors,5.0,SharedDomain,7.0,,NoMitoHomolog,Ortholog,0-25ambig
UNG,7374,ENSG00000076248,P13051,DGU|HIGM4|HIGM5|UDG|UNG1|UNG15|UNG2,uracil DNA glycosylase,curated,"literature, targetP signal, yeast mito homolog, mito protein domain, induction",Matrix,Mitochondrial central dogma > mtDNA maintenance > mtDNA repair,3.0,SharedDomain,2.0,2.12,HomologMitoHighConf,NoHomolog,
GLYAT,10249,ENSG00000149124,Q6IB77,ACGNAT|CAT|GAT,glycine-N-acyltransferase,curated,"literature, mito protein domain, coexpression, MS/MS+",Matrix,Metabolism > Amino acid metabolism > Glycine metabolism | Metabolism > Detoxification > Xenobiotic metabolism,,SharedDomain,10.0,,NoMitoHomolog,NoHomolog,75-100ambig
ISOC2,79763,ENSG00000063241,Q96AB3,-,isochorismatase domain containing 2,curated,"APEX_matrix, targetP signal, MS/MS++",Matrix,0,2.0,NonMitoDomain,,,NoMitoHomolog,NoHomolog,75-100pure
ATP5MC1,516,ENSG00000159199,P05496,ATP5A|ATP5G|ATP5G1,ATP synthase membrane subunit c locus 1,curated,"literature, yeast mito homolog+, Rickettsial homolog, mito protein domain",MIM,OXPHOS > Complex V > CV subunits | OXPHOS > OXPHOS subunits,4.0,SharedDomain,,,OrthologMitoLowConf,Homolog,
QDPR,5860,ENSG00000151552,P09417,DHPR|HDHPR|PKU2|SDR33C1,quinoid dihydropteridine reductase,curated,"APEX_matrix, targetP signal, mito protein domain, induction",Matrix,Metabolism > Metals and cofactors > Tetrahydrobiopterin synthesis | Metabolism > Vitamin metabolism > Folate and 1-C metabolism,2.0,SharedDomain,2.0,0.57,NoMitoHomolog,NoHomolog,50-75crude
COQ8B,79934,ENSG00000123815,Q96D53,ADCK4|NPHS9,coenzyme Q8B,curated,"APEX_matrix, GFP, yeast mito homolog+, Rickettsial homolog, mito protein domain",MIM,Metabolism > Metals and cofactors > Coenzyme Q metabolism,,SharedDomain,1.0,,OrthologMitoLowConf,Homolog,0-25ambig
GTPBP10,85865,ENSG00000105793,A4D1E9,ObgH2|UG0751c10,GTP binding protein 10,curated,"APEX_matrix, yeast mito homolog+, Rickettsial homolog, mito protein domain",Matrix,Mitochondrial central dogma > Translation > Mitochondrial ribosome assembly,,SharedDomain,1.0,,OrthologMitoLowConf,Homolog,0-25ambig
TSPO,706,ENSG00000100300,P30536,BPBS|BZRP|DBI|IBP|MBR|PBR|PBS|PKBS|PTBR|mDRC|pk18,translocator protein,curated,"literature, mito protein domain, MS/MS++",MOM,"Metabolism > Lipid metabolism > Cholesterol, bile acid, steroid synthesis",,SharedDomain,3.0,0.3,NoMitoHomolog,NoHomolog,75-100pure
FTH1,2495,ENSG00000167996,P02794,FHC|FTH|FTHL6|HFE5|PIG15|PLIF,ferritin heavy chain 1,curated,"mito protein domain, MS/MS++",unknown,Metabolism > Metals and cofactors > Iron homeostasis,,SharedDomain,1.0,-0.53,NoMitoHomolog,NoHomolog,75-100pure
TRMT1,55621,ENSG00000104907,Q9NXH9,MRT68|TRM1,tRNA methyltransferase 1,curated,"targetP signal+, mito protein domain, coexpression",Matrix,Mitochondrial central dogma > mtRNA metabolism > mt-tRNA modifications,1.0,SharedDomain,6.0,,HomologMitoLowConf,NoHomolog,
ADCK2,90956,ENSG00000133597,Q7Z695,AARF,aarF domain containing kinase 2,curated,"GFP, targetP signal, yeast mito homolog, Rickettsial homolog, mito protein domain",MIM,0,2.0,SharedDomain,4.0,,HomologMitoHighConf,Homolog,
TSTD3,100130890,ENSG00000279170,H0UI37,-,thiosulfate sulfurtransferase like domain containing 3,curated,"mito protein domain, induction, MS/MS",unknown,0,,SharedDomain,4.0,1.18,HomologMitoLowConf,NoHomolog,50-75ambig
PDP2,57546,ENSG00000172840,Q9P2J9,PDPC 2|PPM2B|PPM2C2,pyruvate dehyrogenase phosphatase catalytic subunit 2,curated,"APEX_matrix, yeast mito homolog+, mito protein domain, coexpression",Matrix,Metabolism > Carbohydrate metabolism > Pyruvate metabolism,,SharedDomain,9.0,,OrthologMitoLowConf,NoHomolog,0-25ambig
AGPAT5,55326,ENSG00000155189|ENSG00000284980,Q9NUQ2,1AGPAT5|LPAATE,1-acylglycerol-3-phosphate O-acyltransferase 5,curated,"literature, Rickettsial homolog, mito protein domain, induction, MS/MS",MOM,Metabolism > Lipid metabolism > Cardiolipin synthesis | Metabolism > Lipid metabolism > Phospholipid metabolism,,SharedDomain,3.0,0.73,NoMitoHomolog,Homolog,25-50ambig
MCRIP2,84331,ENSG00000172366,Q9BUT9,C16orf14|FAM195A|c349E10.1,MAPK regulated corepressor interacting protein 2,curated,"induction, coexpression+",unknown,Signaling,5.0,,39.0,3.86,NoMitoHomolog,NoHomolog,
UCP2,7351,ENSG00000175567,P55851,BMIQ4|SLC25A8|UCPH,uncoupling protein 2,curated,"literature, yeast mito homolog+, mito protein domain+",MIM,Small molecule transport > SLC25A family,,MitoDomain,3.0,,OrthologMitoLowConf,NoHomolog,
SLC25A37,51312,ENSG00000147454,Q9NYZ2,HT015|MFRN|MFRN1|MSC|MSCP|PRO1278|PRO1584|PRO2217,solute carrier family 25 member 37,curated,"literature, yeast mito homolog+, mito protein domain+",MIM,Metabolism > Metals and cofactors > Iron homeostasis | Small molecule transport > SLC25A family,,MitoDomain,4.0,,OrthologMitoLowConf,NoHomolog,
SLC25A28,81894,ENSG00000155287,Q96A46,MFRN2|MRS3/4|MRS4L|NPD016,solute carrier family 25 member 28,curated,"literature, yeast mito homolog+, mito protein domain+",MIM,Metabolism > Metals and cofactors > Iron homeostasis | Small molecule transport > SLC25A family,,MitoDomain,3.0,,OrthologMitoLowConf,NoHomolog,
SLC25A48,153328,ENSG00000145832,Q6ZT89,-,solute carrier family 25 member 48,curated,"yeast mito homolog+, mito protein domain+",MIM,Small molecule transport > SLC25A family,,MitoDomain,0.0,,OrthologMitoLowConf,NoHomolog,
SLC25A43,203427,ENSG00000077713,Q8WUT9,-,solute carrier family 25 member 43,curated,"yeast mito homolog+, mito protein domain+",MIM,Small molecule transport > SLC25A family,,MitoDomain,,,OrthologMitoLowConf,NoHomolog,
SLC25A47,283600,ENSG00000140107,Q6Q0C1,C14orf68|HDMCP|HMFN1655,solute carrier family 25 member 47,curated,"literature, yeast mito homolog+, mito protein domain+",MIM,Small molecule transport > SLC25A family,,MitoDomain,2.0,,OrthologMitoLowConf,NoHomolog,
SLC25A41,284427,ENSG00000181240,Q8N5S1,APC4,solute carrier family 25 member 41,curated,"yeast mito homolog+, mito protein domain+",MIM,Metabolism > Nucleotide metabolism > Nucleotide import | Small molecule transport > SLC25A family,,MitoDomain,2.0,,OrthologMitoLowConf,NoHomolog,
SLC25A34,284723,ENSG00000162461,Q6PIV7,-,solute carrier family 25 member 34,curated,"yeast mito homolog+, mito protein domain+",MIM,Small molecule transport > SLC25A family,,MitoDomain,2.0,,OrthologMitoLowConf,NoHomolog,
EPHX2,2053,ENSG00000120915,P34913,ABHD20|CEH|SEH,epoxide hydrolase 2,curated,"Rickettsial homolog, mito protein domain, coexpression",unknown,Metabolism > Detoxification > Xenobiotic metabolism | Metabolism > Lipid metabolism,,SharedDomain,21.0,,NoMitoHomolog,Homolog,50-75crude
NUDT5,11164,ENSG00000165609,Q9UKK9,YSA1|YSA1H|YSAH1|hNUDT5,nudix hydrolase 5,curated,"yeast mito homolog++, mito protein domain, coexpression",unknown,Metabolism > Nucleotide metabolism > Nucleotide synthesis and processing,,SharedDomain,6.0,,OrthologMitoHighConf,NoHomolog,
MICU1,10367,ENSG00000107745,Q9BPX6,CALC|CBARA1|EFHA3|MPXPS|ara CALC,mitochondrial calcium uptake 1,curated,"literature, APEX_IMS, GFP, targetP signal, mito protein domain, MS/MS+",MIM,Signaling > Calcium homeostasis > Calcium cycle | Signaling > Calcium homeostasis > EF hand proteins | Small molecule transport > Calcium uniporter,3.0,SharedDomain,4.0,-0.28,NoMitoHomolog,NoHomolog,25-50pure
SOD1,6647,ENSG00000142168,P00441,ALS|ALS1|HEL-S-44|IPOA|SOD|STAHP|hSod1|homodimer,superoxide dismutase 1,curated,"literature, mito protein domain, induction, coexpression",IMS,Metabolism > Detoxification > ROS and glutathione metabolism,,SharedDomain,7.0,0.51,HomologMitoLowConf,NoHomolog,50-75crude
SERHL2,253190,ENSG00000183569,Q9H4I8,dJ222E13.1,serine hydrolase like 2,curated,"Rickettsial homolog, mito protein domain, MS/MS",unknown,0,,SharedDomain,3.0,,NoMitoHomolog,Ortholog,50-75ambig
NDUFAF3,25915,ENSG00000178057,Q9BU61,2P1|C3orf60|E3-3|MC1DN18,NADH:ubiquinone oxidoreductase complex assembly factor 3,curated,"literature, targetP signal, mito protein domain, MS/MS",MIM,OXPHOS > Complex I > CI assembly factors | OXPHOS > OXPHOS assembly factors,2.0,SharedDomain,2.0,,NoMitoHomolog,NoHomolog,50-75ambig
BOLA3,388962,ENSG00000163170,Q53S33,MMDS2,bolA family member 3,curated,"targetP signal, mito protein domain, MS/MS",Matrix,Metabolism > Metals and cofactors > Fe-S cluster biosynthesis | Metabolism > Metals and cofactors > Fe-S-containing proteins,2.0,SharedDomain,,,NoMitoHomolog,NoHomolog,50-75ambig
OCIAD2,132299,ENSG00000145247,Q56VL3,-,OCIA domain containing 2,curated,MS/MS++,unknown,Signaling,5.0,,0.0,,NoMitoHomolog,NoHomolog,75-100pure
RSAD1,55316,ENSG00000136444,Q9HA92,HemW,radical S-adenosyl methionine domain containing 1,curated,"APEX_matrix, targetP signal, Rickettsial homolog, mito protein domain, coexpression",MIM,Metabolism > Metals and cofactors > Fe-S-containing proteins,2.0,SharedDomain,8.0,0.32,NoMitoHomolog,Homolog,
CHCHD6,84303,ENSG00000159685,Q9BRQ6,CHCM1|MICOS25|Mic25|PPP1R23,coiled-coil-helix-coiled-coil-helix domain containing 6,curated,"literature, APEX_IMS, APEX_matrix, coexpression, MS/MS++",MIM,Mitochondrial dynamics and surveillance > Cristae formation > MICOS complex,,,5.0,,NoMitoHomolog,NoHomolog,50-75pure
FASTKD2,22868,ENSG00000118246,Q9NYY8,COXPD44|KIAA0971,FAST kinase domains 2,curated,"literature, APEX_matrix, induction, coexpression, MS/MS",Matrix,Mitochondrial central dogma > mtRNA metabolism > mtRNA granules | Mitochondrial central dogma > mtRNA metabolism > Polycistronic mtRNA processing | Mitochondrial central dogma > mtRNA metabolism > mtRNA stability and decay | Mitochondrial central dogma > Translation > Mitochondrial ribosome assembly,,,12.0,1.05,NoMitoHomolog,NoHomolog,25-50ambig
PEX11B,8799,ENSG00000131779,O96011,PEX11-BETA|PEX14B,peroxisomal biogenesis factor 11 beta,curated,"targetP signal, coexpression, MS/MS",Membrane,0,2.0,,5.0,,NoMitoHomolog,NoHomolog,25-50ambig
TMEM186,25880,ENSG00000184857,Q96B77,C16orf51,transmembrane protein 186,curated,"targetP signal, coexpression, MS/MS",MIM,OXPHOS > Complex I > CI assembly factors | OXPHOS > OXPHOS assembly factors,2.0,,9.0,,NoMitoHomolog,NoHomolog,25-50ambig
PIF1,80119,ENSG00000140451,Q9H611,C15orf20|PIF,PIF1 5'-to-3' DNA helicase,curated,"literature, targetP signal+, yeast mito homolog, mito protein domain",Matrix,Mitochondrial central dogma > mtDNA maintenance,1.0,SharedDomain,3.0,,HomologMitoHighConf,NoHomolog,
FABP1,2168,ENSG00000163586,P07148,FABPL|L-FABP,fatty acid binding protein 1,curated,"mito protein domain, MS/MS++",unknown,Metabolism > Metals and cofactors > Heme synthesis and processing | Metabolism > Lipid metabolism,,SharedDomain,3.0,,NoMitoHomolog,NoHomolog,75-100pure
ABCD1,215,ENSG00000101986,P33897,ABC42|ALD|ALDP|AMN,ATP binding cassette subfamily D member 1,curated,"Rickettsial homolog, mito protein domain, induction",Membrane,Small molecule transport > ABC transporters,4.0,SharedDomain,1.0,0.65,NoMitoHomolog,Homolog,0-25ambig
PLPBP,11212,ENSG00000147471,O94903,EPVB6D|PROSC,pyridoxal phosphate binding protein,curated,"APEX_matrix, coexpression, MS/MS++",Matrix,Metabolism > Vitamin metabolism > Vitamin B6 metabolism,4.0,NonMitoDomain,9.0,,NoMitoHomolog,NoHomolog,50-75pure
DBI,1622,ENSG00000155368,P07108,ACBD1|ACBP|CCK-RP|EP,"diazepam binding inhibitor, acyl-CoA binding protein",curated,"mito protein domain, induction, coexpression",unknown,Metabolism > Lipid metabolism,,SharedDomain,18.0,0.6,NoMitoHomolog,NoHomolog,75-100crude
PNPT1,87178,ENSG00000138035,Q8TCS8,COXPD13|DFNB70|OLD35|PNPASE|old-35,polyribonucleotide nucleotidyltransferase 1,curated,"literature, APEX_matrix, targetP signal, Rickettsial homolog, mito protein domain",Matrix|IMS,Mitochondrial central dogma > mtRNA metabolism > mtRNA stability and decay,2.0,SharedDomain,4.0,,NoMitoHomolog,Homolog,50-75crude
TOP1MT,116447,ENSG00000184428,Q969P6,-,DNA topoisomerase I mitochondrial,curated,"literature, APEX_matrix, targetP signal, mito protein domain, coexpression",Matrix,Mitochondrial central dogma > mtDNA maintenance > mtDNA replication | Mitochondrial central dogma > mtRNA metabolism > Transcription,2.0,SharedDomain,29.0,-0.62,NoMitoHomolog,NoHomolog,
RNASEH1,246243,ENSG00000171865,O60930,H1RNA|PEOB2|RNH1,ribonuclease H1,curated,"literature, APEX_matrix, targetP signal, Rickettsial homolog, coexpression",Matrix,Mitochondrial central dogma > mtDNA maintenance > mtDNA replication | Mitochondrial central dogma > mtRNA metabolism > mtRNA stability and decay,2.0,,5.0,,NoMitoHomolog,Ortholog,
ABCA9,10350,ENSG00000154258,Q8IUA7,EST640918,ATP binding cassette subfamily A member 9,curated,"GFP, yeast mito homolog, Rickettsial homolog, mito protein domain",Membrane,Small molecule transport > ABC transporters,5.0,SharedDomain,,,HomologMitoHighConf,Homolog,0-25ambig
SCP2,6342,ENSG00000116171,P22307,NLTP|NSL-TP|SCP-2|SCP-CHI|SCP-X|SCPX,sterol carrier protein 2,curated,"Rickettsial homolog, mito protein domain+",MIM,"Metabolism > Lipid metabolism > Cholesterol, bile acid, steroid synthesis",,MitoDomain,,,NoMitoHomolog,Homolog,50-75crude
NT5DC3,51559,ENSG00000111696,Q86UY8,TU12B1-TY|TU12B1TY,5'-nucleotidase domain containing 3,curated,"APEX_matrix, targetP signal, MS/MS++",Matrix,0,2.0,NonMitoDomain,3.0,,NoMitoHomolog,NoHomolog,50-75pure
CMC4,100272147,ENSG00000182712,P56277,C6.1B|MTCP1|MTCP1B|MTCP1NB|p8|p8MTCP1,C-X9-C motif containing 4,curated,"yeast mito homolog++, mito protein domain+",IMS,0,,MitoDomain,,,OrthologMitoHighConf,NoHomolog,
LDHB,3945,ENSG00000111716,P07195,HEL-S-281|LDH-B|LDH-H|LDHBD|TRG-5,lactate dehydrogenase B,curated,"Rickettsial homolog, mito protein domain, induction",unknown,Metabolism > Amino acid metabolism > Glyoxylate metabolism,,SharedDomain,3.0,2.77,NoMitoHomolog,Homolog,75-100crude
YBEY,54059,ENSG00000182362,P58557,C21orf57,ybeY metalloendoribonuclease,curated,"APEX_matrix, targetP signal, Rickettsial homolog, MS/MS",Matrix,Mitochondrial central dogma > mtRNA metabolism > Polycistronic mtRNA processing | Mitochondrial central dogma > Translation > Mitochondrial ribosome assembly,2.0,NonMitoDomain,,,NoMitoHomolog,Ortholog,25-50ambig
HINT1,3094,ENSG00000169567,P49773,HINT|NMAN|PKCI-1|PRKCNH1,histidine triad nucleotide binding protein 1,curated,"Rickettsial homolog, mito protein domain, coexpression",unknown,Metabolism > Nucleotide metabolism > Nucleotide synthesis and processing,,SharedDomain,13.0,-0.18,NoMitoHomolog,Homolog,75-100crude
MUL1,79594,ENSG00000090432,Q969V5,C1orf166|GIDE|MAPL|MULAN|RNF218,mitochondrial E3 ubiquitin protein ligase 1,curated,"literature, mito protein domain+, induction",MOM,"Protein import, sorting and homeostasis > Protein homeostasis | Mitochondrial dynamics and surveillance > Fission | Signaling",,MitoDomain,3.0,0.85,NoMitoHomolog,NoHomolog,0-25ambig
TK2,7084,ENSG00000166548,O00142,MTDPS2|MTTK|PEOB3|SCA31,thymidine kinase 2,curated,"literature, targetP signal, mito protein domain, MS/MS",Matrix,Metabolism > Nucleotide metabolism > Nucleotide synthesis and processing,2.0,SharedDomain,1.0,-0.22,NoMitoHomolog,NoHomolog,25-50ambig
AGMAT,79814,ENSG00000116771,Q9BSE5,-,agmatinase,curated,"literature, targetP signal, mito protein domain, MS/MS+",Matrix,Metabolism > Amino acid metabolism,3.0,SharedDomain,3.0,,NoMitoHomolog,NoHomolog,25-50pure
CMPK2,129607,ENSG00000134326,Q5EBM0,NDK|TMPK2|TYKi|UMP-CMPK2,cytidine/uridine monophosphate kinase 2,curated,"literature, targetP signal+, MS/MS",Matrix,Metabolism > Nucleotide metabolism > Nucleotide synthesis and processing,1.0,,1.0,,NoMitoHomolog,NoHomolog,25-50ambig
BID,637,ENSG00000015475,P55957,FP497,BH3 interacting domain death agonist,curated,"literature, targetP signal+, mito protein domain, coexpression",MOM,Mitochondrial dynamics and surveillance > Apoptosis,1.0,SharedDomain,6.0,-1.01,NoMitoHomolog,NoHomolog,
ARL2,402,ENSG00000213465,P36404,ARFL2,ADP ribosylation factor like GTPase 2,curated,"literature, mito protein domain, coexpression, MS/MS+",IMS,Mitochondrial dynamics and surveillance > Fusion,,SharedDomain,7.0,,NoMitoHomolog,NoHomolog,75-100ambig
SYNJ2BP,55333,ENSG00000213463,P57105,ARIP2|OMP25,synaptojanin 2 binding protein,curated,"APEX_IMS, mito protein domain, coexpression, MS/MS+",MOM,Mitochondrial dynamics and surveillance > Organelle contact sites,,SharedDomain,9.0,,NoMitoHomolog,NoHomolog,75-100ambig
MFF,56947,ENSG00000168958,Q9GZY8,C2orf33|EMPF2|GL004,mitochondrial fission factor,curated,"literature, induction, MS/MS",MOM,Mitochondrial dynamics and surveillance > Fission,4.0,,2.0,0.61,NoMitoHomolog,NoHomolog,50-75ambig
DCXR,51181,ENSG00000169738,Q7Z4W1,DCR|HCR2|HCRII|KIDCR|P34H|PNTSU|SDR20C1|XR,dicarbonyl and L-xylulose reductase,curated,"APEX_matrix, targetP signal, Rickettsial homolog, mito protein domain",Matrix,Metabolism > Carbohydrate metabolism,2.0,SharedDomain,2.0,,NoMitoHomolog,Homolog,25-50crude
NUDT9,53343,ENSG00000170502,Q9BW91,NUDT10,nudix hydrolase 9,curated,"APEX_matrix, mito protein domain, coexpression, MS/MS",Matrix,Metabolism > Nucleotide metabolism > Nucleotide synthesis and processing,5.0,SharedDomain,9.0,-0.34,NoMitoHomolog,NoHomolog,25-50ambig
AMACR,23600,ENSG00000242110,Q9UHK6,AMACRD|CBAS4|P504S|RACE|RM,alpha-methylacyl-CoA racemase,curated,"literature, mito protein domain, coexpression, MS/MS",Matrix,Metabolism > Lipid metabolism > Fatty acid oxidation,,SharedDomain,11.0,,NoMitoHomolog,NoHomolog,50-75ambig
VPS13D,55187,ENSG00000048707,Q5THJ4,SCAR4,vacuolar protein sorting 13 homolog D,curated,"manual, mito protein domain, induction, coexpression",MOM,Mitochondrial dynamics and surveillance > Mitophagy | Mitochondrial dynamics and surveillance > Autophagy,,SharedDomain,8.0,1.32,HomologMitoLowConf,NoHomolog,0-25ambig
NUDT6,11162,ENSG00000170917,P53370,ASFGF2|FGF-AS|FGF2AS|GFG-1|GFG1,nudix hydrolase 6,curated,"APEX_matrix, targetP signal, mito protein domain, coexpression",Matrix,0,2.0,SharedDomain,27.0,,NoMitoHomolog,NoHomolog,
DMAC2,55101,ENSG00000105341,Q9NW81,ATP5SL,distal membrane arm assembly complex 2,curated,"APEX_matrix, GFP, targetP signal, induction, MS/MS",MIM,OXPHOS > Complex I > CI assembly factors | OXPHOS > OXPHOS assembly factors,3.0,,1.0,1.22,NoMitoHomolog,NoHomolog,25-50ambig
MRM2,29960,ENSG00000122687,Q9UI43,FJH1|FTSJ2|HEL97|MTDPS17|RRMJ2,mitochondrial rRNA methyltransferase 2,curated,"literature, Rickettsial homolog, mito protein domain, coexpression",Matrix,Mitochondrial central dogma > mtRNA metabolism > mtRNA granules | Mitochondrial central dogma > mtRNA metabolism > mt-rRNA modifications | Mitochondrial central dogma > Translation > Mitochondrial ribosome assembly,4.0,SharedDomain,9.0,,NoMitoHomolog,Homolog,0-25ambig
BAK1,578,ENSG00000030110,Q16611,BAK|BAK-LIKE|BCL2L7|CDN1,BCL2 antagonist/killer 1,curated,"literature, mito protein domain, MS/MS++",MOM,Mitochondrial dynamics and surveillance > Apoptosis,,SharedDomain,1.0,,NoMitoHomolog,NoHomolog,50-75pure
DHODH,1723,ENSG00000102967,Q02127,DHOdehase|POADS|URA1,dihydroorotate dehydrogenase (quinone),curated,"literature, mito protein domain, MS/MS++",MIM,"Metabolism > Nucleotide metabolism > Nucleotide synthesis and processing | Metabolism > Electron carriers > Q-linked reactions, other",,SharedDomain,3.0,,NoMitoHomolog,NoHomolog,50-75pure
MAOB,4129,ENSG00000069535,P27338,-,monoamine oxidase B,curated,"literature, mito protein domain, MS/MS++",MOM,Metabolism > Amino acid metabolism > Catechol metabolism | Metabolism > Detoxification > Xenobiotic metabolism,,SharedDomain,1.0,,NoMitoHomolog,NoHomolog,50-75pure
MGST3,4259,ENSG00000143198,O14880,GST-III,microsomal glutathione S-transferase 3,curated,"APEX_IMS, mito protein domain, MS/MS++",MOM,Metabolism > Lipid metabolism > Eicosanoid metabolism,,SharedDomain,2.0,,NoMitoHomolog,NoHomolog,50-75pure
ACP6,51205,ENSG00000162836,Q9NPH0,ACPL1|LPAP|PACPL1,"acid phosphatase 6, lysophosphatidic",curated,"literature, APEX_IMS, mito protein domain, MS/MS++",IMS,Metabolism > Lipid metabolism > Phospholipid metabolism,,SharedDomain,2.0,,NoMitoHomolog,NoHomolog,50-75pure
MRPL48,51642,ENSG00000175581,Q96GC5,CGI-118|HSPC290|L48MT|MRP-L48,mitochondrial ribosomal protein L48,curated,"literature, APEX_matrix, mito protein domain, MS/MS++",Matrix,Mitochondrial central dogma > Translation > Mitochondrial ribosome,,SharedDomain,,,NoMitoHomolog,NoHomolog,50-75pure
AGXT,189,ENSG00000172482,P21549,AGT|AGT1|AGXT1|PH1|SPAT|SPT|TLH6,alanine--glyoxylate and serine--pyruvate aminotransferase,curated,"literature, yeast mito homolog, mito protein domain, MS/MS",Matrix,Metabolism > Amino acid metabolism > Serine metabolism | Metabolism > Amino acid metabolism > Glyoxylate metabolism,,SharedDomain,2.0,,HomologMitoHighConf,NoHomolog,50-75ambig
CYB5R3,1727,ENSG00000100243,P00387,B5R|DIA1,cytochrome b5 reductase 3,curated,"literature, mito protein domain, MS/MS+",MOM,Metabolism > Detoxification > Xenobiotic metabolism | Metabolism > Detoxification > Amidoxime reducing complex | Metabolism > Lipid metabolism,,SharedDomain,2.0,-0.4,HomologMitoLowConf,NoHomolog,75-100ambig
DDX28,55794,ENSG00000182810,Q9NUL7,MDDX28,DEAD-box helicase 28,curated,"literature, APEX_matrix, targetP signal, Rickettsial homolog, mito protein domain",Matrix,Mitochondrial central dogma > mtRNA metabolism > mtRNA granules | Mitochondrial central dogma > Translation > Mitochondrial ribosome assembly,2.0,SharedDomain,3.0,,NoMitoHomolog,Homolog,0-25ambig
PNKD,25953,ENSG00000127838,Q8N490,BRP17|DYT8|FKSG19|FPD1|KIPP1184|MR-1|MR-1S|MR1|PDC|PKND1|PNKD1|R1|TAHCCP2,PNKD metallo-beta-lactamase domain containing,curated,"literature, targetP signal, mito protein domain, MS/MS",MIM,OXPHOS > Complex IV > CIV assembly factors | OXPHOS > OXPHOS assembly factors,2.0,SharedDomain,0.0,,NoMitoHomolog,NoHomolog,25-50ambig
MICU3,286097,ENSG00000155970,Q86XE3,EFHA2,mitochondrial calcium uptake family member 3,curated,"manual, targetP signal, mito protein domain, MS/MS",MIM,Signaling > Calcium homeostasis > Calcium cycle | Signaling > Calcium homeostasis > EF hand proteins | Small molecule transport > Calcium uniporter,2.0,SharedDomain,0.0,,NoMitoHomolog,NoHomolog,25-50ambig
BNIP3,664,ENSG00000176171,Q12983,NIP3,BCL2 interacting protein 3,curated,"literature, mito protein domain+, MS/MS",MOM,Mitochondrial dynamics and surveillance > Apoptosis,,MitoDomain,,,NoMitoHomolog,NoHomolog,25-50ambig
MTX3,345778,ENSG00000177034,Q5HYI7,-,metaxin 3,curated,"manual, mito protein domain+, MS/MS",MOM,Mitochondrial dynamics and surveillance > Intramitochondrial membrane interactions,,MitoDomain,2.0,,NoMitoHomolog,NoHomolog,25-50ambig
MUTYH,4595,ENSG00000132781,Q9UIF7,MYH,mutY DNA glycosylase,curated,"GFP, targetP signal+, Rickettsial homolog, mito protein domain",Matrix,Mitochondrial central dogma > mtDNA maintenance,1.0,SharedDomain,4.0,,NoMitoHomolog,Homolog,
GTPBP6,8225,ENSG00000178605,O43824,PGPL,GTP binding protein 6 (putative),curated,"APEX_matrix, targetP signal+, Rickettsial homolog, mito protein domain",Matrix,0,1.0,SharedDomain,1.0,,NoMitoHomolog,Homolog,
CYP11A1,1583,ENSG00000140459|ENSG00000288362,P05108,CYP11A|CYPXIA1|P450SCC,cytochrome P450 family 11 subfamily A member 1,curated,"literature, mito protein domain, MS/MS+",MIM,"Metabolism > Lipid metabolism > Cholesterol, bile acid, steroid synthesis | Metabolism > Metals and cofactors > Heme-containing proteins",4.0,SharedDomain,3.0,,NoMitoHomolog,NoHomolog,75-100ambig
OCIAD1,54940,ENSG00000109180,Q9NX40,ASRIJ|OCIA|TPA018,OCIA domain containing 1,curated,"APEX_IMS, GFP, MS/MS++",MOM,0,,,3.0,0.38,NoMitoHomolog,NoHomolog,75-100pure
METTL8,79828,ENSG00000123600,Q9H825,TIP,methyltransferase like 8,curated,"APEX_matrix, targetP signal, Rickettsial homolog, mito protein domain",Matrix,Mitochondrial central dogma > mtRNA metabolism,2.0,SharedDomain,4.0,,NoMitoHomolog,Ortholog,
SMIM20,389203,ENSG00000250317,Q8N5G0,C4orf52|MITRAC7|PNX,small integral membrane protein 20,curated,"literature, coexpression, MS/MS",MIM,OXPHOS > Complex IV > CIV assembly factors | OXPHOS > OXPHOS assembly factors,,,23.0,,NoMitoHomolog,NoHomolog,50-75ambig
RPUSD4,84881,ENSG00000165526,Q96CM3,-,RNA pseudouridine synthase D4,curated,"APEX_matrix, GFP, Rickettsial homolog, mito protein domain, coexpression",Matrix,Mitochondrial central dogma > mtRNA metabolism > mtRNA granules | Mitochondrial central dogma > mtRNA metabolism > mt-tRNA modifications | Mitochondrial central dogma > mtRNA metabolism > mt-rRNA modifications,5.0,SharedDomain,6.0,,NoMitoHomolog,Homolog,0-25ambig
SMIM8,57150,ENSG00000111850,Q96KF7,C6orf162|dJ102H19.2,small integral membrane protein 8,curated,"manual, induction, coexpression, MS/MS",MOM,0,,,5.0,0.58,NoMitoHomolog,NoHomolog,25-50ambig
NME6,10201,ENSG00000172113,O75414,IPIA-ALPHA|NDK 6|NM23-H6,NME/NM23 nucleoside diphosphate kinase 6,curated,"literature, APEX_matrix, GFP, Rickettsial homolog, mito protein domain, coexpression",Matrix,Metabolism > Nucleotide metabolism > Nucleotide synthesis and processing,,SharedDomain,6.0,,HomologMitoLowConf,Homolog,0-25ambig
FKBP8,23770,ENSG00000105701,Q14318,FKBP38|FKBPr38,FKBP prolyl isomerase 8,curated,"literature, mito protein domain, coexpression, MS/MS",MOM,Mitochondrial dynamics and surveillance > Organelle contact sites | Mitochondrial dynamics and surveillance > Mitophagy | Mitochondrial dynamics and surveillance > Autophagy,,SharedDomain,6.0,,HomologMitoLowConf,NoHomolog,25-50ambig
ACSM4,341392,ENSG00000215009,P0C7M7,-,acyl-CoA synthetase medium chain family member 4,curated,"manual, targetP signal, Rickettsial homolog, mito protein domain",Matrix,Metabolism > Lipid metabolism > Fatty acid oxidation,2.0,SharedDomain,,,HomologMitoLowConf,Homolog,
NLRX1,79671,ENSG00000160703,Q86UT6,CLR11.3|DLNB26|NOD26|NOD5|NOD9,NLR family member X1,curated,"APEX_matrix, targetP signal, MS/MS",Matrix,Signaling > Immune response,2.0,,2.0,,NoMitoHomolog,NoHomolog,50-75ambig
FOXRED1,55572,ENSG00000110074,Q96CU9,FP634|H17|MC1DN19,FAD dependent oxidoreductase domain containing 1,curated,"literature, mito protein domain, coexpression+",MIM,OXPHOS > Complex I > CI assembly factors | OXPHOS > OXPHOS assembly factors,,SharedDomain,38.0,0.24,NoMitoHomolog,NoHomolog,0-25ambig
TFB2M,64216,ENSG00000162851,Q9H5Q4,Hkp1|mtTFB2,"transcription factor B2, mitochondrial",curated,"literature, APEX_matrix, targetP signal+, mito protein domain",Matrix,Mitochondrial central dogma > mtDNA maintenance > mtDNA replication | Mitochondrial central dogma > mtRNA metabolism > Transcription,1.0,SharedDomain,,,NoMitoHomolog,NoHomolog,0-25ambig
PPM1K,152926,ENSG00000163644,Q8N3J5,BDP|MSUDMV|PP2Ckappa|PP2Cm|PTMP|UG0882E07,"protein phosphatase, Mg2+/Mn2+ dependent 1K",curated,"literature, targetP signal+, mito protein domain",Matrix,Metabolism > Amino acid metabolism > Branched-chain amino acid metabolism | Metabolism > Amino acid metabolism > Branched-chain amino acid dehydrogenase complex,1.0,SharedDomain,4.0,,NoMitoHomolog,NoHomolog,0-25ambig
ATP5MC2,517,ENSG00000135390,Q06055,ATP5A|ATP5G2,ATP synthase membrane subunit c locus 2,curated,"literature, yeast mito homolog+, Rickettsial homolog, mito protein domain",MIM,OXPHOS > Complex V > CV subunits | OXPHOS > OXPHOS subunits,,SharedDomain,,,OrthologMitoLowConf,Homolog,
MT-ND1,4535,ENSG00000198888,P03886,MTND1,"NADH dehydrogenase, subunit 1 (complex I)",curated,"literature, Rickettsial homolog, mito protein domain, MS/MS",MIM,OXPHOS > Complex I > CI subunits | OXPHOS > OXPHOS subunits,,SharedDomain,,,NoMitoHomolog,Ortholog,0-25pure
MSRB3,253827,ENSG00000174099,Q8IXL7,DFNB74,methionine sulfoxide reductase B3,curated,"literature, yeast mito homolog+, mito protein domain",unknown,Metabolism > Detoxification > ROS and glutathione metabolism,5.0,SharedDomain,0.0,-0.28,OrthologMitoLowConf,NoHomolog,
ACOT11,26027,ENSG00000162390,Q8WXI4,BFIT|STARD14|THEA|THEM1,acyl-CoA thioesterase 11,curated,"literature, targetP signal, mito protein domain, coexpression",Matrix,Metabolism > Lipid metabolism > Fatty acid oxidation,2.0,SharedDomain,15.0,,NoMitoHomolog,NoHomolog,
NIPSNAP3B,55335,ENSG00000165028,Q9BS92,FP944|NIPSNAP3|SNAP1,nipsnap homolog 3B,curated,"GFP, targetP signal, MS/MS+",Matrix,0,2.0,NonMitoDomain,2.0,-0.5,NoMitoHomolog,NoHomolog,75-100ambig
NTHL1,4913,ENSG00000065057,P78549,FAP3|NTH1|OCTS3|hNTH1,nth like DNA glycosylase 1,curated,"literature, yeast mito homolog, Rickettsial homolog, mito protein domain",unknown,Metabolism > Metals and cofactors > Fe-S-containing proteins,4.0,SharedDomain,3.0,,HomologMitoHighConf,Homolog,
MARCHF5,54708,ENSG00000198060,Q9NX47,MARCH-V|MARCH5|MITOL|RNF153,membrane associated ring-CH-type finger 5,curated,"literature, mito protein domain, coexpression, MS/MS",MOM,Mitochondrial dynamics and surveillance > Mitophagy | Mitochondrial dynamics and surveillance > Autophagy,,SharedDomain,5.0,,NoMitoHomolog,NoHomolog,50-75ambig
SFXN4,119559,ENSG00000183605,Q6P4A7,BCRM1|COXPD18|SLC56A4,sideroflexin 4,curated,"literature, mito protein domain+",MIM,Small molecule transport > Sideroflexins,,MitoDomain,1.0,,HomologMitoLowConf,NoHomolog,0-25ambig
TRMT5,57570,ENSG00000126814,Q32P41,COXPD26|KIAA1393|TRM5,tRNA methyltransferase 5,curated,"literature, yeast mito homolog, mito protein domain, coexpression",Matrix,Mitochondrial central dogma > mtRNA metabolism > mt-tRNA modifications,4.0,SharedDomain,9.0,,HomologMitoHighConf,NoHomolog,
SLC25A6,293,ENSG00000169100,P12236,AAC3|ANT|ANT 2|ANT 3|ANT3|ANT3Y,solute carrier family 25 member 6,curated,"literature, yeast mito homolog+, mito protein domain+",MIM,Metabolism > Nucleotide metabolism > Nucleotide import | Signaling > Calcium homeostasis > Mitochondrial permeability transition pore | Small molecule transport > SLC25A family,,MitoDomain,,,OrthologMitoLowConf,NoHomolog,
SLC25A52,147407,ENSG00000141437,Q3SY17,MCART2,solute carrier family 25 member 52,curated,"manual, yeast mito homolog+, mito protein domain+",MIM,Metabolism > Metals and cofactors > NAD biosynthesis and metabolism | Small molecule transport > SLC25A family,,MitoDomain,,,OrthologMitoLowConf,NoHomolog,
OGG1,4968,ENSG00000114026,O15527,HMMH|HOGG1|MUTM|OGH1,8-oxoguanine DNA glycosylase,curated,"literature, targetP signal, yeast mito homolog, mito protein domain",Matrix,Mitochondrial central dogma > mtDNA maintenance > mtDNA repair,2.0,SharedDomain,2.0,,HomologMitoHighConf,NoHomolog,
ACOD1,730249,ENSG00000102794,A6NK06,CAD|IRG1,aconitate decarboxylase 1,curated,"literature, yeast mito homolog, mito protein domain+",Matrix,Metabolism > Carbohydrate metabolism > Itaconate metabolism | Signaling > Immune response,,MitoDomain,0.0,,HomologMitoHighConf,NoHomolog,
QTRT1,81890,ENSG00000213339,Q9BXR0,FP3235|TGT|TGUT,queuine tRNA-ribosyltransferase catalytic subunit 1,curated,"APEX_matrix, targetP signal, Rickettsial homolog, mito protein domain, coexpression",Matrix,Mitochondrial central dogma > mtRNA metabolism > mt-tRNA modifications,3.0,SharedDomain,6.0,,NoMitoHomolog,Homolog,
AIFM2,84883,ENSG00000042286,Q9BRQ8,AMID|FSP1|PRG3,apoptosis inducing factor mitochondria associated 2,curated,"literature, Rickettsial homolog, mito protein domain, coexpression",Membrane,Metabolism > Detoxification > ROS and glutathione metabolism | Mitochondrial dynamics and surveillance > Apoptosis,,SharedDomain,15.0,,HomologMitoLowConf,Homolog,
PRDX2,7001,ENSG00000167815,P32119,HEL-S-2a|NKEF-B|NKEFB|PRP|PRX2|PRXII|PTX1|TDPX1|TPX1|TSA,peroxiredoxin 2,curated,"GFP, Rickettsial homolog, mito protein domain, coexpression",unknown,Metabolism > Detoxification > ROS and glutathione metabolism,,SharedDomain,6.0,,NoMitoHomolog,Homolog,50-75crude
FBXL4,26235,ENSG00000112234,Q9UKA2,FBL4|FBL5|MTDPS13,F-box and leucine rich repeat protein 4,curated,"literature, mito protein domain, coexpression",IMS,0,5.0,SharedDomain,21.0,,NoMitoHomolog,NoHomolog,0-25crude
GPAM,57678,ENSG00000119927,Q9HCL2,GPAT|GPAT1,"glycerol-3-phosphate acyltransferase, mitochondrial",curated,"literature, mito protein domain, coexpression",Membrane,Metabolism > Lipid metabolism > Cardiolipin synthesis | Metabolism > Lipid metabolism > Phospholipid metabolism,,SharedDomain,23.0,,NoMitoHomolog,NoHomolog,50-75crude
DMAC2L,27109,ENSG00000125375,Q99766,ATP5S|ATPW|FB|HSU79253,distal membrane arm assembly complex 2 like,curated,"literature, APEX_matrix, MS/MS++",MIM,OXPHOS > Complex V > CV subunits | OXPHOS > OXPHOS subunits,,,1.0,,NoMitoHomolog,NoHomolog,50-75pure
RMDN3,55177,ENSG00000137824,Q96TC7,FAM82A2|FAM82C|RMD-3|RMD3|ptpip51,regulator of microtubule dynamics 3,curated,"literature, APEX_IMS, GFP, MS/MS++",MOM,Mitochondrial dynamics and surveillance > Organelle contact sites,,,3.0,,NoMitoHomolog,NoHomolog,50-75pure
PRXL2A,84293,ENSG00000122378,Q9BRX8,Adrx|C10orf58|FAM213A|PAMM,peroxiredoxin like 2A,curated,"GFP, MS/MS++",Membrane,Metabolism > Detoxification > ROS and glutathione metabolism,,,1.0,,NoMitoHomolog,NoHomolog,50-75pure
PET117,100303755,ENSG00000232838,Q6UWS5,CSRP2BP,PET117 cytochrome c oxidase chaperone,curated,"literature, yeast mito homolog, MS/MS",MIM,OXPHOS > Complex IV > CIV assembly factors | OXPHOS > OXPHOS assembly factors,,,,,HomologMitoHighConf,NoHomolog,50-75ambig
MAOA,4128,ENSG00000189221,P21397,BRNRS|MAO-A,monoamine oxidase A,curated,"literature, mito protein domain, MS/MS+",MOM,Metabolism > Amino acid metabolism > Catechol metabolism | Metabolism > Detoxification > Xenobiotic metabolism,,SharedDomain,2.0,-0.57,NoMitoHomolog,NoHomolog,75-100ambig
C15orf61,145853,ENSG00000189227,A6NNL5,-,chromosome 15 open reading frame 61,curated,"APEX_matrix, targetP signal, MS/MS",Matrix,0,2.0,,1.0,,NoMitoHomolog,NoHomolog,25-50ambig
POLQ,10721,ENSG00000051341,O75417,PRO0327,DNA polymerase theta,curated,"literature, targetP signal, Rickettsial homolog, mito protein domain",Matrix,Mitochondrial central dogma > mtDNA maintenance,3.0,SharedDomain,0.0,,NoMitoHomolog,Homolog,0-25ambig
BCO2,83875,ENSG00000197580,Q9BYV7,B-DIOX-II|BCDO2,beta-carotene oxygenase 2,curated,"literature, targetP signal, mito protein domain, MS/MS",MIM,Metabolism > Vitamin metabolism > Vitamin A metabolism,3.0,SharedDomain,0.0,,NoMitoHomolog,NoHomolog,25-50ambig
IFI27,3429,ENSG00000165949|ENSG00000275214,P40305,FAM14D|ISG12|ISG12A|P27,interferon alpha inducible protein 27,curated,"literature, induction, coexpression",Membrane,Signaling > Immune response | Mitochondrial dynamics and surveillance > Apoptosis,4.0,,11.0,1.04,NoMitoHomolog,NoHomolog,
CRYZ,1429,ENSG00000116791,Q08257,-,crystallin zeta,curated,"APEX_matrix, mito protein domain, MS/MS",Matrix,0,5.0,SharedDomain,4.0,,NoMitoHomolog,NoHomolog,50-75ambig
PYCR1,5831,ENSG00000183010,P32322,ARCL2B|ARCL3B|P5C|P5CR|PIG45|PP222|PRO3|PYCR,pyrroline-5-carboxylate reductase 1,curated,"literature, mito protein domain, MS/MS",Matrix,Metabolism > Amino acid metabolism > Proline metabolism,5.0,SharedDomain,,,NoMitoHomolog,NoHomolog,50-75ambig
TMLHE,55217,ENSG00000185973,Q9NVH6,AUTSX6|BBOX2|TMLD|TMLH|TMLHED|XAP130,"trimethyllysine hydroxylase, epsilon",curated,"literature, APEX_matrix, mito protein domain, MS/MS",Matrix,Metabolism > Metals and cofactors > Carnitine synthesis and transport,,SharedDomain,,,HomologMitoLowConf,NoHomolog,50-75ambig
TOMM20,9804,ENSG00000173726,Q15388,MAS20|MOM19|TOM20,translocase of outer mitochondrial membrane 20,curated,"literature, yeast mito homolog+",MOM,"Protein import, sorting and homeostasis > Protein import and sorting > TOM | Mitochondrial dynamics and surveillance",,,,,OrthologMitoLowConf,NoHomolog,50-75crude
YRDC,79693,ENSG00000196449,Q86U90,DRIP3|IRIP|SUA5,yrdC N6-threonylcarbamoyltransferase domain containing,curated,"manual, targetP signal+, Rickettsial homolog",Matrix,Mitochondrial central dogma > mtRNA metabolism > mt-tRNA modifications,1.0,NonMitoDomain,3.0,,NoMitoHomolog,Ortholog,
COA7,65260,ENSG00000162377,Q96BR5,C1orf163|RESA1|SCAN3|SELRC1,cytochrome c oxidase assembly factor 7 (putative),curated,"literature, APEX_IMS, mito protein domain, coexpression, MS/MS",IMS,OXPHOS > Complex IV > CIV assembly factors | OXPHOS > OXPHOS assembly factors,,SharedDomain,6.0,,NoMitoHomolog,NoHomolog,25-50ambig
DHRS2,10202,ENSG00000100867,Q13268,HEP27|SDR25C1,dehydrogenase/reductase 2,curated,"literature, targetP signal, Rickettsial homolog, mito protein domain",Matrix,Metabolism > Detoxification > Xenobiotic metabolism,2.0,SharedDomain,,,NoMitoHomolog,Homolog,
MMAA,166785,ENSG00000151611,Q8IVH4,cblA,metabolism of cobalamin associated A,curated,"manual, coexpression+",Matrix,Metabolism > Vitamin metabolism > Vitamin B12 metabolism,4.0,NonMitoDomain,38.0,,NoMitoHomolog,NoHomolog,50-75crude
MIEF1,54471,ENSG00000100335,Q9NQG6,AltMIEF1|HSU79252|MID51|MIEF1-MP|SMCR7L|dJ1104E15.3,mitochondrial elongation factor 1,curated,"literature, mito protein domain, induction, coexpression",MOM|Matrix,Mitochondrial central dogma > Translation > Mitochondrial ribosome assembly | Mitochondrial dynamics and surveillance > Fission,,SharedDomain,14.0,0.79,NoMitoHomolog,NoHomolog,
C15orf48,84419,ENSG00000166920,Q9C002,COXFA4L3|FOAP-11|MIR147BHG|NMES1,chromosome 15 open reading frame 48,curated,"GFP, mito protein domain, MS/MS+",Membrane,0,,SharedDomain,2.0,,NoMitoHomolog,NoHomolog,75-100ambig
LIG3,3980,ENSG00000005156,P49916,LIG2|LIG3alpha,DNA ligase 3,curated,"literature, targetP signal, mito protein domain, coexpression",Matrix,Mitochondrial central dogma > mtDNA maintenance > mtDNA replication | Mitochondrial central dogma > mtDNA maintenance > mtDNA repair,3.0,SharedDomain,5.0,,HomologMitoLowConf,NoHomolog,
BNIP3L,665,ENSG00000104765,O60238,BNIP3a|NIX,BCL2 interacting protein 3 like,curated,"literature, mito protein domain+, coexpression",MOM,Mitochondrial dynamics and surveillance > Apoptosis,,MitoDomain,5.0,,NoMitoHomolog,NoHomolog,
FASTKD5,60493,ENSG00000215251,Q7L8L6,dJ1187M17.5,FAST kinase domains 5,curated,"APEX_matrix, targetP signal, coexpression",Matrix,Mitochondrial central dogma > mtRNA metabolism > mtRNA granules | Mitochondrial central dogma > mtRNA metabolism > Polycistronic mtRNA processing | Mitochondrial central dogma > mtRNA metabolism > mtRNA stability and decay,2.0,,9.0,,NoMitoHomolog,NoHomolog,0-25crude
PARK7,11315,ENSG00000116288,Q99497,DJ-1|DJ1|GATD2|HEL-S-67p,Parkinsonism associated deglycase,curated,"literature, mito protein domain, coexpression",MOM,"Protein import, sorting and homeostasis > Protein homeostasis | Mitochondrial dynamics and surveillance > Mitophagy | Mitochondrial dynamics and surveillance > Autophagy",,SharedDomain,13.0,,NoMitoHomolog,NoHomolog,75-100crude
COA1,55744,ENSG00000106603,Q9GZY4,C7orf44|MITRAC15,cytochrome c oxidase assembly factor 1 homolog,curated,"APEX_IMS, targetP signal, mito protein domain+",MIM,OXPHOS > Complex I > CI assembly factors | OXPHOS > Complex IV > CIV assembly factors | OXPHOS > OXPHOS assembly factors,2.0,MitoDomain,,,NoMitoHomolog,NoHomolog,
COX7B2,170712,ENSG00000170516,Q8TF08,-,cytochrome c oxidase subunit 7B2,curated,"literature, targetP signal, mito protein domain+",MIM,OXPHOS > Complex IV > CIV subunits | OXPHOS > OXPHOS subunits,2.0,MitoDomain,,,NoMitoHomolog,NoHomolog,
MT-ND4L,4539,ENSG00000212907,P03901,MTND4L,"NADH dehydrogenase, subunit 4L (complex I)",curated,"literature, Rickettsial homolog, mito protein domain",MIM,OXPHOS > Complex I > CI subunits | OXPHOS > OXPHOS subunits,,SharedDomain,,,NoMitoHomolog,Ortholog,0-25ambig
SIRT4,23409,ENSG00000089163,Q9Y6E7,SIR2L4,sirtuin 4,curated,"literature, targetP signal, mito protein domain",Matrix,Metabolism > Metals and cofactors > NAD biosynthesis and metabolism,2.0,SharedDomain,1.0,,NoMitoHomolog,NoHomolog,0-25ambig
UQCC2,84300,ENSG00000137288,Q9BRT2,C6orf125|C6orf126|Cbp6|M19|MC3DN7|MNF1|bA6B20.2,ubiquinol-cytochrome c reductase complex assembly factor 2,curated,"APEX_matrix, GFP, coexpression, MS/MS",MIM,OXPHOS > Complex III > CIII assembly factors | OXPHOS > OXPHOS assembly factors,,,7.0,,NoMitoHomolog,NoHomolog,50-75ambig
USP30,84749,ENSG00000135093,Q70CQ3,-,ubiquitin specific peptidase 30,curated,"literature, targetP signal, mito protein domain",MOM,"Protein import, sorting and homeostasis > Protein homeostasis > Proteases | Mitochondrial dynamics and surveillance > Mitophagy | Mitochondrial dynamics and surveillance > Autophagy",2.0,SharedDomain,1.0,,NoMitoHomolog,NoHomolog,0-25ambig
PDE12,201626,ENSG00000174840,Q6L8Q7,2'-PDE|2-PDE,phosphodiesterase 12,curated,"APEX_matrix, targetP signal, mito protein domain",Matrix,Mitochondrial central dogma > mtRNA metabolism > mt-mRNA modifications | Mitochondrial central dogma > mtRNA metabolism > mtRNA stability and decay,2.0,SharedDomain,4.0,,NoMitoHomolog,NoHomolog,0-25ambig
NME3,4832,ENSG00000103024,Q13232,DR-nm23|NDPK-C|NDPKC|NM23-H3|NM23H3|c371H6.2,NME/NM23 nucleoside diphosphate kinase 3,curated,"GFP, Rickettsial homolog, mito protein domain",MOM,Metabolism > Nucleotide metabolism > Nucleotide synthesis and processing,,SharedDomain,4.0,,HomologMitoLowConf,Homolog,25-50crude
DHX30,22907,ENSG00000132153,Q7L2E3,DDX30|NEDMIAL|RETCOR,DExH-box helicase 30,curated,"literature, mito protein domain",Matrix,Mitochondrial central dogma > mtRNA metabolism > mtRNA granules | Mitochondrial central dogma > Translation > Mitochondrial ribosome assembly,4.0,SharedDomain,1.0,,HomologMitoLowConf,NoHomolog,50-75crude
FASTK,10922,ENSG00000164896,Q14296,FAST,Fas activated serine/threonine kinase,curated,"GFP, induction, coexpression",MIM,Mitochondrial central dogma > mtRNA metabolism > mtRNA granules | Mitochondrial central dogma > mtRNA metabolism > Polycistronic mtRNA processing | Mitochondrial central dogma > mtRNA metabolism > mtRNA stability and decay,,,20.0,0.9,NoMitoHomolog,NoHomolog,
METTL15,196074,ENSG00000169519,A6NJ78,METT5D1,methyltransferase like 15,curated,"APEX_matrix, Rickettsial homolog, coexpression",Matrix,Mitochondrial central dogma > mtRNA metabolism > mt-rRNA modifications,,NonMitoDomain,13.0,,NoMitoHomolog,Ortholog,0-25ambig
CYP24A1,1591,ENSG00000019186,Q07973,CP24|CYP24|HCAI|HCINF1|P450-CC24,cytochrome P450 family 24 subfamily A member 1,curated,"literature, targetP signal+, mito protein domain",MIM,Metabolism > Metals and cofactors > Heme-containing proteins | Metabolism > Vitamin metabolism > Vitamin D metabolism,1.0,SharedDomain,2.0,,NoMitoHomolog,NoHomolog,
NOCT,25819,ENSG00000151014,Q9UK39,CCR4L|CCRN4L|Ccr4c|NOC,nocturnin,curated,"literature, targetP signal+, mito protein domain",Matrix,Metabolism > Metals and cofactors > NAD biosynthesis and metabolism,1.0,SharedDomain,0.0,,NoMitoHomolog,NoHomolog,
PANK2,80025,ENSG00000125779,Q9BZ23,C20orf48|HARP|HSS|NBIA1|PKAN,pantothenate kinase 2,curated,"literature, targetP signal+, mito protein domain",IMS,Metabolism > Metals and cofactors > Coenzyme A metabolism,1.0,SharedDomain,2.0,,NoMitoHomolog,NoHomolog,
CA5A,763,ENSG00000174990,P35218,CA5|CA5AD|CAV|CAVA|GS1-21A4.1,carbonic anhydrase 5A,curated,"literature, mito protein domain, MS/MS",Matrix,Metabolism > Amino acid metabolism > Urea cycle,5.0,SharedDomain,2.0,,NoMitoHomolog,NoHomolog,25-50ambig
NT5DC2,64943,ENSG00000168268,Q9H857,-,5'-nucleotidase domain containing 2,curated,"APEX_matrix, targetP signal, MS/MS",Matrix,Metabolism > Nucleotide metabolism > Nucleotide synthesis and processing,2.0,NonMitoDomain,3.0,,NoMitoHomolog,NoHomolog,50-75ambig
ATAD3B,83858,ENSG00000160072,Q5T9A4,AAA-TOB3|TOB3,ATPase family AAA domain containing 3B,curated,"APEX_IMS, APEX_matrix, GFP, Rickettsial homolog, mito protein domain+",MIM,Mitochondrial central dogma > mtDNA maintenance > mtDNA nucleoid | Mitochondrial dynamics and surveillance > Organelle contact sites | Mitochondrial dynamics and surveillance > Intramitochondrial membrane interactions,,MitoDomain,,,HomologMitoLowConf,Homolog,
TRUB2,26995,ENSG00000167112,O95900,CLONE24922,TruB pseudouridine synthase family member 2,curated,"APEX_matrix, Rickettsial homolog, mito protein domain",Matrix,Mitochondrial central dogma > mtRNA metabolism > mtRNA granules | Mitochondrial central dogma > mtRNA metabolism > mt-rRNA modifications,4.0,SharedDomain,4.0,,HomologMitoLowConf,Homolog,
PRKACA,5566,ENSG00000072062|ENSG00000288516,P17612,PKACA|PPNAD4,protein kinase cAMP-activated catalytic subunit alpha,curated,"literature, mito protein domain, coexpression",MIM,Signaling > cAMP-PKA signaling,,SharedDomain,16.0,,NoMitoHomolog,NoHomolog,25-50crude
COMTD1,118881,ENSG00000165644,Q86VU5,-,catechol-O-methyltransferase domain containing 1,curated,"GFP, MS/MS++",Membrane,0,,NonMitoDomain,3.0,0.44,NoMitoHomolog,NoHomolog,50-75pure
CPT1C,126129,ENSG00000169169,Q8TCG5,CATL1|CPT1-B|CPT1P|CPTI-B|CPTIC|SPG73,carnitine palmitoyltransferase 1C,curated,"literature, yeast mito homolog+, mito protein domain",MOM,Metabolism > Lipid metabolism > Fatty acid oxidation | Metabolism > Metals and cofactors > Carnitine synthesis and transport | Metabolism > Metals and cofactors > Carnitine shuttle,,SharedDomain,1.0,,OrthologMitoLowConf,NoHomolog,
C3orf33,285315,ENSG00000174928,Q6P1S2,AC3-33,chromosome 3 open reading frame 33,curated,"APEX_matrix, targetP signal, MS/MS",Matrix,0,3.0,,3.0,,NoMitoHomolog,NoHomolog,25-50ambig
MIGA2,84895,ENSG00000148343,Q7L4E1,C9orf54|FAM73B,mitoguardin 2,curated,"literature, coexpression",MOM,Mitochondrial dynamics and surveillance > Fusion | Mitochondrial dynamics and surveillance > Organelle contact sites,,,28.0,0.3,NoMitoHomolog,NoHomolog,0-25ambig
SND1,27044,ENSG00000197157,Q7KZF4,TDRD11|Tudor-SN|p100,staphylococcal nuclease and tudor domain containing 1,curated,"GFP, yeast mito homolog, mito protein domain",unknown,0,,SharedDomain,3.0,,HomologMitoHighConf,NoHomolog,25-50crude
GLUD2,2747,ENSG00000182890|ENSG00000288118,P49448,GDH2|GLUDP1,glutamate dehydrogenase 2,curated,"literature, targetP signal+, mito protein domain",Matrix,Metabolism > Amino acid metabolism > Glutamate metabolism | Metabolism > Amino acid metabolism > GABA metabolism,1.0,SharedDomain,,,HomologMitoLowConf,NoHomolog,
HPDL,84842,ENSG00000186603,Q96IR7,4-HPPD-L|GLOXD1,4-hydroxyphenylpyruvate dioxygenase like,curated,"manual, targetP signal, induction",unknown,0,3.0,,0.0,2.16,NoMitoHomolog,NoHomolog,
ANGEL2,90806,ENSG00000174606,Q5VTE6,Ccr4d|KIAA0759L,angel homolog 2,curated,"APEX_matrix, mito protein domain, MS/MS",Matrix,Mitochondrial central dogma > mtRNA metabolism > mt-mRNA modifications,5.0,SharedDomain,1.0,,NoMitoHomolog,NoHomolog,0-25pure
ANTKMT,65990,ENSG00000103254,Q9BQD7,ANT-KMT|C16orf24|FAM173A,adenine nucleotide translocase lysine methyltransferase,curated,"literature, coexpression, MS/MS",MIM,Metabolism > Nucleotide metabolism,,,5.0,,NoMitoHomolog,NoHomolog,25-50ambig
UQCC3,790955,ENSG00000204922,Q6UW78,C11orf83|CCDS41658.1|MC3DN9|UNQ655,ubiquinol-cytochrome c reductase complex assembly factor 3,curated,"literature, coexpression, MS/MS",MIM,OXPHOS > Complex III > CIII assembly factors | OXPHOS > OXPHOS assembly factors,,,6.0,,NoMitoHomolog,NoHomolog,25-50ambig
PRDX4,10549,ENSG00000123131,Q13162,AOE37-2|AOE372|HEL-S-97n|PRX-4,peroxiredoxin 4,curated,"APEX_IMS, Rickettsial homolog, mito protein domain",IMS,Metabolism > Detoxification > ROS and glutathione metabolism,,SharedDomain,4.0,-0.48,NoMitoHomolog,Homolog,25-50crude
CDK5RAP1,51654,ENSG00000101391,Q96SZ6,C20orf34|C42|CGI-05|HSPC167,CDK5 regulatory subunit associated protein 1,curated,"literature, targetP signal, Rickettsial homolog, mito protein domain",Matrix,Mitochondrial central dogma > mtRNA metabolism > mt-tRNA modifications,3.0,SharedDomain,1.0,,NoMitoHomolog,Homolog,
PAICS,10606,ENSG00000128050,P22234,ADE2|ADE2H1|AIRC|PAIS,phosphoribosylaminoimidazole carboxylase and phosphoribosylaminoimidazolesuccinocarboxamide synthase,curated,"APEX_matrix, Rickettsial homolog, coexpression",Matrix,Metabolism > Nucleotide metabolism > Nucleotide synthesis and processing,,,7.0,,NoMitoHomolog,Ortholog,
MGARP,84709,ENSG00000137463,Q8TDB4,C4orf49|CESP-1|HUMMR|OSAP,mitochondria localized glutamic acid rich protein,curated,"literature, APEX_IMS, targetP signal, coexpression",Membrane,Mitochondrial dynamics and surveillance > Trafficking,2.0,,7.0,,NoMitoHomolog,NoHomolog,
HDHD3,81932,ENSG00000119431,Q9BSH5,2810435D12Rik|C9orf158,haloacid dehalogenase like hydrolase domain containing 3,curated,"APEX_matrix, MS/MS++",Matrix,0,,NonMitoDomain,2.0,,NoMitoHomolog,NoHomolog,50-75pure
CYP11B2,1585,ENSG00000179142,P19099,ALDOS|CPN2|CYP11B|CYP11BL|CYPXIB2|P-450C18|P450C18|P450aldo,cytochrome P450 family 11 subfamily B member 2,curated,"literature, targetP signal, mito protein domain, coexpression",MIM,"Metabolism > Lipid metabolism > Cholesterol, bile acid, steroid synthesis | Metabolism > Metals and cofactors > Heme-containing proteins",3.0,SharedDomain,8.0,,NoMitoHomolog,NoHomolog,
AGPAT4,56895,ENSG00000026652,Q9NRZ5,1-AGPAT4|LPAAT-delta|dJ473J16.2,1-acylglycerol-3-phosphate O-acyltransferase 4,curated,"literature, mito protein domain, induction",MOM,Metabolism > Lipid metabolism > Cardiolipin synthesis | Metabolism > Lipid metabolism > Phospholipid metabolism,,SharedDomain,1.0,0.73,NoMitoHomolog,NoHomolog,0-25ambig
RCC1L,81554,ENSG00000274523,Q96I51,WBSCR16,RCC1 like,curated,"literature, APEX_matrix, targetP signal, coexpression",Matrix,Mitochondrial central dogma > mtRNA metabolism > mt-rRNA modifications,2.0,NonMitoDomain,9.0,,NoMitoHomolog,NoHomolog,0-25ambig
FAM185A,222234,ENSG00000222011,Q8N0U4,-,family with sequence similarity 185 member A,curated,"APEX_matrix, targetP signal, coexpression",Matrix,0,3.0,,11.0,,NoMitoHomolog,NoHomolog,
PMAIP1,5366,ENSG00000141682,Q13794,APR|NOXA,phorbol-12-myristate-13-acetate-induced protein 1,curated,"literature, mito protein domain+",MOM,Mitochondrial dynamics and surveillance > Apoptosis,,MitoDomain,3.0,-0.77,NoMitoHomolog,NoHomolog,
TDRKH,11022,ENSG00000182134,Q9Y2W6,TDRD2,tudor and KH domain containing,curated,"GFP, mito protein domain, MS/MS",Membrane,0,,SharedDomain,1.0,,NoMitoHomolog,NoHomolog,25-50ambig
SLC8B1,80024,ENSG00000089060,Q6J4K2,NCKX6|NCLX|SLC24A6,solute carrier family 8 member B1,curated,"literature, mito protein domain, induction",MIM,Signaling > Calcium homeostasis > Calcium cycle | Small molecule transport,,SharedDomain,0.0,0.75,NoMitoHomolog,NoHomolog,0-25crude
CYP27B1,1594,ENSG00000111012,O15528,CP2B|CYP1|CYP1alpha|CYP27B|P450c1|PDDR|VDD1|VDDR|VDDRI|VDR,cytochrome P450 family 27 subfamily B member 1,curated,"literature, targetP signal, mito protein domain",MIM,Metabolism > Metals and cofactors > Heme-containing proteins | Metabolism > Vitamin metabolism > Vitamin D metabolism,2.0,SharedDomain,2.0,,NoMitoHomolog,NoHomolog,
POLG2,11232,ENSG00000256525,Q9UHN1,HP55|MTDPS16|MTPOLB|PEOA4|POLB|POLG-BETA|POLGB,"DNA polymerase gamma 2, accessory subunit",curated,"literature, APEX_matrix, targetP signal, mito protein domain",Matrix,Mitochondrial central dogma > mtDNA maintenance > mtDNA replication | Mitochondrial central dogma > mtDNA maintenance > mtDNA nucleoid,2.0,SharedDomain,1.0,,NoMitoHomolog,NoHomolog,
THEM5,284486,ENSG00000196407,Q8N1Q8,ACOT15,thioesterase superfamily member 5,curated,"literature, targetP signal, mito protein domain",Matrix,Metabolism > Lipid metabolism,2.0,SharedDomain,0.0,,NoMitoHomolog,NoHomolog,
BIK,638,ENSG00000100290,Q13323,BIP1|BP4|NBK,BCL2 interacting killer,curated,"manual, mito protein domain+",MOM,Mitochondrial dynamics and surveillance > Apoptosis,,MitoDomain,0.0,,NoMitoHomolog,NoHomolog,
MTERF1,7978,ENSG00000127989,Q99551,MTERF,mitochondrial transcription termination factor 1,curated,"literature, APEX_matrix, mito protein domain+",Matrix,Mitochondrial central dogma > mtDNA maintenance > mtDNA nucleoid | Mitochondrial central dogma > mtRNA metabolism > Transcription,,MitoDomain,,,NoMitoHomolog,NoHomolog,
MTFR2,113115,ENSG00000146410,Q6P444,DUFD1|FAM54A,mitochondrial fission regulator 2,curated,"manual, mito protein domain+",Membrane,Mitochondrial dynamics and surveillance > Fission,,MitoDomain,0.0,,NoMitoHomolog,NoHomolog,
GPX4,2879,ENSG00000167468,P36969,GPx-4|GSHPx-4|MCSP|PHGPx|SMDS|snGPx|snPHGPx,glutathione peroxidase 4,curated,"literature, mito protein domain",MIM,Metabolism > Detoxification > ROS and glutathione metabolism | Metabolism > Detoxification > Selenoproteins,,SharedDomain,,,HomologMitoLowConf,NoHomolog,50-75crude
TOMM20L,387990,ENSG00000196860,Q6UXN7,UNQ9438,translocase of outer mitochondrial membrane 20 like,curated,"manual, yeast mito homolog+",MOM,"Protein import, sorting and homeostasis > Protein import and sorting",,,2.0,,OrthologMitoLowConf,NoHomolog,
COMT,1312,ENSG00000093010,P21964,HEL-S-98n,catechol-O-methyltransferase,curated,"GFP, induction, coexpression",Membrane,Metabolism > Amino acid metabolism > Catechol metabolism,,NonMitoDomain,5.0,0.9,NoMitoHomolog,NoHomolog,25-50crude
MYG1,60314,ENSG00000139637,Q86UA3,C12orf10|Gamm1|MST024|MSTP024|MYG,MYG1 exonuclease,curated,"literature, mito protein domain, coexpression",Matrix,Mitochondrial central dogma > mtRNA metabolism > mt-rRNA modifications | Mitochondrial central dogma > mtRNA metabolism > mt-mRNA modifications,5.0,SharedDomain,7.0,,NoMitoHomolog,NoHomolog,
SPATA20,64847,ENSG00000006282,Q8TB22,HEL-S-98|SSP411|Tisp78,spermatogenesis associated 20,curated,"APEX_matrix, targetP signal",Matrix,0,2.0,,,,NoMitoHomolog,NoHomolog,0-25crude
OXCT2,64064,ENSG00000198754,Q9BYC2,FKSG25|SCOTT,3-oxoacid CoA-transferase 2,curated,"manual, targetP signal+, mito protein domain",Matrix,Metabolism > Carbohydrate metabolism > Ketone metabolism,1.0,SharedDomain,,,NoMitoHomolog,NoHomolog,
CCDC127,133957,ENSG00000164366,Q96BQ5,-,coiled-coil domain containing 127,curated,"APEX_IMS, MS/MS",Membrane,0,,,2.0,,NoMitoHomolog,NoHomolog,50-75ambig
CRY1,1407,ENSG00000008405,Q16526,DSPD|PHLL1,cryptochrome circadian regulator 1,curated,"literature, mito protein domain, coexpression",unknown,0,,SharedDomain,5.0,,HomologMitoLowConf,NoHomolog,
ACSM2B,348158,ENSG00000066813,Q68CK6,ACSM2|HXMA|HYST1046,acyl-CoA synthetase medium chain family member 2B,curated,"manual, targetP signal, mito protein domain",Matrix,Metabolism > Lipid metabolism > Fatty acid oxidation,2.0,SharedDomain,,,HomologMitoLowConf,NoHomolog,
MYO19,80179,ENSG00000278259|ENSG00000278372,Q96H55,MYOHD1,myosin XIX,curated,"literature, mito protein domain",MOM,Mitochondrial dynamics and surveillance > Trafficking,,SharedDomain,2.0,,HomologMitoLowConf,NoHomolog,0-25ambig
MGME1,92667,ENSG00000125871,Q9BQP7,C20orf72|DDK1|MTDPS11|bA504H3.4,mitochondrial genome maintenance exonuclease 1,curated,"literature, APEX_matrix, GFP, targetP signal",Matrix,Mitochondrial central dogma > mtDNA maintenance > mtDNA replication | Mitochondrial central dogma > mtDNA maintenance > mtDNA stability and decay,3.0,,4.0,,NoMitoHomolog,NoHomolog,0-25ambig
SEPTIN4,5414,ENSG00000108387,O43236,ARTS|BRADEION|C17orf47|CE5B3|H5|MART|PNUTL2|SEP4|SEPT4|hCDCREL-2|hucep-7,septin 4,curated,"literature, mito protein domain",MOM,Mitochondrial dynamics and surveillance > Apoptosis,4.0,SharedDomain,2.0,,NoMitoHomolog,NoHomolog,0-25crude
EFHD1,80303,ENSG00000115468,Q9BUP0,MST133|MSTP133|PP3051|SWS2,EF-hand domain family member D1,curated,"literature, mito protein domain, induction",MIM,Signaling > Calcium homeostasis > EF hand proteins,,SharedDomain,1.0,0.77,NoMitoHomolog,NoHomolog,
RAB5IF,55969,ENSG00000101084,Q9BUV8,C20orf24|PNAS-11|RCAF1|RIP5,RAB5 interacting factor,curated,"GFP, induction, coexpression",MIM,OXPHOS > OXPHOS assembly factors | OXPHOS > Respirasome assembly,,NonMitoDomain,14.0,1.34,NoMitoHomolog,NoHomolog,
APEX1,328,ENSG00000100823,P27695,APE|APE1|APEN|APEX|APX|HAP1|REF1,apurinic/apyrimidinic endodeoxyribonuclease 1,curated,"literature, Rickettsial homolog, mito protein domain",Matrix,Mitochondrial central dogma > mtDNA maintenance > mtDNA repair,,SharedDomain,1.0,-0.92,NoMitoHomolog,Homolog,
SPTLC2,9517,ENSG00000100596,O15270,HSN1C|LCB2|LCB2A|NSAN1C|SPT2|hLCB2a,serine palmitoyltransferase long chain base subunit 2,curated,"GFP, Rickettsial homolog, mito protein domain",Membrane,Metabolism > Lipid metabolism > Phospholipid metabolism,,SharedDomain,4.0,0.29,NoMitoHomolog,Homolog,
DMAC1,90871,ENSG00000137038,Q96GE9,C9orf123|TMEM261,distal membrane arm assembly complex 1,curated,"literature, MS/MS",MIM,OXPHOS > Complex I > CI assembly factors | OXPHOS > OXPHOS assembly factors,,,4.0,,NoMitoHomolog,NoHomolog,25-50ambig
ATPSCKMT,134145,ENSG00000150756,Q6P4H8,FAM173B|JS-2|hFAM173B,ATP synthase c subunit lysine N-methyltransferase,curated,"literature, coexpression",MIM,OXPHOS > Complex V > CV assembly factors | OXPHOS > OXPHOS assembly factors,,,8.0,,NoMitoHomolog,NoHomolog,0-25ambig
NEU4,129807,ENSG00000204099|ENSG00000277926,Q8WWR8,-,neuraminidase 4,curated,"GFP, targetP signal",MOM,Metabolism > Carbohydrate metabolism,2.0,,,,NoMitoHomolog,NoHomolog,
CASP9,842,ENSG00000132906,P55211,APAF-3|APAF3|ICE-LAP6|MCH6|PPP1R56,caspase 9,curated,"literature, targetP signal, mito protein domain",IMS,"Protein import, sorting and homeostasis > Protein homeostasis > Proteases | Mitochondrial dynamics and surveillance > Apoptosis",3.0,SharedDomain,1.0,,NoMitoHomolog,NoHomolog,
AGK,55750,ENSG00000006530|ENSG00000262327,Q53H12,CATC5|CTRCT38|MTDPS10|MULK,acylglycerol kinase,curated,"literature, APEX_IMS, mito protein domain",MIM,"Protein import, sorting and homeostasis > Protein import and sorting > TIM22 carrier pathway | Metabolism > Lipid metabolism > Phospholipid metabolism",,SharedDomain,,,NoMitoHomolog,NoHomolog,50-75crude
MCL1,4170,ENSG00000143384,Q07820,BCL2L3|EAT|MCL1-ES|MCL1L|MCL1S|Mcl-1|TM|bcl2-L-3|mcl1/EAT,"MCL1 apoptosis regulator, BCL2 family member",curated,"manual, mito protein domain",MOM,Mitochondrial dynamics and surveillance > Apoptosis,,SharedDomain,0.0,0.31,NoMitoHomolog,NoHomolog,0-25ambig
DUS2,54920,ENSG00000167264,Q9NX74,DUS2L|SMM1|URLC8,dihydrouridine synthase 2,curated,"GFP, Rickettsial homolog, mito protein domain",Matrix,Mitochondrial central dogma > mtRNA metabolism > mt-tRNA modifications,,SharedDomain,3.0,,NoMitoHomolog,Homolog,
PLD6,201164,ENSG00000179598,Q8N2A8,ZUC,phospholipase D family member 6,curated,"literature, Rickettsial homolog, mito protein domain",MOM,Metabolism > Lipid metabolism > Cardiolipin synthesis | Mitochondrial dynamics and surveillance > Fusion,,SharedDomain,1.0,,NoMitoHomolog,Homolog,
TOMM34,10953,ENSG00000025772,Q15785,HTOM34P|TOM34|URCC3,translocase of outer mitochondrial membrane 34,curated,"literature, mito protein domain",MOM,"Protein import, sorting and homeostasis > Protein import and sorting > TOM",,SharedDomain,1.0,,NoMitoHomolog,NoHomolog,25-50crude
PRORP,9692,ENSG00000100890,O15091,KIAA0391|MRPP3,protein only RNase P catalytic subunit,curated,APEX_matrix,Matrix,Mitochondrial central dogma > mtRNA metabolism > mtRNA granules | Mitochondrial central dogma > mtRNA metabolism > Polycistronic mtRNA processing,5.0,,1.0,,NoMitoHomolog,NoHomolog,0-25ambig
PLSCR3,57048,ENSG00000187838|ENSG00000284009,Q9NRY6,-,phospholipid scramblase 3,curated,"literature, mito protein domain",MIM,Metabolism > Lipid metabolism > Cardiolipin synthesis,,SharedDomain,1.0,-0.19,HomologMitoLowConf,NoHomolog,
CKMT1B,1159,ENSG00000237289,0,CKMT|CKMT1|UMTCK,"creatine kinase, mitochondrial 1B",curated,"literature, APEX_IMS, targetP signal, mito protein domain",MIM,Metabolism > Nucleotide metabolism > Creatine metabolism,2.0,SharedDomain,,,NoMitoHomolog,NoHomolog,
NDUFB1,4707,ENSG00000183648,O75438,CI-MNLL|CI-SGDH|MNLL,NADH:ubiquinone oxidoreductase subunit B1,curated,"literature, mito protein domain+",MIM,OXPHOS > Complex I > CI subunits | OXPHOS > OXPHOS subunits,,MitoDomain,,,NoMitoHomolog,NoHomolog,
CASP8,841,ENSG00000064012,Q14790,ALPS2B|CAP4|Casp-8|FLICE|MACH|MCH5,caspase 8,curated,"literature, mito protein domain",MOM,"Protein import, sorting and homeostasis > Protein homeostasis | Mitochondrial dynamics and surveillance > Apoptosis",4.0,SharedDomain,3.0,,NoMitoHomolog,NoHomolog,
BCL2L1,598,ENSG00000171552,Q07817,BCL-XL/S|BCL2L|BCLX|Bcl-X|PPP1R52,BCL2 like 1,curated,"literature, mito protein domain",MOM,Mitochondrial dynamics and surveillance > Apoptosis,,SharedDomain,1.0,,NoMitoHomolog,NoHomolog,0-25ambig
EXD2,55218,ENSG00000081177,Q9NVH0,C14orf114|EXDL2,exonuclease 3'-5' domain containing 2,curated,"literature, mito protein domain",Matrix,Mitochondrial central dogma > Translation,,SharedDomain,2.0,,NoMitoHomolog,NoHomolog,0-25ambig
ARMC10,83787,ENSG00000170632|ENSG00000282813,Q8N2F6,PNAS-112|PNAS112|PSEC0198|SVH,armadillo repeat containing 10,curated,"GFP, MS/MS",MOM,Mitochondrial dynamics and surveillance > Fission | Mitochondrial dynamics and surveillance > Trafficking,,NonMitoDomain,1.0,,NoMitoHomolog,NoHomolog,50-75ambig
MIEF2,125170,ENSG00000177427|ENSG00000284495,Q96C03,MID49|SMCR7,mitochondrial elongation factor 2,curated,"literature, mito protein domain",MOM,Mitochondrial dynamics and surveillance > Fission,5.0,SharedDomain,0.0,,NoMitoHomolog,NoHomolog,
THG1L,54974,ENSG00000113272,Q9NWX6,ICF45|IHG-1|IHG1|SCAR28|THG1|hTHG1,tRNA-histidine guanylyltransferase 1 like,curated,"literature, targetP signal, coexpression",Matrix,Mitochondrial central dogma > mtRNA metabolism > mt-tRNA modifications,3.0,NonMitoDomain,5.0,,NoMitoHomolog,NoHomolog,
GOLPH3,64083,ENSG00000113384,Q9H4A6,GOPP1|GPP34|MIDAS|Vps74,golgi phosphoprotein 3,curated,"literature, induction",IMS,0,4.0,NonMitoDomain,3.0,0.54,NoMitoHomolog,NoHomolog,
PREPL,9581,ENSG00000138078,Q4J6C6,CMS22,prolyl endopeptidase like,curated,"APEX_matrix, Rickettsial homolog",Matrix,0,,NonMitoDomain,2.0,-1.16,NoMitoHomolog,Homolog,0-25ambig
FASTKD3,79072,ENSG00000124279,Q14CZ7,-,FAST kinase domains 3,curated,"APEX_matrix, targetP signal",Matrix,Mitochondrial central dogma > mtRNA metabolism > Polycistronic mtRNA processing | Mitochondrial central dogma > mtRNA metabolism > mtRNA stability and decay,3.0,,3.0,,NoMitoHomolog,NoHomolog,
CEP89,84902,ENSG00000121289,Q96ST8,CCDC123|CEP123,centrosomal protein 89,curated,"literature, targetP signal",IMS,OXPHOS > Complex IV > CIV assembly factors | OXPHOS > OXPHOS assembly factors,3.0,,1.0,,NoMitoHomolog,NoHomolog,
GPAT2,150763,ENSG00000186281,Q6NUI2,CT123,"glycerol-3-phosphate acyltransferase 2, mitochondrial",curated,manual ,MOM,Metabolism > Lipid metabolism > Cardiolipin synthesis | Metabolism > Lipid metabolism > Phospholipid metabolism,,,1.0,,NoMitoHomolog,NoHomolog,25-50crude
NBR1,4077,ENSG00000188554,Q14596,1A1-3B|IAI3B|M17S2|MIG19,NBR1 autophagy cargo receptor,curated,"APEX_IMS, coexpression",IMS,Mitochondrial dynamics and surveillance > Autophagy,,NonMitoDomain,5.0,,NoMitoHomolog,NoHomolog,0-25ambig
BOK,666,ENSG00000176720,Q9UMX3,BCL2L9|BOKL,BCL2 family apoptosis regulator BOK,curated,"manual, mito protein domain",MOM,Mitochondrial dynamics and surveillance > Apoptosis,,SharedDomain,1.0,-0.34,NoMitoHomolog,NoHomolog,
FKBP10,60681,ENSG00000141756,Q96AY3,BRKS1|FKBP65|OI11|OI6|PPIASE|hFKBP65,FKBP prolyl isomerase 10,curated,"APEX_IMS, mito protein domain",IMS,"Protein import, sorting and homeostasis > Protein homeostasis > Chaperones",,SharedDomain,1.0,-0.45,NoMitoHomolog,NoHomolog,
SETD9,133383,ENSG00000155542,Q8NE22,C5orf35,SET domain containing 9,curated,"APEX_matrix, targetP signal",Matrix,0,2.0,,,,NoMitoHomolog,NoHomolog,
CYP11B1,1584,ENSG00000160882,P15538,CPN1|CYP11B|FHI|P450C11,cytochrome P450 family 11 subfamily B member 1,curated,"manual, targetP signal, mito protein domain",MIM,"Metabolism > Lipid metabolism > Cholesterol, bile acid, steroid synthesis | Metabolism > Metals and cofactors > Heme-containing proteins",3.0,SharedDomain,,,NoMitoHomolog,NoHomolog,
CSKMT,751071,ENSG00000214756,A8MUP2,CS-KMT|METTL12|U99HG,citrate synthase lysine methyltransferase,curated,"literature, targetP signal, mito protein domain",Matrix,Signaling,3.0,SharedDomain,,,NoMitoHomolog,NoHomolog,
MIGA1,374986,ENSG00000180488,Q8NAN2,FAM73A,mitoguardin 1,curated,literature,MOM,Mitochondrial dynamics and surveillance > Fusion,,,1.0,,NoMitoHomolog,NoHomolog,0-25ambig
RPIA,22934,ENSG00000153574,P49247,RPI|RPIAD,ribose 5-phosphate isomerase A,curated,APEX_matrix,Matrix,Metabolism > Carbohydrate metabolism,4.0,NonMitoDomain,4.0,,NoMitoHomolog,NoHomolog,0-25ambig
BBC3,27113,ENSG00000105327,Q96PG8,JFY-1|JFY1|PUMA,BCL2 binding component 3,curated,manual ,MOM,Mitochondrial dynamics and surveillance > Apoptosis,5.0,,4.0,,NoMitoHomolog,NoHomolog,
BAD,572,ENSG00000002330,Q92934,BBC2|BCL2L8,BCL2 associated agonist of cell death,curated,"literature, mito protein domain",MOM,Mitochondrial dynamics and surveillance > Apoptosis,,SharedDomain,3.0,,NoMitoHomolog,NoHomolog,
BCL2,596,ENSG00000171791,P10415,Bcl-2|PPP1R50,BCL2 apoptosis regulator,curated,"literature, mito protein domain",MOM,Mitochondrial dynamics and surveillance > Apoptosis,,SharedDomain,3.0,,NoMitoHomolog,NoHomolog,
BCL2A1,597,ENSG00000140379,Q16548,ACC-1|ACC-2|ACC1|ACC2|BCL2L5|BFL1|GRS|HBPA1,BCL2 related protein A1,curated,"manual, mito protein domain",MOM,Mitochondrial dynamics and surveillance > Apoptosis,,SharedDomain,,,NoMitoHomolog,NoHomolog,
BCL2L2,599,ENSG00000129473,Q92843,BCL-W|BCL2-L-2|BCLW|PPP1R51,BCL2 like 2,curated,"literature, mito protein domain",MOM,Mitochondrial dynamics and surveillance > Apoptosis,,SharedDomain,2.0,,NoMitoHomolog,NoHomolog,
CASP3,836,ENSG00000164305,P42574,CPP32|CPP32B|SCA-1,caspase 3,curated,"literature, mito protein domain",IMS,"Protein import, sorting and homeostasis > Protein homeostasis > Proteases | Mitochondrial dynamics and surveillance > Apoptosis",,SharedDomain,4.0,,NoMitoHomolog,NoHomolog,
DMPK,1760,ENSG00000104936,Q09013,DM|DM1|DM1PK|DMK|MDPK|MT-PK,DM1 protein kinase,curated,"literature, mito protein domain",MOM,0,,SharedDomain,2.0,,NoMitoHomolog,NoHomolog,
DNA2,1763,ENSG00000138346,P51530,DNA2L|hDNA2,DNA replication helicase/nuclease 2,curated,"literature, mito protein domain",Matrix,Mitochondrial central dogma > mtDNA maintenance > mtDNA replication | Metabolism > Metals and cofactors > Fe-S-containing proteins,,SharedDomain,1.0,,NoMitoHomolog,NoHomolog,
MT-ND6,4541,ENSG00000198695,P03923,MTND6,"NADH dehydrogenase, subunit 6 (complex I)",curated,"literature, mito protein domain",MIM,OXPHOS > Complex I > CI subunits | OXPHOS > OXPHOS subunits,,SharedDomain,,,NoMitoHomolog,NoHomolog,
PRKN,5071,ENSG00000185345,O60260,AR-JP|LPRS2|PARK2|PDJ,parkin RBR E3 ubiquitin protein ligase,curated,"manual, mito protein domain",MOM,Mitochondrial dynamics and surveillance > Mitophagy | Mitochondrial dynamics and surveillance > Autophagy,,SharedDomain,,,NoMitoHomolog,NoHomolog,
ALKBH1,8846,ENSG00000100601,Q13686,ABH|ABH1|ALKBH|alkB|hABH,"alkB homolog 1, histone H2A dioxygenase",curated,"literature, APEX_matrix, mito protein domain",Matrix,Mitochondrial central dogma > mtRNA metabolism > mtRNA granules | Mitochondrial central dogma > mtRNA metabolism > mt-tRNA modifications,,SharedDomain,4.0,,NoMitoHomolog,NoHomolog,
PICK1,9463,ENSG00000100151,Q9NRD5,PICK|PRKCABP,protein interacting with PRKCA 1,curated,"literature, mito protein domain",unknown,0,,SharedDomain,2.0,,NoMitoHomolog,NoHomolog,
BCL2L10,10017,ENSG00000137875,Q9HD36,BCL-B|Boo|Diva|bcl2-L-10,BCL2 like 10,curated,"manual, mito protein domain",MOM,Mitochondrial dynamics and surveillance > Apoptosis,,SharedDomain,1.0,,NoMitoHomolog,NoHomolog,
AKAP10,11216,ENSG00000108599,O43572,AKAP-10|D-AKAP-2|D-AKAP2|PRKA10,A-kinase anchoring protein 10,curated,"literature, mito protein domain",MOM,Signaling > cAMP-PKA signaling,,SharedDomain,1.0,,NoMitoHomolog,NoHomolog,
STYXL1,51657,ENSG00000127952,Q9Y6J8,DUSP24|MK-STYX|MKSTYX,serine/threonine/tyrosine interacting like 1,curated,"literature, mito protein domain",Matrix,Mitochondrial dynamics and surveillance > Apoptosis,,SharedDomain,1.0,,NoMitoHomolog,NoHomolog,
NSUN2,54888,ENSG00000037474,Q08J23,MISU|MRT5|SAKI|TRM4,NOP2/Sun RNA methyltransferase 2,curated,"literature, mito protein domain",Matrix,Mitochondrial central dogma > mtRNA metabolism > mt-tRNA modifications,,SharedDomain,3.0,,NoMitoHomolog,NoHomolog,
ADCY10,55811,ENSG00000143199,Q96PN6,HCA2|HEL-S-7a|SAC|SACI|Sacy|hsAC,adenylate cyclase 10,curated,"literature, mito protein domain",Membrane,Signaling > cAMP-PKA signaling,,SharedDomain,2.0,,NoMitoHomolog,NoHomolog,
SPHK2,56848,ENSG00000063176,Q9NRA0,SK 2|SK-2|SPK 2|SPK-2,sphingosine kinase 2,curated,"literature, mito protein domain",MIM,Metabolism > Lipid metabolism > Phospholipid metabolism | Mitochondrial dynamics and surveillance > Apoptosis,,SharedDomain,0.0,,NoMitoHomolog,NoHomolog,
NSUN3,63899,ENSG00000178694,Q9H649,MST077|MSTP077,NOP2/Sun RNA methyltransferase 3,curated,"APEX_matrix, mito protein domain",Matrix,Mitochondrial central dogma > mtRNA metabolism > mt-tRNA modifications,,SharedDomain,2.0,,NoMitoHomolog,NoHomolog,
PABPC5,140886,ENSG00000174740,Q96DU9,PABP5,poly(A) binding protein cytoplasmic 5,curated,"literature, mito protein domain",Matrix,0,,SharedDomain,,,NoMitoHomolog,NoHomolog,
PRSS35,167681,ENSG00000146250,Q8N3Z0,C6orf158|dJ223E3.1,serine protease 35,curated,"GFP, mito protein domain",unknown,"Protein import, sorting and homeostasis > Protein homeostasis",,SharedDomain,,,NoMitoHomolog,NoHomolog,
PRIMPOL,201973,ENSG00000164306,Q96LW4,CCDC111|MYP22|Primpol1,primase and DNA directed polymerase,curated,"literature, mito protein domain",Matrix,Mitochondrial central dogma > mtDNA maintenance > mtDNA repair,,SharedDomain,0.0,,NoMitoHomolog,NoHomolog,
SERAC1,84947,ENSG00000122335,Q96JX3,-,serine active site containing 1,curated,"literature, APEX_IMS",MOM,Metabolism > Lipid metabolism > Phospholipid metabolism,5.0,NonMitoDomain,4.0,,NoMitoHomolog,NoHomolog,0-25ambig
STX17,55014,ENSG00000136874,P56962,-,syntaxin 17,curated,"APEX_IMS, coexpression",MOM,Mitochondrial dynamics and surveillance > Fission | Mitochondrial dynamics and surveillance > Organelle contact sites | Mitochondrial dynamics and surveillance > Autophagy,,NonMitoDomain,7.0,,NoMitoHomolog,NoHomolog,0-25crude
TRMT61B,55006,ENSG00000171103,Q9BVS5,-,tRNA methyltransferase 61B,curated,"APEX_matrix, mito protein domain",Matrix,Mitochondrial central dogma > mtRNA metabolism > mt-tRNA modifications | Mitochondrial central dogma > mtRNA metabolism > mt-rRNA modifications | Mitochondrial central dogma > Translation > Mitochondrial ribosome assembly,5.0,SharedDomain,,,NoMitoHomolog,NoHomolog,
PDE2A,5138,ENSG00000186642,O00408,CGS-PDE|PDE2A1|PED2A4|cGSPDE,phosphodiesterase 2A,curated,literature,MIM,Signaling > cAMP-PKA signaling,5.0,NonMitoDomain,0.0,,NoMitoHomolog,NoHomolog,0-25crude
PLGRKT,55848,ENSG00000107020,Q9HBL7,AD025|C9orf46|MDS030|PLG-RKT|Plg-R(KT),plasminogen receptor with a C-terminal lysine,curated,GFP,Membrane,0,,NonMitoDomain,1.0,,NoMitoHomolog,NoHomolog,75-100crude
ETFBKMT,254013,ENSG00000139160,Q8IXQ9,C12orf72|ETFB-KMT|METTL20,electron transfer flavoprotein subunit beta lysine methyltransferase,curated,"literature, targetP signal",Matrix,"Metabolism > Electron carriers > Q-linked reactions, other",3.0,NonMitoDomain,3.0,,NoMitoHomolog,NoHomolog,
RTL10,79680,ENSG00000215012,Q7L3V2,BOP|C22orf29,retrotransposon Gag like 10,curated,"manual, targetP signal",MOM,Mitochondrial dynamics and surveillance > Apoptosis,3.0,,,,NoMitoHomolog,NoHomolog,
BCL2L11,10018,ENSG00000153094,O43521,BAM|BIM|BOD,BCL2 like 11,curated,manual ,MOM,Mitochondrial dynamics and surveillance > Apoptosis,,,0.0,,NoMitoHomolog,NoHomolog,
SPIRE1,56907,ENSG00000134278,Q08AE8,Spir-1,spire type actin nucleation factor 1,curated,literature,MOM,Mitochondrial dynamics and surveillance > Fission | Mitochondrial dynamics and surveillance > Organelle contact sites,,,0.0,,NoMitoHomolog,NoHomolog,
C2orf69,205327,ENSG00000178074,Q8N8R5,-,chromosome 2 open reading frame 69,curated,APEX_matrix,Matrix,0,,,3.0,,NoMitoHomolog,NoHomolog,
ARMCX2,9823,ENSG00000184867,Q7L311,ALEX2|GASP9,armadillo repeat containing X-linked 2,curated,literature,Membrane,0,,NonMitoDomain,0.0,-0.56,NoMitoHomolog,NoHomolog,
ARMCX1,51309,ENSG00000126947,Q9P291,ALEX1|GASP7,armadillo repeat containing X-linked 1,curated,literature,MOM,Mitochondrial dynamics and surveillance > Trafficking,,NonMitoDomain,2.0,-0.42,NoMitoHomolog,NoHomolog,
POLB,5423,ENSG00000070501,P06746,-,DNA polymerase beta,curated,literature,Matrix,Mitochondrial central dogma > mtDNA maintenance > mtDNA repair,,NonMitoDomain,3.0,,NoMitoHomolog,NoHomolog,
SNAP29,9342,ENSG00000099940,O95721,CEDNIK|SNAP-29,synaptosome associated protein 29,curated,APEX_IMS,IMS,Mitochondrial dynamics and surveillance > Autophagy,,NonMitoDomain,2.0,,NoMitoHomolog,NoHomolog,
ARMCX3,51566,ENSG00000102401,Q9UH62,ALEX3|GASP6|dJ545K15.2,armadillo repeat containing X-linked 3,curated,literature,MOM,Mitochondrial dynamics and surveillance > Trafficking,,NonMitoDomain,,,NoMitoHomolog,NoHomolog,
ARMCX6,54470,ENSG00000198960,Q7L4S7,GASP10,armadillo repeat containing X-linked 6,curated,literature,Membrane,0,,NonMitoDomain,,,NoMitoHomolog,NoHomolog,
METTL4,64863,ENSG00000101574,Q8N3J2,HsT661,methyltransferase like 4,curated,literature,Matrix,Mitochondrial central dogma > mtDNA maintenance > mtDNA modifications,,NonMitoDomain,3.0,,NoMitoHomolog,NoHomolog,
SPHKAP,80309,ENSG00000153820,Q2M3C7,SKIP,"SPHK1 interactor, AKAP domain containing",curated,manual ,MIM,Signaling > cAMP-PKA signaling,,NonMitoDomain,1.0,,NoMitoHomolog,NoHomolog,
NAT8L,339983,ENSG00000185818,Q8N9F0,CML3|NACED|NAT8-LIKE,N-acetyltransferase 8 like,curated,literature,Membrane,Metabolism > Amino acid metabolism > Glutamate metabolism,,NonMitoDomain,0.0,,NoMitoHomolog,NoHomolog,
MCCD1,401250,ENSG00000204511|ENSG00000206447|ENSG00000225228|ENSG00000226841|ENSG00000226923|ENSG00000228662|ENSG00000231975|ENSG00000238238,P59942,-,mitochondrial coiled-coil domain 1,curated,manual ,unknown,0,,,,,NoMitoHomolog,NoHomolog,
PIGBOS1,101928527,ENSG00000225973,A0A0B4J2F0,HP06981,PIGB opposite strand 1,curated,literature,MOM,Mitochondrial dynamics and surveillance > Organelle contact sites,,,,,,,
HTD2,109703458,ENSG00000255154,P86397,-,hydroxyacyl-thioester dehydratase type 2,curated,literature,Matrix,Metabolism > Lipid metabolism > Type II fatty acid synthesis,,,,,,,
