,OXPHOS_CI,OXPHOS_CII_CIII,OXPHOS_CIV_CV,TCA_PYRUVATE,FAO_LIPID,AA_COFACTOR,MITO_RIBOSOME,mtDNA_RNA,PROTEIN_IMPORT,TRANSPORT,REDOX_DETOX,MITO_DYNAMICS,CELL_DEATH,SIGNALING
ACH-000001,0.5764424234185576,-0.13320359366934412,0.6814501107667653,-0.288543835114625,-0.31911680950392374,0.09686794482102518,0.31437403599313213,0.5915357225525134,0.383782296605726,0.738618438422774,-0.3911721724549733,0.3581417550255517,0.604321163189157,0.032164591780578095
ACH-000004,0.003090759403296525,0.013743071384045513,-0.39388619779981116,-0.6185679514600988,1.251823223866727,0.32396692135829436,0.5254936720187515,1.0237253325887419,0.7043808720167469,0.16712212692528514,-0.773529924574721,-0.06445126633910955,-0.8509625797165867,-0.3145000237271998
ACH-000005,-0.3153671764258042,-0.12536572414736116,-0.5035026347288908,-0.3955077309575319,0.9401872763184947,0.2876970396255921,1.0247771756469497,1.5388185551134728,0.7514330201131454,0.6432199071838872,-0.587154112429203,0.5052753730801628,-0.638719248807208,0.08000310966906665
ACH-000007,-0.07465615836118913,0.7078277828059326,0.6813579224092752,0.9372332756841417,0.7133491639094734,0.6857649849341337,0.17978892205434646,0.3092407617112324,-0.32985651551725387,-0.0018391185493605786,0.8528274378838018,-0.8586822121134225,0.023827119502153535,-0.2736960803389133
ACH-000009,0.0616988396359634,0.26152387419762885,-0.36869481895739153,0.8468225527936988,0.3054094423126895,0.79404776399041,1.1028256569172177,1.2638435463148467,1.4460419764966164,0.23639907829128934,0.5924918516897819,-0.12189233607327746,-0.2919433827875809,0.22937356651408677
ACH-000011,0.3436411616993419,-0.447759913102317,0.33478373100481346,0.08637226788398045,-0.05541838166061691,0.16465482994285713,-0.23767578985655358,-0.4093169940699769,-0.21390075093624875,-0.4890012095852728,0.5038094791496887,0.0784251980340494,-0.38712498323360073,-0.27388848419483514
ACH-000012,0.05676471372672015,-0.2413001608000386,0.15804336040789296,0.28494519098885895,-0.40138915253274954,-0.5379225380210373,0.9619217488226774,0.7206029039205667,0.509381383524028,-0.22525162018141603,-0.13568237460055305,-0.32454167847690296,-0.10225762178137045,0.17722349477470584
ACH-000013,0.4050365851852227,-0.27207038694328634,0.5231559669376364,-0.24011416088845805,-0.45364180542427357,-0.4293279637557529,-0.5635161453649433,-0.19846044438875962,-0.07673249200128934,0.589961604059588,-0.18821937242901116,-0.21924265739842652,-0.1924116487428533,0.17300192414554355
ACH-000014,0.3776302782158636,0.2758660794588208,0.3511898437340912,0.48512190760294416,0.319178219374402,0.09115094447424062,0.16995836207838944,0.5654565126294027,0.596450544493896,0.31111065888559586,0.2514910866279624,0.6353600748783788,0.6183911844654076,-0.21473751543989966
ACH-000015,0.43593143785095084,0.14286454317478753,1.093778818875901,0.7741283804139548,0.5590205293993624,0.5859808287248109,0.9380963204366728,1.426411436507781,0.723521446768693,0.7355168331044374,0.17574796542551102,-0.1766850138732407,-0.1486983987023442,0.31706569649516536
ACH-000017,0.7884219533897501,0.9725833901226495,0.6396486678960063,1.075009009438689,-0.0659990998724921,0.3651477972487265,0.5813168424473358,0.13435767624063474,0.5877276425051268,0.12466246110700674,0.5847560990477855,-0.4152027507912559,-0.22065571905121156,0.1585197655459591
ACH-000018,-0.2656684570123927,-0.053787007115913846,-0.6020969632352529,0.7843808477130166,-0.08781649359306551,-0.1852692406539958,0.388310559379645,0.4776862194223494,0.6647837429502997,0.8846489217783362,-0.21828131167183104,0.486341575557584,0.20984621906927214,0.7133548618753744
ACH-000019,0.49168996146552996,0.4868258909383077,1.0991278481488675,0.8040113319498661,0.08457062307730863,0.5821242801348492,0.41948730163399106,0.10690672574726165,0.033525038784866276,0.7401484687113896,0.44346544206365507,0.03758676474038897,0.09237822917097015,0.042171439246739315
ACH-000021,0.20096855961392754,1.1866852018814913,1.1565979667987156,-0.8297599286413031,-0.19193516195682028,-0.18632699718119086,0.8392604164200109,-0.2952631737816528,-0.20283866587855198,-0.4019796881344353,-0.2956262295073932,-0.06004238034828489,0.41433470136329886,-0.7751212180466712
ACH-000022,0.1286864891700933,0.38599824826924845,0.41982232034674133,0.8208909460649327,0.8937972423116698,0.8686346331875361,-0.3508951009717429,-0.27540131726835926,-0.4588853644480267,-0.5085476182541034,0.792546359612446,-1.1050874552985335,-0.9566791557491998,-0.27740691606952717
ACH-000023,-0.10399396658264791,0.8264062392327268,-0.13505804192250573,0.8048821061712677,-0.5705248444291143,0.40805673108830587,0.8175216464768431,0.85940915881855,0.7964526095010457,0.4326362472750058,-0.22999872492292556,0.24398222713713572,-0.2836810038826114,0.26159499768670585
ACH-000024,0.15343206944963012,0.5742370268793328,0.35025978901689936,-0.38438469457806673,0.010164819425124316,-0.07095408585788449,-0.07210697740296121,-0.12561501476050346,0.6952757436735502,0.5766516912623492,-0.8012214580310779,-0.6445652220057468,-0.9238089304404268,-0.2593755869506683
ACH-000025,0.07466119371137131,0.5053795814243487,-0.22507740443256652,0.26236747446227154,-0.6927836369522901,-0.5042837696122031,0.7702566389758941,0.549313596922459,0.24233482106651297,0.3774183000804869,-0.4097180388843979,0.44567921646279984,-0.3148968294544515,0.2296094799119559
ACH-000026,-0.08928475966691542,-0.10888980564014203,0.25669467259569584,0.6186253505833534,-0.19313517888388626,0.3236683504391661,0.6393120469268979,0.6209490214197816,0.44598519368082024,0.20889191839579116,0.22854474559945268,0.44613648825320285,0.02927562230930332,0.22221313311287377
ACH-000028,0.060017158652249915,-0.2084154569628221,0.920147560036435,0.8640534383502618,0.33750763860377997,0.6929292398160871,0.3703069985309431,0.17166444158540062,0.0004478153300618848,0.43828751194744575,0.5548953468181471,-0.14840028051232035,0.18583439725870782,0.2516016884550743
ACH-000029,0.08867577127748646,-0.20590491350145715,0.3286451090663323,0.7679227570101335,0.22524188280697666,0.27254051293288895,0.09223041152617809,-0.2613163744299769,-0.49832544397215245,0.012945913878250087,0.4128697108528082,-0.5303938437374598,-0.1616562122781936,-0.20017932074545677
ACH-000030,0.07626046941478429,0.0068251749702119835,0.14450786663253412,0.6719699414397491,0.5341025006202106,0.33486587371636106,-0.17591116502937998,-0.15039197932876136,0.2231198560573169,-0.7580221531759186,0.8751842579228719,-0.31803878199234953,0.05839947000256904,0.05493746187267812
ACH-000035,0.12018340549050727,0.6438649403701281,0.2020456738796957,0.8313283570261767,0.27826544111678264,0.3124366405755458,0.3199737415860496,0.3231853268406156,0.19881899487042543,0.09244848007830253,0.2956162718809838,0.2658388993223414,1.2778310874131695,0.33066479506915747
ACH-000036,0.027846883109900005,-0.18288863479038095,0.13181920889194396,0.3563136348023671,0.24355369869889132,0.03676105025768511,-0.8361897862214672,-0.9026894178032158,-0.627594476090258,0.16720237139417105,0.1584161230165161,0.5569745989419231,-0.06483517219455122,-0.16878536935431276
ACH-000037,-0.6189541051657451,-0.034109650794998864,-0.34264277794669445,0.4847207878634109,-0.5885308593292775,-0.9239367407386291,-0.02188067664052118,-0.0662481041262114,0.18098144086418533,-0.0670176791402905,-0.8702210391991343,0.48901432358982877,0.35644364185024174,0.08698238621685273
ACH-000039,1.0648413579117395,0.6192076752758474,-0.1741865690859833,-0.07802037886667317,-0.424960779940459,-0.4949843347346399,1.0036059946823472,1.1851387460408707,1.13802629247852,0.23041933315347113,-1.3246135230683147,0.44499688087571115,-1.0197322493667964,-0.04783920286489168
ACH-000040,0.09367409386751588,0.3015626096352401,-0.5482384455401692,0.4755603558327561,0.13810177096158627,-0.09524412540701788,0.6833054216503422,0.7613697892747768,0.7945596142183601,0.4166713805392665,-0.3085263668290915,0.7992663504938784,-0.44056322426047817,0.7266697736122384
ACH-000041,0.43843300307263755,-0.020864625265195613,-0.1328667404963215,0.019338817497846647,0.4705537651558126,0.4838151927275268,0.6809108510671981,1.0270980761941022,0.6231291164017976,0.6656630760580919,-0.21917204467775403,0.3824482629586078,-0.513813826663104,0.7176412503798941
ACH-000042,-0.9158861284089149,-1.721104965607838,-0.8498963297771458,-0.960933044611316,-0.41364582445257825,-0.16410601082497256,-1.3488547106165298,-0.8537459393399613,-1.3878349410271313,-1.121054956095732,-0.052772245316191735,-1.4673639628400927,-0.7843891904033475,-0.9516577491679827
ACH-000045,0.7850524746589462,1.1652849157032787,0.4759061286668873,-0.40261059687099354,0.46813233962142825,0.1092909079791164,0.5987595718525853,0.6864108240089085,0.6399116417238686,-0.14884690456447014,-0.5921462558851226,-0.7539688287261134,-0.032726511326119034,-0.5694334888681993
ACH-000048,0.27897982520282827,-0.2508140207348383,-0.14359180808708152,-0.26703957814352347,-0.13135941355504682,0.14734118509792396,0.5570693219893471,1.2289895681605227,0.5434614955838217,0.7495387874553845,-0.03034024425810966,-0.38533912677907267,-1.217182941878996,0.7427461305555252
ACH-000052,0.6922479927768961,0.4362321188173007,0.24005028194309866,0.4667771029300426,0.4637772954988928,0.6882819074238308,0.265802155259826,0.5613447365407402,0.4378819444363883,0.5450901507285,0.1260230303891062,0.43499798482413143,-0.22373656588262542,0.8895238027660437
ACH-000053,-0.10223472642351229,-0.011719268652075775,-0.19487487447359336,-0.19809752984720025,0.6525075496818301,0.018133285357824,-0.1315362052112652,-0.2268068765516483,0.3220761759115426,-0.15188451305500777,-0.2900802989346978,-0.4306514577904002,0.21764305234071743,-0.31432239507725
ACH-000054,-0.055539504951266055,0.457480408053822,0.08641040833264155,0.21138361571148448,-0.6976869644396568,-0.8483417930983596,0.8019341677014616,0.8182440629680401,1.0981754921956022,-0.20792876042752523,-0.5161276647204803,0.35335705895440195,0.08305261636505969,0.3003388384985571
ACH-000055,-0.3491685351115042,-0.48228150372415124,-0.35772946160216273,-0.654080698463355,-0.0076011921708541985,-0.027662365470719097,0.6814099900154147,0.5541133528425808,0.8728400992204466,0.23135139016046055,-0.6723851417793452,-0.6459948549555441,-0.8632165651270663,-0.3359143673001057
ACH-000060,0.7379375934484234,0.502753998870834,0.4653203720631218,0.16929348769328578,-0.7262248515729252,-0.06007312436480364,0.6258363581732316,0.6577134259797126,0.585089359218258,-0.007797132580064758,0.02372964094742595,-0.0020806437369400577,0.44942517860016457,0.021974814414298494
ACH-000067,0.1517316829708727,0.001408902408656515,-0.28760919159815557,0.9473159379438922,0.171411391709523,-0.14578867168552948,-0.22887091089905512,0.12387850488573007,0.13013871791191703,1.0258988173323274,0.19969985604808133,0.7494577696093973,-0.0516075585881469,0.23792251664117353
ACH-000070,0.08727048412784866,-0.1193125409837641,-0.2149261076205138,-0.21468607163047743,-0.39928309295177034,-0.23509174047505232,0.22720420757295284,0.6045743335705137,0.47346497828918144,0.47008299294522604,-1.0311222550660923,-1.0592801869729631,-1.5887071203521863,-0.5948412007273386
ACH-000074,0.05505709943536103,0.19630625819500036,-0.4967496121790818,-0.4390708113433397,0.5728821991541833,0.545215393334652,0.9587688345573147,1.2597025163691296,0.7281636003319665,0.28768445471603615,-0.5710397786237429,-0.21170865142482395,-1.0148199764176664,-0.14108704145879847
ACH-000075,0.49613296956828223,0.18759871903073616,0.3109815797306974,0.24219728334558516,0.27859188125191575,0.09171003119661783,0.4111155109795551,0.13848309670604364,0.5894235129612504,0.293325739191179,0.06676613132163411,1.2116018858889441,-0.5194752649641233,0.0757490857634926
ACH-000076,-0.9355246462247228,-0.9090286528627756,-1.2884240384904695,-0.5936235814129269,0.47586304261228296,0.30925040534652826,0.06255506641226469,0.6054386374608856,0.5218880321495378,0.1722827007713145,-1.1623222888866918,-0.38828353993464776,-0.29773963721577956,0.5149035562331349
ACH-000077,0.18568680841287652,-0.06194892789130868,-0.5268983154716409,-0.3293618556150318,0.5988838661640165,0.29322021293293576,1.0967168056632146,1.4287210661351446,1.1243291182702557,0.6006066795828687,-0.1270083357041235,-0.25065898591610597,-0.7050729162700895,-0.2185287484665479
ACH-000078,-1.4093599461948598,-1.234225854631328,-0.9076994207744234,-0.1283690157090305,0.2613320474825444,0.03314091487464968,-0.7334741181400708,-0.1947488272604842,-0.17654833963309485,0.7229034953399441,-0.5903092100907216,-0.23973342231444503,-0.7240338879602619,0.7517258169843094
ACH-000082,-0.07802955951476545,0.17681332603702357,-0.5813419389690417,0.04244200403979578,-0.3435506798002265,-0.36689668661961505,0.556205834734702,0.6686648184677589,0.8369581029641289,0.006347892095026675,-0.568753646719689,0.6221330393747997,-0.8554584624729835,0.6250133088980682
ACH-000085,0.08775843577377154,0.09955306525261884,0.16301410738465,0.12073381720728604,0.15009793700996174,0.2700168107584432,0.18967420857030137,0.1843105250233053,-0.48518666387884263,-0.7921668342920367,0.4714928801891144,-0.5138762752936146,-0.331059122351604,-0.36581819162074436
ACH-000086,0.3588095710129056,1.4370261572249812,1.2343002332071882,-0.7398257956878845,-0.8707910769800477,-0.9816992691619735,0.7386528135726593,-0.45657255150615816,0.31381052176866264,-0.6250481931157673,-0.44863806777424825,0.5466679781256463,0.23468570676391856,-1.2152659003719646
ACH-000087,0.4974182893366132,-0.06547216004035616,-0.07551055789201597,0.014093022180305545,-0.016230373060081377,0.37715326751207784,0.8671834043963195,1.196318040365787,0.8697521918106272,0.6827414198142553,-0.49640296506339887,0.3258373646565392,-0.4463294292080051,0.7390874793586635
ACH-000090,0.7472140762410987,0.5946472402733014,0.5038494503020092,-0.5200825206639828,-0.47896827145190146,-0.7582160567495433,-0.12905422206272016,-0.15417454994658264,-0.15682988843320483,-0.6617459780179282,-0.17974617590923073,-0.795827548268202,-0.5690994668753909,-1.3758364199959185
ACH-000092,-0.13264114980176928,-0.6043200769365504,-0.5428830431015677,0.5017354703830486,-0.29928614288494376,-0.3956728498015896,0.34485827745112996,0.3884354457949575,0.33901373687020353,-0.12288706579550043,-0.13995698131260087,1.0318965313007786,0.7177656849850395,0.7874183362237068
ACH-000093,-0.3469819260830648,-0.1396559131312301,0.33189964878875866,0.07873775994927312,0.8432312812214656,0.4930767464728265,-0.2218229648602279,-0.09955595516478521,-0.350357799724906,0.14119868518515427,1.1222214483930444,-0.13830728818012264,0.848609688813259,0.14599698930858696
ACH-000094,-0.01992267607379805,-0.2467743063532285,0.3272139317055843,-0.034719984189495956,0.3144316552622352,-0.02596100015787195,-0.5633157853832895,-0.49403916073838755,-0.6722824993246952,-0.5599304163017761,1.1877771351700794,-0.8233881106682666,0.11655290603937253,-0.28940128283575567
ACH-000095,-0.8774625189850743,-1.4020312676611957,-0.7677763436780203,-0.9137137241915066,-0.44603256478179515,-0.2905319929330362,-0.2649769591560541,0.021063048523854835,-0.24680109075036008,0.33973157230821605,-1.5755320486650835,-0.3942205923037384,-0.6514348754036824,0.3498448034182394
ACH-000096,0.07334886347092863,-0.2003390454955784,-0.13189157635207227,0.8954061875775741,-0.10269501455563673,0.39188555633336647,1.3070895017137019,1.6412972408834345,1.624050420710987,1.2069631910618888,-0.32549640277913106,0.5197825443202133,0.46059436696603145,1.116672216104456
ACH-000097,0.6261908117421469,0.35852247430444373,1.1816010802154573,0.27444585270633404,0.5003612370133561,1.193592435948537,0.628313709813293,-0.1255798610481582,0.5016868051683373,0.8316834941546601,0.6400489207084783,0.27866199866171826,0.9179728137245307,0.24710321638669475
ACH-000098,-0.22279416397935647,0.0730837494657939,0.016474547013919857,0.8094457048968727,-0.6429903399731179,-0.75277513787911,0.636022870983978,0.6412653765260626,1.0275745543153592,0.6500173857708218,-0.18278175292116,1.0825319231217612,0.819854763070222,0.46376470654486884
ACH-000099,0.09567287635641616,0.16429611859647936,0.9401227884695209,-0.2975940712075359,-0.21917810379877312,-0.09965385844114591,-0.050064032993523244,-0.028011752101663526,0.19773627421965112,0.3293933268689477,-0.7438958456819327,0.446570766037226,0.053846001364397794,0.37341691146315614
ACH-000100,-0.4509287503284999,-0.7035909171719018,-0.11632897255827387,-0.5313862964952208,-0.03935879201810691,-0.35147244171528236,0.14469150442661283,1.0583518547612611,0.3410330469761383,-0.12826396775978063,-0.8449560601990034,-0.42458076142628304,-0.7872715436657113,0.2154930493064066
ACH-000101,-0.23022734073491422,-0.3384176548564498,-0.434200536073738,0.5292195761600883,0.06217903124964075,0.44144496873491984,-0.4801514087134885,0.4150129242355204,-0.3135433179259696,1.5322872912979313,-1.3938242714915177,-0.2663020982926004,-0.5447321845040926,0.2397831420385838
ACH-000103,0.29973343877301617,0.4843724442407152,0.8948291696727342,0.6928315187040035,0.7348531756343891,0.718750225222506,-0.39445838765216723,-0.42562865447408516,-0.36920467225694836,0.11128520240772137,0.035489930059598995,-0.22137079117470354,-0.08006229499024697,-0.049994693993376776
ACH-000106,-0.1531086801634517,-0.6970349115485588,0.021511951515915895,-0.06354545328200312,1.0708596030565343,0.5299631824894826,-0.16537282941086429,-0.2838071830792524,-0.3375216292066292,0.8402201072192419,-0.48154082890219624,0.08925762179168893,0.6195232134596418,-0.16939256702483305
ACH-000108,-0.16469521190441935,-0.37332442154417655,0.16239220465230744,0.33516953631506224,0.3917947127005915,0.757514782427524,0.01870760505801551,-0.6325010342097935,0.057197713890481186,-0.20166059950016918,1.0311365211174117,0.03507207011792661,0.4501356340671992,-0.3624765959140562
ACH-000111,-0.1927889786278848,-0.3918085937575456,-0.7865007747526256,0.543721803359586,-0.1600893009097803,0.10893145895799392,-0.50817451986426,-0.09819443286716839,-0.11179094898215722,0.46892202067678423,0.05626570535285538,-0.4923862372821378,0.16176390973193222,0.9686314119359056
ACH-000113,-1.327143631697331,-0.2740379057338818,-0.5214754988298518,0.47375728692740315,0.48699188182683256,0.36393466191836676,0.005734860463061459,0.17923975758267435,0.011903025362387801,0.5503593793272309,-0.11517205642966888,-0.4903442407564733,-0.38980182930659324,0.5060970162524389
ACH-000114,-0.47947328152873925,-0.6694629133953292,-0.604947461613338,-0.20191968925216752,0.6483028128141473,0.8134115980599212,-1.3363247975488952,-1.2408433042451312,-1.1980845414226333,-0.7424539959693022,0.5977486291349786,-0.5281287167958391,0.4345439107387111,-0.6863292937806038
ACH-000115,0.24813335888721288,0.8330366927206936,0.42408475655618394,1.0521058126499485,0.4124552250119295,0.6090078129731376,-0.047827283655628605,0.3705998604292814,-0.6458807159916985,0.514970879484078,0.3247439410670916,-0.2976143546339365,0.1166988121955517,0.38620001869185366
ACH-000116,0.24119908023961062,-0.23348962303415383,0.35511891941457985,0.8611450210281092,0.7875944660743623,0.8830362221102868,-0.041659146668676816,-0.19494883731686122,-0.05016529882994168,0.7766075810314172,0.37837834567351014,0.2917585301271969,0.057492534915820355,0.5181887436500336
ACH-000118,0.6483957980956851,-0.36044841415699347,0.27806320475963797,-0.20573196189604853,-0.17428023521639338,0.02148556323401618,0.23351324644724591,-0.012000246196015918,0.053379328707708174,-0.8092529185818227,0.12881242108390928,-0.641061528200046,-0.6303982121191041,-0.7725685545868741
ACH-000120,-0.3318017058238385,-1.047033022569738,-0.7220467498212181,0.18594349518343783,0.15107117296516376,0.19193658506880718,0.8712382936920813,1.4331990763181306,0.4398297957978504,0.6549082843613431,0.045373301450103876,0.44549274670983224,-0.08892990669244961,0.8214420242825622
ACH-000123,0.05754139633842503,0.15235706033726942,0.06135345136844947,-0.23171291853742548,0.07359401337080079,0.5223043747623128,0.16706873931467647,0.4368947960037569,0.5974628674436294,0.2884675050609449,-1.1731515683916451,0.0166958082390338,-0.45762695290736466,0.44421237537846503
ACH-000124,-1.6018649124817634,-1.5080138982233766,-1.2288606498385888,-0.5293601858616688,-0.6315947267816031,-0.8123723707848021,-0.1261767081520599,0.2939562627503779,0.13206106736191559,0.2424156991994697,-1.7409202216680715,-0.9691355009990806,-0.339640980323189,0.42818412638922004
ACH-000127,0.15313017695806103,-0.046078343717950616,-0.3400553175092697,0.06021294883417469,0.599975813689014,0.5806672129103533,0.28512710277280884,0.5056578789988857,-0.26726040891563785,0.616135878460676,0.45610894673754765,0.20881063436693909,0.637514532008838,0.5876646928567106
ACH-000128,-0.02763674197334587,-0.5560347962276514,-0.2270851299755419,0.9155737403797491,0.4818191502039056,0.5529866793892345,0.294576676772427,0.7230405280921218,-0.6442913103737973,1.4736151560175812,0.013969907818750429,0.18020167768370388,-0.6358373104513513,1.4528458049506916
ACH-000132,-0.09383863532396393,-0.04895877244414354,-0.043825905638637225,-0.10122646711898192,0.08746495672811258,-0.17282494993961772,-0.5835273789113788,-0.8799645421377501,-0.8520462372265377,1.1400511309670136,-0.4628527473359346,-0.3763740827631929,0.4110163420000121,0.4490206067934549
ACH-000133,-0.27795023114244627,-0.4675889518583602,-0.2694203007246033,0.10867796017229354,0.03914628070916483,0.03961133321012275,0.5330625575838532,0.37007350480170664,0.16676652113632917,0.897781861276906,-0.42852825343359535,0.7278345248986752,0.41906419922202615,0.6398382969609581
ACH-000137,-0.7420897539309603,0.32731537029855723,0.09010205629945331,0.16390060911377652,0.8030026602551343,0.6101197038882921,0.5174951515000592,0.19017746796315388,-0.034495760772195294,0.46816229696871964,-0.061625001776041854,0.39391541772845085,0.16954707708245073,-0.29985598174842953
ACH-000138,-0.40369824057712295,-0.7244227493158325,-0.2664798973741456,-0.7397416069195655,0.385369883466032,0.5059528322108748,-0.9371748388503092,-0.8243381460175279,-1.8254874696711818,-0.8217977933846332,0.36892718665761576,-0.20240170808924457,0.5685923140104555,-0.643298751750596
ACH-000139,-0.3442444592950134,-0.6235782680760145,-0.3585984902295232,-0.4462297342460135,-0.8532790026471943,-0.7754396983144598,-0.6632581851636036,-0.5357325416611205,-0.9902056835712939,-0.47266222276491904,-0.38702544461160787,-1.003884982473557,-0.4442756074006337,-1.043330664298722
ACH-000141,-0.16777514497162982,0.29208347114940514,0.47126981717733074,0.03607452250527466,0.6102352540580276,0.7418655062172625,0.38837869486752874,0.6740304290493611,0.3257240679773927,-0.09440575009070036,1.029711611001586,-0.024893095807396126,-0.3890339435586191,-0.5777347731962155
ACH-000142,-0.5096806571532859,-0.5659949521261614,-0.3592216976214832,-0.0711917218796363,0.10643647255918742,-0.24976728804498538,-1.0772428055292238,-0.4733547332666682,-0.6575485527689995,-0.3043264254700752,0.17475949541502184,-0.21222360945548746,0.4125685297402581,-0.642605133994556
ACH-000143,0.9109024306178449,0.6243565027143979,0.5559720439757158,-0.03924176262129496,0.31993469338501807,0.6920423707890395,0.8149846639997612,1.1774414550037475,0.8071582727159399,0.5140154291507197,-0.2639031286880962,0.09161887470197219,-0.6891743183576259,-0.4809485962233272
ACH-000144,-0.16150809378927386,-0.0965823664276677,-0.037916586967110366,0.29488316700719575,0.7187602961942192,0.906941705000266,0.059290028004562845,0.5453411101699467,0.2913811990307772,0.6665843419047665,0.5191977273475238,0.16408287759180024,0.15016823812803654,0.29635453802189793
ACH-000145,0.13305437123673222,-0.15593937704290733,0.027524363111246123,0.3620111057483587,0.8516146673711265,0.3581666048169944,0.038758011925669106,0.0858890336402087,-0.09132315659364987,0.09062437794611708,-0.08154878477478902,0.6621011071222491,-0.2481906812326444,0.14597313074317958
ACH-000146,0.34654061669607744,0.3826387391230603,-0.22091235457622665,-0.28519668489619066,0.47107524981390303,0.14505786326222966,0.3557805097635292,0.6256959969238953,0.6951775180746538,0.2708853500597397,0.02045057498075925,0.07217039763245273,-0.3768959665458024,-0.9107945514451343
ACH-000147,0.5704842286574735,-0.14472394444401657,0.9203422674476757,0.6621638935650662,0.909475744476575,1.1299368076797647,0.10096643374098835,0.2126819520308472,-0.2446310316996432,0.37830092017716355,0.3464775216692394,-0.5546476499598305,0.12380619825742498,0.36697850540701676
ACH-000148,-0.5521132397443316,-0.28914754744339044,-0.9826170260757793,-0.18504951586756707,0.10873287841924953,-0.3379989756645471,-1.2108480453885089,-0.7031907211273748,-0.6864752443303404,-0.5481528051140723,-0.7103933235542128,0.32741680067873613,0.09839463789803393,-0.14096160012858205
ACH-000149,0.0168259624836624,-0.6665358871692817,-0.10424614892741431,0.37506845834439995,0.22212480396186468,0.06978698373874023,0.27006026645411174,0.6812450286032135,0.43424315353277254,0.8077876896651947,-0.0972391491756937,0.7378053297761148,0.29406107289912325,0.39446444589421664
ACH-000151,-0.47126968853968854,-0.6542647007141842,-0.38918368189284697,-0.389353671204423,-0.3493673151931751,-0.6913390603287222,0.9447053385276937,1.5835164608373002,0.5485950236099845,0.6955908437441877,-1.5660270680483255,-0.45155246327770426,-1.084591313926913,-0.08072125687116148
ACH-000152,-0.3463965241592446,-0.15628676255081056,-0.06754794995336649,0.5067344040816144,0.0866463235659233,-0.27733879782614834,0.16489543944179005,0.10534282831978758,0.7326840696157575,1.0086703721126582,-0.4917193800084567,0.6516392846009563,-0.40232752001835126,0.290579694368441
ACH-000153,-0.6418009176598605,-0.17839590024093135,-0.7577775620905302,0.7034312322526097,0.5666304069311393,0.37425130683724794,0.22849068889442056,0.07327878378758301,0.10442183883315118,0.25891598982362807,0.03171129116712007,1.0350299580391267,0.7024938363177112,0.8978564549250596
ACH-000155,0.2910233142577622,0.905919182242348,0.39032131887552834,0.3151402438718233,-0.35402087691959533,-0.7691721859707429,0.2736735994266339,-0.360195156020289,0.4809394731402885,-0.7934982611040062,0.03158391453940053,-0.09496333630237354,0.07696312990067483,-0.3444840709030192
ACH-000159,-0.6285840336407862,-0.5157378036079799,-0.5219365914024577,0.5947415036280932,0.3748097060161881,0.14662668015792318,-0.32184764788043113,-0.0465089478988418,-0.3053002479993265,0.22682092495654382,0.498195967206299,0.18726477979400274,0.5155592673259463,0.45860859253154124
ACH-000160,1.3840554215568173,1.59601083332119,1.1980245074774987,1.3310884556234632,-0.6277707919219095,-0.05648658185023414,1.0545307251292528,0.6252902345693957,0.7963474763076426,0.14781725433352616,-0.06588124414433078,0.3420583905203419,-0.11224551135990536,0.2742042073100249
ACH-000161,0.5766256394773036,0.18691536095719619,0.16252702843334899,1.0794316462217577,-0.12794209244086915,0.6804325028275069,0.030072397525976735,-0.2265950864159495,0.05938915165884198,0.05473684553551386,0.9279986375837586,-0.45632245703466096,-0.31183685895968555,0.2340740118642989
ACH-000163,0.007406327484670251,0.09245809732261948,-0.3415111142944688,0.513429406837397,0.02722384690606683,-0.2590008924400018,0.3900647970516439,0.570921767318649,0.6772975080584783,-0.03178794076025962,-0.2076312516467343,0.3134749525192294,-0.4162980412101507,0.18768026623209572
ACH-000164,0.3782495503663852,0.7425450317795332,0.22733301529391242,0.5882824082299287,-0.6094910193670879,-0.4973212609042326,0.6501202698713124,0.5788653754655828,1.3385624132596847,0.4463249567143994,-0.27190828071375417,0.7636718477756048,0.22972686335174572,0.040117035910861625
ACH-000167,0.3595684981488943,0.599093062692752,0.4802028422919092,-1.030701277073599,0.32152423522109597,-0.0451507173893998,1.3087882491143163,1.0437673047952216,0.7095628101511645,0.47135157911143655,-1.063779672740585,-0.08430670973393409,-1.030344569356826,0.2372494418905205
ACH-000168,0.1602529077301011,0.6996509558399181,0.32021058740134,0.42237704700951284,1.0497024984025043,0.44628772495209024,-0.0406752610107346,0.12763321351118004,-0.17738352917154276,0.18452010039371586,0.23621444191973864,-0.23264442000094226,-0.8341389207417559,0.22551626692077634
ACH-000169,0.2685306899181982,-0.590999146622131,-0.15116430630728298,-0.041673155418466404,0.09531533294646087,-0.09676393726525992,0.6101754861274893,1.258912344717909,0.9951008406423489,0.44501498909475073,-0.43393039785671306,0.28180356466514406,0.15150975481909212,1.522763310065345
ACH-000172,-0.09182135008703046,-0.36692803791580353,0.05567731902790643,0.4845102920073224,0.4594561284339135,0.670546885858553,0.14078088158867247,0.10733299276946544,0.25325078324543476,1.2588348566897882,-0.5225788365959654,0.5282086851226204,-0.36878901026774713,0.44653258148000774
ACH-000174,0.20672605616807446,0.5711899244213781,0.009864468103907204,0.4187273650602288,-0.057871442420897076,0.26135255526589735,0.34864870943602,0.7626746963980267,0.4873770859081915,0.38265133404492424,-0.3887295093916894,0.02653171563219814,-0.5595715230194094,0.4763011361751906
ACH-000176,-0.17854254316777501,-0.021729414324145702,0.3069745702699035,0.1577776538720445,-0.07965709757142533,-0.22525089739788312,-0.07338412463182734,0.0931601225156113,0.16442351680440387,0.3315301604242685,0.012079756327969149,0.6044339850727924,0.9100110944046185,0.17812650043854553
ACH-000178,0.4602499891705956,0.7700480931635523,-0.41195366293332397,1.1241852919684572,0.22915947422379151,0.2007585791249835,0.4069408836658463,0.4568263711275708,0.3765258244305748,0.2192522489810805,0.8030836594061033,0.45791181057281843,0.6820124891033673,-0.016685877454757858
ACH-000181,-1.4582945823982594,-0.9992891928019689,-0.6977768569177534,-0.8379041740220765,0.026214796546396135,-0.000655739332751315,-1.0644657141131275,-0.13886737665032833,-1.3972797354134185,-0.9073031395713631,-0.435072126530467,-0.9780338911930775,-0.7418174772270025,-1.196130486726395
ACH-000182,-0.6611560645795056,-1.2796265249462513,-0.36743710027407966,0.11102534778252632,0.6772722965251249,0.6589775540224985,-0.9347443446615693,-0.7309078722325874,-1.0676405610556814,-0.3977693755967676,0.996794260107381,-0.3912293845945649,0.5081344815592389,-0.5223012382554966
ACH-000183,0.5546194488986211,1.2019552542351524,0.6983617018269397,-0.07420439667279372,0.3247845649901924,-0.3625978937694589,0.8999751315492595,1.0455111836140527,1.2802534178752478,1.5029199768531556,-0.9348842749256503,0.4390384152699475,1.8677345637726541,0.11428621342827028
ACH-000187,-0.12134008231484655,0.017028356536754448,0.17920346233027426,0.9797100877293224,-0.1882474324361405,0.6908968486301164,0.34846746994817157,0.6572212996985612,0.45581335227296027,0.7633771383820912,-0.1337640857788309,-0.3394251229172439,-0.11851779505827824,1.234189610317462
ACH-000188,-1.2199603595888369,-1.779821979466964,-1.6614559735124614,-1.3660316353460373,-1.0584957043375327,-0.821122672574836,-1.8209172902856865,-1.6064635633948177,-1.662784817132561,-2.0937883431281987,-0.4959107142760397,-1.8114546327226013,-0.9179493736160864,-1.7271296017582394
ACH-000189,-0.7453257717300177,-0.6445500286327273,-0.7083846974572449,-0.01824622116512109,0.9332984216014386,-0.04291071191476281,-0.6812451952822361,-0.5489027655214028,-0.7204868433780991,-0.6638378600559225,0.13299548865847596,-0.008929400498727175,0.32342054565859674,-0.022309356765290722
ACH-000190,0.1482416075253561,0.5200932510305797,-0.5735168511769075,0.6133406349208238,0.213148184334856,-0.01708698556253524,0.171760266282772,0.05393241340538893,0.5886796009201575,0.24727509048883534,0.030456517784967635,1.037354298630658,-0.3638382067990087,-0.4529992832714896
ACH-000191,-0.3248720191424802,-0.439203163805842,-0.7053749511743855,-0.1241759809110412,0.17713105140910274,0.2779737409301537,-0.5601933258671677,0.5044975872139685,0.08523452617225272,0.009382893107622858,-0.13929344537959293,-0.05591260205268381,-0.17150609596679173,-0.32816386959408284
ACH-000192,-0.08307974368344495,-0.3756998188051732,0.16890118761122946,0.15069580377744074,0.2887645714164071,0.10454991196732422,-0.17007100070513603,0.16880069828912564,-0.0320196329737204,0.37389736883046054,0.005599171329103092,0.023871416377846247,-0.3584482814312744,0.6861115953205642
ACH-000195,-0.20273159948909186,-0.6223299970257603,-0.4169447529843292,0.25663679775273124,1.4733977570217023,0.5566858418451971,0.3076917113720962,1.0224347393136368,0.20225271586091886,0.4906629592921511,-0.18604671103697704,-0.6319637723460824,-0.4836305608673773,0.12089398527867859
ACH-000197,-0.9763648323662383,-0.7542712820183626,-0.9408509623519318,-0.13242542333704455,-0.014461519311236105,0.09219830909687209,0.03436287090772927,0.7583917679032199,-0.1688586695116392,1.1064464108896035,-1.9604986791820818,-0.656902226297214,-1.4450021288742598,0.16948754378803593
ACH-000198,-0.8969749518615358,-0.21935582688265645,-0.7795939258939344,-0.5678021055529333,0.12224541844984381,-0.11710453338089569,-0.08353054879504274,0.7953954889962683,0.13273640030039205,-0.024296779918329403,-1.0745783057945715,-1.044549175219053,-1.2427430579626444,-0.38855314150158854
ACH-000200,-0.27183256081055623,0.008313312927477057,-0.4230829006109783,1.1697536501581272,0.4776178414425944,0.05331751210853005,-0.0924547198678558,0.08708726531650647,-0.3213233483841338,1.0574458429686169,0.2736051308517973,0.730398704062199,0.36045483104126363,0.897460205348112
ACH-000202,0.5030190837721332,-0.11434842377221147,0.3126733148161424,0.9109682621283537,0.3707210187269636,0.6469451395266671,0.9142424976833405,0.8725270701446308,1.146816467531924,0.9081740754738128,0.09545148316949145,0.3189694817523657,-0.43702798413345123,0.056640678560738775
ACH-000203,-0.25261061241715355,-1.31880611775534,-0.5606523532318967,0.3890187794365029,0.09422861223391923,0.4911005236651588,-0.3587698421236489,0.6517066001742209,-0.2155822512316381,1.3787268071249894,-0.1866585310778739,0.3431113250934507,-0.38121944858528045,1.897726011085285
ACH-000204,0.3049914032246367,-0.44581123866096,-0.10791223526298613,-0.04664677845738513,0.6690728019862408,0.36812338497859975,0.3392207311114276,0.10577747709766491,0.8141879872445441,1.2517848042113395,-0.8470317803455409,0.011212772658506523,0.2487362144100701,-0.13038436399102066
ACH-000206,-0.37815733992148476,-0.3001444460525234,-0.7934911749658496,0.47578346304999547,0.21369967941218976,0.19423908629986267,0.6676958375833089,1.0117377281809778,0.5675849031165799,0.8515350037430176,-0.27914686901755714,-0.3937502414498891,-0.7104026040587568,0.3970096105575249
ACH-000207,0.6672352169112064,0.07472809422845317,-0.2613318316174944,0.03777759262327062,-0.7748786183305583,-0.5685929885139998,0.2955816703592701,-0.1317383994080869,0.026975362982663814,-0.8735682347918192,-0.13194348556782248,-0.9620645411836175,-0.694919532414741,-0.6448246990455577
ACH-000208,0.20871405695962086,-0.445103171164355,0.04955581050544007,0.34412439879169027,0.04856338861141363,-0.32976794370124896,-0.018105546507151238,0.34460044614239005,0.05094338642121096,0.22049250381776975,-0.6915805598289128,0.6355802278378677,-0.3865512934771378,-0.42372663820971446
ACH-000209,-1.2194503318357492,-1.5706746381749694,-0.5429972247338547,-0.14415768400603302,0.26812083629193645,0.17081407552859235,-0.9931691081798492,-1.0450375484985956,-1.1540209910518664,-0.4291185918330113,0.7217955177115805,-1.6463913553361231,-0.4885573556598699,-0.03891234156230344
ACH-000210,-0.1695949334171795,0.3222136896387704,0.2665827759152458,0.2697564694436999,0.3691224050995159,0.4076600106984527,-0.0968716603846026,0.12357122062039033,-0.12294359078843858,1.0572325932281363,-0.4938825756143807,-0.27432943349124295,-1.0155185661515547,1.248877506067029
ACH-000211,-0.36320720190202815,-0.8372841410320426,-0.6780047285624484,0.11276962768778823,-0.23549884170725097,-0.07896090073046219,0.5601995143664803,1.101610052476193,0.5839177684959699,0.5901527750719094,-0.47790963938262954,0.9558754261390411,0.005172950104062636,0.6361626596182536
ACH-000212,0.25699034177841296,0.7279941432575227,-0.08910591813967363,-0.04994891679809489,0.5197579387492625,0.10143330639085107,0.15683156884440244,-0.2328304375950506,0.411265635372765,0.2177878254310335,-0.08860510630255251,0.7625933206492153,0.47202939340622363,-0.08487391809188212
ACH-000213,-0.45906667273930624,-0.6317225864871518,-0.21620310470359216,-0.11531329911950394,0.009283442464493391,0.34793208688100163,-0.5961983426703225,-0.5151040670322947,-1.384063726552294,-0.42356086670579773,0.22217722049959437,-0.9226979810520338,-0.03189569130869714,-0.3327748452058764
ACH-000215,-0.23551313089642154,-0.08751148387351784,-0.10922896213042071,0.9821782791457941,0.6086031641705556,0.10798987425398592,0.016236847484338318,0.3471005892134262,-0.42367600127679483,0.8890099557135877,0.43798287242665107,0.43367293534938595,-0.17582320575647387,0.5779108612906384
ACH-000216,-0.6114604403185401,-0.8236247253494068,-0.46005149974993365,0.23249466134129831,0.14613489309782898,0.19601062079094686,-0.6325346813425707,-0.6588852666624383,-1.0974548070231749,-0.3851323772821669,0.22729133521456713,-0.654757952488427,0.699154293653572,-0.49426502594168364
ACH-000217,-0.4098395938472158,0.31293842469515276,-0.1946628985974994,0.28105745833959705,0.16395271755187013,0.22886741120437437,-0.08878924814090433,0.32078968642168737,-0.19122721222114836,0.08518701622188504,0.8683108565464173,-0.22597739565039665,0.4213997577683382,0.004603857842230635
ACH-000219,0.026697903232425574,-0.6032810207660788,-0.09613683566360844,0.573417647966285,-0.23083435724202805,-0.21648349642278367,1.2389493149370743,1.1569725115299065,0.8901454171829227,0.6507899919073729,-0.514226585582824,0.4896825014480417,0.004443074895927983,0.24759548950411853
ACH-000221,0.703653355160544,1.116702363820201,0.45064249609615836,0.3450965641858103,-0.3143987958656146,-0.10427498498963653,1.414981487895043,1.7223054622554832,1.5697633325699383,0.8897738142323683,-0.3790122563089092,-0.052417219603594134,-0.4282752942157956,0.3873432801429823
ACH-000222,-0.7019665188400587,-0.2303460371888142,0.15785410502207195,0.6024974106784551,0.6535539223230724,0.4947596861093907,-1.0902986224869187,-0.9514870721182972,-0.918291167528111,-0.14464657550811147,1.2946766501116145,-0.7216009178606915,0.2243002380951989,0.1892490781017736
ACH-000223,0.7498316993603862,1.4380870799658299,0.47047791880670353,0.5148523140290985,0.8183911813570457,1.0308876073802344,0.21606158424024166,0.1256680947508783,0.7246896980310564,-0.1394215385110419,0.9819570987733297,-0.4685613355670832,0.56998264376801,-0.08411131825479995
ACH-000226,0.06883897806007921,0.4314562063591689,0.13706453440436422,1.1606195627926157,0.7431871610641992,0.10264984560955126,-0.14429070576005126,-0.38426270774021876,-0.37324255905202985,0.5518206880475494,-0.722487112852277,0.12105350042270327,0.4285264789896593,-0.3440841243749465
ACH-000227,0.5395239834289988,-0.3831839956646768,0.07265986527123168,-0.36553188795652974,-0.6481573611776514,-0.18900339328957444,-0.07083214585588588,0.32740879161052683,0.3748830128471111,0.6203217647976955,-0.7205801806541623,-0.12659700115676412,-0.9354909494811936,0.3831434118461715
ACH-000228,0.14607124081815676,0.4177123563223207,-0.08516313019848343,0.13692701432606935,-0.011073742212987403,0.6435135734526198,-0.8015132647676559,-0.7533596010289164,-0.2924026187011384,-0.7277168806896241,0.4010785661090567,-0.30808999573143975,0.39568116165898337,0.06230853167353609
ACH-000231,-0.6187813326930516,-0.6824141477785811,-0.76198674245109,0.13269395460930236,0.24433864246723958,0.10067215369128157,-0.7362727371578295,-0.252904665247637,-0.09048606528116415,0.7253022878426947,-0.2961193188205728,0.4817584651112895,0.9279129640301116,0.24082043560146976
ACH-000232,0.1080256790609302,-0.2612476591953202,0.06909785533184655,0.5870075391323454,0.23190082310440294,0.6615654143585338,-0.19313376141290295,-0.2683030658075797,-0.5355533958425167,0.9630136928409928,0.10997785916151451,0.7572926088430034,0.7485343023415967,0.6869904043292374
ACH-000233,-0.7900108226630462,-0.45300813452544275,-0.5239054197501025,-0.16498647382327014,0.787008615285137,0.15485027418742445,-0.45044846084227175,-0.04330425636629577,-0.6576835116770555,0.46341002622491406,-0.4788372730769437,-0.5674304341171796,-0.06845689352544382,0.10459664009516036
ACH-000234,-0.7740077118552373,-0.9534989481327202,-0.00805185070122219,-0.011781132902763614,0.2765815491844292,0.44331833434879864,-0.08560712382499105,-0.3579583969745253,-0.17726392107799432,-0.24740752588745674,1.0796325738490307,0.2761959136748374,0.4874348583760693,0.05925699018877595
ACH-000235,-0.48415434273546265,-0.6548860175510006,-0.05024332182199037,0.2919288912421413,0.16809930723164612,0.2271971191260753,-0.7987389986352187,-0.879694180497009,-0.6012226097952953,-0.372085938376188,1.1620270692802133,-0.7504298260864082,0.1589587075052013,-0.0931479690260934
ACH-000237,-0.634003374656295,-0.38585153073535183,-0.3973527272366723,0.5269530199923379,1.0023359261035476,0.6178614206136549,-0.5445239764418525,-0.25179827938367494,-0.9800567084885792,0.14885865560001316,0.3476711407675845,0.15011332411964726,0.2600465666342622,0.34711100532968236
ACH-000238,-0.3879303409309901,-0.13094828280050064,-0.04091575752249432,-0.3166592633701787,-0.13464903284787116,-0.2197935006286985,-0.6930086441165977,-0.21275121095892713,-0.682976604618884,-1.0051327100870546,0.03939847662321344,-0.547916588098877,0.2261950733711634,-0.5297158370968295
ACH-000239,0.4984824835142204,0.6340638231792224,0.4580799079686034,0.8938738526710883,0.43665449685284363,0.022314731200447885,0.4176066470592222,0.4040406370361054,0.42789372941988263,-0.05750499266990718,0.7302604813121472,-0.25602470319757575,0.030972162572014614,-0.5230972777128559
ACH-000242,0.16539084786844652,0.7193348462570013,-0.13259108161723615,0.9905695073953864,0.8206865415339124,0.11498539780672214,0.277366801216556,0.4133812169467717,0.25271294400554917,-0.06967681560384044,0.651322195837524,-0.23731590264173258,-0.3179863859804093,-0.20464327276938973
ACH-000243,0.04444875994499346,0.06352108982759772,0.03877831183189781,0.36895638989498664,0.043108752693894636,-0.15430108130624165,0.4951390742463324,0.5567905377775266,0.47310039361295575,-0.29860174726044414,0.4801269586968942,-0.08505722428791748,-0.15664006298098596,-0.24527124901545302
ACH-000244,-0.4043897202094153,-0.7063355470884536,-0.4897936000842599,0.04354844693530184,0.43282359795705266,-0.12566114283077132,-0.5689846476566148,0.00033302807662309586,-0.5032909731065469,0.43675025160127295,-0.415261854937229,0.9298221028266497,-0.2503133258732245,0.47391739795959
ACH-000247,-0.33241098011740156,-0.20391423816407328,0.244733657618687,0.22233012370866645,0.4363524207514802,0.6893382435049785,-0.08142871893335693,0.3811151972334341,-0.04473750726028211,-0.22479235620709223,1.378109887201652,-0.9265632773756736,0.1947725488177092,-0.3111223348620776
ACH-000248,0.5981101547098634,0.6611605475835435,0.7911228408257905,1.6876631374307651,0.39653032171595937,0.6049084001846847,0.8531827552100631,0.517312644546615,0.8385982433804196,0.0493066032413626,0.9904195266149942,0.2801472611908988,-0.15063408443257195,0.25016495655826143
ACH-000249,0.1638587292851879,0.036704433312280696,0.21054142969610773,0.9502129749660142,0.22669567822554276,0.5583156863221614,-0.01080599082873998,0.61512720893094,0.4193365367931303,0.1924118271506926,0.4921063290097043,-0.21687328991753624,0.9086081421372774,0.6877590297490297
ACH-000250,0.4229629383832918,-0.14278152268525562,0.05113350381210048,1.2138249437719086,0.7414061692912645,0.7746086135609316,-0.3182495592637783,-0.23116036833548764,0.1109989133379368,0.2922907414968401,1.3445744774223964,0.8602707893005622,0.061621322878606284,-0.2514515400494453
ACH-000251,0.41063279584524376,0.509648822284625,0.21360801072205865,0.5834727909304024,-0.4471786202887794,-0.25193381481166854,0.967605240396435,0.4276396524062165,0.6446431149576104,0.0023128581402775267,1.0118180434583488,0.08022598943063165,0.09596867640975534,-0.5034184886509385
ACH-000252,0.1182094398722887,0.43399815701787414,0.5769572413464713,0.5409098810353972,0.6256659523465851,0.6865463024897105,0.2666365099996716,0.11363899302396922,0.9433689803558076,0.1205652691614418,0.7906009093549792,-0.47805127655120033,0.5714775498023177,0.07965680165540451
ACH-000253,-0.013561408828428274,-0.03399944127697621,0.38419000100088024,0.6801061561573662,0.2978879641745912,0.20684077451134997,0.195886805444482,0.37679504775511263,-0.08550530480012512,0.5173362936814223,0.4807954711443856,0.012909081246854914,1.2478278363831028,0.19847883794700777
ACH-000255,-0.34359383667943194,-0.10216682109425876,-0.5689190698883484,-0.44567150128537286,-0.4348487989716459,-0.4641054031552744,0.31465485183961595,0.7154869089863037,0.2827305072770818,-0.2853204417581886,-0.8035881270358947,-0.2344148922868164,0.04473340210209186,-0.05134840611152239
ACH-000256,-0.07549244716911341,-0.8901880782186234,-0.4023155362713626,-0.599423623620108,-0.6257309578014929,-0.6181866666571671,-1.407719159212225,-1.13609920780154,-1.1362842809908635,-0.9696017427435253,-0.8509935583516743,-0.9129890579269532,-1.312349748360429,-0.5736055903574476
ACH-000257,0.33629468616958724,-0.07148610813179632,0.11836355880413452,0.7981195827419094,0.724517956375424,0.7713575842160387,0.18735960150806777,1.0219968089920954,0.6061207503843672,1.293372057019762,0.10073274852340423,0.336516166945501,0.3271439845358723,1.1699328276021674
ACH-000258,-0.04814475302308549,-0.31470950268499415,0.7483120315138051,0.06579062560490474,0.23109872218560118,0.6194668661268481,-0.5906835547169953,-0.030269948866653157,-0.44784761755728864,0.7438948626848974,0.4677680137405066,0.1309648047344851,1.1947167869705007,0.8991611469553616
ACH-000259,0.5930165859272293,-0.032380649127294305,0.5129956315810063,0.16253643570260323,-0.6061983993596202,-0.32275382210931924,0.47937719152345887,1.0909400637062172,0.9242961941002211,0.821199735084148,-0.44738760304761765,0.007014932149844055,-0.007256513786225577,1.0694205940403947
ACH-000260,0.39714870572846017,-0.3712957958916596,-0.1147729317552927,-0.12416834866767379,-0.48549993638542743,-0.38402317028461574,0.6843061286129033,0.5982060449796038,0.3025400738351461,0.4028256693450552,-0.3067940074929644,0.5336646659502724,-0.1829659019411359,-0.3702468442203123
ACH-000261,0.1971354016957642,-0.2675700021233712,-0.12977065656129833,0.46934843201416,0.5188919258547465,0.45265054010644834,0.1915464116161376,0.501250066037064,0.9026602203166045,0.35542139144836965,0.5750461639073816,-0.004881150109436114,-0.14627908529978145,0.20932636984464403
ACH-000262,0.2482414181792554,0.2590595519098478,-0.38222391535855155,0.43385582770915626,0.07028816918309175,-0.027939188118668648,0.40253939771483543,0.2592027395679501,0.1723855321689466,0.11987949150097421,-0.1431728794771403,0.47366460226911283,0.27342633841199104,0.25878631684943165
ACH-000263,-0.8319887775498431,-0.4185802245614333,-0.5444084296508417,-0.5530720366732127,0.20964718063344243,0.18528425292898087,-0.4608393586445447,0.5900846340579229,0.04372499095478689,0.40325197887923914,-0.9625573025683353,-0.7799369256355851,-0.9637025721687922,-0.27592871948606723
ACH-000264,0.5537752662683741,0.688364678890264,0.6235271440699035,0.6685419521127602,0.3292168020149689,0.0498576614645982,0.10431705057867169,0.1348263790354216,0.047333626407271095,-0.18982104636541494,0.3161260888209337,-0.8506512738513408,-1.3041966179552409,0.12612292588375923
ACH-000265,0.4073041891634427,-0.36689153832080357,0.10442918430287695,-0.5236585403190605,-0.2706238424859356,-0.02355189829560908,0.18365281658186303,0.8382038171279388,0.2937496700894909,0.18509240192565402,-0.40537992940706025,0.39801580324862174,0.4072899711646169,0.17544052005370153
ACH-000266,-0.6173789695387188,-0.333537552227091,0.023452429372283368,-0.15483543413436568,0.3139378080671585,-0.07939171439309356,-0.7192095484122409,-0.5730734047277227,-0.9843896400966547,-0.08646368197276669,0.19572313553194795,-0.3182960511629466,0.8819592567852175,-0.3340877234709861
ACH-000268,-0.06831426362394641,0.6019008506400648,0.05690541105013533,0.975851676698172,0.8272799690604475,0.6899192116036188,0.005161038711662319,0.37721293155754043,-0.010969761568658448,-0.35189711221866216,1.4688358998424644,-0.875558532799924,-0.30883704934764244,-0.608296366583505
ACH-000269,0.4038553932378106,0.6674585850603931,-0.06531085933010831,0.5653599688495483,-0.08311530292248247,-0.27535215549104197,0.950580488059214,1.0647365952233698,0.7752948631938318,0.19986651070980196,-0.15345869235193824,0.5372244670631826,-0.29641136537504975,0.4176406742072895
ACH-000271,0.05185714766556673,0.08979678103813421,0.2816136391613703,-0.05376308697108356,-0.10942013442155284,-0.32527114183308703,0.3396795612024568,0.3292946396082508,0.13360106697066787,0.7037559097562033,-1.7106549451895472,-0.3854348724528736,-0.8365388842967878,0.3067430602620253
ACH-000272,-0.5199176838225253,-0.9399856064598268,-1.2512710059021586,-0.408902660184142,-0.19688979432014958,-0.5547719395312241,-0.515372375909624,-0.8470770105439074,-1.1204759935861852,-1.197460794512048,-0.048635732571539636,-1.3970074456546215,-1.997835084141752,-0.34018707646729074
ACH-000273,-0.09387048501698393,0.0009730468468341913,0.1408802236060586,0.22577603418055328,-0.22712163734269614,-0.35320801081575126,-0.5468098914790364,-0.81913046509868,-0.39698138828130003,0.003149392301410703,-0.08776917355227326,0.2599595035504224,1.0503872515876598,-0.18702523174723915
ACH-000274,0.3806527075748378,0.2616160982540767,-0.03557651296223163,0.6646394183667922,0.363646530894005,-0.12547738033201858,0.1774546868591068,-0.17510198713306827,0.7956842330100949,0.9125838429580084,0.02924033335602566,0.5705655173878758,0.9222524258700128,0.11478133267431878
ACH-000276,-0.03740888297927829,-0.23746355438221448,-0.004072494493871814,0.8512054063060688,0.7821791009297929,0.2715895753149498,-0.13268421414185375,0.36193371288670945,0.07500262881041297,0.8599117040219826,0.2068170249263181,0.39166490484799177,0.8387044586419422,1.3822478375629883
ACH-000277,0.6057107262923874,0.7026006768730029,-0.14266610901549526,0.8228630471150691,0.5310269272094941,0.9300658811357728,-0.01924304142488019,-0.4591611651437887,0.4084872741744484,0.215561595447025,0.8049501294084479,-0.19068255440623466,0.10028284037020896,0.21916024679431073
ACH-000278,-0.1355424456623613,-0.7343106734739957,-0.24235243607380466,0.11263369100551682,-0.8020442078167836,-0.23218125459390815,-0.03901180904338754,-0.6037915991835516,-0.00654743574959725,0.23093463412661142,-0.10271087785393371,-0.2021916966099304,-0.3196247768194842,-0.044130543854034865
ACH-000279,0.7901711143784452,0.5346328322572027,0.09663932621826893,-0.1869658924543199,-0.12095624170733058,-0.026774869913756466,1.0788603284761629,1.3426403303092753,1.1046500250711886,0.22712578470344624,-0.45318397646801645,0.48575728272590524,-0.8098175977191785,-0.3941595262617811
ACH-000280,-0.24896072514941342,-0.2530689097050045,0.13536589570835125,0.18955804771412504,0.24094665087054393,0.08020820564540662,0.3748919593380443,0.20245837450557533,-0.006470211061274073,-0.045674085236823966,-0.20393985868186248,-0.12037765519815907,0.15412644551845872,-0.2224274744804443
ACH-000281,0.23068650716441313,0.14792678350804675,0.05281133016539016,0.09527287061541734,0.5932921710975135,0.32807928440068423,-0.332467211256531,-0.8902714505662912,-1.0090313882449975,0.10022401846746866,0.5590439033893383,-0.16714010428393378,0.2126733419484783,-0.7939692951115112
ACH-000286,-0.107141679143675,0.35709262093842564,0.1998396432597791,-0.11374132540072729,0.05534618252868795,0.30139302370213383,-0.2941607475292826,-0.34932882864620113,-0.522160902071716,-0.8595338767245654,0.7503993081502751,-1.7923240869971484,-0.9326913952692977,-0.6058579757305584
ACH-000288,0.23534663578688245,0.6369101137708841,-0.025070014647117222,0.5097475193229289,-0.4468030849360578,-0.27499597927066377,0.3709408295684281,0.5788905256375823,0.8497854830584721,0.547669834211114,-0.34264116032660563,0.046929857466552594,-0.24901768668850344,0.23727916332408877
ACH-000290,1.2068250010106165,0.6881308905285941,0.39070847841796563,0.29636603073488854,0.32342611028607104,0.44034381687638097,0.9194634011901134,1.0169294566762053,0.530834635267205,1.7376431300993254,-0.37728717690525004,0.4898881904696184,0.3631963797790515,2.577774060874798
ACH-000291,0.9932346589777763,0.6500477502898165,0.6801386690091825,-0.30075044236622295,-0.31688297748837013,0.2171767777515492,0.064140568751034,-0.4069093283554679,0.37320495755974864,-0.6026023519040233,0.4054331560739226,-0.16113146956304011,0.252633402329737,-0.10795108802684458
ACH-000292,0.35384429968883513,0.38290145879869675,0.3281787891826833,0.08943551955302939,0.7508315123822645,0.7348084450307872,0.274262193801345,0.5786471988475701,0.014756817991006643,0.528439009358757,0.0067624119258161836,0.5032957154814541,-0.6097412538767893,0.4893461639653677
ACH-000293,0.3112296809536205,0.77823622318407,0.8586068212626702,0.4200066643320939,-0.48442543453188547,-0.48765090525519444,0.4597828277597823,-0.3828838555101095,0.8526067445914666,0.011694130537816108,-0.09698134476560974,0.019377815988444957,-0.14185371105548153,-0.5149054992589551
ACH-000294,0.729645075142983,0.04310392450641239,0.03450972682425453,-0.12513935264435377,0.3605065671049072,-0.5194780136312446,1.0174791408977288,1.3887529621781518,0.8912671049130092,-0.16041365463696167,-0.931946118660659,-0.39045697197463347,-0.6320526399554973,-0.15147400630941402
ACH-000295,-0.34309549420929697,0.2495341893791518,-0.4528346911773446,-0.3348054922902824,0.35221461810729576,-0.2670308231928492,0.5770735207645973,1.0008582277221476,0.25047080528137206,-0.1963630779297116,-0.8181830346099394,-0.7718348383024412,-1.335273179333519,-0.3050773362313713
ACH-000296,-0.42947507307390353,-0.5727925126311292,-0.20399369418592828,-0.1819282952719466,0.14774289578390895,0.6193453934534188,-0.3342953363564979,-0.020471441690447595,-0.09123488826597903,-0.2385849311675391,0.35387817112214853,-0.9291599816620326,-0.5817973004043037,-0.23018808526633056
ACH-000299,-0.5639199704099422,-0.7348836996394129,-0.7680995448098792,-0.4344698993483091,0.32553129679593684,0.21569160219881517,-0.16632929056500675,0.605236125680636,-0.21296508577675144,0.19715441360963984,-1.0487462178144031,-0.8151123347461073,-0.4541713885515927,-0.6217609105189469
ACH-000302,0.061206095476050715,0.12277487253312946,-0.32538268486026223,-0.16205354900681812,-0.08738101716297597,-0.1234248959656129,-1.0921169502262644,-1.2294593539151761,-1.354434463677593,-0.39395083581202306,-0.6107852739758031,-1.1029273699863504,-1.144733384058621,-0.802686233150903
ACH-000303,0.9297553159776846,0.8033721282525765,0.7532368951834069,0.7447466374948144,-0.4496020376107751,-0.2545859936026225,0.8622883643678378,0.6696034967462946,0.7928258191887109,-0.0073515303183498415,0.4450833414556161,0.5485315877999271,0.12465912212900528,0.24676657055563656
ACH-000304,0.03296585522509585,-0.35446640236298804,0.12803932443293645,-0.025876261018154552,0.5455408323261625,-0.10295859948616198,0.1319310147735065,0.20661713411601498,0.18227890314736828,0.3732951466994506,-0.4928669157555253,0.5828892735816102,0.24221177182734505,0.23038257579753443
ACH-000305,-0.6278895426312128,-1.135301709096849,-0.6315157651388321,-0.8077042770154071,-0.3187932901905096,0.11587638911707737,-0.8100726844873412,-0.4619871522824373,-0.8924754600712318,-0.8890487180425262,0.1622246515239612,-1.2283468640041912,0.4438798544088799,-0.018717382895162893
ACH-000307,-0.11311659168100435,0.01943253787544049,0.34543755827475664,0.20235147554095764,-0.037727677534811016,-0.021166154675534905,0.45272380843210064,0.48080473706707544,0.18201766916942017,-0.3773080819800835,0.6846027462421663,-0.26529614221557285,-0.12986536496706294,-0.03506580599204409
ACH-000308,-0.2811219318186822,-0.08779499902318444,-0.0583187462881727,-0.46228907326599417,0.26172309753030526,0.6302493321442553,0.36735862084671367,0.5327051847829414,0.8492096284455116,0.3469176386124034,-0.010936210342976888,0.6588360260206021,-0.03133549549849651,0.5180534447909109
ACH-000310,0.3466901180034433,-0.7193356374506362,0.1364646410126189,-0.6353158510476073,-0.44379175090436307,-0.4196189566481192,0.4173572009505492,0.6161045111823918,0.17700946417424213,0.30587666084835824,-0.8819781725468465,-0.26683927897621484,-1.5564413835759394,0.5908175081799025
ACH-000311,0.08752871222679807,0.877962287135172,0.5279119179293272,0.3775209627280707,0.29776405967966574,0.8304623161320885,0.09707793434471682,-0.18155054900591278,0.11803223321398083,-0.7960019779261811,0.9282214262888226,-0.289637724430495,0.4960479844231633,-0.24342893148194683
ACH-000312,0.8858747797750048,-0.11131318580248044,0.30654571152456206,-0.06890605260292737,-0.5314600692801732,-0.2146637037899387,0.54882644747023,0.8321234616410746,0.8547032005730355,0.5894676513601559,-0.7467564232592351,0.3198153607201351,-0.7403505491365964,0.30166876553336963
ACH-000313,-0.713489110188229,-0.6140558258208242,-0.5467839428129013,0.6571510389144946,0.6360267489058771,0.801433404683138,-0.6222480052033776,-0.8050058790808715,-0.731158499635607,0.6501019583632374,1.1084758807358137,0.24327993353448532,1.0513792453370812,0.5058794542086598
ACH-000315,0.20630310661146936,-0.3602798293325344,0.3660801881474034,-0.07813864784510183,0.1936719812970472,0.08986908236916036,1.1614052236045742,1.7063528829703793,0.9598739216152206,1.366382529308541,-1.353690056345723,0.25370084190263986,0.38819718424988964,1.217375653419203
ACH-000316,-0.049231414455975765,0.3181041008929514,0.38100945899828187,0.4649531937168868,-0.1145164519970864,0.2105714195403834,0.28998363897977986,0.1720478128147751,-0.020329934562888577,0.14943317577357224,1.0516173547557401,0.7970226470983794,0.5730050183003863,0.35339265725581875
ACH-000317,0.5285971356644502,-0.2228940441473901,0.24665875670503268,0.16088914200330273,0.5638474679863974,0.1787447913258393,-0.4346607180130062,-0.6872909821767903,-0.5503644167681689,-0.044710818222876425,0.5302954873769001,0.02452135904886346,0.47929281723419814,0.36706376062102286
ACH-000318,0.27774074007394256,0.14187847195602654,0.04077092709434621,-0.4994581915819394,-0.1529366801017661,0.08758325544228157,0.045703801853529374,0.2140478614794164,-0.2018309191212544,-1.1161047707744143,0.28646366036113036,-1.3940418737988243,-1.1521966446829708,-0.7191929249740086
ACH-000319,-0.2721341483882108,0.7043675188809745,0.01260616720314739,0.06757526420776455,0.20629263155172364,0.1729740805532343,0.5433441236471885,-0.015982479375713593,0.6273271064766096,0.13383950339310086,0.19113566822937805,0.39305980476322033,0.337214876281901,0.2413200952059674
ACH-000320,-0.00339460438287656,-0.30945472158822496,-0.3450267866046259,0.5617712536845556,0.15276333066545336,0.3813229962756853,0.8856172417832014,0.6859576349047375,0.5700410944228468,0.09718920543159917,0.1462747238500801,0.19456344012414573,-0.4218727810355076,0.501912539963934
ACH-000322,-0.000969886266305231,0.4276905881105698,0.3393278520575294,0.44578349170467557,-0.2459932540637367,-0.2873541779973883,1.0382703008824405,0.7993009685453276,1.399221902312132,0.0935986343628315,-0.35974026890830446,0.5059784582810828,0.061747074063046775,-0.17901792677062478
ACH-000323,-0.02462135161727872,0.7301639522935637,-0.3276911541352424,0.20922858464019328,0.28271311208361066,-0.50674841165097,0.007384013708379655,0.17377340484347076,0.37133777967468495,-0.3319527919301178,-0.4389314797427194,0.05440013752397402,-0.5325267331232868,-0.3197204476024219
ACH-000324,-0.16861603742927025,-0.16443291289778633,-0.0673020890599246,0.3574283150186649,-0.09736159833884953,-0.570391929570258,0.45183035009392253,-0.260043327846751,0.10854406701955993,-0.5457115879098391,0.1602884872118228,0.2123314237453751,0.3738351449466336,-0.24955526453986993
ACH-000325,-0.28902430980635874,0.09372806315716392,0.4203437796734089,0.7014346287327898,1.3340309577754197,0.9761933113280062,-0.003283170483198747,0.34997977004970426,0.14234042133387143,0.1587460156217015,1.4288126417639133,-0.5976090186333285,0.3674015547405223,0.0360969031078297
ACH-000326,-0.5753498675927142,-0.32022908723007376,-1.2603922154448526,-0.0961652847810677,0.5499857165320767,0.38729611309910955,-0.23546635207462707,0.6592986829331998,0.2059933310133468,0.22186725596914375,-0.442742465898962,-0.1803447718785416,0.3222719053857697,-0.1271786649036595
ACH-000329,-0.24631843370710058,0.11351278230658639,-0.4284860943102633,1.0514282639037362,-0.19130872053095777,-0.5388084096730239,-0.16364612967858835,0.0946435640805797,0.5224086368200541,0.2985233070598923,-0.06939855422756207,0.3771202015738824,-0.14195081758246672,1.074373265246215
ACH-000330,-0.02048283274042867,-0.25885550791174017,-0.3533348362156943,0.5148349042498486,0.28120608995693486,0.41938124820605305,-0.11275301078406846,0.11729803932347205,-0.03248201197305639,0.27955756881967775,-0.1152353666900856,-1.0423001954781823,-0.4862810277773316,1.1451067105623256
ACH-000331,-0.08501648129227156,0.05327259320524966,0.12277020034505345,0.04910816638741346,-0.7802505966019665,-0.3416979777635695,0.8535111082066296,0.7593171178664037,0.7950522011740333,0.1368233686901616,-0.35450018418396023,0.7377589171539138,0.7548227211177736,0.3097579546014979
ACH-000332,0.10976076154487552,-0.4290243989881679,0.08772934884316196,0.9139723246656813,0.7753641894961325,0.46613120672928354,-0.15998935681395654,-0.052286258454917585,-0.6886227166120249,0.7884647949804995,0.834162055382924,0.07520187621286832,1.7878790286219086,-0.20522092229624103
ACH-000334,0.34637041348994374,-0.4084061854288652,-0.27798351632822127,-0.05472827253718976,0.12855421686940216,-0.15193553737368104,0.6109802324522056,1.3132247473276775,0.5745447280331004,1.1997199944079386,-1.6361031400678407,0.28725573819808686,-0.1386757266538654,0.8702983221055068
ACH-000335,-0.05470036842092132,-0.12452153051912188,-0.2348576220290064,0.17645783890339178,-0.07789989321824978,0.18548104883710775,1.17271620291482,1.3159160028983878,1.0255775935426128,-0.009121442992973863,-0.2812393026322027,0.7430005667609787,-0.015200272074641051,0.5405461891986743
ACH-000336,-1.0268088055632245,-0.11478922654790011,-0.6859547330702668,-0.27020675961445983,0.3219797353576427,-0.37574039983988317,-0.4521151366037128,-0.30388877444630363,-0.4262278222424354,-0.549289537509403,-0.3932049246530835,-1.2016035050396123,-0.6590768728386865,-0.5188805778181432
ACH-000337,0.35657146801762607,-0.0305428056350973,-0.4850431880784985,-0.4288294707300141,-0.7629871525633894,-0.347053231816132,0.12487134815803738,0.3954654802869824,-0.2731914078446497,-0.02494336984073868,-0.20693787508987468,-0.39873631721226266,-0.33535385304746035,-0.14329979971756449
ACH-000338,0.010184542455496364,0.1467011833567487,-0.16455316541020618,0.2237481449755015,0.7721128383306199,0.5033517094965608,-0.18296934127717923,0.29607012668353033,-0.4091683218089266,0.46238580028959636,-0.37448465855217516,-0.1132116361631839,0.11214582312381907,-0.126979763580579
ACH-000339,-0.08982683323968566,-0.03890532906506983,-0.30727138951719296,0.5846032343604126,-0.9629091049377867,-0.33430246098776667,0.5750442303727404,0.2122677328033752,0.08537335229302921,0.3743489186963238,-0.3046471277164191,0.13322956818591267,0.06363787945451874,-0.28435548159986856
ACH-000341,-0.20572984139702427,-0.6388569055964951,0.19566088040814583,0.29278503107399045,0.4131844885042226,0.17537727043670134,0.7995707615412093,1.2429774204046549,0.8469350520756748,1.5488979181611822,-0.15367815773847437,1.2373809565938119,0.008093335907441296,1.0734678901791979
ACH-000343,0.12130106406395963,-0.6053126967660398,-0.027993717852365305,-0.07772077923689713,-0.12477409366666167,0.5084054260891562,0.8012346923782515,0.8424652197644816,0.6162458716561487,1.298501968488469,-0.16063340138331697,0.1854737605462471,0.7512446515961534,0.03491146385114703
ACH-000344,0.46617736522487757,0.16319880995281183,0.21015211193867606,1.3010331734094305,0.1647194324978708,0.299020774523983,-0.23533240590859072,0.050954935909273025,-0.3925265510637041,0.2845076075964558,0.6610535450308088,-0.43581264410491993,0.5623785629085848,0.523691869082901
ACH-000345,0.1362356370897892,-0.6588336956683535,-0.4415054313645665,0.6924718306137456,0.13505245786237058,0.4456152870232462,0.13019254383938478,0.9876092784027406,0.3527106258765022,1.2111829240983676,-0.3862079232083524,0.19109673155351115,-0.6127214592348247,1.5369348715557576
ACH-000346,-0.8670669259551814,-1.0475844215966408,-0.5635719530751008,-0.8399248862938414,0.3760211887091922,-0.028315109649874104,-0.16820360908800597,0.07812839724652984,-0.20401561632864698,0.46956235751531816,-1.034826393448463,-0.25286189570500106,0.16676953198825367,0.07235105863722203
ACH-000348,0.1308416658880049,0.7393257985918356,0.059843088786678086,0.11199949115957519,0.40750647279672203,0.45116128214440077,0.08722710538789363,0.21775927896858688,0.16556794066976932,0.09946164027744595,-0.1636137624820794,0.6594717989747302,0.34344561534222706,-0.06560916082271959
ACH-000350,-0.23172903871264722,-0.7648942372960732,-0.1322113658241005,0.5655078605343529,0.516414837980049,0.6764739897228145,-0.4791623499735791,0.13485210026010291,-0.6475926284979501,0.6304975670850841,0.22765317640195906,-0.20275654867058907,0.28899439187142817,-0.2277458187791891
ACH-000352,1.0279102519821592,0.25598602331278597,0.5582779975384086,0.8830676055257728,-0.5521620942401,0.2616325292387507,-0.17713094325975448,-0.325779684296448,0.08096224134969604,1.0472190695229,0.11573036412727059,0.48775349509384497,0.4216986856960461,0.1948823418594058
ACH-000354,0.2314980833931322,0.5412322743869193,0.34499037681320477,0.5134096722510578,0.9922593441712341,0.9093929811874242,0.21647077829648337,0.3703278607802967,-0.2283680610830907,-0.5136729674760919,0.7674804835868634,-1.0529836383823084,0.3596591795193662,-0.9902966310599479
ACH-000355,0.4474091820808719,0.20973430539269206,0.2843176864885833,0.2365719479570414,-0.12871151479065407,-0.1740355765802306,1.7111941503558696,1.7318142548012854,1.5436692828054244,0.7767513169401083,-0.5845222303332903,0.4966293744668225,-1.2173154976460427,1.0784546790923997
ACH-000356,0.4429709047690521,0.48143920834272663,0.35303417138372206,0.6749669811188348,0.8867736747628319,0.29424416886886867,1.4041572118785632,1.1092493089903632,0.499161854744363,0.3073340441099129,0.5050650027068293,0.09403970309251919,0.5923154657509998,-0.3724012760412674
ACH-000359,0.40963623188951886,0.156230665632851,-0.41197908462534666,-0.08155316262609075,-0.41217716769678453,-0.38635106064267327,0.3746940075288594,-0.1210272930693142,0.4605591179972846,0.0371945137372315,-0.06082070375420055,0.6705892012845345,-0.6557844108732034,0.0825376042708249
ACH-000361,0.10879596445169798,0.1440613667663065,0.19688687127380466,0.08273515344333536,-0.2958110196257304,-0.5451143514115554,-0.048627335502843275,0.031113596976161756,-0.13954001196051105,-0.3490184104145064,0.13495967226685157,0.33730621370683866,-0.2815998741175273,-0.5519160706089353
ACH-000362,0.2647147089879724,0.7949650553187692,-0.33675625603351106,-0.4283746831712627,0.33970987461187,0.11602050755497674,0.8699368571625322,0.790512054323992,0.7327205119791875,-0.4196035546124868,-0.5690291189934361,-0.8205032225493398,-1.1191747660333287,-0.17734863796505715
ACH-000363,0.08792100121608538,-0.24995330613683037,-0.30399232098426826,-0.58056863826716,0.4313276249599207,0.16430256593264547,-0.31708821826180245,0.46007178860968295,0.32285058833688995,0.7560682397547532,-0.6224506278423846,-0.12984165842748652,-0.7955252990101211,-0.6380231282843645
ACH-000364,-0.4756574275389411,0.12619000751033851,-0.06265968432997912,0.4905004471005946,-0.030214756387004937,0.27041304763925034,0.03825289929732334,0.36484279758715266,0.09650879102726734,0.5055119550183532,0.4053555142044467,0.00917715518178766,0.08074275478152106,0.1937946619226153
ACH-000365,-0.0656675569782994,-0.05195176335123815,0.11928109934711972,-0.5115392745080595,-0.38341487977917244,-0.5205853753218718,0.05050904124370825,-0.10744553256959871,-0.054628321603445995,0.6339631412074033,-1.3657960850127269,-0.6413655824341278,-0.8035564236259487,-0.35791842858240663
ACH-000366,0.660894055383196,0.12588500385237533,0.5680383379282786,0.15277372913037013,-0.6930585508834481,-0.6008181006657782,1.355533487305785,1.3558805108177108,1.5909203359031934,0.5336771323180304,-0.4839530330148968,0.6009801981417948,-0.4046993789470078,1.0506112460859458
ACH-000367,-0.7402346148090685,-0.3472518880481683,-0.32446318553786,-0.0343650149366917,-0.7991299917750363,-0.5915841640962933,0.406886210301075,0.1475490644104065,0.5012515717225814,-0.3024050003053478,-0.7478855886767805,0.5566610582616289,0.6610208917316553,0.4747757045107368
ACH-000368,-0.33389121794826215,-0.4810580038863647,-0.5229325991399665,0.4662061412368853,-0.05827876312166219,-0.3439703164642804,-0.4346276448409429,0.07433362869900015,0.10851159051820272,0.5585832382207175,-0.376015257045507,1.0527476266727722,0.25387011035609663,0.35441942178119823
ACH-000370,0.908453804092219,0.5190402553096627,0.36931545143493283,1.0668500137775079,0.5143665069071324,0.45886771004725424,-0.06587678062296176,-0.05575710276012863,-0.13893595854415436,0.8677205801557862,0.7318730771056055,0.3391433730414004,0.33778125976801765,0.6573265340078993
ACH-000371,0.9626136883138371,0.12013829121088238,0.5423205662985431,-0.1644560020482283,-1.2093041044110973,-0.7814051833366833,1.4694669019028357,1.1917994347787224,1.5062273641401498,0.7263367885315799,-1.5270862473900597,0.3812849673098392,-0.1932164576060501,0.29183805770328164
ACH-000373,-0.0651019267226067,0.7227491420447095,0.10263212163218244,0.36051752050335417,0.5821421139598556,0.5556806951684451,0.1688658089979067,0.39298537669337374,0.23649592315971274,0.44304397274731355,0.038364997505740364,-0.25521536798947275,-0.9190026163149816,0.06486001858960003
ACH-000374,-0.779376558900542,-0.5416563716770845,-0.6340178224773722,0.13862897743090263,0.002897584878852444,0.24516830918324634,0.24779785585823977,0.9369739244938876,-0.2752378414719511,0.23996785786218588,0.07009813597772138,-0.5571836712955832,0.3871664300231867,0.025666819639301564
ACH-000375,0.06180682287261366,-0.17736962980888477,-0.09852432062494404,0.5036770800581036,0.6130775127617742,0.45524116622277366,0.2815491847622036,0.7283429345540037,0.6611577357491579,0.4971461877704197,-0.763529570925214,-0.4744370309172088,-0.58370457124216,0.539763366508582
ACH-000376,0.1715508257316079,0.24912769216983552,-0.12725562715406968,0.47600289286027037,0.02233972107619142,-0.6229263132585944,0.619522612562455,0.5063996030141906,1.0666369407005518,0.37172242182063403,-0.09463215625237761,0.80772561916918,-0.7257418130906255,0.6845583328895513
ACH-000377,0.3924951614786266,0.4232529037460542,0.27552266377480983,0.6570999966055246,-0.7716353634386934,-0.049482031601406296,0.8510544199088516,0.7922022489258703,0.91061206059498,-0.0786845485909429,0.6724047283747555,-0.25999016329525293,0.536287254908897,-0.21499765895754722
ACH-000378,-0.003128653962581218,0.4612492160911879,0.18029334339813102,0.17388523895115873,-0.20614054287233835,-0.07879881085448229,-0.15068704029304503,-0.1624687953413168,0.07565001271996784,-0.43426320748996106,0.4696345994719896,-0.1374502631779856,-0.27017289408666645,-0.4641316562344295
ACH-000381,0.11986287311027555,0.04854093008863947,0.04674696098859782,0.2602638208250303,0.3872684282712925,0.16967688624152721,0.12030948569041837,0.3263783046747234,0.3739727700942489,-0.3278457846535091,0.9244030225286417,-1.0772138879891044,-0.7733392415227123,-0.3614868984456988
ACH-000383,-0.17300244179566493,-0.04350953807614838,-0.17368398473473012,0.6397096832687759,-0.02015812899778535,0.22820220915484535,0.01037571558115491,0.0583967455834263,0.25269739921433354,0.2468210978450201,0.4597199458886507,-0.2196350434367373,0.3154914640078718,0.29369446823990036
ACH-000385,-0.10088646957688333,0.5655468477710179,0.17585607624424732,0.8723725162613419,0.44885939096017147,0.7378397313109182,0.2630332272653124,0.2535533190231497,-0.12555771479618397,0.44494496161230507,1.1839188207748557,0.2074427436008203,0.6451658893304855,-0.4866226867631338
ACH-000387,0.43692907099684003,0.7759686539876555,0.4070312507064972,0.5758473667751526,0.72904061428958,0.2816370603493966,1.0786790860656081,1.0505223123399647,1.8718030684676639,0.3369568159427413,-0.6949874507796733,0.09525885810833129,-0.24163380806299167,0.040474257945433384
ACH-000389,-0.2823746114721737,-0.14417906712625211,-0.23726069717218362,0.18092995705445675,0.3874452789693697,0.3225174195614766,0.01691213745647438,0.1531343105394192,0.6299745681198721,-0.16001870319317363,0.053960920268690676,0.5035646910452786,0.2939412648963139,-0.12384187754722698
ACH-000390,-0.21134145084462028,0.20982918729195293,0.3503513455149023,0.31765410566363556,-0.1050742263660164,0.6967393972248317,-0.018556399457428707,0.3212528342568334,-0.24355530864099045,-0.3016023770448536,1.0360607901601513,-0.22871146040816165,0.09883917811003146,-0.3288124958685811
ACH-000391,0.11571048583706366,0.08469048370625328,-0.37663042665016766,0.059697085125762196,0.41934350998343256,0.5900490658059279,0.02230043044702082,0.29994203712886247,0.20295321481518686,0.44463588414525573,-0.07226561862792887,0.12960566513426916,0.07475920196848684,0.5091335713052867
ACH-000393,-0.29611089508063215,-0.07788097978644322,0.07376001581971994,0.2921579473122452,-0.30272591021224143,-0.5094389360357272,0.9142195247021216,0.36516032424906136,0.6810685561241252,0.30340900211567823,-0.4956239124175454,0.8266210500815587,0.27412991144478255,0.10281271394671815
ACH-000395,0.7228227540437688,0.43603588536438737,0.1996056022917574,0.10391852306904215,0.03411060406105618,0.4684472919754966,0.5106277173241199,0.77670540743303,1.1322382196784275,0.8949416928586467,0.2484680127748188,0.8197845792817284,0.16798447166201114,1.0054460659558397
ACH-000396,0.26364125680428757,0.5694963851508545,0.040378401325476876,0.8048174228161382,-0.5909218407296007,-0.49962836961655227,1.1675515392217006,0.6037052792030554,1.1932170115371457,0.7302781710080688,-0.04052348115465702,0.6548685463849983,0.21509961587407578,0.07205970025217459
ACH-000397,-0.0804304130690065,0.3428569083511217,-0.0031002927366101662,0.5132651224397367,-0.5396127816652532,0.09935637796742706,0.298467814085409,-0.11283256991417959,0.29949819325409033,-0.17478905869012207,-0.7526908042277849,0.25158643939544667,-0.8581756705082337,-0.0006867164695133765
ACH-000398,0.4741519241924827,0.41101997391995576,0.3695620112997968,-0.23624752741346122,-0.15066868628416064,-0.6672145881985787,0.6675899488987147,0.8082223041298109,0.6527058073913289,0.7537806705983059,-1.0296724024585957,-0.8337555721692523,0.3840981661883439,-0.28397208138901575
ACH-000401,0.022122177727828263,-0.24816178071509581,0.08565317115393942,0.33541728067043003,0.14900168567745828,-0.42397145126158475,0.101552385250997,0.02931125596775025,0.12650781971319802,0.26898848908841483,-0.10093866621628236,0.3192809795075997,0.01110563848445191,0.1519158952491212
ACH-000402,0.050479420308160584,-0.3186301745216473,-0.16391021822465415,-0.24507133104016535,-0.9641489424234391,-0.8748136892041007,0.9194773109655936,1.5273347368831718,0.6331931992089681,0.42918643579255406,-1.5958160304916662,-1.0262095585124653,-1.5622246922072456,-0.21287405990911742
ACH-000403,0.07538727528908987,-0.32676808569810234,0.10809513928190251,0.2819455971042028,-0.4207068389172501,0.109877859650072,0.3173528813326218,0.21803985926012726,-0.013248574740047661,0.5287961663887419,0.15306688779872502,-0.12391545516250137,0.6679632448956686,0.19805623530533656
ACH-000404,1.3494262083543642,1.0767114235957063,0.8542303243693556,1.37060618896043,0.40454007783891444,0.2758575342469126,0.6695413829024315,0.2478584686245076,1.169469474583027,0.18797610610856275,0.25798980829439044,0.9712625693237394,-0.39946893709910214,0.1148641595737066
ACH-000405,-0.17391561115724594,-0.45526404556618283,0.0033400627441665873,0.08501984300837168,0.03740215521450055,-0.08978772827237247,0.6890372540295913,0.8660141866140333,0.2900503870022222,0.7940477103038821,-1.3151747149226511,-0.10733883792699284,-0.1677643729611094,-0.4053640051306386
ACH-000406,0.1383409965860084,0.2300723742193258,-0.012155676644628674,0.42970462729146147,1.1910676018492783,0.34656429666082245,0.4318972021537111,0.8070085011161151,0.7893965574560655,0.4074871234014046,-0.707924322413229,-0.19785167575946622,-0.9838738694423027,-0.218355222052385
ACH-000407,-0.17828635287122607,-0.517238602072093,-0.19052826085039243,-0.18001216212337698,-0.6335026501608301,-0.4155118046987366,-0.41358232254124006,-0.1972948005787306,-0.28299577873687903,0.03314263076340225,-0.5001014824037938,-0.27860417287266454,-0.6089147808457964,0.1192867202941468
ACH-000408,-0.390030038023749,-0.2639211574829385,0.19208426633985004,0.14292488783431778,0.6664595457338588,0.45123005747840983,-1.1425191915631465,-0.7095616316150274,-1.0598601248016584,-0.14647398370745396,0.9580651375787291,-0.8203210662152812,0.25874246953586955,0.3671771908260663
ACH-000410,-0.23425292461297154,-0.24689958765150682,-0.15138903562451428,0.5521470601062531,0.20353470198811904,-0.12603858116759747,0.026741661458057175,0.6030350060053691,0.3762292932649451,0.6780331957808727,-0.32262704295193156,0.6234460232922556,0.014443911402191208,0.7801084964045039
ACH-000411,0.8344714677072221,0.572159588459601,0.43742864074098237,0.32762153324823673,-0.7182790695848542,-0.30972667664502557,0.7147796332898686,-0.30057120913092744,0.5848656624506521,-0.3005880403311658,0.2058426847556628,0.3974591667025579,-0.11210847484639361,0.31178367867763723
ACH-000414,0.2381291577846436,1.213500178475369,1.120869676967212,0.03984644159042149,-0.20064265175645735,0.45259837482600196,0.7269289471709984,0.2258378852350818,0.7770062557542476,-0.22714237877856921,1.13475131810139,-0.30503752123879946,-0.057394477341945666,-0.7680851522780188
ACH-000415,-1.6646747262119286,-1.7722213711519317,-1.7434368521203474,-1.6784402994259753,-1.4159308513572184,-1.1329559446454267,-3.099555563471263,-2.7244073664286113,-2.619464983623763,-2.5068118094429797,-0.8864558136876132,-2.7604851728286235,-1.7452657145206536,-1.7408323049482153
ACH-000416,0.6597574527359901,1.0191272893969263,0.9342533612522215,-0.7515316691954068,-1.0785669296763163,-0.7821897971739152,0.5810717580024101,-0.02786238416798173,0.2150192467967771,-0.8307656209082596,-0.24951222275318738,0.518759851593223,-0.6758265673689032,-0.8927840688534673
ACH-000417,0.20400188723916407,-0.46841214194183745,-0.3653711996883677,0.059267313132257526,-0.32371963565501155,-0.42586564076291145,0.28179670362338516,0.3259525136807384,0.07702738413370519,-0.5246689238528688,-0.048044919613276754,-0.9853746223575915,0.3450539196123115,-0.2496595890171971
ACH-000420,-0.1709702236049032,0.004817585246741418,0.3918851666781915,-0.0034645384172049543,0.08010212458202617,0.7934094942851395,-0.06469136462388247,0.007607413088298792,-0.056735152040640335,0.09080545127079981,0.9278047174538019,-0.3023005059746466,-0.33607002452315293,0.43955615957745253
ACH-000421,-0.022235372709011852,0.03026971094484003,0.18101906637952844,1.0610474473970457,0.511282465349211,0.9915512966351726,0.3292507956485221,0.6913183135077123,0.19738582058433132,0.06107416384570674,0.7835889155432233,0.33538179604049173,1.0779471040409356,-0.2858778972241939
ACH-000422,-0.22923359595827694,0.047445873516191645,-0.25200148500927544,0.45966158797613094,-0.11591361288026822,0.07853578786734532,-0.13848429717753585,-0.019917881946134974,-0.18400483180179586,0.33547538236962765,0.7594840912131028,0.6281404878507169,0.6262828623005523,0.5437370015111771
ACH-000424,1.0561636765692928,0.4068047000387489,0.3470135547190363,0.051058415942152435,-0.2675379364496302,-0.397403068307768,1.6889172749378722,1.3098353969583036,1.449071605567923,0.1938031424028315,-0.8172089880600193,0.39247872041864024,-0.7205662839928563,-0.38127074936350513
ACH-000425,1.0107839190306642,0.8784747953859385,0.6223069082861916,0.31583470557494414,-0.1820043437048615,-0.09061702175322535,1.0918756162175063,1.1398748075999254,1.3171334783502036,-0.0710839297422285,-0.18539313207903146,0.6326658895249746,0.33873534179270776,-0.48663943724980974
ACH-000427,0.7457569335313445,0.13076982393101774,0.07423690001030972,0.1645104728593761,0.36796817164000856,0.24997990787310376,0.37065111756297264,0.4076382661389409,0.0628724716261708,-0.4126691548078012,0.6753804630623684,-0.7753827883881137,0.26991978311237375,-0.4309723990178829
ACH-000430,0.9531066372716814,0.5464229353183391,0.39955968412840115,0.16332228888004255,-0.2403731671899665,-0.9748914724844233,0.6923518406463185,0.8464969226750638,1.1165180677831477,-0.3269678481313003,-0.3092829919783048,0.05625827009089507,-0.86484216348291,-0.5277913055951791
ACH-000431,0.5528762920004929,-0.033504233301772636,0.5242947485072195,0.5487846196871781,0.04925848390240664,0.5269145238209259,0.5459864543093307,1.2834717818147041,0.6758778303351151,1.347443630558524,-0.5616643594174107,0.6266940321021606,-0.31201919602152633,1.5190844463059752
ACH-000433,0.23611120262304247,0.21462419797665933,0.5039872100825008,-0.2580980555439801,-0.341010094374791,0.30270185673607697,0.325424502403166,-0.8149804798673514,0.14777075099118187,-0.5035519144303909,0.5113231748297402,0.4116910219684409,0.6778713145780196,-0.332738004168883
ACH-000434,0.8914286838421714,1.4764725076395324,0.5128009918379315,-0.5510113616552124,-0.608099161743963,-0.507285926246116,0.9902383073967292,0.10413340934112228,0.8742942867325656,0.051295904747685,-0.2542379205303868,0.0726191202240056,-0.6769349922637208,0.24044574202546734
ACH-000435,-0.8267774899531005,-1.0036171262563085,-0.6460087146571256,-1.0668394988854693,-0.4308411351766556,-0.17345218827980263,-0.6334452377210691,-0.6101964802454956,-0.4099042422109501,-1.098391407657,-0.38146066642052284,-0.8835220628589691,-1.3343486845133476,-0.6474812322515173
ACH-000436,-1.8661800793312202,-1.9641762950845723,-1.5725600460291207,-1.20952972166754,-0.09786528215372652,-0.44640326979467765,-1.4624878783969881,-0.5690030204208373,-1.2892627373911172,-0.17479546943219504,-1.388384504230777,-0.9829953432212285,-1.4685191450728718,-1.1795144021906143
ACH-000437,0.09516625957029429,0.38725408765422475,-0.25686176550352896,1.240683968134235,0.5989336252858262,0.39350603829085595,0.17246486647837447,0.2911830093535425,0.8601540502947187,0.5129784991884644,0.36505493698713615,0.8056796749770885,0.20539984579507659,0.6564398747764684
ACH-000438,0.7296757109321435,1.4936955951617568,0.4642224999224163,1.014726915716803,-0.6942510254425234,0.298772716714063,1.1876416342137306,0.9579682177936858,1.036874872088623,0.18191934240331092,1.0718651922251734,0.39491505240435415,-0.5644532838286708,-0.07313046791186448
ACH-000441,0.6984678400257384,0.5014057266151248,0.49484175126691066,0.6014524231314191,-0.12369198402971202,0.22628705806078164,0.8235633652651508,0.40075116551369183,0.9960125702714462,0.5898089984304454,0.11833163382929479,1.0728262236218362,0.6491796392116369,-0.13365877135765802
ACH-000442,-0.3640534916869301,0.11572360631410701,-0.14869725822766952,0.8310557050484578,0.24721865403786508,0.12024174738581642,-0.4084607312191867,-0.08582026928396173,-0.019732876463417856,0.2873498080058784,0.34641756738355955,0.4258050767726392,1.2395418691883253,0.6642062823985696
ACH-000444,-0.2133813668648318,0.291944465075167,-0.06418294762836524,-0.28727814381607436,-0.8491567242547147,-0.7305935093453569,1.5131088396965335,0.699679834675397,1.0619329985995127,-0.398905845041132,-0.4718050687027099,-0.0672838636763145,-0.23219244993898913,-0.6038583387500795
ACH-000445,-0.47165110253436127,-0.2851023217561618,-0.4517874214339875,0.20439225582035497,0.39795836582489175,0.37809430299294394,-0.4682106995340847,0.05431202838601479,-0.3673227855174601,0.4220088399689167,0.39746817221406616,0.46044001057369294,0.87931889375056,0.22710487760216827
ACH-000446,0.36122704421088736,0.16463772003598978,0.5061490029419569,-0.19027907847392425,0.22376322275512153,0.05414390721586254,0.4196479090067835,0.2924287995559914,0.5417416913509929,-0.07816187807574215,0.0630887620812315,0.1553965010858212,-0.42496029870356916,0.33111965301154117
ACH-000448,-0.5185382466330266,-0.18272935665336518,-0.14522104416905177,-0.5493762235100295,0.18251591815129348,0.12980489207776694,-0.03005993851287725,-0.2754520875802095,-0.6322776058816338,-0.7970534378128528,0.06373219454102969,-0.6152842796942373,-0.16675702069549503,-1.4553760050484834
ACH-000450,0.9612690340835587,0.850126262158444,0.616998055795182,0.38969899749826786,0.11469813583970843,-0.11822116659392444,0.9404331124724961,0.4111623429241149,1.194576251088789,-0.5799489654416384,-0.17628539181064723,0.8145665888424871,-0.23309069118498899,-0.6539069932270176
ACH-000452,0.18362491353825916,0.19048128008001702,-0.24831591636707767,0.3255997993312164,0.2405147521419374,0.9790785854782269,-0.6152935573988352,0.05075095397796561,-0.09025130829956665,0.8532977123552774,0.44870089224583826,0.5023789572696366,0.6177824348370154,0.523110802289318
ACH-000454,0.05091106891296587,0.4828686547188341,0.3426541061173428,0.3971853282230949,-0.37057795039162356,0.06316709285848451,0.3063030564397661,0.4533714344046605,0.08083805864791177,0.027913646441099393,0.1878464170796184,0.2483896415430617,0.2859005934924972,0.25108487401706175
ACH-000455,-0.3739485780999626,-0.9574525130892209,-0.46455945304052887,0.22506723420054614,0.1417076326528461,0.2714389706920667,-1.0986775885218105,-0.06718866359570619,-0.8855840458901265,0.15891565613502087,-0.31609654976091617,-0.526568917182528,-1.2934111429297341,-0.3641832416447641
ACH-000456,-0.7619174650319703,-0.22588273412381352,-0.6561597047419657,0.09633493701615936,0.46366137409401914,0.1774455205470845,-0.07094076740761979,-0.3735539107001683,-0.6684124829739637,-0.13236817105270182,-0.5642058739133369,0.04579876136720514,0.18176367647516317,-0.14028537442058422
ACH-000458,-0.3629128677544501,0.21241507524886097,-0.34828106332289094,-0.009596065908577506,0.29326927116312246,-0.23605107369348455,-0.12493788726719238,0.041740481728367154,-0.03318899491126302,-0.350529668110197,0.0668145510738363,-0.011118997676350051,1.250054300274818,-0.4343640779140613
ACH-000459,-0.5992025578134893,-0.8319004021533767,-0.33074723390777955,-0.07015449522300105,-0.3157120848879085,0.06849309831675848,-0.01415538157018112,-0.2888938850843822,0.09579002483238137,-0.034147371628913514,0.19312151812229916,0.7796552638320663,1.4250811854228047,-0.21291024659448743
ACH-000460,0.07615687669899707,-0.4993923287312352,0.34979756635812065,-0.3608914187684362,-0.7520931417586445,-0.8710545467899857,-0.4723420017714596,-0.4853233606928874,-0.6178064268092781,-0.6819534557593038,-0.737329387165486,0.002825215095208028,-0.5158008957930658,-0.45062799680880516
ACH-000461,-0.5867066701845562,-0.0912705593062817,-0.04862906785832169,-0.17017303696395597,-0.014506681357992046,0.21643188248692397,0.6743818033517255,0.7223343982998991,0.3665908890840018,-0.979595656623399,0.20468626419665023,-0.8558855329839108,0.60058207744743,-0.3676824058292919
ACH-000463,0.5715192211123258,0.3817339893469573,0.5429355570833285,0.6705478269232694,-0.3638075329945264,0.06101879896248183,1.1970945283898424,1.0524369637787085,1.4650629995159614,-0.05554798318478182,0.16631657775055197,0.16288237513620432,-0.7139187742510644,-0.3240595537036765
ACH-000464,-0.5876091247400006,-0.9050868508316852,-0.5583066120266542,0.07539142668663332,-0.11818874101571372,-0.14309761098027501,-0.9317395752059308,-0.17581274157765733,-0.9907382237485377,-0.11148713497010376,-0.399212745973038,-0.29801112472959485,-0.7681328028794394,0.4379649152816266
ACH-000466,-0.17047064810788654,0.06598688186388355,-0.33031740441270213,0.8525336335452247,0.8034035534726556,0.7703860117825387,-0.14733344823851072,-0.032820107974999554,-0.26774502648140863,-0.06100731805131619,0.17334096954431888,-0.47125061491761666,0.32597103215923956,0.3432578870611099
ACH-000467,0.38079157053119317,0.2904401290082879,0.3957189499065913,0.48439878439243433,0.2619482424072481,0.11502452619012477,-0.2441595037092028,-0.20059003612146803,0.11039688737589261,-0.005283600270646567,0.6165474906108516,-0.6842720669730167,0.20266019309513797,-0.6102515555946372
ACH-000468,-0.3333252437278592,0.013598237927180429,-0.24165590860622072,0.9290255140518693,0.4478168876837507,0.5888672399884304,-0.5107008329839666,-0.10570917213715036,-0.05687636697172331,0.452304304532141,0.7842885171478506,-0.15205732234364686,0.868866198686159,0.31495816178862884
ACH-000469,-0.22071165779117763,-0.3518668618992448,-0.3372831077131234,0.16815341445345494,0.33000186723956076,0.2153230646428791,0.05366050166543465,0.21661519364317006,0.003332533204321142,0.17296566848883918,-0.025654411084143153,1.0159236414569774,0.38706596450794817,0.08473676583090803
ACH-000470,0.8256644583972266,1.3726693435116044,1.0849974069082464,0.8778186834217873,0.4738996962183226,0.36806531372859785,0.7130830201199787,0.27583348597734725,0.5332330952343081,-0.3123595301864218,0.5788184493007285,-0.8334075105388253,-0.06325436918408436,-0.3512399535409915
ACH-000471,0.5869485338653604,0.7917543994829187,0.4299588803916359,0.7343231779261401,0.029152639054579182,0.48615946264740506,0.17344984922845225,-0.19535440715940414,-0.026877711975853563,0.4122431052795401,1.4819890409123428,0.0653362676613957,0.08373407818687897,0.02257364252806562
ACH-000472,-0.8853860809437394,-1.198712723262017,-1.001305360948194,-0.9827534678024021,-0.7409773442002906,-0.7122990483000347,-2.1026019124688613,-1.896586600455517,-1.9970098469007334,-1.0534212535207037,-0.4661012084911232,-1.3259228168625625,-1.8850017949138331,-0.6553294787065593
ACH-000473,0.035022539177930044,0.5034494101788962,0.4655964632188443,-0.06044894017940389,0.18656509084031456,0.29904263020916544,-0.11483485716333516,-0.016324913204226355,0.27805762602218675,-0.5119619564515288,0.642662395526377,0.39411245117678256,0.10696749450988738,-0.11472226534987821
ACH-000475,0.14521187998599336,0.6190548032682478,0.013503409632165841,-0.14096530214010544,-0.10280805282026559,0.4425744519299687,-0.02648324769265245,0.5186750328497394,0.30309231587597063,-0.5739846246612824,0.8665185625447229,-0.803090134719818,-0.8199586624047284,-0.7820752229494109
ACH-000476,-0.3125782189312256,-0.32322387128131064,0.03447976350364973,0.39806202776479027,0.2966098612022623,0.251356086173819,-0.04344584557269632,0.24405569712350103,-0.1425818665650091,-0.08106985595032029,0.7209552207235188,-0.5836325848827942,-0.49069872349070587,0.2584811271268992
ACH-000477,0.44360250599513723,-0.5064168393447925,0.17779601701569334,1.0782427504673775,0.7644251802481149,0.6816875299634791,-0.2667368117371985,0.15317101508731673,0.1533930028436362,0.20394306492389147,0.6403466092077585,0.2971709328615086,0.14579243581481066,-0.02933474491990881
ACH-000478,-0.12360106856223722,-0.8103645244466562,-0.3204238148599508,0.5564090443316277,-0.07647264822948316,0.04178762432436625,-0.3765790958597113,-0.35960491432445374,-0.0761256268139032,-0.027567680282544055,-0.17714656634576958,0.7262630205978945,-0.13866621918525063,-0.18803311700468012
ACH-000479,0.22466200862040192,-0.516613018080034,-0.28314869718046204,0.5415452534214472,0.4174202078479523,0.1788082210982182,0.039582489876867806,-0.04190749234407144,0.13093556704712117,1.1968258740768998,-0.13643396272641656,0.6075995951601242,-0.11481871060672741,1.1171149994739404
ACH-000480,0.46433460516949154,0.26488043733605104,0.13555991246891413,-0.21930821705531198,0.8152070850168476,0.996350785412871,0.11410072933677594,0.2548669489692233,0.8175116166515897,-0.22808140919574527,1.0982928915600683,-0.7587035027700026,-0.5776275015198148,0.3030314800098763
ACH-000481,0.40787322543280835,0.6736299158211988,0.34880280985931356,0.6828068483983645,0.12110708304417254,0.41139419544577194,0.6711711203162071,0.6052486023445185,0.6096177919511556,-0.32227111092060656,0.35399244714226535,0.14747260937279658,-0.2278396148191994,0.09542950256617569
ACH-000483,0.19746980098824213,0.45773756592743614,0.48865885967173445,0.5046250723161075,-0.6538460474673593,-0.350505026574112,0.22524682932951612,0.25509029504718617,0.5338076213133942,0.7696785858714006,-0.5009911126378962,0.7171399750182174,0.26331918753400313,0.10075628573731678
ACH-000484,0.0018741776104012065,0.7534898157134134,-0.25823909801033174,-0.08251004042967969,1.1526185886144915,0.6596366332405663,0.20532631291642595,0.04314150143119076,0.3428213237670191,-0.8802985670716439,0.4069969640139002,0.3081675451462054,-0.08082688830417334,-0.7619433555163412
ACH-000485,-0.896669920182556,-0.5023208625538503,-0.17653601075884198,0.42596100566699313,1.084982512713045,0.6710229042759792,-0.3362495436420983,0.11733589935957837,-0.5973909161712002,-0.18968774428552798,1.0160496357990578,-0.8610510368399074,0.36177046622474396,-0.3725506767382049
ACH-000486,-0.16621383319631677,-0.43526195465751927,-0.26712941599606355,-0.36889090419099413,0.01600589347403908,0.5671900148026143,-0.4926182554155693,-0.4902995399848242,-0.6694415566160169,-0.0890531702564342,-0.10914878597386662,-0.7489009764154191,-0.5932338920102147,-0.48878792971098506
ACH-000487,-0.4565938423250661,-0.48594099712372074,-0.7003745231562262,-0.5759399697725394,0.7834622950842773,0.22853260982097906,-0.3885118059189105,-0.0847185825628686,0.32801494576988693,0.5174900428491674,-0.8047390889871081,0.2565556611541516,-0.05124732329789848,-0.3686630711088881
ACH-000488,0.03128449563735258,-0.04412213940297699,0.008607414858907148,-0.6123317003020762,-0.7808645393390401,-0.370230077468848,-0.2364617714327069,-0.5886918490021013,-0.11699058166315181,-1.0688495688818256,0.3682275045763987,-0.7178217257158005,0.13693513963366677,-0.9690352118624861
ACH-000489,-1.0906140656015175,-1.3624057297667265,-0.8057641943962672,-0.2923745668961199,-0.12468154508872331,0.12561382880584387,-1.1989854596160896,-0.5092282744408431,-1.0594892813954222,-0.9403968854001608,0.0022272287242397493,-1.8520988044077367,-0.9723457421496875,-0.8380307052902228
ACH-000490,0.9032974679681877,0.6374062379000883,0.9229283472092712,0.7724025249358445,0.29911844467898774,0.6014684452288529,-0.11647914308389526,-0.3211889719547685,-0.663324471610889,0.1471168017910483,1.073622266492022,-0.8688388271690204,0.5424463294265758,0.21843626992491513
ACH-000491,0.730430840678213,-0.7564421789540711,0.42353865866937374,0.569328090623264,0.4014139571501263,0.35592962591702415,0.34284137838375606,0.5819600750939843,0.6177372497824098,0.39107256842532095,0.9026819115786399,0.15320687190933882,-1.5156896467018628,0.2662198240327488
ACH-000493,0.3111472192902841,0.06984864441491362,-0.3139636898598836,0.441636101567126,-0.48994622205921684,-0.6821215904385459,0.4525759163299795,0.30804186349607177,0.28121012601857265,0.5321046091963344,-0.37031066341891317,0.5046772194694931,0.6888192327542668,0.3162533371673396
ACH-000495,-0.1890746311616373,-0.255339689179522,0.23449095670012898,0.13532459880764747,0.7860550171657585,-0.04445530665336028,-0.04520696050759882,-0.49619019683668064,-0.3717997104282921,-0.07194916851416286,0.36210742281027347,0.24473602936848385,0.25109990749889655,0.2945559269706856
ACH-000496,0.22488628733864213,0.47497442622028146,-0.2967962845444444,0.9417550257206474,0.6470145629347891,0.8851685643559054,1.0659625597864113,1.3114506347263784,1.2956125598057486,-0.18608354212760925,0.49786690416374296,0.56171012903688,-0.2059049109538927,-0.0965527087156296
ACH-000498,-1.1583495055843307,-0.5791725310925474,-0.8803834437039092,-0.6645697906395711,0.542398516286239,0.31984829980063983,-0.04123825831953831,0.6223659817813354,-0.27515396751548904,0.17502599457720552,-0.7699728117401845,-1.0157279809171276,-1.3403802888180087,-0.6154256116414597
ACH-000499,1.0856921064378322,0.7717344222139881,0.531416381722534,-0.14332958155343484,-0.44337002460179586,-0.34636687272586775,0.6326999124528196,0.57979740136843,0.440856997890631,-0.005209880861942989,-0.7901237631041891,0.7092827606790011,-1.0407524061143838,-0.23940606644853746
ACH-000500,0.2541682114715493,-0.2630301498956494,-0.34001509998295143,0.5788701013672715,0.36005389086693496,0.342642662193596,0.6211976225120147,1.1439877097649132,0.33524533370780163,0.7006634817603817,0.30962003393032106,0.36132346129265247,0.6039793905785028,1.3577008022369996
ACH-000501,-0.3756026041960222,-0.7084017311875992,-0.621715333573927,-0.4006668043098552,-0.7595105880323727,-0.38040729897572384,-1.0256218721854944,-0.7714741357570258,-0.7150004226305086,-0.26145492493636857,0.10352506011066293,-1.5138548351674992,0.0952642988934127,-0.6256599919357919
ACH-000502,0.14324263505267643,0.41680415535095905,0.8846488143733939,-0.2080750519173729,0.22164691858949914,0.4587323413172346,0.21941102049791295,-0.9121835592107136,-0.46463453472882127,-0.8271026586429968,0.988525076086104,-0.29617613870694093,-0.1191154822571467,-0.48917248023517756
ACH-000503,-0.04537593871372558,-0.29593570518889706,-0.4527623967747974,-0.29219847075574185,-0.6921994370357498,-0.4009629142272948,-1.391703046959134,-1.293617158894582,-1.0514538060663905,-1.0593114593065056,0.08238119139380262,-0.9651104648472771,-0.5191120578363193,-1.1924985479988135
ACH-000504,-0.26000895415504643,-0.29135886430979596,-0.43112589241525673,0.7414393746014036,0.5357519753873651,0.20035781092410626,-0.698353301744756,-0.35651295771505426,-0.23084160460643904,0.9082601299814139,0.47739904784425313,0.9124987179100073,0.6924571465536291,0.5903839795315722
ACH-000505,-0.5664315699020294,-1.1497944583314261,-0.5873427511093654,-0.0913186065576731,-0.16902255104533626,-0.19448390226297,-0.13637959773450106,0.23327063410963833,-0.4861699723204074,-0.07490836520135359,-0.5636136256451553,0.3601511752214311,0.10415450949560698,0.3312678622339683
ACH-000507,0.5569507222367639,0.6403666310844636,0.5598731221933044,1.341544377381018,0.7737269870433413,0.9114030060321289,-0.023233750882557455,0.35395480510695315,-0.10030138762794644,-0.014909574217972565,0.67598785846117,-0.5996180474638821,-0.45486671231949355,-0.19608468768875184
ACH-000510,0.34962811397578797,0.44715962687211674,0.5994907172413944,0.14861282807071285,-0.3124566903221255,-0.16390589322930366,0.4143856667476662,0.5375073659216671,0.5774808401350284,-0.054757528361773174,-1.092073478193817,0.0871644705700585,-0.96201211121826,-0.02825669499730516
ACH-000511,-0.3408219062557702,-0.6083036120010473,-0.9379766355082042,0.550799560448656,-0.16858841297536323,0.07180479401180392,0.7673549722460024,0.49949101750151564,0.41014686597812844,0.2548942449712358,0.059556958463481385,0.9304098746296556,-0.33795582674552355,0.6265818231142329
ACH-000512,-0.43648722056190975,-0.5386732339530906,-0.6825050007359547,-0.24448727278476562,0.4748533900781998,0.07167517119845668,0.09393819407775292,0.9453678034560143,0.236108477692745,1.271867059255868,-0.552399020889918,-0.5481951084065468,-0.510564183216468,-0.2135746448595386
ACH-000514,1.1771641414149476,-0.011494183309383399,0.22166517500772348,0.8809990504732407,-0.09221779928470603,0.4161664309597338,0.16303921788642217,0.6317160880863122,0.5675444793186228,1.6512886665488162,0.04833305655656961,0.2525580846367613,0.05106231844040243,2.437584069487745
ACH-000515,0.1257028737305161,-0.36494332634785615,0.17688439026346703,0.7770371310732535,0.1313928384945373,0.5657674820731313,0.14422505833076665,0.712609369554189,0.06972512375242329,1.3477317078152942,0.013015114581888823,0.39973038007862877,-0.4535437429618666,0.6853467720811135
ACH-000516,-0.6046104547842392,-0.28634103727777094,-0.2876988430030559,0.5132059314401031,0.6107547167591248,0.2913727326203741,0.15929432174194078,0.19436395423837113,0.47184642762903417,0.6514621556941198,0.293641485930094,1.4467717492257295,0.7025613018368676,0.7781221510321285
ACH-000517,0.40328104442251833,0.14083751007347559,0.3271015056561813,-0.10733709940625524,0.002833076272392626,0.0867030395799753,-0.4733240150512601,-0.18371521004996574,-0.3837452426228016,0.03080578021937147,0.39612569949150717,-0.006123212983920684,1.3537998956755426,0.021766070372436608
ACH-000518,0.24612648065819828,0.5362605102900766,0.16542950704802514,0.5424333915465798,0.7321858466115622,0.8803722270895684,-0.7240189016103754,-0.5824874642433215,-0.2568638291577361,-0.6399805406317529,0.3356204617263524,0.006859062303318064,1.0372621264359394,-0.3519193282183738
ACH-000519,1.1792828283299714,0.3517941324415611,0.04404097641750301,-0.09480287160363196,-0.2167513820958728,-0.5690544470088594,1.0073840351569658,1.4702516366732148,0.8537698861544181,0.2861724866498859,-1.4632512734750618,-0.39476084571600134,-1.2799042221424788,-0.3698036537508501
ACH-000520,-0.21672090994163729,0.10481096166821886,-0.5122435235551814,-0.04123301511689524,-0.569077446749952,-0.34302389113058346,-0.1381492537185049,-0.7726651378701669,-0.18388093435689368,-0.4260760818181808,-0.0019919862762312612,0.10112237624896556,0.2530651042938073,-0.11742414967700358
ACH-000521,0.13074677728428252,0.2781490554153759,-0.019729966318417308,0.5611863195949307,0.008846302386659954,0.765331125040143,0.014410021589520539,0.5050141990160866,0.3314986995194081,-0.13628876972171095,0.5064127728166421,0.13206656839608533,0.5622530343706554,-0.34414180012290946
ACH-000522,0.7005742117286436,0.6281353986056949,0.10927961374439163,0.4560937625350696,-0.6028981706383706,-0.40171630172873074,0.3899713447720348,0.8186973500851786,0.9277829234004065,0.08480122746738436,-1.0074224774882339,0.8952328171135714,-0.48539874182054527,0.2001804771523315
ACH-000524,-0.11435611827360015,0.1519592587975274,-0.3448873829934905,0.24757235692371327,-0.19962590812967573,0.2620471442643018,-0.8351146705580875,-0.5856406626925299,-0.7842195467533847,0.21422005367341243,-0.1865086769500475,-0.4026637615160544,-0.4821243799377272,-0.0010955749266521875
ACH-000525,0.9124690497601979,0.030391888434494904,0.40062160828269444,0.7291536457224096,0.312546560317173,0.23137929223828058,0.7515088405891516,1.2754213174611273,1.079062534449278,0.5018542698049475,-0.47525215741695936,-0.46180984011724535,-0.26488821721302924,0.8112502741714216
ACH-000527,-0.602340642764916,-1.7135613528391027,-0.5582820316065984,-0.1681541559928592,0.6248403488253927,0.2776820466565181,-0.9646834792275416,-1.1388305480336793,-1.2359594071367486,-0.3119422444954372,-0.21665584789471887,-0.4112397980477894,0.15452973661417568,-0.18103228030029955
ACH-000528,0.5401748747005356,0.5638485694268097,-0.054820852822060236,0.6140369494395815,-0.40555871897322654,-0.09868223817090335,0.4890932016280135,0.006802213704169731,0.4672906469735829,0.2321554880892774,0.003363999084103647,-0.04155262677679497,0.37390190379438815,-0.03691036838924014
ACH-000532,0.8764639303100599,0.2183647654582232,0.6014410401485067,0.9834495721664083,0.14441633903397624,0.46834621557233674,0.32337308101153717,0.21718690297331988,0.30862037629868133,-0.3631792504527618,0.8451942071609787,-0.9255552564784133,-0.4226106775326478,-0.21985090695484266
ACH-000533,-0.07621599497609198,0.2420978551530847,0.04008840850746573,0.04686802308246598,-0.18297982977537294,0.07447861391082489,0.18298045421039505,0.5876216025332655,0.5285058760894921,0.43932721145126186,-0.9529786287417337,-0.1278386286948231,-0.11953785472296691,0.6060419547346764
ACH-000535,-0.06706997901931311,0.7287829145015916,0.36368843860299405,0.5778739411961995,0.4021504192077289,0.10497572360803295,-0.489515873439868,-0.5019562943327185,-0.04208979613527361,-0.835262347404918,0.7952774401924213,-0.3960558082666416,0.37133576852462935,-0.5967339287028408
ACH-000537,0.16179135325048283,-0.029469916854627687,0.34098247141266513,0.41894909517348733,1.7173414293101956,0.7043323375672671,-0.8555612402411522,-0.7038457184757216,-0.6043623284751911,-0.45522937989101797,1.7819510249817407,-0.279149987164136,0.26058569890702654,-0.5300279156459298
ACH-000541,0.9418970964471309,0.5756884051747417,0.38077282287009684,-0.2996334054844946,0.26071697906014357,-0.17698403982191635,0.7142851021660965,0.9046792992203601,1.224263618475456,1.1182847898265273,-0.5916549262589914,-0.0548398344835485,-1.0409802760869686,0.051620886454829526
ACH-000542,-0.02024523324870843,0.4226559516147556,-0.359201424023905,-0.594744131553889,-0.20729490692164193,-0.3751027675271953,0.824032542540083,0.04678976258028916,0.5289830647347287,-0.7006404991162499,-0.8366922118088629,-0.04926933935413712,-0.20099470554921117,0.004967211816081535
ACH-000544,-0.12656191589839838,-0.5984239960905267,-0.3311665080689328,-1.1178751513413905,-1.2486679279589894,-0.907934369866368,-1.4383483506266102,-1.5719022798613431,-1.0821423064700133,-2.2031485019171795,-0.40287849630965256,-1.6533533279412136,-1.6766528242508494,-1.659610305443955
ACH-000545,-0.8368577458437734,-0.12285924155127523,-0.552520226910846,0.17081959947611552,0.6681630650234294,0.9011490613113401,-0.6733066864886039,0.13224023479913855,-0.9503483442539566,-0.07792388220509328,0.14423817358816304,-0.5780064777521011,0.4308339589562893,-0.3476307565925454
ACH-000546,-0.6581209676159144,-0.771504479006993,-0.07298360297601647,-0.3058587252802149,0.852119727372813,0.6162174470435877,-0.9626419391679177,-0.6675712628389121,-1.6256744006741892,3.911570498038586e-05,0.34372503994136505,-1.2710290731175502,0.17260348126317646,-0.08843329129481184
ACH-000547,-0.42642496287153314,-0.6920537482250744,-0.4320499165960729,-0.12487353489357148,0.3574273452055085,-0.07428856693075966,-0.17238980665564646,-0.10910387689522931,-0.15538605992393723,-0.1174502800961114,-0.13527581499932514,-0.0448642783333581,0.4576815851862118,0.528191786952475
ACH-000548,-0.7330781353477795,-0.8217469387351868,-0.9424520024037525,-0.15337247204978827,0.5358109362675627,0.5315501037282704,-1.1712796570885204,0.3132628519232973,-1.3470302349904666,0.12400110797916813,0.27096334538692124,-0.6785655555219768,0.3094580127070708,-0.0003949907247757789
ACH-000549,-0.698371716233184,-1.0128367351831107,-0.5266014577854249,-0.6035058139459895,0.742265871276406,0.1315039637637968,-1.507048711584373,-1.2143627583730712,-1.7740277385585481,-0.8733358828698687,0.4537975037085836,-0.9777804173734023,0.26496919969423005,-0.5673479803999806
ACH-000550,0.48028226229550053,0.8450881610902258,0.16305341328176529,0.6378502539928803,0.44898241698782093,-0.005138049431496525,-0.09983015479059446,0.021706833574382717,0.15210383670857242,0.7197338291278023,0.6450880415286239,0.7745888348362131,0.5960866155495683,0.9680689320256815
ACH-000551,0.182653387562668,0.15165695676612756,0.14542722071761754,0.25006687788300735,0.9063087456633985,0.6259381105719579,0.12700786313205656,0.6589266121671891,0.4085394267492171,1.0305119858631768,-0.24127219981675643,0.6317716542633149,1.1050797348077903,0.65718056592342
ACH-000552,-0.032988352993564465,0.5685478160653918,0.16972403891377139,0.9681269682968991,0.3702096369533958,0.6356335892187441,0.5149495113309375,0.17309542248378185,0.12240922437138621,0.002640723539272343,0.5586891465104336,-0.38340454739719876,0.016807525310889374,0.08378737126613091
ACH-000554,1.1652518725827814,0.7666019381921494,0.729706459084097,0.528560450475121,0.26396015883932433,0.871527024187374,0.9502138219136309,0.12660677514283467,0.3616268004868207,-0.6266164980750166,0.698448700241358,-1.0280144931614277,-0.7537443705334829,-0.772168392971514
ACH-000556,0.05923378692464737,0.49394786820360026,0.19988695034810855,0.6523823134929667,0.8395135515663107,0.9697595767360083,-0.07446737960290183,0.6285831313612043,0.014571608110555745,0.7818617765737792,0.8688515260613704,0.61524987747663,0.9333308714878746,0.6792048905123291
ACH-000557,0.8541930459353272,0.9143942323816433,0.6215857893847898,0.06684280868212152,0.7573450774376428,-0.06819774258776713,0.9886530457972239,0.7289325347219766,0.9713810879468041,0.681797179772326,-0.353159021791274,-0.250696182042761,-0.8225050976396387,0.20912125055538897
ACH-000558,-0.20210698329349638,-0.4752868045352737,-0.07524807754813143,0.35817886102309693,-0.2422150218081647,-0.17516790653803627,-0.09203878833441483,-0.13821981685130444,0.1598814692894003,0.5720495848521084,-0.2869356811865286,0.4380344436660427,0.1769592171556246,1.0256829467336128
ACH-000559,0.7276816150388724,-0.02009488536624121,0.12602274473835243,-0.13753246325305693,0.05765021651264013,0.6446215785759056,0.27381709313102587,0.8880328829516012,0.4725386203561494,1.307976570589912,0.06636678679100069,-0.0013052173771772313,0.520003415476794,1.1409570226956685
ACH-000561,-0.13469408740591388,-0.19672254986724705,-0.02486171913358043,0.493890585299543,0.46349788156967037,0.7514259061091346,-0.07231499981606979,0.15074807515127908,-0.5914611788231103,0.026803388450913332,0.6702258776015045,-0.4189378358252014,0.20892143715424252,-0.40295285744689435
ACH-000562,0.5919436541444139,0.41576901206889505,0.6368857392168548,0.008530402742775,-0.5289749692534589,0.3717883180216133,0.368310119097847,0.1500137768463281,0.16177243628429516,0.12323148092052466,0.34902758878765894,-0.3483937166113993,0.7571912209328403,-0.1222912723463247
ACH-000563,-0.004143468619266448,0.44518084054051843,0.18747770719157103,0.6929330868534025,0.14494547681917275,-0.06679603015753265,0.7317516417528555,1.093053598386711,0.7878092589614514,0.13241826144400995,-0.21161337320878376,0.3165814685657204,-0.08042017342199607,0.8528685210207645
ACH-000565,-1.086424621374902,-0.7633884723456403,-0.6692236546356396,0.10175523200056708,0.32333576478956905,0.8045726545965801,-1.1318588933286564,-0.35011562826534126,-0.9637979166619969,-0.5285141320573624,0.8163383533910038,-1.0542516322145283,-0.2256890575306457,-0.8934726509212072
ACH-000567,0.11812844196035956,0.0926505162583557,-0.24580443060548937,0.24567372102200563,0.3069658511977573,0.09447215481709392,1.439329124973408,1.7792863988075331,1.4434218430229961,1.1681320425156425,-0.6087861287647891,-0.22054858017605017,-0.37570049322875165,0.4719814758157651
ACH-000569,-0.042651994601987625,0.191709445288149,-0.14541435525024243,0.12946354479765454,-0.34636016487149335,-0.6853440532472026,0.3049644952843955,0.23864326126014762,0.4454688782578715,-0.21242718417182463,-0.14633111756633732,1.1861446629181984,0.7890034084838116,0.8750675964704021
ACH-000570,0.2725281922871524,0.41004704621149834,0.6624087203546786,0.7096890043689007,0.7124528474904182,0.5776906750696599,0.11700197612698077,0.25716544365560223,0.22295782003600673,1.0886820226670981,0.3366779535173464,0.8107004803688536,0.011597542530837265,0.977074013053848
ACH-000571,-0.2197780175384932,0.697239681420662,0.2078487215173695,0.7651901906191554,0.7070653700726046,-0.10956670783534611,0.30999137398015164,0.14141126349544653,0.3041631779091468,0.4230926568356718,0.6728244602564712,0.37655399798544054,0.1382161771409133,0.1063095996901189
ACH-000573,0.8164492349459399,0.6913102361813025,0.07007545907582612,1.0782060083685547,0.18161410099223635,0.1703264381029026,0.9862891868374899,0.8750141712290005,1.3407757849632485,0.13094877341458946,0.6255967864783695,0.773759289988952,0.25813788865833237,0.5500462178195628
ACH-000576,-0.8972989085317408,-0.8037863436949817,-0.5810332454700247,-1.1810438593586374,-0.30989889832908013,-0.4514191347854205,-0.39639141309532916,0.007156503538876924,-0.5888899106000264,0.04821532467508935,-0.9831204930738322,-0.8552069167144465,-1.470751122411932,-0.9790106630142517
ACH-000577,-0.2040680556666712,0.08207947144431138,-0.14753203523143704,0.6797671237646784,-0.4043882997287801,-0.2898096132744294,-0.5840046082342875,-0.42825508237828924,0.20568669892544245,-0.745253066291808,0.7538620790175359,0.4238114568031479,1.1475430159078044,-0.48811062370509484
ACH-000579,0.9013324186299443,1.303400666358375,0.7488331993488903,0.5179096636534073,0.0571962092171428,0.18305901258614282,1.198715552472971,0.8761713081542153,1.705547557013643,0.27379781969854194,0.15712341474080527,1.371245521412189,-0.26101320558540053,0.19322326362404846
ACH-000580,-0.1520073780089939,0.2065844182005998,0.08199123973948874,0.014010005734036601,0.4857664552985013,0.3512912867298793,0.1623829958588854,0.40585763196268493,0.41618191943340876,0.4668019984561843,0.10067966314957583,1.0431837852767458,0.6431372256515233,0.419671223330939
ACH-000581,-0.36246789235408106,0.08010907829466853,-0.04481282423483762,1.5045809044732192,0.8362652319247443,1.0101359943577475,0.6485696980985991,1.1797257243581225,0.09683407097025173,0.344350942331094,1.2221326345005168,-0.40158979917932164,0.05856009219043946,-0.3652426900622694
ACH-000583,0.9579841573953045,0.7591005411746052,0.6161992038210553,-0.5094452400655252,-0.43430260501401485,-0.9537496020500436,1.3483760436213874,1.0709074941365053,0.9491291160664646,0.4218725306443667,-1.8772029361997586,-0.11592638789779447,-1.2150865674313711,-0.4552608452725242
ACH-000584,1.1067159812627771,0.815629423523901,0.7383667956122979,1.1374432738744757,-0.19822665894596997,0.08959531305042276,0.8832281768393815,0.1556591897615423,0.6922057182019952,0.5551171259507592,0.043394008194970385,0.037871882854126404,0.377512889880379,-0.356476398776126
ACH-000585,0.3322294331630552,-0.2707230549655917,0.08747853913689813,-0.26739853663895063,-0.3922213367374274,-0.2819436612672911,0.1101057639170684,0.08815179239435095,-0.0826191159022615,0.008886527535271735,0.03152742840162953,-0.022065850051536662,0.3291158546703401,-0.2624026983351825
ACH-000587,0.5035223384066266,0.11427410078968997,0.3110050999580576,0.8693408685525279,-0.02976946498221774,0.24598961288976884,0.69297115011887,0.8095913360331992,0.7266269793709151,0.15147639130569188,0.324742345378232,0.5456240529918572,0.28600070355597673,0.4430652695765104
ACH-000588,0.5627413384375968,0.20783651830809033,0.0044789591040019505,-0.2144755384195612,0.30139612650286995,-0.3179299513538233,0.24871940119169694,0.4301173437460231,0.7443243556525404,0.8467637979345081,-0.7956520667370329,0.2825413675367998,-0.034162408751338205,0.23763157962434947
ACH-000589,0.6871436311008217,0.6340388754886704,1.1469823184341796,1.0080771904792598,0.4161099431126781,1.3077689748467398,0.14029533419645782,-0.09830574526765362,0.3052595368481101,0.022359108956958418,1.582372255321293,-0.15447130106021237,-0.019328292360982213,-0.2668720005444771
ACH-000591,-0.09141625659576283,-0.015032187490131734,0.10672217123048627,0.959589277372032,-0.022529352066224084,0.31271004545635234,0.023505253546861435,-0.045933586161484366,0.2335391699939549,0.7225291805909192,0.2539883093644569,1.1923116214536464,0.6843199284092648,0.3359101709475391
ACH-000592,-0.5270868140925217,-0.6003455667091196,-0.19286054594017935,0.516144170533961,0.4091125438258061,0.17212386819061448,-0.35785748727961214,-0.6566430201732414,-0.2061498108143407,0.9030614701799282,-0.34809422845735427,1.0141900524300254,0.8748330247337242,0.7500565294891426
ACH-000593,0.3625805248294935,0.5356499999041701,0.7117826396606141,0.6598008343170124,0.1456272744521332,0.5969987985520108,0.49790974525778564,0.21199900627221369,1.184797639217276,-0.46056880522132704,1.4807655283406342,0.2823230981815964,0.2766608873920083,-0.13321174576720055
ACH-000595,-0.1452425093928716,-0.1477890389343698,0.04466390415093868,0.4341699022689197,0.5351904989781914,-0.25598663810697925,0.42578324399143186,0.21450063527053567,0.13797059281088986,0.5484487163254215,-0.08840269164468273,0.8777612072145136,0.1402661330042438,-0.07942200847121293
ACH-000596,-0.612081503052274,-0.6321141401266984,-0.52681133157992,-0.2907715457988166,-0.0706345955377018,0.25919969457147585,0.39318587431135454,0.5013790877081988,0.22189259857841032,-0.32226966243752253,0.08728602804714349,-0.4976038805245492,0.9463727458117642,-0.14612148061438804
ACH-000597,0.601147111899724,0.06206102043596769,-0.08537435293697238,-0.22048638615806854,0.15654382278022724,0.31502197681074307,0.6070437910923832,0.8524071951952654,0.9744545514005838,0.4916348104302744,-0.40970341837914104,-0.32547321148056263,-0.6678620833468816,0.671653459980592
ACH-000599,0.06924810347224192,-0.09759978057550016,-0.06708214874541119,0.3946103484691841,-0.445066949814912,-0.2650566915399136,0.19985374204503958,0.11356996913891805,-0.1439408977812479,-0.6027475235444335,0.03694284143569448,-0.5465970503512828,0.5084419922509069,-0.06973661877507208
ACH-000601,0.4974451931489743,0.6669855706199885,0.40456710178703986,0.3707668043759988,-0.40458436315067103,0.14549705753109976,1.162846952780603,0.7207829195305144,1.335747493689583,0.08866608143183569,0.20032725113437094,0.13109838865763523,0.20257812571645675,0.0543460806733094
ACH-000602,0.08450277470675809,-0.13219009205924775,-0.3831466745089679,-0.47485530118541525,0.6481078888948484,0.05035931113400202,0.619984819818706,1.2900821211622202,0.9153439129784607,0.15588308982771237,-0.6169748343860125,-0.1253585997939269,-0.40884033397989633,0.08324808841484396
ACH-000604,-0.1664863904367374,0.5710293467261588,-0.009597144911251326,-0.07781691727631992,0.382970061318586,-0.050217172204073124,0.30439082960817054,0.15907775107719366,0.17701568051558336,0.01851454663180968,-0.8769555095771924,-0.4530204682823441,-1.065154867245707,-0.5135764839133039
ACH-000605,0.15833447477959633,0.43304821673756677,0.42914381479265906,-0.05903418465516319,0.22679152495484622,1.2176068444250423,0.13238164324034657,0.39690062715518093,-0.5294718315601853,-0.2152458264268387,0.6029090301855193,-0.6694318105241295,-0.557935275567956,0.1286466819974427
ACH-000606,0.14475786119666295,0.5608125171548966,0.5518494341055942,-0.30442095648490153,-0.4932641811326773,0.005035840637353961,0.21751849512694885,-0.5812574078456874,-0.20992210058258617,-1.4281893019528693,0.17260656787302078,-0.4667960874287358,0.7510418549248877,-1.3065035681179673
ACH-000607,-0.09284430984993304,0.08391317462496231,0.4950833954384142,1.1160929247866997,0.09585792390629991,0.5557655564259356,0.4453336505671205,0.7097333176212188,0.8069660467827917,0.7813324421752909,-0.4082806165200319,0.11612959685095836,-0.4420548844903491,0.7866739665394362
ACH-000608,-0.2582248629015476,-0.18641399724326352,0.22538593629399525,0.1896604781578536,0.0798551937526927,0.12963596435097072,-0.72767011300044,-0.55324152420858,-0.41474763384717706,0.14367758162981972,0.3189934939932926,-0.032777041489701966,0.09381556244187908,-0.21514885809318537
ACH-000609,-0.16181479921469044,-0.18772606553287324,-0.21137762310818073,0.4609456014516032,0.0949183139927767,-0.15784221128347353,0.050540874333433905,0.10001523401301282,0.5264785597543002,-0.15054965740334897,-0.08122371761249114,0.8456507750700986,0.6164103759785842,0.4167607921984603
ACH-000614,0.4417045992731713,0.2629560067040166,0.2428497634539683,-0.17830591509407595,0.0713846139575146,0.46102544119879074,-0.21214417333734767,-0.3654842126117843,0.6339938787980333,0.35948936353537525,0.11163953763119971,0.5617714971419052,-0.0341742854508029,-0.18521291544475044
ACH-000616,-0.606171525972113,-0.1732853959712068,-0.7740842555905665,1.067652525951872,0.12181625874625834,0.47018157346566497,0.4119589236559622,1.1479205337112683,0.1903438764121672,1.0312742141626965,-0.0519866418202449,0.852934613905207,1.3838741898769136,0.9793334211148879
ACH-000618,0.4893086005233507,0.8002318450274966,0.7278024647244863,0.20676139542151548,0.53649823409601,0.4826061050262888,-0.19541045317602254,-0.6289029336025482,-0.21652870283407447,-0.5299664963225943,0.9403843038579451,-0.550342671405357,-0.28459271775729406,0.12161440448587267
ACH-000619,-1.4072087433702158,-1.306564598777149,-0.5815905229640385,-0.38506581660295686,0.06853220741458932,0.36846895995584517,-1.5394173582450097,-0.7687742605682314,-1.2188400617469142,-0.6434350726879012,0.4483027380343817,-1.1090212973903626,-0.38567211448489847,-0.3445721004571642
ACH-000620,-0.2874566497076526,-0.46855942177706034,-0.05128231029993208,0.49270893966352003,0.4334481764579208,0.719422995611251,-0.7334371412421433,-0.9770239939923033,-0.6071946175958238,0.14548653561303,0.2451598917171788,0.01494379116720021,0.2506583999275628,-0.11507999542235142
ACH-000621,0.5036527630779825,1.1662045723526244,1.0342713944856534,0.43151654404854184,0.4131557797571441,0.10763636470559312,0.28973659352650893,0.055698055700411725,0.25431451744609385,0.3369452877811323,-0.850401462006612,0.8485740389017129,0.12174700803121091,0.01393848989812358
ACH-000622,0.6485895200809391,-0.13097393115481004,0.17620041595583014,1.0357464532731515,0.04173696592693274,0.12462467425645869,0.34659892816437365,0.4063550392114184,0.7303803881931725,1.138573947404665,0.01416297155480263,0.8572777810396925,0.534510568227939,1.422330062903965
ACH-000623,-0.040569433433929665,-0.38005116482732937,-0.38105537524721844,0.7373499992273015,0.8540217745635724,0.6466838180692417,-0.5854302989652336,-0.5041355615812468,-0.2697030342800282,0.8830872473331751,0.8655078933227097,0.5811120111901305,0.15145403497717969,0.5737599856256559
ACH-000624,-1.2589246029668173,-1.4970897053847507,-0.8177357714980832,-0.8002812685877048,0.31014226754818686,0.20633529007288365,-2.0706805018926664,-1.4522580475144844,-1.9884164456383455,-1.2501062464533303,0.3201945737347367,-2.0702372628106214,-1.43805158795565,-1.0123280328315132
ACH-000627,-0.40174579277052397,-0.6868028803442727,-0.35117874202719623,0.4097410994524492,-0.10383281094991675,0.2093817738122431,0.07164337324731886,-0.05994659878252703,0.09278315856774072,0.3387183108527786,-0.10807561414612929,0.36268467148782624,0.6678861090115316,-0.008820805498891304
ACH-000630,-0.439770149314335,-0.588565728837058,-0.4696510097799704,0.48610563585174005,0.6484929769681133,0.7198701692784095,0.05172679343379277,0.037186374468824175,-0.1233192676993799,0.2456784331654573,0.48971606991161454,0.005071495603926366,1.5150936519757099,0.8456034032162578
ACH-000631,-0.23489359470304116,-0.27702091031128284,-0.28447235657338227,0.2781826882932425,-0.1552736480083386,0.30715813875759057,0.0602016098009788,0.07020410450885574,0.22700417680610555,0.2662672831717201,-0.13651979814833928,0.534438784350385,-0.2577622600073038,0.9219219609720494
ACH-000632,0.027780057852689388,0.4380506650654352,0.060372562622946324,-0.05402552218723,-0.5277180915908332,-0.5495906106099117,0.8111465151452731,0.4642028995482882,1.0145375185907506,0.42575569708098254,-0.05524576287785875,0.6309648580040988,1.0472736289494926,-0.11351397528660376
ACH-000633,0.08625433961799331,0.007115952391489266,0.06924504808897602,0.2337975348750378,0.7252796791936129,1.4881180645048453,0.6279301957727734,0.3253217841256954,0.5127769266424833,-0.02790329612178069,1.1379714218199448,0.015912812952485422,0.04641298643547932,0.040892657678556335
ACH-000634,0.7358090082905497,0.33995432358748384,0.3068079872838265,0.5892087831964197,0.10994833766591564,-0.07915461590513218,0.5506335457362611,0.406796117773455,0.7019550653688967,0.8061836888230931,0.083419189554712,1.517414968264463,0.4126888756505297,0.886852546997352
ACH-000637,-0.34118471667188727,-0.7737221378310791,-0.4176766722764485,-0.5255039121548234,-0.33776035012176736,0.40471063569145477,-1.0589870858252042,-0.7203542902830089,-0.9458293525496847,-0.4977125626798189,0.05348612396505681,-0.4405021809344352,0.3359326176190644,-0.278618172199957
ACH-000638,-0.08037430268039317,-0.7809201659514283,-0.47640745545252694,0.09174098948906675,-0.03760978896642936,0.47511892440206727,-0.04559899296417927,0.6502037572145785,-0.5727089023132661,0.24879391455557784,0.49149100890960057,0.14283348586769845,0.031884352173849155,0.08227883018751847
ACH-000639,1.167110370861479,0.2771704639833684,0.23614215541148914,-0.14166826305249652,-0.5197699551499528,0.0710034986312559,1.12301416352686,1.38977744417546,1.3098925811862923,-0.11356773741540394,-0.047435080564386,0.273543362039639,-0.2690328849375294,-0.13831299493863142
ACH-000645,-0.37854847569775246,0.10341177269947965,-0.45867492430392665,0.103242305855277,-0.45054566048239353,-0.39595764114567183,-0.17205855080400728,-0.34199820359925714,0.06963984874004545,-0.6700532798587652,-0.70780165460717,0.3798107325607499,0.9024115963547409,-0.3620508629997863
ACH-000646,-1.0493597099642014,-2.324884722248012,-1.100300095779453,-1.5062353581935057,-1.046847192755364,-0.8507873843233578,-2.1776570021114074,-2.0478620961749576,-2.4907809241484324,-1.5947274814600354,-0.7461175666319959,-2.2539943142686774,-1.7726584674586976,-1.7576465604692495
ACH-000647,-0.11314057136634567,-0.3407120390638862,0.3493855102074427,0.7878488971924098,0.3353395488244266,0.7181354736252716,0.5037506157280301,0.6456792146765717,0.5280076854381944,0.6960607388673559,0.35718544142372277,0.047804036715437204,0.9621092103551865,0.5689546360847875
ACH-000648,0.1421618433355758,0.5143297775161448,0.5094163562045944,0.5065473697133803,-1.173962471220482,-0.6761424920483445,0.2644227703505528,0.15495132946585302,0.34113536641881415,-0.22391065610224697,0.14116417276268323,-0.08115543016410527,-0.10646582586107672,0.09222955117308179
ACH-000649,-0.6889707666088668,-0.4073518067311936,-0.7000646920622448,0.15587698917489762,0.05692134381239572,-0.5881617768385344,0.37368530426513735,0.789539069227658,0.5490476527380542,-0.040281017735329244,0.014642948261461397,0.7575321495709769,0.26268898099630783,0.2141993460220085
ACH-000651,0.4347722461420858,0.20775424526447267,0.32764692599263795,0.5399023431351285,0.2572875766483087,0.4232877526909081,1.3971407790240093,1.463014179771571,0.7890455010338103,0.3352871542538399,0.7447292594031505,-0.2710949696056829,-0.524912770830916,-0.1117010725488483
ACH-000652,0.44318236656447774,0.07385584803165678,0.2528863429311325,0.6051793254561665,0.472512151238425,0.6491561862520623,0.6406626180824874,0.43312785570027107,0.5416549200854257,0.4837508436017133,0.7411555946711159,0.5029363889488795,0.25016110231104166,0.28283893923406445
ACH-000653,0.18978088601710144,0.9352670615223573,-0.07969122572939394,0.4193531757910814,0.5157415130669846,0.45807117214670423,0.28866656592232665,0.8007737256778231,0.21139547662129266,0.5543868916900969,-0.7723434368304142,-0.06983056887188625,-0.45156244463309225,-0.006826125731313665
ACH-000654,0.5994021101934459,0.6092744190157494,0.32788863847432215,0.024756632475788964,-0.3084038708524486,-0.7784972634694343,1.6972106521342445,1.7598077337327658,1.366409905383709,0.3794387690682621,-1.826510780457176,0.050155327134286054,-1.2088191451024306,-0.30478013325900694
ACH-000655,-0.12008349660005392,0.41159629096029693,-0.1987861688810307,0.7785073072592628,-0.14773622043050422,-0.24800231473006246,0.5309501453375498,0.16785544319803858,0.8299408398721637,0.6911893437106184,-0.00489112641210479,0.4813867932171618,-0.38715580435325886,0.4290256182688015
ACH-000656,0.13320232252208952,0.18688422494587448,-0.13961226619370212,0.15515469616190167,-0.18350156023492947,-0.5481991682811631,0.6582138976141338,0.6647709190447257,0.5800306300321342,0.31590790456365564,-1.3305894609881364,-0.7974515348503847,-1.0678030341300258,-0.08530140282899848
ACH-000657,0.7123023363223524,0.4811992936454971,0.39639596145810935,0.1839689714384545,-0.8175325866162613,-0.40374586135907076,1.0227501950954543,1.0816775238988263,1.5022965184845087,0.17448268912519052,-0.42005556099101293,0.04685026822465427,-0.27157386293470537,0.40056947845058927
ACH-000660,-0.06184355122468478,-0.0603801303083562,-0.0736158599813861,-0.11539378707087061,-0.38436574450593086,-0.5256153170384668,1.2014378351096167,1.426945334477083,1.2852935518906,0.9784281701161462,-1.6194713390160052,0.19383884104646593,-0.2630350188704131,0.30323936931880396
ACH-000661,-0.4747876798740539,-0.544250344647372,-0.10481451176200542,0.4670352507715204,0.45113383948679125,0.5897335211752998,0.40454051378171185,0.5411306162317846,0.3305806778470738,0.8389608164284561,0.6237789932215813,0.5933846938432469,0.4148631991749463,0.2948867083541522
ACH-000662,0.40633487671017254,-0.03158728758579647,0.019022948818183366,0.5259690460121325,-0.19349245860509787,0.33637632671838114,1.0149612012463356,0.8002650115905174,0.735179605813886,-0.26669704821251666,-0.11856619751113359,-0.10447286246071245,-0.27938797854215464,-0.4759661289160675
ACH-000663,-0.7068119704597837,-1.092542651452879,-0.010835762744294208,-0.24014971116542128,-0.4744769409982333,-0.4058630324456431,-0.856767006763299,-1.3136185497957444,-0.7769355573676917,-0.960513208518063,-0.03146539089959238,-1.3857818084910838,-1.0240742167964312,-0.6785282417327517
ACH-000664,-0.16461287070653213,0.17937929765482405,-0.6703071782545034,-0.36320956772972596,-0.26235808093902113,0.1190081041467668,0.6964694864912864,0.9857305796095113,0.7256602170835058,-0.02242580846615841,-1.0961307000304075,0.1080966751777849,-0.13035566809790572,-0.3744410573088967
ACH-000665,-0.019962611126749727,-1.1233600219743052,0.19376291700598686,0.43271305937921556,0.5068206876003796,0.5660533704747988,-0.484204010878928,-0.8648713463730272,-0.7839155237358653,0.14437326254432858,1.0440324405236034,0.2081112553400677,0.5054175321929923,-0.5832985024170316
ACH-000666,-0.21037850056903407,-0.47872724892141644,0.2688790448548777,-0.024306409244605663,-0.3060176956683175,0.41529213975357127,0.37167314340802277,0.7037696478454261,0.19508042306000356,-0.162313254310018,0.7474202162919252,-0.5033572476576326,-0.3780536276970816,0.19050094216327706
ACH-000667,-1.378851678477829,-1.7598690441678866,-1.2545543394960366,-0.7861353195149392,-0.7929563399790568,-0.8922674070004302,-0.9508626229519951,-0.1397728306909891,-0.666171837964354,-0.8525621172180524,-0.44020188920034137,-1.2962043651453459,-1.047378818981462,-1.218363698978568
ACH-000668,-0.5923874033210437,0.14010312550908588,-0.3853674550345191,0.577738566043094,0.05524716146087316,0.6817082287650984,-0.4432179942166755,-0.2183958871977868,-0.6670230385050974,0.3332630047190124,1.1266263908537981,0.07478793994467797,0.798240913435224,0.43221619240035075
ACH-000671,-0.5426902272179044,-0.6814371716866168,-0.15408325744981682,-0.20084411614532718,-0.2577301605019912,0.5813731503558739,-0.36460197146220463,0.12681625868839558,0.13972059992494168,-0.45565142249541085,0.12405809316952074,-1.2448900703721493,-1.5945814833966914,-0.4570395308322591
ACH-000672,-0.27347970166625624,-0.15099895885283598,-0.7028055541984691,-0.1747570580062561,-0.6728516497618616,-0.6634897482942516,-0.1089502232014967,0.28042835582697057,-0.16377458540814083,-0.003392277454070003,-0.6208124715263686,0.045278633831455556,-0.08885989245122469,0.22973706927234805
ACH-000673,-0.389800278091021,-0.5907392170352459,-0.9254924479895742,0.3993997369821409,0.21579146193284346,-0.14252660917383536,0.40780478823416894,0.7612320393250162,0.5345610032265978,0.10184563227982879,-0.8234063334662383,0.40534539662739255,-0.5890144037291363,0.4107915200210207
ACH-000676,0.4406904507025114,0.7548046922993452,0.17650983124673603,0.6720345673497576,0.13911104015015185,0.23213928212814988,0.5809210322044035,0.5033025104710487,0.6087424200059516,0.1704759051217326,-0.25767580704269605,0.8497569753600824,-0.04618623815760732,0.22104516248526795
ACH-000677,0.05909808356143936,0.35288427210391443,0.31717413044198844,0.8867581507577831,0.0852133745462526,0.5465735847582346,0.5135417033205565,0.5594797086577271,0.643730028910946,0.7783928726856529,0.012822674978906823,0.5719171228436652,0.5165776196411089,0.9059331757289049
ACH-000681,-0.2684751711215036,-0.12157954725184407,0.04844762243682152,-0.22976038775644286,-0.7090230741659059,-0.10680037250789745,0.6328223349052952,0.6835295606199752,0.15752227135594746,-0.24102308824005564,0.42109314387331503,-0.158490103110439,-0.2228594297175944,-0.11281237691331207
ACH-000682,-0.43080195248939146,-0.398629048795513,-0.44374790549088766,-0.03330026336904357,0.9595857608827119,0.39526686567005714,-1.204707802091758,-1.3190151120661697,-1.2534569731066874,-0.5045839386042418,0.5323668746322163,-0.5002642904237685,0.6221532624998892,0.1029969853875573
ACH-000683,-0.3707667927543983,-0.11131792566922508,-0.14114411688279416,0.011616713596687573,0.44215853715674264,0.6949172408845199,0.4749093774188829,0.42084819701339904,-0.2805458317882992,-0.045123002852028846,0.947307166017818,-0.33620527502175757,0.555962319295086,0.4285058613764577
ACH-000684,0.9125309893666987,0.07489928408382895,0.3972495433466916,-1.1401784098198908,-1.1071590415565387,-1.2129252772439323,-0.4354591761525334,-1.7189949799341346,-0.41511153956814,-1.4438284830205987,-0.10160935230270834,-0.21230910358186594,-0.5781938001170251,-1.2367479981112879
ACH-000685,0.5725077272982572,0.5958457569768345,0.579354016517764,0.28053797341678866,0.07069745016193671,0.6019700052823466,-0.18216617102586313,-0.2750268745490063,-0.5368718977507936,-0.28701440587372984,0.7474132844488397,-0.1503818629518914,-1.0283126392698718,-0.25284542528829695
ACH-000688,0.3779358989417773,0.8786303333412664,-0.06468044662520508,0.2258057851863422,-0.7079207454325134,-0.7400077918293573,0.40177266039177545,-0.18045241740976087,0.5362330115360688,-0.5331382903588311,0.02447426225284844,-0.0827204493723874,-0.2684798319759493,-0.6615208312066957
ACH-000693,0.26840795636946685,-0.137806684697568,-0.390496802601506,-0.23831974791105182,-0.8686767931118802,-0.15552310323417778,1.1818581816977327,1.4005394661594428,0.566648507558307,-0.26443338329692995,-0.42940817814454535,-0.6523435769824926,-0.7055090174963718,-0.009552652381002613
ACH-000694,0.508352136392214,0.013062568123490978,0.4566442583889408,0.2605522010469265,0.22475786191527314,0.48167560860701275,0.04656554443933417,0.21563207832554113,-0.239027075949454,-0.25458116661284935,0.6033428938032572,-0.5469838059769949,-0.018045504681293324,0.27963124233655645
ACH-000695,0.8578550688384369,0.5257444238685819,0.8307919859614241,0.41273390410011696,-0.3570884126331737,0.6693328711542993,0.2732414122258563,-0.12437442424931827,0.622185993984761,1.1728739700908268,-0.1548163295049761,0.3820010826559894,0.4628489817161258,0.7229669569912336
ACH-000696,0.29928872134953965,0.807565733077386,0.681226081247445,0.17682688798925777,-0.4272614701250481,-0.4675640658120154,0.9256526674435039,0.4166778955857473,1.2007389154960462,-0.2472089985641835,-0.21393200710324906,0.053765952272659345,-0.4514998852770824,0.3633662797960852
ACH-000697,-0.156507622216342,-0.485741859189449,0.16737355622053132,0.10230297231360407,0.6696968480875818,0.40231681994855817,-0.06468981192391782,0.3546798285073144,0.1866943493503979,0.6707882290924533,-0.2310674919159024,-0.10205616545035585,-0.5546277077565589,-0.12910399147483984
ACH-000698,0.45254729792757503,0.039504156282878025,0.45422793457835997,0.939534603811449,0.390231405505693,0.8958291221359486,0.6193416450585881,0.9085096528193983,0.6550149736245798,1.6328058757969832,-0.2981909474447815,1.2960259490375918,0.4864926320967933,0.22621394135108888
ACH-000699,-0.08944852617580626,1.1816424172366249,-0.07389124031903405,0.4618815689183221,0.2752268661480313,0.21349098345555012,0.12792494145376287,0.5210634901967361,0.1660192799447578,0.41990195978455996,0.4587746941878973,-0.07186428323060601,-0.9082598868704503,-0.11405938953121703
ACH-000700,0.5490009721572742,0.7853705364361472,-0.05238164347315137,0.9697597251154049,0.11895374450184967,-0.14607092811767058,0.5810278585055255,0.4916306755007569,0.914688114686182,0.1135083196611856,0.3892510384993735,0.4851317399213265,0.11405437440091595,0.23089142326629183
ACH-000701,0.53681868266439,0.9921462799659619,0.3961891334481988,-0.16281761251948773,0.1826730912355843,0.19893088686854385,0.49913570851148725,-0.5118966532138429,0.22242143859921434,-0.9893914227987755,1.0559891286287768,-0.5583849005477686,0.2778272733051233,-0.8713843529185772
ACH-000702,0.025998395720581352,0.07783700431942958,0.07083313082360289,0.15938759309712758,-0.06596736027340325,0.4289041728816578,0.36913710183413373,0.9020319212379787,0.8105002879877552,1.0264961357831353,-0.4214253156693558,0.3222875365694714,0.5035139324983324,-1.1134191077744229
ACH-000704,0.36346156651799366,1.1613922663367846,0.5809840565520457,0.7532805111574539,-0.2162116862420118,-0.002114105722572807,0.6868907597926712,-0.25048438485567215,0.8753042345447792,0.26995768048185836,0.7883080110011491,0.28461770891600313,0.0019080309992250064,-0.02297565942797372
ACH-000706,0.6974093926487791,0.8404903799469338,0.6809842267052222,0.9537771197406417,0.05088387272812238,0.6149114508722086,0.23267203602807746,0.37425615541903623,-0.21247394716845788,0.3377472594788752,0.982822642116914,0.055931903726752365,-0.005259076184024915,0.2341567807583849
ACH-000709,0.5052577004728592,-0.4418611097627848,-0.04077985279464438,-0.7859718146380381,-0.4822048337915702,-1.0370947724404265,-0.4267007750317495,-1.172927646323578,-0.5302917904859548,-1.195256304150694,-0.5079834486169176,-0.5053784537112764,-0.910038025773468,-0.891902582117971
ACH-000711,-0.024415887850022244,0.5218065522241049,0.027092656606752252,0.0692251525995538,0.5062533336965238,0.6736499639237148,-0.29071728710591,-0.40252305920855674,0.1972281904236775,-0.8094821031251402,0.9425302480755967,0.013274039950312705,0.2871575350121924,-0.41630595641177176
ACH-000713,0.2625868465567805,0.06311905634106024,0.00477639966877241,0.9641490909372539,0.007030726584962038,0.3564945736169577,-0.2507070868723575,-0.2635367668187617,-0.7644541829532803,0.7558250116734996,0.6982907297881167,0.6568443811163279,1.0463892283431286,-0.2435037539116399
ACH-000714,0.37699375477549135,-0.33757047490564646,-0.31916651267319085,-0.09786038601844643,-0.5055145648182708,-0.14010481222208318,0.42872390281766404,1.23678014271008,0.7573029875202973,1.544990595948498,-0.5213731235936816,0.3946417611993245,-0.018866104252540285,-0.5169621183955065
ACH-000716,0.0879423344493225,0.30932692708102677,0.5010083307928084,0.1494512954692983,-0.25249981822314127,-0.1587656385567625,0.9788222853530988,0.8506799833531553,0.9208931164605983,0.525977620587676,-0.09820165188148047,0.12225542724535839,0.8524169801581465,0.86568171147407
ACH-000717,-0.4528234540244471,-0.9907003451219851,-0.15445236697156156,0.4133111209458349,1.462392470949105,0.8465815312790879,-0.2551303289650357,0.06744144513244013,-0.6040737350185534,-0.015033857777218107,0.46939998379007,-0.09698708973975288,0.687746087939412,-0.32377200084356267
ACH-000718,-0.2494886987053679,0.03480314193960343,0.03899042677218845,-0.013854861573549704,-0.5960445798640301,0.12329763560390447,-0.4951195489836482,0.2514919963877233,-0.025079575215969457,-0.26910381346140766,0.6420451659953197,-0.3660718775165162,0.6349851894600065,0.0213131465348122
ACH-000719,0.05061364630898388,-0.16576425780316084,0.1469585627172401,-1.099260066718902,-0.32366999397962043,-0.4292120850091716,-0.26868667182975514,-1.319530864990914,-0.12485956841958054,-0.8254472993844908,-0.4051353400196013,-0.7239907538850251,-0.8445680364251834,-0.934681961814238
ACH-000720,-0.08011417377149765,-0.13797149135781683,-0.10415809601190695,0.20732524462771018,0.28984420201825417,-0.35022969592861286,-0.2732346500196656,0.24938889445533757,-0.14002351334307825,0.35104970652932915,0.260729172885754,-0.09497394210409975,0.5547409033392134,0.3998679332882791
ACH-000721,0.5515670979265337,0.24691397566203677,0.19020228364751768,0.05538426846526682,-0.3961849771355786,-0.1846648353373591,0.663159919691224,0.6359807516768871,0.7891287470418298,-0.33354922955382516,-0.6719742685030204,-0.5129244906400388,-1.2837720742972814,0.409048843767686
ACH-000722,0.23136846812131734,1.0335070381743245,0.8260330938658039,1.4599995031961954,0.7100155455281761,0.5051684461761672,0.49009117952558295,0.4748715412557747,0.27554123539179987,0.061497486715000965,1.0508491754902856,-0.8527819074292933,-0.4487367157298697,-0.36202797989373725
ACH-000724,-0.12655667217338334,-0.4442997570196913,-0.20064776930008973,0.45630139955904614,0.4532788011699018,0.4980662985735034,-0.27300842535205705,-0.031682623564088824,-0.6801854957083389,0.42283516390419,0.5188936127879502,0.01195946498989503,-0.03621648949017793,-0.20296245350335312
ACH-000725,0.6387225927083663,0.1480541139665622,0.7513664532209295,0.7580727061758066,0.4199486588731649,0.5289031577942115,0.2542684131303883,0.1375614958952857,-0.2313968931377204,0.14317608952177194,0.6182964210142052,-0.0860294513146796,0.5023315268755262,-0.20223853411208254
ACH-000732,-1.0301478176050796,-1.9461915788267015,-1.5559894876503781,-1.2547514619723992,-0.8835078074403585,-0.5912520772359717,-2.3169303628484643,-2.4146566455770415,-2.069398719105776,-2.0110023624112006,-0.7001317312360281,-1.690449390495603,-1.0608562083662167,-1.5487028350538032
ACH-000734,-0.09040346213921344,0.602219985750561,0.6186755279801208,0.2664183834774694,0.44516781629318813,1.1612306728620758,0.7750658831383039,0.7018428559915477,0.480774549530472,-0.13588999442393807,1.5624889280439644,-1.1192558708110183,-0.7618731695159148,-0.04054012602150228
ACH-000735,0.11522208809171733,0.41053692745473824,0.3008103351470609,-0.19405664060762512,-0.32449143250963375,-0.16423254047029287,-0.04088309521575592,-1.0943963736999305,-0.42178247548260644,-0.6189822678268504,0.01589514701419742,-0.7378544621494094,0.8822277574714879,-0.3223256513485173
ACH-000736,0.37414505894234196,0.7733932878401311,0.41218769482944795,0.7186783225939858,-0.05358611865451196,0.07428289890151249,0.39348513941057284,0.3186025372700928,0.3812795069178807,-0.07696325950505273,0.6239246153522305,-0.5311547893575247,0.04634208128144232,0.5612445219767931
ACH-000738,-0.2950621086549158,0.003986335009584514,-0.17964078829909785,0.6132519096265545,0.08507722031662396,-0.0882993320346896,0.6223365764056605,0.7605347137020599,0.6287342569116696,1.0813971523389445,-0.1215658047878101,0.7423193575625469,0.34194503092395645,1.1541409787270807
ACH-000739,-0.5526591917253905,-0.28951044328437947,-0.3693677635479996,0.3101972836451589,1.6044090720392892,1.375503069816274,0.14127854380892996,-0.33074476713611556,-0.2483331598153708,-0.1033904244148295,1.7201778498779712,-1.4705374095644919,-1.0255048608622603,-0.5928343385213176
ACH-000740,0.01504377654070925,0.5405117512260524,0.3363808621046841,0.6572957418158735,-0.12505673383626725,0.2513950906301689,0.02617539323353818,-0.030121988456972032,0.14129981187792764,-0.16304586316470313,0.6426140975148763,-0.5561181104189539,0.3966331443981198,-0.05837329374711572
ACH-000741,-0.1528804690310938,-0.5272672992468882,-0.3288202412330983,-0.6500749801488397,0.2403466458471764,-0.3389418643239414,-0.6820916368885881,-0.8029852155212819,-0.7245770467953135,-0.8861770701145233,-0.16469827154591526,-0.3597869154522682,-0.5953830296647653,-0.800614615278294
ACH-000746,-0.8868350839146533,-0.521958572335002,-0.8120409520725514,-0.02197347087688951,0.3477596917253623,0.3053869851897123,0.6140537904059307,0.7951835595364763,0.5989329123236632,0.8789513473601843,0.2656802730846455,0.0005815656489076768,0.2446106525488971,1.1227910736297035
ACH-000747,0.1919950742291725,0.5567912910336161,0.4074233162255517,0.22164340983461,-0.5669364467903153,-0.39045898494175696,0.7696801576987877,1.0529249410220858,0.8211779977299093,0.7794372127047459,-0.8304876068226272,0.348842032058904,0.23695998760659037,0.7846096456335488
ACH-000748,-0.05269348659896142,0.09571026209452424,-0.6455316796681076,0.12985183624649604,-0.02490751055844826,-0.04974357592052238,0.3109910182037594,0.17927812907190355,0.46232086032578956,0.5281549411559012,-0.3527621365415253,0.6109061555355264,0.2995558579184831,0.6945887501439859
ACH-000749,0.4628803339555491,0.4510507150703347,0.13719706872524304,0.718482930202531,-0.17879016662094804,-0.041224435784241564,1.0072946868027834,1.0764885085582485,1.0674768824489258,0.4764640348875252,-0.322591139398795,0.22582289282640705,-0.5530140210493185,0.15731497310316178
ACH-000753,-0.18060989602276026,-0.15432442068054542,-0.7522681013369381,0.25303408019364726,-0.15304624759477473,0.08925894318496694,0.7929348792641218,0.6811078932899457,0.7785265597157515,0.5851926683608877,-0.3018420441706599,0.19674415632230868,-0.10649430569454235,-0.15189450678476585
ACH-000754,0.6080451054914474,-0.07971805431887552,0.21269635326383335,-0.1809279404547372,-0.36403702279694766,-0.23607230269734064,0.363006127952696,1.1066498160939042,0.17553290881294104,0.5810851844665065,-0.7271062923040948,-0.20847767797297723,-0.7790221348528463,-0.9419704743858365
ACH-000756,0.5255698054027019,0.11805166609020823,-0.1003888969055268,-0.12450240895590715,-0.15136713593508783,-0.5369827023189022,0.3804128163786024,0.4696392223214251,0.4291086385878632,-0.012802105826146964,-0.32595950085534564,0.3395325584660962,-0.7087490074489795,-0.08713240918002223
ACH-000757,1.0193959326944753,0.13163571486801395,0.6519840878589519,0.2642347533584359,-0.5151254385016918,-0.13079273081942125,0.3985729356610114,0.6372044604309728,0.6214770387370809,0.41524029460648104,-0.14717860694902604,-0.2834745469509857,-0.4187351259429825,-0.03898307604731455
ACH-000758,-0.5249905570215612,0.15801133032412762,-0.12304051145266175,-0.16436648388156305,0.48262672993369093,0.1487839192483026,0.1254095836558329,0.2908060686440002,0.6191809690700014,0.3055752028376638,-0.42968593547367595,0.35756308165474837,2.5686340037966477,1.0807031226006458
ACH-000760,0.618443068227341,0.8221464656499228,0.8462974452349487,1.1189862869453004,0.2661519607862585,-0.003882971527242207,0.38564592657311736,0.7065162149834783,0.5172838207747908,0.7957442327394958,-0.15342460795490345,0.8547297147522704,0.5290755556175717,1.1640786360566868
ACH-000762,-0.5421723758014136,0.1671048577638525,-0.01336551706272937,-0.38890274556516724,-0.280853543983754,0.010308831566303259,0.03919872235618331,-0.5191239711109545,0.09635238610312508,-0.5851062357290178,-0.01741269055104397,-0.22657412839798485,0.605477705545166,-0.5055173656914427
ACH-000763,1.0654498122318123,0.5239789974403505,0.11238002384026792,0.10170915475573797,-0.4566808444876162,-0.41562538643467184,0.6261889638880085,0.9507533931488543,0.9896512313121966,0.9636590279932926,-0.5749175234069046,-0.12101828813960713,-0.7135652296788407,-0.42293136612704585
ACH-000764,0.07125205535768869,0.307063184163311,-0.007298453870068472,0.058226776530681534,-0.2136628197023608,-0.568905142554607,0.3374108880860597,0.12858770859983268,0.7153973099327035,-0.5082166614900662,-0.2236209312199789,0.2791548592647251,-0.08116766013375065,0.014902025673792119
ACH-000765,0.12427695629001063,0.22613579267226336,-0.06430581271405286,0.2552016389723906,0.07864683500456737,-0.1870102744706312,1.1610238625051355,0.8908160542622419,0.8847172655186554,0.2534805133478021,-0.38563477821103165,1.2296046210257447,0.5031801498134572,0.022624313262033624
ACH-000766,-0.06505618711966374,0.6465210312083047,0.08899241826445747,-0.02830490894119564,0.29190539922216785,0.5417505746375362,0.10937456272831483,0.7308775578533153,-0.011929323028657873,-0.28699681991574866,0.6830085950213042,-0.5194018193767339,0.46639349087339244,-0.3337636583937808
ACH-000767,1.3878335932946457,0.8397475373066385,0.4520002801907074,1.1851504018082595,0.5242432314445618,0.4483165909957331,0.7661908181041666,0.8726439344594211,0.5295349148785702,1.66707278589305,0.012582457886147577,0.9346614053006805,0.18785949526419515,1.0173872536093347
ACH-000768,-0.057225614410832376,0.3190702278653129,-0.13357029985904095,0.38501491339342936,-0.6697264631051527,-0.5599118291319461,0.024133067042680187,0.15883015031806974,0.3414767068534668,0.4033495456703165,0.11390587411085629,0.4798206012870132,0.510428937320456,0.8950608608133577
ACH-000769,0.963685983337477,0.3142848918404755,0.4957543620945384,0.4196583453186678,-0.39126431904646275,-0.05241165586587815,0.9317826662155978,0.7617782239784183,0.8725010246810176,0.13999706815462168,-0.0992339970494527,0.08896289642835153,-0.012923864884152349,0.535719661494169
ACH-000770,-0.04959317932756441,0.8357936287759644,-0.017411100603425753,0.9080486478943124,1.332974753761066,0.7788306552208799,-0.15939092984719444,0.7613781355395663,0.6369942389963097,1.1957345122657566,-0.0021430116218998374,-0.12855905997918848,-0.4567419230354822,0.78153510861643
ACH-000771,-2.171748292288709,-1.9891424775667854,-1.8575887611093163,-1.3615734147650396,-0.9652115102252059,-0.9059289500958613,-3.2342765178467934,-3.0296594648054724,-2.9473297505251193,-1.8651485024904055,-0.44960104058380923,-2.1181554139855256,-0.2987627644743506,-1.5090192790267891
ACH-000773,0.31223159621297053,0.13802929266369074,-0.4797439569369648,-0.2693297786541886,-1.071929175703682,-0.6328332551260569,0.15492937717044172,0.697098382698341,0.7634166933184096,-0.0774521658851519,-1.3297530754635796,-0.31127365667045903,-0.8367078120204052,-1.1544996085425676
ACH-000774,-0.20716757691031934,-1.0617253991584754,-0.43419798091005635,-0.5399745139954504,-0.31295980456859307,-0.17008676414753782,-1.0400899348409685,-0.9697718402896276,-0.9771917694886891,-0.8643802676005603,0.1744885049085177,-0.4896202517678332,-0.41337005993997544,-0.9670681504494081
ACH-000775,0.45807514710486213,0.33401747403548526,0.13778672907459272,1.1662630058336572,0.20739323321874992,0.6153399635891365,0.06376076841785225,0.34333078078047524,0.27566710448578446,1.0584250641073694,0.8226108037738604,0.26201620156024585,0.24459053421454008,0.8253234112646112
ACH-000776,0.5399346397783681,0.2542649042947116,0.49191272529463137,0.1519246898412883,-0.021902048360051524,-0.05160519498956534,-0.4596687190920609,0.021761924234641516,-0.9376064919056175,0.03216624821266407,0.07599642569947013,-0.45547577813952167,-0.9411268949963838,-0.08226968738722623
ACH-000777,-0.7567026281092559,-0.32479338451399775,-0.3926830282364081,-0.3238023269996323,0.5154810133626175,0.4057572393138481,-0.8300938308925248,-1.0166489211349194,-1.3613392332878087,-0.42354949959075106,0.24380327091610074,-0.6509284342804603,1.114713395936193,0.4169926424012864
ACH-000778,-0.15621963398811461,-0.1617152673081179,-0.2780329160094927,-0.24631803861476637,-0.3166700876512716,-0.5323904451641268,0.6507927799606609,0.5494028194404247,0.14224035548911107,0.061485243424562463,-0.5061985240915848,0.24062953459114522,1.1805947305182787,0.1259696988677296
ACH-000781,0.2860060549971279,0.4232592080628706,0.5181760574608855,0.10488030470911405,-0.2486256491554338,0.5358673144560775,0.23731789007253312,0.08349157848990545,0.4926880419071769,-0.22320870508879426,1.4431915597316587,-0.0761679396048459,-0.084368040700986,-0.1986999302638745
ACH-000782,-0.35468769534947076,-0.49097348671375296,-0.43084027925781443,0.4344037671276256,0.1459699537521546,-0.22661618048850768,0.36063395026609113,0.9264038992728726,0.3483002527686886,0.79761144627628,-0.6395105799267414,-0.46425660902027077,-1.0216604113192385,0.20816693997751762
ACH-000783,0.8434537422801882,0.5699928506557732,0.3910302259990319,0.630539995406582,0.3182804498571967,0.8227079341361352,0.5788866538224652,0.4575639834026017,0.5266411831856783,0.8057192390817083,0.7299798180235552,0.4650687463202805,0.33091326780602937,0.2817443930064337
ACH-000784,0.4167297308074338,-0.17657875805702877,0.3722500144203088,0.21041268568895358,0.09842521304522281,0.48502810598919666,-0.9415116546235673,-0.36280617753161526,-0.118893585084419,-0.021674289487194052,0.6577962327391444,-0.1425795529059386,0.415487346983188,0.09602219860058844
ACH-000785,-0.031249112359768447,-0.2852040953462289,0.21269108513930074,0.10376238979175381,1.0274707247189947,1.079290475776495,-0.31274761285686514,0.1709920772026487,-0.5688975947268069,0.27300848468411354,0.631355998928038,0.06477442781940358,0.3201353804479602,0.21071314402293542
ACH-000787,-0.7040592383515802,-0.15921088019208263,-0.9692562441253632,-0.1853515632622016,0.30267110750741866,0.6376985457499995,0.034801994223590205,0.6381432290273874,0.1060599803799111,-0.18631303744034275,0.12154316268879631,-0.3993729698070787,0.8822454029338251,0.438544202504433
ACH-000788,0.1028051637083243,0.35039344876080125,0.3541028183975049,0.5405625207558682,0.13624470224078367,0.06003496358963148,1.2794649404032832,1.0725060206179147,1.2916964198994185,0.05691235125032683,-0.11648828104169567,0.6334494995773056,-0.025471876532231937,-0.20042990983696796
ACH-000790,1.2666464295153195,0.8505550879291377,0.799210616967673,0.8899953392336624,0.3802564353543108,0.5310216809896753,1.3537577162311525,1.0844105531152433,0.9485081610469424,0.8158236644696697,-0.053332838268094956,0.5595407588698614,-0.3782520405690728,-0.0062480519258946154
ACH-000791,-0.4527028911001993,-0.594504898467826,-0.21192236516394616,0.37222239398410206,0.01900861489565603,0.6301832874063247,-0.13977828075265145,0.18771619317517305,-0.8134292233421747,0.38664186079009094,0.5655686600559022,0.7614506272655577,0.9060861120191156,0.46508270862856116
ACH-000792,-0.8826121027275621,-0.12462970215413244,-0.6733915193469774,0.13274713384649534,-0.2933777404085902,0.20580561784148194,-0.5044586698266986,0.3677701780458629,0.15138132733598217,-0.08213244007347556,-0.4358945168644498,0.06991781891450588,-0.5540016900472944,0.08648249791089271
ACH-000793,-0.011186570297886125,0.03200854206052975,0.24440234531575417,0.9778596889385166,0.5347427025968268,0.6441715041139154,0.7520042864305168,0.8876372480961501,0.5082014731283802,0.3117965411353025,1.237034181860064,0.21424200048436626,0.826412515796515,0.31552630771169415
ACH-000794,-1.799004596225549,-2.016444810873803,-1.7881277164825047,-1.6187549939032226,-0.6811119810121354,-0.5591903433631809,-2.958499342211615,-2.646879240917874,-2.8261661080478016,-2.1848254949763675,-0.2633895715897371,-2.2986597011389787,-0.28795340969901523,-1.3577182302224453
ACH-000796,-0.4067993153635576,-0.5696887887413228,-0.3107664549299542,0.15921756716649327,-0.4300920924392251,-0.24950723428747096,0.13276750909043863,-0.1325161391604303,-0.2266050179800049,-0.35768163947507436,0.06675992930230049,-0.7199490575161005,0.07094732653287875,-0.8970267320709966
ACH-000798,-0.2560371581400233,0.10654627228353444,0.3022132586455879,0.3196620751666736,0.9807107508927975,0.3582054447395555,-0.6483244825972138,-1.1804706421937925,-0.48742169527642365,-0.6012445712427402,1.1026179398603855,-1.2943616462036251,0.44805199684807173,-0.2158048351412938
ACH-000799,-0.27661374862070387,-0.6439627282272791,0.21155823241194166,0.29756086532703785,0.7489731049378278,-0.057344003197440555,-0.5179841194894963,-0.2993714061053341,-0.7361134695340764,-0.24383143342831004,-0.04868129969369624,-0.17316669771291363,-0.034772110844975314,-0.4020346488716566
ACH-000800,0.5651620265785186,0.5556041045762191,-0.0861907482077966,0.6273745382106108,-0.4001299571625516,0.34449684433613237,-0.006016077284321075,0.3960618851300222,0.3272414247447895,0.8454581348393158,-0.2081676432683116,0.8156749696468379,-0.7411101429198164,1.2542030859189872
ACH-000801,0.7287732442010187,0.6525779690830982,0.918764048801436,1.0211650031823287,0.1634927453089407,0.07332650095889529,0.2605662417298226,0.3691317331920616,0.40036232548033646,0.43101559134458345,0.06819687491155046,1.35839126135796,0.8058842433481322,0.42611321275692693
ACH-000802,-0.15611791504253375,-0.07209730351266269,0.13624367153319653,-0.05859427341447176,0.22980059706889952,0.5922357390841462,-0.09799622648295989,0.7581193346545239,0.04354617577143271,-0.7504770093328728,0.12911380126217195,-0.14593805861847878,0.46564829051448775,0.5507029871182274
ACH-000804,0.9910131574718413,-0.0587614665139678,0.32217867371227554,0.4697097660885636,-0.4489999218709735,-0.6018944531769872,0.5194417479547291,0.5331763021519337,1.04193454664468,0.34799184542719,0.055562002094461424,0.6432508388637312,-0.45773730748739055,0.945117054306424
ACH-000805,0.8503165257887935,0.7375189552464312,0.4664536394660144,0.9432008804386448,0.0917629581052831,0.19782164509017944,0.506668514534391,1.0026324973999499,1.3592329782820174,0.3960591538394912,0.09606958391879972,0.46357044986814677,0.05555955755499522,-0.012350635483415737
ACH-000807,-0.1898471825600311,0.038358643619680666,0.37390412571904613,0.40453465365452473,0.13568767999957632,-0.05978566862095891,0.008463996253236239,-0.20562802102291566,0.3320428563752117,-0.2479441540028786,-0.04629871246505246,0.41587731456052,-0.3904830136906827,0.3061999912325648
ACH-000809,-0.2729302951118584,-0.7831845253822486,-0.5536175857805661,-0.3668166790995294,-0.5643578891445572,-0.4463372804027615,-0.03720394551759652,0.7431293441879767,-0.013620838562290183,-0.8452473110768208,-0.4242755660724006,-0.5441778732118769,-0.8093003889145987,-0.48290428638343913
ACH-000810,0.339664644565931,0.527795908843097,0.46823907152471134,0.6883168987634338,-0.16797400732235618,-0.19442404271976654,1.010944461017659,0.6287959591919938,1.2835345330344199,0.6839680271165891,0.1951449207400726,0.8193415587466618,0.3677506781938516,0.3546029082930217
ACH-000811,0.10304029799910526,-0.5880533131475683,-0.10559383829770053,0.7948265050674991,0.16259068874438715,0.23025003982421205,0.25947814025670846,0.030277644965861425,0.3511729159145378,0.14465545113287118,0.45337443801608834,1.2902114580102375,0.3789533989473653,0.735437257021174
ACH-000817,0.8691331939984387,0.528801102748947,0.23084023886144175,0.09542207668940286,-0.180512393039441,-0.43955383139934084,0.12802290202213362,0.6455473506196262,0.4383962721663555,0.051847503004075035,-0.5985317712494538,0.11588667561869456,-1.702969404597472,-0.7432347010228673
ACH-000819,-0.19527940410571892,0.620080888345617,0.01926447031771384,1.4146741271838665,0.2278624999920048,0.12802997848243564,0.8483923289121542,0.9964937551467683,0.7739785792894472,0.971308660153088,0.08258535618475885,0.7595166488313816,0.273393419279305,0.5552219289655306
ACH-000820,0.6936576553977881,0.798769737551986,1.2437760091415924,1.3801476644517323,1.0295228120075017,1.2673077063517864,0.8185080977031186,0.26133089340469284,0.5207620518388202,0.1481820302963066,0.9381622316413616,-0.3402971423776173,0.5643529563363463,-0.36048117781641686
ACH-000821,0.05933831647739768,-0.08286436273363848,-0.3488890060597557,-0.17173283621331514,-0.372346365175397,-0.06979523112290505,-0.2736446476875567,-0.08605772122958147,-0.1611503640543723,0.7928584814097516,-0.8601195778657541,0.12908499061258924,-0.15936571711890424,-0.6083355869700434
ACH-000822,-0.07434228032130868,-0.37983401045251863,-0.4027920477103934,0.27833498252703714,0.5368332541017233,-0.07802571485374589,-0.7324374854010679,-0.8594200077908972,-0.7292506945222472,-0.0691938068589229,-0.055461529411425126,0.7434539226070724,0.25645868028862695,-0.21646824069216944
ACH-000823,0.41267674001712057,-0.18295500039453833,0.3651073550536053,-0.36219861372461676,-0.15281756492602905,-0.08630503573828477,0.017019388643504454,-0.00034215241873863933,0.047422113134337085,-0.21825680705336817,-0.3144831724391583,-0.8619735839985436,-1.0679054189679347,0.32666637117868436
ACH-000824,0.05848477150088929,0.4660721214868827,-0.12095123425007705,0.2941787077702272,0.2896211262210293,0.5058122611197047,0.4502236963586521,0.4515723853661171,-0.21806329192187685,-0.5776600929427126,0.42131853637363864,-0.7141890397682717,-0.5706431918968772,-0.6194178962685108
ACH-000826,-0.4935225442608523,-0.15032514711658054,-0.21460623105315593,0.5451806827847534,-0.03990103061077277,0.2718226065615169,0.5760149250344058,0.6379931002587506,-0.19776646964258088,-0.48867190261313603,0.12308468639587783,-0.8731844965438329,0.6060513783538667,0.8519619823066595
ACH-000827,-0.4788059116638247,-0.5861631424829651,-0.4449849711755505,0.020169384717107,-0.1599810974763763,-0.5120675356642836,0.3313627773774669,0.4454573049643064,0.6751186681924544,0.057274235510327814,-0.46018960472138115,0.41641087320693926,0.5650658273657936,0.6810999347979952
ACH-000829,0.25449826069637715,0.33242010293232327,0.5613866311320589,0.10314349408424267,-0.1917069502235813,-0.42845066270676435,1.4498875422492934,1.298398221474496,1.0461853177974816,0.8847618014159935,-1.3657290444855092,-0.013695168967237381,-0.42954242264507503,0.010186084351330865
ACH-000831,0.5050174211107544,1.1364206436776034,0.4528294589388562,0.5374590345278669,0.2416243585295038,-0.04683954406131188,0.9405526870075579,0.9841816839188047,1.067057841191982,-0.548081178315917,0.1665793675343143,-0.010128462224744617,-1.1602120484697656,-0.14812205732135245
ACH-000832,-0.3086769487618354,-0.5028614755247791,-0.2520828900841396,0.4755749941516182,-0.32900294761805315,0.36630874705326266,-0.5462023755495472,-0.5471901663411024,-0.9204086973236383,-0.37489901601571957,0.364995135952902,-0.22673918423541048,0.9618970049621673,0.16350127153676425
ACH-000833,0.25481417567225595,0.8374230477673869,0.17784862684261563,0.3512673826636624,-0.939256460905035,-0.3010431917784017,0.4656111834318201,0.24017524173932805,0.7281505692701096,0.27132220559949827,-0.5240596478309615,0.2414702376013944,-0.7010582849381679,0.9902115707813002
ACH-000834,0.20438282143100253,0.37741736397591985,0.16019391876753483,-0.9668461121428769,0.28548866178780635,-0.014536872240950516,-0.6059911754333862,-0.9516420040557794,-0.6705443357692948,-1.252620853440768,0.971901352266621,-0.7004718089589342,-0.5589154720327927,-0.8312365942722435
ACH-000835,0.2997352996762858,1.0266953246433497,0.004337614173296901,-0.008274493917869809,-0.8162613175007402,-0.8148416187189138,0.893928559630627,0.6888951915514988,0.5139095698637388,-0.41168310550241266,-0.6814042389332103,0.25901042766543625,-0.36604514848522596,0.5289608033964647
ACH-000836,0.40435038955771285,-0.17717645018008468,0.13903904819931118,-0.2036039248211629,-0.102410800244711,-0.32939257375469905,0.6996951920519154,0.37267308339111804,-0.040268611522943136,-0.23538952588120426,-0.05609874209812399,0.04814712954044276,-0.01414538546173242,0.14895160036704772
ACH-000837,0.0013552173342640805,0.169083711393627,-0.20926745499518604,-0.48649300806963053,-0.8705664538156113,-0.2803856822089078,0.3259399192974214,0.12716454494439638,0.48979260269585706,-0.8755595241756776,-0.204079268769143,-0.6117399991370649,-0.20991868604886493,-0.3502604444395446
ACH-000838,0.6148547724083457,0.29113329497470203,0.1380207479343124,0.14236210893365286,-0.30380671019450756,-0.6067851130398477,0.8063127689365267,0.7736703015958005,0.7682696249383838,0.4486489291771756,-1.0865633815888753,-0.5819062535993151,-0.7680220335104198,-0.5547113927772062
ACH-000839,-0.3997346635077531,-1.0621681498233515,-1.0976467742000118,-1.1585660255874486,-1.036143337480318,-0.8655876890786354,-1.7591770532518691,-1.4496140181249637,-1.6395801249086053,-1.44581009680275,-0.6039562695842436,-1.5454739300834364,-0.8008351633539494,-1.4264634830769158
ACH-000840,0.06573048038188392,-0.02103946351129604,-0.2536880535353133,0.2287455497378702,-0.05321735170692152,0.2318070623895599,0.6465423850665435,0.6690909984292831,1.0303062194772377,0.25979390099622096,-0.20271644349373413,0.4485748557075864,1.2319802361338774,-0.003147933790704216
ACH-000841,0.09811278943243958,0.18922458424027333,0.04300019717992233,0.7772304348101605,-0.20775650357941694,0.6564193355949351,0.7118363337391787,0.8716325379459509,0.7340379644892885,0.21874062387337234,0.40865086332758827,-0.10082123236496388,-0.10011862297166149,0.31671633072841465
ACH-000843,0.8323406332719522,0.40230660180142275,0.264651847923114,0.28665149439984583,0.11519117132570475,0.6079522853627797,0.9713264914879495,1.4083032319792925,1.1909878724614211,0.5498111323805384,0.3458922130894382,0.050546100254827364,0.31727765122063456,0.5383673336790636
ACH-000845,-0.2019218090307225,-0.6925214575777803,-0.6552232199858727,-0.1786683361702336,-0.5069460050733129,0.058593416560053624,-0.149595441000468,0.5674075002878156,-0.45995515841342205,-0.18820542582401942,-0.10929715501312887,-0.7176234271703296,-0.4701029120311021,-0.4569413602054269
ACH-000846,0.10611303145580975,-0.08655618694612927,-0.2525847207553425,0.5050020270513592,0.5151832236139862,0.518276049049203,0.6354274300834735,0.5904400677195396,0.18533546602342818,0.47617438105456195,0.09323797896689714,-0.005679433935297212,-0.13985723876089978,0.6757072709468612
ACH-000847,0.7103124119794568,0.4263063835040236,0.10511932274166676,0.32912957525410497,-0.7057232198186807,0.15473025487668227,0.9774611490968476,1.2492013354221116,0.8343672405506265,0.1820462433454247,-0.5792080389963492,-0.14704424808045002,-2.097589002344691,0.36963707688734365
ACH-000848,-0.04885082804540502,-0.21644424597369874,-0.0997234621883646,0.5817094749115458,1.1802384528837044,1.04200863311698,0.761250702940615,1.1837041819778387,0.6453299376843962,0.5817660548974951,1.6759220970302127,0.33634625926729633,-0.23993431503051987,0.2167088158478479
ACH-000849,0.2932533902823433,0.2970331190086425,0.20571689931569628,0.49678093040779897,0.2964052880852159,0.5628160324101537,0.09534640144520665,0.05155931474571767,0.16367548053116482,0.6038191940210605,0.7525229383595208,-0.07095866464143483,0.6941294524159696,0.2187271396655572
ACH-000851,-0.37329482012572257,-0.1274947242375366,0.23858386763139297,-0.06450510534914602,-0.48932403467818847,0.6857974107532242,-0.21332766386322985,-0.1735463678569193,-0.6623893191300555,-0.47922797614933366,1.009373753493332,-1.0609984710980145,-0.7588375431755358,-0.7947680990727848
ACH-000853,0.19277149759384454,0.32599640663776236,0.20095024333445088,0.3944827851644101,0.2655980336982024,0.4861702544822758,0.37557900811668177,0.5800039847041714,0.7658806258472386,1.0109308861672328,0.44495959572145005,0.2679138170510601,-0.290763106094695,0.9135355824446073
ACH-000855,-0.3495494594999801,0.3289479123328594,-0.10887731652607979,0.1347225905494514,0.07211068504896982,0.2007289482809529,0.8752584538451856,0.7515552755450108,0.3823669466815954,-0.32773475617817405,0.053849101716256204,0.1346885164050045,0.044199556186930916,0.3368822944161336
ACH-000856,-0.01914602924851236,-0.14069094494440232,0.007685768350452128,0.8575061059103735,0.8311184935704171,1.449720344925015,0.35407034207931654,0.6927459643130319,0.3436004006947469,1.2585835709136728,0.8399128902274848,0.4749659116982819,-0.34740575820974684,1.2549081530940158
ACH-000858,-1.0890335114924516,-1.0877663558692425,-1.3144209707933543,-0.7147001621858436,-0.45305589666411505,-0.18641033897386772,-1.1759603679621649,-0.6839686499712943,-1.3785374024376087,-1.3092320764558794,0.14301247575640758,-1.783327853657714,-1.2597301007802384,-1.198776868844189
ACH-000859,-0.4828466276925608,0.508776259073435,0.30561971263835924,1.220794421224236,0.23553034436170736,0.40443439164299066,0.44345474605789736,0.37005966413211194,-0.036295768345606785,0.7376514174275662,1.0250327884045118,0.6297099239152113,1.0831529488080318,0.35270873839549044
ACH-000860,0.02250541270959419,0.5069227709178075,0.3837228463451453,0.2762489330312211,-0.48779340051617637,-0.039284361390729744,0.4164106707586367,0.7047780556139323,0.27404272503243354,-0.3027928506387156,0.07055251797863404,-0.18474096047374397,-0.5090480152645073,0.3332787972745592
ACH-000861,-0.0687668268618351,0.5575070427433406,-0.30768552470410093,0.2817791899612427,0.11255684035065307,-0.1618239189636066,0.6691561136213972,0.6382373453487595,0.3283358636495021,0.1417380840366977,0.24686503198251195,0.673201043290325,0.5683313680834036,-0.09774864885418579
ACH-000862,0.3737672249523595,0.3169084292767882,0.3203026120868949,0.6906583379395049,0.4706384247372769,0.40054686173649046,0.23216713238079814,0.3533757713959138,0.320533264779501,-0.058110522106714746,0.47432514659869673,0.10174260406449587,0.9815770358084536,0.275231313597582
ACH-000863,1.0179146172718068,1.0868540471906183,1.094562352972507,1.3281285494439574,0.7185514238734432,0.7302326502643518,-0.24347888960721836,-0.8938383737274022,0.15826046786752418,0.881208291221532,1.0267925730864753,1.2599434035156594,0.8880116489543692,0.9573597325136415
ACH-000864,0.9099109765809702,1.0137621809020332,0.9618429238422855,0.7669174498911439,0.2806913780193965,0.8407741910551663,-0.2792345155989592,0.1506430906241173,0.13250428871627018,0.9428147456870817,0.29939611275044226,0.029182922935609305,0.22647705668658252,1.6279411720066959
ACH-000865,-0.01699413184469452,0.6682475590249601,0.21560738758750722,-0.05064607291707164,-0.08169867339287251,0.42902330670695077,1.5837941068054682,1.0489606457762772,1.0723165958387355,-0.3294784217078277,0.10247160109389836,0.21478467372500526,0.5187192678602395,0.06147940498693091
ACH-000866,0.8863270290760346,0.4763463117257768,0.13218618372780713,0.6209685402480711,0.714756183981943,0.6176635975875858,0.26500815950156886,0.7770146658430579,0.23893969770496942,1.5079552836693468,0.5465613140614285,0.3152166568627287,0.3215051889540679,1.2203787177596959
ACH-000867,-0.1688829056425885,0.08688620848332118,-0.07680803806507935,0.7303185628444543,1.1594040581192933,0.7723378268785127,-0.5865856518360619,0.03487961210821475,-0.2737154402403712,-0.5152103908832408,0.022958945291883845,-0.34859885128961987,-0.5618472810296369,-0.5057561558240306
ACH-000869,-0.4998271270512108,-0.1605722961496467,0.19958086894637472,0.3366742488626724,0.02381324603860116,-0.10519942268611793,0.029909560312555566,0.37167054903952745,0.11205927932214835,1.1072070735780908,0.12687236841719587,0.13809433994618095,0.6753331545356157,0.15747395161377814
ACH-000871,0.047678167552656,-0.438993515479277,-0.05230862438693022,0.9518051982895238,0.4663485852226933,0.8040075829099321,0.5253278217579338,1.1335345448737353,0.16457142073829523,1.3919131435991354,-0.2565740752014724,0.2730415139909279,1.0874215288396163,0.567224264116932
ACH-000872,0.12331264354231017,-0.5555180461999143,0.3940625480357839,-0.2263856262055694,-0.3524436610312046,0.3064299876213442,0.27029352281426594,0.2373074277728219,-0.16305764443660822,0.1762674874045175,0.5016107694048727,-0.1857093591011427,0.21584407906971856,-0.3712118438004162
ACH-000873,-0.8999084814143962,-1.5139515142956101,-1.0063994258017637,-1.0644180877147345,-0.008208443750725214,-0.0557899728630768,-1.3502286585828807,-0.7727547552632651,-1.141069202406671,-0.771376512540928,0.012408224360121567,-1.7143618667587999,-1.6258637720657663,-1.5347841663111934
ACH-000874,0.28773687426436784,0.5744349277401162,0.19245265939402822,-0.251570213724587,-0.1593047427969828,-0.3939578704057924,0.9531950701121108,0.7889525912963784,0.8587261822142487,-0.47700675466177134,-0.9143093887854828,-1.0121320144333423,-1.9816659382657469,-1.2215215379792062
ACH-000876,0.6752204505272905,0.7856409301913104,0.26202284802004255,0.9037902929925431,0.8362801081739926,0.9628797760503052,-0.3131956177489386,-0.5898703187320451,-0.44737186740922386,0.09540219656130527,1.2234886098689892,-0.44120428400297895,0.026386956122528525,-0.3982626137659463
ACH-000878,-0.12472866066063411,0.010110900640041068,-0.41821399519879754,0.7433157683902689,-0.11747755289052647,0.4021524837777306,0.4501220949120499,0.4863336497564413,0.1328547408101935,0.03470548597705278,0.9613575502804518,0.36363703221285826,0.9182647851464298,0.5388340479268736
ACH-000879,0.0789680596634643,-0.0585726437289891,-0.007222619340249606,1.0087562084009625,0.7991976159100023,1.1186343174875375,0.8411862434872239,1.1107627397453785,1.2474531034910359,1.1918069731428123,0.5730535097985188,0.2865427531641521,-0.00717642302758711,1.1403621630597287
ACH-000880,-0.6379777002595798,-0.2768277308898395,-0.18098633881557924,0.6173557882216383,0.30669567111803475,0.36735074454005556,0.5290371569528247,0.9619783638464326,0.645384478402248,0.421021390115897,0.11884751331391093,-0.4080469049447768,0.6917148062413669,0.8473773807762327
ACH-000881,0.5975373233718762,0.43699556938881867,0.34348292958477794,0.4406458682963412,-0.056988684248842195,-0.31489894921837874,1.0689130857738276,0.8714212910868068,1.3272706563530612,0.20556369503592448,-0.2404260958262575,0.7953754679009007,0.3149978724311911,-0.26094906931138717
ACH-000882,0.6371793113152998,0.41160929070623387,0.4304957834217288,0.7924106221788271,0.5349414421212012,0.34457144100239656,0.6228925526475992,0.6062700254631883,0.7820419397158231,0.10644117940180263,-0.04118098086040947,0.7613282855266396,-0.3446269225178016,0.26924840883703005
ACH-000884,0.29799578201923976,0.8140324975194564,-0.06240628304745721,0.5166759283903137,0.6279848536445594,0.4707093821576495,0.5127250642620377,0.35725254153302793,0.6703196054753546,0.5408866900163081,-0.08082866176138132,0.77355554196492,-0.3222973730494251,-0.22683199303441143
ACH-000885,0.16613260884590364,0.5371910217585115,0.3467543935251875,0.8279961043171981,0.7728518633087522,1.0367907464663317,-0.15569233141298838,-0.46503514558097253,0.5126442487493382,0.4192770030300512,0.7457255611509885,0.320219847417353,0.06393176981416049,0.3512730987265781
ACH-000886,0.04938177086250966,0.4045683077216122,0.11457643377696841,0.47869621845909066,-0.26154479412357634,0.1219933979199952,0.3443950954131489,0.15446297589330624,0.05908635831908199,0.22494540418610856,0.5332483495745222,0.34664763613819344,0.6504850583425792,0.3492840197591628
ACH-000887,-0.27804157779756217,-0.47647603695348767,-0.14910619715036402,-0.35630511703753115,-0.34538706658347285,-0.060409378318064484,0.32615719519546876,0.01717308335648761,0.10692288761634051,-0.6512253266481285,0.22347328102429564,-0.637185595599077,-0.10116672643248413,-0.565703113054879
ACH-000888,0.2688203462308164,0.3447788847666311,0.4815886609940948,0.49813456762393277,0.27203131738858355,0.5400250819982094,-0.4687244181745377,0.08001359931598342,-0.07641896890744557,0.34745619450168796,1.2478419744447926,0.006905237804293047,-0.11177159337767864,0.17091691345469084
ACH-000889,1.142337864164683,0.2152115773987556,0.6352928197596781,0.18990436370083108,-0.3033564223329125,0.016377837312441634,1.3543284484710458,1.5360564546932414,1.5530990641290303,0.7039385526318495,-0.9075413760103184,0.06031008072452587,-0.20744248768647927,0.14301866397095853
ACH-000890,-0.09175255225869768,0.4550071248412187,0.2204235909584636,0.4452643988719849,-0.17270172270242928,-0.38924258848613374,0.6453245354948697,0.8138554020682429,0.8280202533140136,0.32337427415486447,-0.4444402358024794,0.598049610732807,0.08854584515545649,0.8813450161950845
ACH-000894,0.677733023716554,1.0763199918252218,0.6030030291681261,-0.4088620306584145,-0.5634630946185005,0.005750259527794288,0.43576518624524424,-0.49130038678996,0.09847179692064678,-0.2236547378831812,0.9799817031011168,-0.29676355997547244,0.29261947921254394,-0.0656155846443685
ACH-000896,0.05389366621169518,-0.14765244678010359,0.19908892824043176,0.5104517276330045,0.032379368010006127,-0.2238523927273731,0.28846357552587065,-0.3235906555365622,0.2151330664578675,0.049325236344254265,-0.11180514341342855,-0.318038254709095,0.497965102382235,0.442227585338583
ACH-000898,-0.9064781766718056,-0.47328286622450494,-0.18484940350489656,0.20662653366424383,0.8779621500259569,0.9983738438019419,-0.09345300017213587,-0.04034555548327576,-0.538080958330398,0.09737488598999373,0.8612995008271279,-1.2240513214669966,0.36533505704479874,0.1525444294495612
ACH-000899,-0.01621017611871825,-0.25281695406576565,0.33256781644543787,0.24503961500168708,0.03977532978856328,0.35822721457378137,0.9485981369970307,0.44625033031673833,1.097449546143084,0.19079153774464114,-0.042055948019575684,1.040924474170228,0.39272101197847464,-0.44765073128605426
ACH-000900,-0.09241501983199635,-0.3502365766896638,0.05787222885704155,-0.7349808561647792,-0.9530915382786822,-0.3259017140575944,0.32305241738726426,0.8800820354943251,0.8224324653014299,-0.3479075056662019,-0.945669520563512,-0.1441048962949919,-1.7629011291865417,0.006180956790915043
ACH-000901,-0.22484092155051966,-0.340746270963573,-0.36663874615001935,0.25436790437046786,-0.9782365767489755,-0.6270886336084279,0.4532870335100285,0.9035171100828638,1.0887955458132066,0.13276227355064885,-0.8474045676585771,0.22663767481036545,0.38459964516896844,0.2261991896923403
ACH-000903,0.47373181877105086,1.0600628510815262,0.8384523001714875,1.5636271517933031,0.3011281929270454,0.21439372205774912,0.11145136744815627,0.11523422636120889,1.0536772207302838,0.3648867429395462,0.6453935154518146,0.6874470590035496,0.01908520793122235,0.1384275878978314
ACH-000905,0.12028091551697152,0.04172160869350361,-0.17113743516811558,0.41892231197822555,-0.02589715339107268,-1.0730846847541353,0.8710011289735123,0.6975382491880721,0.46738625254872407,-0.21397429053895808,0.1695932644104578,0.33288610666582596,0.5567767594095765,-0.08243718427358893
ACH-000906,-0.35796641503658966,0.06813892148915583,-0.17965558294580594,0.014375541498539382,-0.15023863306561738,-0.42032501935443983,0.03085149067192404,-0.273872119852384,0.16304944711885266,-0.6985509060005671,-0.41058998408663827,-0.29546804489040257,-0.8424540171090611,-0.2285154891576843
ACH-000907,-0.6128734821258802,-0.5437585009892381,-0.7660388364154971,-0.1032262374223537,0.009145721390688921,-0.1862061044535197,-1.549709219134625,-1.628664180506239,-1.0674085581136217,-0.42278359263628523,0.1665095778446565,0.1026923836803556,0.32656107504225806,-0.5630748331477583
ACH-000910,0.8571366844504268,0.7545100566395062,0.4853793796989894,1.0289643639152999,-0.24601705971306842,0.2675344989894631,0.6879872382962887,0.6236422717229089,0.7666996036118439,0.41175435878472005,0.9084012044369597,0.17561153605158747,-0.15874453618737547,0.043477958622390844
ACH-000911,0.32008195113789994,0.016641273051931887,-0.15797352777077522,-0.32859954309708095,-0.3661593384391348,-0.5767522944076368,0.09535367778793251,-0.2716634876808933,0.08556831336566888,-1.0000778895873148,-0.22900890594572373,-0.8963934145455171,-0.2564802495435138,-1.125899844672376
ACH-000912,-0.2652847521362872,-0.5165200598057217,-0.4744313813502503,0.13704501204949673,-0.6067445087261486,-0.24001914719732298,0.8606928058330121,1.3255687464404333,1.4340614224800874,0.6068094679565363,-0.2986741891522969,0.6023058012098843,0.8366064035739786,0.6679182932087838
ACH-000913,-0.2547251857855993,0.07224022511780263,-0.5932358630344843,0.18823723779658827,-0.11096745825558707,-0.23803983808040616,0.34525749184608556,0.4670756141206717,0.43135503683637,0.3292228496214027,0.13815912090509938,0.5497978666975606,0.4889188024537079,0.5701960998558573
ACH-000914,0.3560311336016244,-0.20574790442497082,0.1950063106242666,-0.13953630557101115,-0.4914031880705127,-0.7373394046576791,1.3555796010902887,1.618859102088472,1.1373659395089084,0.9260078964864478,-1.6272548017012742,0.11163018399202057,-0.5654692834834062,0.596635395705469
ACH-000915,0.25979927403658576,-0.3258362199178131,0.2686578023742793,0.30457531110834635,0.12035232808860458,-0.05341251102541471,0.16601061956796154,0.2643383584516316,0.42604766495376145,0.22096625473678752,0.17548412366580352,0.8752649569299882,-0.16099695602469935,0.3219617493786622
ACH-000916,0.16292838855864564,-0.5215107361045819,0.18880061389930403,0.21175056274294268,1.0972210232332273,1.4072582246427827,-0.5547342232288177,-0.1223833059658209,-0.5128999945468022,0.4003413247856399,1.4697660167067708,0.2818910914932169,0.34161313090881934,-0.08844601316941356
ACH-000917,0.29900601346868183,0.6300870067118909,0.72884774755957,-0.07047615393431231,-0.5335345846516263,-0.018098759371693238,0.6927141546626159,0.506758555659641,0.3524662903326466,-0.19416629793012163,0.03101680742646809,-0.07039694441615696,0.6032294230061541,-0.10791461310243633
ACH-000919,0.35059636484652235,0.616280574558917,0.7333040427062313,0.6474553060971953,0.9257758760883454,1.33867009104564,0.13137458129852572,0.4028744163552978,0.1717107260686606,0.25621419159742187,1.506126853856811,-0.709627629857487,-0.23021740721085246,0.37146002123817445
ACH-000920,-0.7368391906667116,-0.46560592291961145,-0.7510439297861559,-0.45667094897673693,0.590181110286835,0.48233104033414803,-0.3314700413620455,0.5966958188119238,-0.18419695498489586,1.2644738039824295,-1.3037494578383226,-0.43014153456181026,-0.10863642044227816,0.551785086772093
ACH-000921,0.25100639516961537,0.411401158572515,0.15155356916966656,0.19876155752108077,-0.40050446252457206,-0.2773823526896717,0.6916555164492519,0.6209323945189872,0.9477237780728187,0.11340079841909634,-0.5312308209867685,0.2751910533061078,0.569995172113643,0.5084702161579553
ACH-000922,0.4163424134420334,0.05350333078923383,-0.15699096064133083,0.33838271740582,0.0725157763546451,-0.11634115051715038,0.39429259741454886,0.46054857921108316,0.7155886740356663,0.45538591061986067,-0.5750311217689973,-1.0043245856321263,-0.7414042834095458,-0.2857755542742432
ACH-000924,1.044599190642991,1.30819307786108,0.6259025188931939,0.6923034011474803,-0.4450534327869284,0.1348409813022924,0.4911247076676458,0.6316943576666691,0.7452267581466417,-0.5596182589086831,0.48095010759771417,0.525134754123037,-0.7215353983273322,-0.5276045517569689
ACH-000926,0.6295568780486679,1.2296909838744878,0.6518936376060334,0.7326188961689105,0.5285745515903293,0.6535926678995992,0.027068372034113407,-0.15952930780609634,0.08164471547076833,-0.6482352966322199,0.7665645927761426,-0.5501314693971828,0.24253366479679844,-0.36282393071962055
ACH-000928,0.5972069107826982,1.0385428701756072,1.0863253638809742,1.1441115597275113,0.8521943209435974,0.5955134034041801,-0.1802017963283678,-0.27052040133886956,0.09494815590504267,0.7561108082217691,0.7422064431837021,0.0783627379385448,0.3172399176735157,1.1904642678778619
ACH-000929,0.054530666262399885,-0.3646102886511029,0.3230621124776251,0.029880489368583146,-0.04698650692362735,0.7194639712189626,-0.1768355092258922,0.0300669024541364,-0.17189830616854385,-0.011525583096297365,0.8037330650445633,-0.41891875266517103,0.15206188869370585,0.14338403802033048
ACH-000932,0.3328721909583268,0.695345678258173,0.23995504694416747,1.1388541469202862,0.17096835311572214,0.13848620107801032,0.7211830566705786,0.9112921245620395,0.8890549718196554,0.6380063606226595,-0.20362085486540002,-0.05713680468235999,-1.1458879568853588,0.28883432893484967
ACH-000934,0.640489322794959,0.76762747234314,0.5218349979049303,1.101989316363321,0.3619851010708356,0.8008470192508219,0.7738611879033719,0.8102611527622654,0.8930500301556412,0.4975028536122432,0.9877723471741888,-0.08540148172280027,0.8119386049761954,0.45271055928495807
ACH-000935,0.27065560311458675,0.5286146738535512,0.5137581111216724,0.48518813506932,-0.27246510279943337,-0.4072988658251068,0.2952943238073214,-0.0037073519167380997,0.39533279807464883,0.0911784492222232,-0.36163267951079425,0.027833651922686064,0.14391642750310635,0.5508439570710805
ACH-000936,-0.646459158153494,-1.156141989910111,-0.42710714791529203,0.6553218886087325,0.8064695011828102,0.9425769942658128,-0.32185796773109054,-0.13650790681979377,-0.4623453015959895,0.38406599063428226,0.2946889831392233,-0.5185362380673607,0.2535164554053892,0.6789539321820592
ACH-000937,-0.8080176399514301,-0.448572771600206,-0.6790018209799102,0.29540512022759385,0.18947345131582244,0.30479090392956587,-0.8017247429324295,0.21989755455335042,-0.9425382025150406,1.2118057057201468,-1.2806924729799116,-0.40360407971573997,-0.43476463432094553,0.3990550419775233
ACH-000938,-0.9185560322575145,-1.0379441684522503,-0.8945848589222651,-0.19301231515572437,0.9318104100120427,0.43049507841868134,-0.05326531993682848,0.7751236935387134,-0.4894931766898606,1.2581861275449375,-1.2476624324560195,-0.5971102912706272,-0.7246182913537371,0.43409364347538903
ACH-000939,-0.01715482297536466,0.10588305051598138,0.0661762260534561,0.8130303752299046,-0.10915657165245145,0.1279574920390882,1.049791133214218,1.4120682902851427,1.5393856484270017,0.24078279279185874,-0.2179333826720452,0.19851475047175543,0.511292114048635,0.8389887164032923
ACH-000941,0.14325580324138978,0.15011508637524604,-0.27101354311267345,0.38716947115251354,0.21277223784338406,0.8626269425948229,-0.18353379038155482,0.21892375040874393,-0.05687580077018939,0.18727776881540664,0.6367590415027008,-0.9148195247521616,-2.09163064789906,0.44245180496620945
ACH-000943,0.2636379960585473,0.15777694114739887,0.40383345003067445,-1.2482668961872945,-0.746134532931454,-0.4340595053924271,0.6600748979872832,0.8205343939609109,0.5815181372947613,-0.04379913780573866,-0.7831584125255071,-0.15970868824611156,-0.5793981985073389,-0.9189555097239619
ACH-000944,0.706558974899328,0.08983456761097078,0.42637245190745865,-0.00894072196745932,-0.3829183100169206,-0.4865721708159213,0.8654323199088099,0.9642738025238844,0.7918418769744833,0.5777829031499211,-1.2033953958205679,0.15836696980077072,-0.30720841011647687,0.0160122961336311
ACH-000945,0.07993697989478252,0.8100075607650299,-0.20802977905730302,0.27197281556019015,0.19035264100198446,0.34642743512374163,0.16328228165141875,0.06660016022629213,-0.40785509222756117,0.21704868063928873,-0.27771357472904,0.07567531421613438,0.833307878555461,-0.9100851527504503
ACH-000946,-0.12949450322837575,0.07591575327625777,-0.05484275604903144,-0.3016297361730574,-0.031050418377726013,-0.07375737565520663,0.42352989644034233,0.7400176979615731,0.7226330996272051,-0.13138524448537497,0.5809422727349154,-0.5751584288656599,-0.021719793947455185,-0.05991831041720286
ACH-000947,0.8347318868175434,0.9740547959283348,0.9364903610780649,1.646341752886199,1.0112684275746529,1.237315282019653,1.370336366176872,0.9816305752119955,1.760841925998094,1.2105688551223805,0.5453319462058643,0.5651878188186017,0.3338849857333465,0.7349711434741409
ACH-000948,-0.40223476327015234,0.3592002300463892,0.33517940001086605,0.7750619207197571,1.0979099870486078,1.5606496624679735,0.16902325208265956,0.13665243025005885,0.2535221689425805,0.7424646942587823,1.345525588572573,-0.11832660905400928,0.3685708175703688,0.2358776088803568
ACH-000950,0.013852357665612984,0.49800035308008744,0.610940754155873,0.7581527544268317,0.7492391593419266,0.8979717871090295,0.4781304855456391,0.7413524625672451,0.6733370158079619,0.03867530976264398,0.6080508875040789,-0.4875215199022947,-0.5080573077567622,0.32366433705239855
ACH-000953,0.48332053175903067,-0.050967751973526654,0.09315289915003727,-0.1341638322964494,-0.41873132838064925,-0.3990332653614442,1.3705178152022606,1.717984571080382,1.2921115454571734,1.1069958637924517,-1.6430677988628037,0.26161983598493554,-0.7683305261568235,0.36733690401151925
ACH-000956,0.5055293917798066,0.7040861017937006,0.9905114134760018,1.55758401345297,1.216254569076477,1.7111271352838262,0.8998949986797853,1.313786813666509,0.6879627278125908,1.5881609770539475,0.7722232527906218,0.36492624571163224,0.20518422628663097,0.956091482008934
ACH-000957,-0.19836525201166041,0.35783787381214116,0.2631917134121572,1.2935894683743439,1.3176181687004425,1.4569527645337905,0.7982517595489822,0.864440771844506,0.5784332426613046,0.28607267402129544,1.2007861645627325,-0.2641080283988438,0.1322788734295035,0.1548422714128901
ACH-000958,-1.0440817350700713,-0.5723738536431028,-0.8075260160168959,-0.034850537114123906,0.24502792785735844,0.9844432422753978,0.7970810739155592,1.3028087073072088,0.7244662208470425,0.3371056336117,0.720688976357251,-0.31943391082565326,0.6261298350259197,-0.25472247953982596
ACH-000959,0.3452717237856489,0.897966746495502,0.8912634962213674,1.239189363853102,1.379236589704103,1.3389728691376863,1.2779172071892193,1.1635294148533422,1.178219913649686,0.014371201243025863,1.2067713861254425,-0.01870380609618394,0.15018427828568412,0.18342639478940687
ACH-000960,0.6664091089098892,0.2629346765040543,0.2407596218454152,0.3745724306408027,0.25726066129964253,-0.19122218698938326,1.2057028190757892,1.4196027688345318,1.5022782819856169,0.9050281051115552,-1.0772700352117526,-0.3646720286219549,-0.8470725943298875,0.4479473132544702
ACH-000961,0.14817880780644974,0.17544573873130248,0.33997302897998427,0.3273402786260965,0.6476263126178582,0.8006831465129838,0.27451622017390115,0.5348376984327222,0.6023055882144692,1.3175925413117089,0.8127542980198724,-0.10386380889048502,-0.48134193634573064,0.48158075139976664
ACH-000962,0.3041273500973991,-0.17219671257324462,0.19757452131292144,0.3638121863552529,0.5550983139828293,0.8497948995040292,-0.007418934914579012,0.0999872229105205,0.2430767685521208,0.8442993994817769,0.48725239211562077,0.24481040039424615,-0.4272740929266706,0.09937580987451144
ACH-000963,0.2531953618824997,0.2202379704701339,0.6014672369357544,0.9201182332337656,0.9029521688484383,0.8736307386703465,0.5556951723298698,1.0848695186177655,0.7605432337910917,0.013289061061335442,0.8538219394687747,-0.706432486549267,0.09072260875565355,-0.6534973238677139
ACH-000965,0.39977820534545516,0.5393959404663411,0.2202584691847529,0.18361433189591536,0.43658081412976457,0.5788302124079692,0.013371768784036897,0.2649138367544499,0.1888241869639471,-0.3298967444383143,0.5418464654908344,-0.09903567715758055,-0.14154023977688449,-0.2158081909489915
ACH-000966,0.13596054255191597,0.028892392727189464,0.07813023513205469,0.4270428117305938,-0.3468505081903671,0.03340957705393051,0.371842842125238,0.5161256804059837,0.526207216003723,0.033479923968206274,0.14597226863821391,-0.3847422048069479,-0.5044010363715884,0.22798462746453851
ACH-000968,0.12377934453874934,0.565905019686299,0.7007939635151252,0.3759773041238947,0.03429977157696912,-0.01691223610650379,0.2830118762513169,0.2842431114195644,0.4470153353946077,0.6329744306232399,0.24066376180919857,0.15915804799265315,0.20235318214000353,0.18363796357956214
ACH-000969,-0.10362342839167438,1.132005365819733,0.6410555516379575,-0.4843061993184467,0.5748184877262097,0.4452847011971039,0.29450509065137676,0.01290772421438223,0.21653289911530818,-0.09633876284137005,0.346576422641055,-0.4385487723387555,-0.6819911168980977,-0.375071882121202
ACH-000970,-0.16571038262656523,-0.003961949064761879,-0.03741686373212674,0.7471070228720059,-0.21557290454274639,0.4708092810734778,0.31704221239274377,0.6402231374161985,0.39695441149038346,0.16827471641088057,-0.08481879074459854,0.0111375618087719,0.5655508347842014,0.4930719415822653
ACH-000971,-0.13049511176186548,0.027622423669342255,-0.30300628618126024,0.27238220119574086,-0.10888705759848105,0.26431302707813076,1.6607030490900567,1.92170681574538,1.4981545066144406,0.667808850615432,0.4925952914063607,0.054316073077172455,0.17639843514803663,0.5516549305691888
ACH-000972,0.35554979664663733,-0.45499112558765453,-0.15150631371037238,-0.8443937951171435,-0.13127248124013313,0.14224806378469243,0.49440906225632125,0.4119550088875902,0.8208128688380336,-0.325846589778393,-0.22299789326786815,-1.1522587452578386,-1.2773277266769916,-0.46679467287300025
ACH-000973,0.6454778066984338,1.174944996335834,-0.025159235195995326,1.3982363915526463,0.12137564306551951,0.09133244349443137,1.0507039748249791,1.4199954443228555,1.4396229739314466,0.7094930340788687,-0.4324244597284456,0.4933377196362775,-0.04064696564845455,0.9635080098413278
ACH-000974,0.16164983268543237,0.06517063642530257,0.11335920792645263,-0.7078347882249503,0.25821360190627884,0.3841827649492142,-0.020375932763477544,-0.46487954173737395,0.10329303315504619,-0.08664014437755044,0.22170125619457126,-0.024166014483733955,0.12020954180068111,0.4768695272608643
ACH-000975,-0.06468100614589448,-0.21436337089478985,0.04267157675578834,1.8974934545887838,-0.5514359173811915,0.31211258678317627,-0.44300390375827586,0.20060868305183424,-0.16182574595298144,0.17303451523630192,-0.37030571195730294,-0.481226704611989,-0.259416567651344,0.30846262120158296
ACH-000976,0.8218933616955367,1.2160058276609211,1.045096034088176,-0.5923468728564423,-0.9094979794850863,-0.5753369689730234,0.34744581860724627,-0.818806070599262,0.12478728766078462,-1.023397570125094,0.14847132581080386,-0.4075940928318268,-0.008178397339541933,-1.084062105737644
ACH-000977,0.42236969149753406,0.6933157767657837,1.111536115378516,0.9462108437873018,1.9389672045435504,1.6581935444847304,0.42268805877228344,0.17546432616748794,0.5836118721652933,1.240588687290099,1.0606069765288122,0.23488513737738512,0.09256543871748736,0.38619872416817963
ACH-000978,0.6212400482637257,0.2325396528387596,0.07986663196780056,0.28260194235469194,-0.027204312322347216,0.6217525845823463,0.42361927747229716,1.0359824727650215,1.0883705146533393,0.9417946054527989,0.12830759908591133,-0.019488462110416827,-0.3098589917275909,0.17551651222228243
ACH-000979,-0.482086315360548,-0.5631190663772092,-0.329795447492177,-1.6554965877398218,-1.7245773732552039,-0.9167921179808179,-2.0819871069447204,-2.119071856764794,-1.7822329034327737,-1.5747026036983318,0.3282712240126324,-1.9262530414876902,-1.3186110130934394,-1.4428387491437238
ACH-000980,0.6905649085748464,0.7955424343454762,0.6595044669440221,0.6488941156021428,0.4936268179063479,0.1071726772788551,0.7279235023613564,1.1993891984376321,1.2825218734426715,1.753704139938637,0.4009482126977193,1.534735331405156,0.41282449041179053,1.615054174194018
ACH-000981,0.28442226954748684,0.36900680920930135,0.2297510905981215,0.5230901179903604,0.12018941833235547,0.09032477794160185,0.6688230348851888,0.7117125216965071,0.2627760826489215,0.7356941212404813,-1.5322027840759302,-0.10494359811877602,-0.15776879266143798,0.2718349503091966
ACH-000983,0.8310580940881795,0.4613504146163043,0.19643464984779588,0.28712284266538357,0.6106610136160681,0.8973056357470777,0.3709011528997562,0.4168391484096451,0.6910723340109337,0.37419346462361847,0.14066819069506242,-0.19764767898685948,0.061923254685713136,-0.08237573202570972
ACH-000984,0.021518724640783624,0.5261424221336108,-0.3250356700988093,0.5688099048097038,0.5796130159885268,0.3824024098608968,1.4624927441428937,1.8362247550012623,1.7463940150417616,1.041267439831345,-0.18291524157333205,0.5225983440376181,1.11465391661735,0.9238885047298774
ACH-000985,-0.12609587241332176,0.5851940894550928,0.30646070043905094,0.5409694004284948,0.6791436047138796,1.099572631838317,0.10881209944007854,0.6016304865223155,-0.006936757292267228,0.3177209502393765,1.2615400570250843,-0.3444129458195616,0.2185237511294794,0.14513112248291232
ACH-000986,0.7678972895568217,1.1350872270216785,1.2066568027618438,0.760882518030324,0.2689066246703083,0.10490377299299376,0.6625662514790882,0.3407760968787615,0.5478946811788805,-0.8983993234376739,0.8890599039278093,-0.4613304033986142,0.03852974777665191,-0.43331328011205344
ACH-000988,0.4382984474999218,0.4238386633062883,0.16322671966815863,0.8302258471109201,-0.10619274415861102,0.20940900202112636,0.3997155894060025,0.2126343278392794,0.9585243658144948,0.43132562795961915,0.47285308040352664,0.07792309160298677,-0.1590522054570827,0.38319461764943186
ACH-000991,-0.42101825683264626,0.028123457364183306,0.1240654784284266,0.2588740617308203,1.4093234572533206,1.363153874781263,0.6346686221369884,0.7539180601180576,0.5121103318867589,0.2090482638707009,1.1847957413624055,-0.27525827566947875,1.278391544015398,0.7873264308090735
ACH-000993,-1.014021875616844,-1.4434944466312576,-1.0139169599291726,-0.7256643792762634,-0.5802241100441393,-0.8342472397993345,-1.627685338712864,-0.9615421054101885,-1.5313813958483438,-0.7940925037943456,-0.07778835220575098,-1.2402427809872116,-0.5617703659765323,-0.7376059114192942
ACH-000994,0.3481377833956861,0.27857172076517567,0.1342780732414857,0.49171932232831445,0.5067122151905037,0.8304251595671522,0.558341385996136,1.0856696202318408,1.2375076997035823,1.0280718380459954,0.27152913097058584,0.14580666223830796,-0.07351492406117005,0.5952525871388923
ACH-000995,-0.5021182382361814,-0.27664268606201214,-0.9812818468459248,0.05207018513321163,0.3943374040165372,0.8404467470760367,0.35384257040310807,0.7714674365806711,0.31186592159799037,1.5886357149676136,-1.02495652589367,-0.3645996015312025,-0.21813469944716285,0.48207188154799424
ACH-000996,-0.024346441582209943,-0.847755117974335,-0.056344319302699675,-0.24247362818387327,0.2293568142334609,0.2169313434351974,-0.23154873577574414,0.32529185974336805,-0.32677036501369583,0.22704585192113014,-0.20025032609629226,-0.3263426031211809,-1.4374029104284136,-0.18153868371813542
ACH-000997,0.2473333672491163,0.6503152890648674,-0.2164322052883791,1.0911722934840162,0.3172460027378156,0.5131939155426002,1.609551378841801,1.1597279078526688,1.3480001090460545,0.7743907529327031,0.4037935307369222,0.549846519567212,0.3399209515852128,1.0846190900212012
ACH-001001,0.0993504199854301,0.5967866522580083,0.08504083734695678,-0.5089628205822953,-1.0260470906997528,-0.28198471168512274,1.4579888891946307,0.6148687960435698,0.3985481799737681,-0.15244851195252274,-0.8132551518247608,0.2057552461542381,-0.097587929119807,0.04558399296233939
ACH-001016,-0.40997570540762873,0.40758162340179516,-0.45692506494320334,-0.2326193012853525,-0.359893955047832,-1.1009728618627443,0.14754562025513124,0.45736765605740043,0.5073464428828569,-0.10415137438945798,-0.6096354491887763,0.8199371837656246,0.517826207124336,0.09673642133908082
ACH-001020,0.4914196217723552,1.0971449448711235,0.35775371947172974,-0.2640340377078526,-0.23455549055713099,-0.5754544303365037,1.4752895491059468,0.94085511401184,1.3919409066014166,0.3447664031699113,-0.3029348967200932,-0.333095693817978,-0.9619646441393639,0.09556053975027179
ACH-001021,-0.32736219304359476,-0.25026527017547207,0.09157496844669821,-0.9279146723112001,0.7601372045502857,1.1155877405732655,0.021430597510117805,-0.9875129326296564,0.2093682202669664,-0.5300621178425197,1.5849947059140583,-1.5382685242071414,0.1368996688821753,-1.0469577808125063
ACH-001028,0.35836104999011975,0.3750066597750894,0.4874363430281823,-1.0877217032490778,-0.18656476344304782,-0.7862749316168786,-0.6724574174648046,-1.6104365574145192,-1.0171128429191871,-1.383479699469806,-0.8598174149449567,-0.9080511884129726,-1.3370626061075277,-0.9631167678799917
ACH-001029,0.4352400499373706,-0.2670742156402476,0.38569230198421883,-0.12904860965267687,-0.1551443490827324,0.3582654855588232,0.389705808268886,0.7402684557929825,0.5743548618354972,0.9268912758871071,-0.41293872700613987,0.6199888460166063,-0.020408840010780124,1.3561918578855177
ACH-001031,0.33568605502354004,0.24083249619571218,0.6194488338081869,-0.1997891720033415,-0.5539369415910742,-0.18516899821963165,0.4267520815103176,0.10251978534072209,0.632350101642622,0.6285756849952476,-0.6023609966838113,0.30461807511585587,-0.2586129417928431,0.7765585261130441
ACH-001033,0.8179228637365581,0.9128015591772964,0.17291406936821563,0.3360444963642165,0.09985372747989962,0.06975920704646243,0.48067441155227275,0.43249549308448443,1.0332195600037433,0.4638430588775707,-0.20689168403322508,0.7949284316859608,-0.3302713108605071,0.8016665511680741
ACH-001036,-0.47175009519568206,0.17023483192511574,-0.6936403168660747,-1.0493337090372519,-0.14541472244475998,-0.8744388246142905,0.10132411617597986,0.2592849002196608,-0.026102747246695923,-0.7413783280897707,-1.0340424083360713,0.09408183000394774,-0.6792598316684096,-0.2364640349539185
ACH-001038,0.23977574355859516,0.7893659258140036,0.33004684636003756,-0.28906758700499113,-0.010028550412471193,-0.17426746638542545,0.31176465952129484,0.5383678661934409,0.5481817529082211,0.8103792187033829,-0.051337193199975095,0.6758964530385252,-0.6514634245648718,-0.08291084753063127
ACH-001041,0.1880884362718861,-0.37650647172751156,-0.1109408047646035,-0.6622286602131262,-0.011738008984547937,0.013452889234962156,0.6580238366963557,0.652887829170511,0.17984203494632012,0.49940185041992136,-0.1934256113056859,0.7876809296065674,0.5287616887966158,0.03934812676524578
ACH-001048,-0.035055496254028096,-0.18873040637123406,-0.07252150220004297,0.7595460791384275,0.02533598164650439,-0.3376368409071562,0.27229282442933483,-0.4266113162634878,0.015037189939567496,0.21335987250927615,0.12387318986119047,0.30585824786728727,0.8034820857602215,0.5203079524537616
ACH-001050,-0.7162931740371723,-0.25732354309220223,-0.24582693346719714,-0.645784814979417,-0.5072445348819805,-0.6792238612744699,0.2881544257199136,0.08562214423788111,-0.058916871752381084,-0.471460951784003,-1.0319416475161196,-0.2172586027771624,-0.030749493118245562,0.16973611445674647
ACH-001053,-0.43207874036076743,-0.25380359486873216,-0.43438993078705174,-0.7753899181790699,0.07141782931094687,-0.2948182742987257,-0.757930592612574,-0.1026208114488133,-0.179964421228846,0.0506289934954826,-0.5514033713279949,-0.3709036256127024,-1.2806166822164424,-0.2768899534845751
ACH-001054,0.23265932439553186,0.3629441367798208,0.45269388467709654,-0.8702961357728085,-0.8491096321994184,-0.5081486547150845,-0.21540544778250365,-0.39537696110175347,0.11453704777227428,0.009331522894473643,-0.3154655220155341,0.24476895156371242,-0.7916760432939438,0.014841981350741218
ACH-001061,0.2562465251606829,0.2831443594142521,-0.08604863775886801,0.5572487689400831,0.6568240944075633,0.480497961039945,0.6992597841123398,0.20493484673575374,0.23881796912397615,-0.07605075976119177,1.289576235270558,0.18385179683519554,0.37895162312021247,0.4069649731876488
ACH-001067,0.1447646284595922,0.4522701187518188,-0.04445219554907309,0.3437897355645988,-0.40179638707505544,-0.4299707670690351,0.6923528958859616,0.6474378857589501,1.215030035001885,0.12402350248667979,-0.8022652002887605,0.3480654819152094,0.6321849418865694,0.2601882583536394
ACH-001075,-0.7525745912665163,-0.7197387535256918,-0.4762366119358123,-0.4967596546507891,0.06597714127145451,-0.08026612170247788,-0.8280080978719715,-0.4794248512123698,-0.8151061585270291,-0.1433188001609652,-0.06845139153844793,-1.422001858254521,-0.7380053667961815,-0.22017242007027155
ACH-001096,0.11982970990445685,-0.13748146111157025,-0.11278008140095869,-0.7500610717770944,-1.247067716562084,-0.8011584386206536,0.44284702001923,0.6495608992931551,0.09209771061000244,-0.1947310046996918,-0.42456155103543075,0.16006954039447097,-1.4390267448150518,-0.1458498698649498
ACH-001098,-0.6696802870484508,0.020215465540623867,-0.0014474790682948574,-0.3179573009429012,0.7337011740821581,0.03293056741775605,-0.8755767258088721,-0.4752468566692276,-1.4771817202764839,-0.26867119803653783,0.9983700235463762,-0.07834535994644555,0.4160863594918876,-0.2934908341138429
ACH-001099,0.6346273701269847,0.22106850359979524,0.16088662915805824,1.299747500195193,0.7649658654035301,0.8916414231506103,0.06349316030081936,0.5508896744138665,0.8189623858976544,0.7782921820367071,-0.18227758523918047,0.15447909394274068,-0.4343529866277467,0.38714283464817445
ACH-001111,1.4503497845203637,1.1485720480668142,1.0705739108251366,-0.5297559613029516,-0.2973635076286516,-0.8428109349098116,0.7210753420991822,0.2723050588269227,0.5006392511052626,-0.5520585111932059,-0.40931864255915784,-0.8430452771134143,-0.48401673125070055,-0.6442137048331924
ACH-001119,-1.0776792930203085,-0.9340388914104708,-1.2865002905485747,-1.7425356826253218,0.06365052744670928,-0.7625227783284392,-0.9873156504711673,-0.7884462934080632,-1.0647924573977379,-0.10956152095426105,-1.308843787991412,-0.15503465416062762,-0.4669767099658657,-0.7578752014057927
ACH-001128,0.17951389803036338,-0.4371487290699142,-0.6685828006472807,0.5902895195581745,0.22463184046288553,0.09232934883309318,0.659100474728121,0.6911220725505831,1.0602122295253205,0.6738943979922359,-0.7646537151121832,0.8012940196670219,-0.022745267807129654,1.230061730408699
ACH-001129,0.14143090740266995,0.5605045521052088,0.02071820328388973,0.22684320363676808,0.649172787332112,0.17522889591917332,-0.20885237583712898,0.1583771928097981,0.12467657899133738,0.3840386554482775,-0.0200977643546722,0.034602380071544356,-0.14977146815216408,-0.0531624913860233
ACH-001134,-0.16214424671847097,-0.06962351878965742,0.29678083716936515,-1.6808019921292183,0.8873425878313758,-0.2959295904688876,-0.8614734070634742,-1.0234189501403026,-0.6310348903135977,-1.0618509121565216,-0.2693248965891215,-0.9000906416613224,-0.7245826764152887,-1.462185566735216
ACH-001145,0.28057484655636666,0.39153591531580084,0.3993470104563539,0.30435729518767957,0.284511195460587,0.3846009711212024,1.2732765453686181,0.9058315958399535,1.4805046780193156,0.972800853785549,0.4812952111195594,0.5333957102317843,-0.11211758728856816,0.5275031700634085
ACH-001151,0.2880502458187508,1.034371131597015,-0.018505596673699914,0.4126048498133481,0.28368154071980173,0.5439321093136182,-0.012622495963160951,-0.6286955566926586,-0.401557100840216,-0.5513430659096732,1.5335009532374053,0.027430673530548205,0.7428329090721721,-0.39397021785568087
ACH-001163,0.23078754002613922,0.08206383782905294,0.3445370269982845,-0.3991270847556296,-0.3150984381605042,-0.28564484525326767,0.6028472613879754,-0.055136459691873474,0.9821362980341758,0.3344218426945269,-0.5457622992474398,0.07642438909164681,0.9515162850590742,0.5395782839713935
ACH-001164,-0.005654517150857505,-0.2878160370948795,0.06993570999628321,-0.5607291721370777,-0.40528350818163855,-0.8914500513669511,-0.7567731764715884,-1.1915423568665395,-0.6370408033993458,-0.6410925328885945,-0.4758643716474712,-0.7103392313167753,-0.33961505703649864,-0.29609366131176046
ACH-001172,0.21597501970429334,0.7655495186744303,0.5064910248737666,0.6060778371684641,0.23197504569512045,0.06707825602752462,0.1922657742522545,0.04349135857955394,-0.04014407474652343,0.5983170474713293,0.8587747812862762,1.0091056689126456,1.1307934221496088,0.4515137949534699
ACH-001183,0.008331969952439795,0.21848350004125422,0.3780327353684485,-0.34264422715059417,-0.11271553820444644,0.00030595515386017125,-0.3730622339696507,0.03701766189648975,-0.12416918146577927,-0.5055719091319685,0.3547539137400424,0.6713411745606707,-0.15434109396344944,-0.63596619563823
ACH-001184,-0.1168997221672827,-0.2820346518344098,-0.30052593023582164,-0.8545217957517309,-0.7612822870172798,-0.7474588906870387,0.35349726233400314,0.4627862623255989,-0.27305258908922114,-0.030885693686654725,-0.947263541289922,-0.0005512530853326036,-1.4459650107513737,0.5163275636166539
ACH-001188,-1.082325591998239,-0.8378877371776775,-0.23405393806826857,-0.27972199800565883,-0.0949045975424802,-0.2797086597200546,-0.37966635424066103,-0.01916110592448661,-0.5590171267262313,0.44850088007036826,-0.5686161614808323,0.7417688728135712,-0.04655589612455824,0.44898567059973704
ACH-001190,0.19541426944575288,-0.794214727403239,0.12380102373002283,-0.49644835892904504,-0.7584394559517651,-0.39779726971366725,0.5816277884285929,0.6773346596105138,0.7673175324727171,0.241865320030396,-0.550326753014393,1.221161067587901,0.5307172176399676,-0.5172894812915734
ACH-001192,0.3078838634659246,0.11557837362705817,0.11390184147308458,-0.21757746858247784,-0.08533096623350334,-0.3878394427676314,0.7882373945211989,1.7165098703080173,0.6224038065614423,0.6208683670308489,-0.9500539264782699,0.5966685515088653,-1.301469786485399,0.7356525047365662
ACH-001193,0.004079358246532855,-0.6967811714183866,-0.4364684018967311,0.140598605459884,-0.181249535610368,0.2007884932387643,0.09166707451228448,1.4484226154162374,0.3066384654610138,1.0074721161041114,-0.9229254233604038,0.7583355779031681,-0.8330687025166967,0.6904517482561432
ACH-001194,-0.393579458816838,0.19784031843437,-0.15544520944209156,-0.05742487201348556,-0.6214832431767604,-0.6039684547995616,-0.2808944453615012,-0.030831251703118324,-0.21689838918355103,-0.18345191118754822,0.14290351205917962,1.230446015965699,0.5300304158229323,-0.05762839822954445
ACH-001196,0.4868544300337796,0.12439965170856793,0.15008418742238094,-0.48718058719557156,-0.9899296271794145,-1.047359608853751,0.5200771698468757,0.3760067602611809,0.6182087905261311,0.17918809135230246,-0.26996967828659835,0.18675534296766116,-0.43703467504482174,0.36321535856117737
ACH-001197,-0.1551058114555579,-0.17411500437866773,0.0233819398586822,-0.07578275313887944,0.416871754678556,0.08292328519214931,0.32973579909659756,0.3302410344226998,-0.3879539880289433,0.5676182035806886,-0.7726804600236368,0.3529243396503525,-0.3946138950957212,-0.05240094935438899
ACH-001205,0.8189725347527611,-0.08889189971644695,0.0671713248322657,-0.8107859865492184,-0.7233299505779163,-0.4002715818268591,-0.4119850433432913,-0.7370030842881647,-0.6501973317888887,-0.45036774057058737,-0.33289191544773034,-0.06959211212483568,-1.2523709426177336,-0.43610360131877135
ACH-001211,0.02160015567196258,-0.7410776990948533,-0.4525653485532587,0.4025531457740113,-0.14329210269425888,0.14971429962035096,0.4443747438373897,0.6036205381540871,1.104159898226507,0.845549128291944,-0.7196954257337748,-0.075816261589913,-0.784811460193692,0.8572395767329895
ACH-001227,0.5105540102539368,1.0952859644996233,1.3375511935839113,-0.18313998677298082,0.7050761222450252,0.40529648640679855,-0.09720256340962866,0.08795486914425305,-0.2162362085606762,-0.007948498899685935,1.0004688342888428,-0.18701049986334148,0.5377369640032088,-0.2799810845540416
ACH-001228,0.19993552253180025,0.6400962873010368,0.7587841669043847,-0.6664448058599655,0.27573972552542503,0.14907348051210378,-0.09224068283261455,-0.0944868603670985,-0.49815736756993545,-0.10045373805795085,0.48237991914528033,-0.019719392167401865,-0.0880448912673311,0.1894890438310866
ACH-001229,0.4208207166151663,-0.03864071113395301,-0.08819173174227066,-1.4337570660174281,0.027199661700733013,-0.06530123634455942,-0.5546783249324704,-0.5971344377275288,-1.031068222754931,-0.907093957180866,0.5008197682636522,-0.5922618146981468,0.8471709567238663,-0.6429732692507142
ACH-001232,-0.4984278590102443,-0.17708674033113558,-0.38420495601327864,0.49380547166193284,0.00699242511564796,-0.08117701554543577,-0.3851674734032524,-0.6369759012487377,-0.5483491569264738,0.6016821977804049,0.3616658226558586,0.8562331306070541,0.8779501167064434,0.2454294813243323
ACH-001239,0.32486189382376685,-0.20582411244252025,0.5853055557466438,-0.09266620983204375,1.3614309884697169,0.707710005409312,0.2061522728092571,0.42070018409708554,-0.050097985275191104,0.5584251460685415,0.12658462109217047,0.5726059146566308,0.34200106660832386,0.9719145693428415
ACH-001270,0.3576597531336637,0.6575897321072547,0.39114369448700276,0.5698649433882473,-0.23847634102842893,-0.146236617825836,0.4861341774299702,0.058695706181392825,0.028948728657686364,0.2017735123944771,-0.20985491356733277,0.6393280446118773,0.7808837989615103,0.5777099886697943
ACH-001274,-0.4319312492326954,-0.15994358505399728,-0.21344529790618863,-0.0056183606262513175,0.358034835550598,0.11740672754106529,0.06481204192113732,-0.5675142242996108,-0.31385642267343483,-0.03655943379550339,0.5743714567372699,0.6811156346283495,0.8709428797303376,0.6440636436962353
ACH-001275,0.36668759335431683,0.5369095685582912,0.22919255006208766,-0.14578766458682174,0.48761134884136714,-0.0960444800843542,0.1243767994459409,0.2825431781727323,0.22946828679646175,0.03671290124722734,-0.42293920220204706,0.7326692015353946,0.25790856133957935,0.8771902844479763
ACH-001277,0.1186495847558246,0.8658611526324009,-0.04871669575073678,-0.2212965365768382,-0.07649511254436253,0.12900934393157826,0.5072637305294365,0.7763525194888754,0.2670488846265441,0.47525840773259165,-0.19374819989558292,0.8376741851753529,-0.6851129420889988,0.5993963453969924
ACH-001278,0.24898126794983083,-0.20677638364114245,0.24658163566042307,-0.20841921877041686,0.20488474045268623,0.43439732548927823,-0.06175639456684284,0.39374738998932024,-0.15997137827987556,0.535559214837298,0.032369492108493866,-0.0438657483095965,-0.19874642012685123,0.45810434919387333
ACH-001279,-0.31045153751317905,0.3645784317808759,0.018603192344031044,-0.2251281552932035,-0.172818817375541,0.29291815308268576,0.24051361446573977,0.4771917520150206,0.18083410860551993,0.549111676341855,-0.8044932337470884,0.30042599989520413,-0.006208334999068636,0.5045809298815288
ACH-001280,0.8681621596619775,0.4324398625482615,0.41425812598039036,-0.4187120799143508,-0.23068182338920312,-0.20239297528963854,-0.007699710870411797,-0.11145185390502099,0.32581546644356474,1.0969051337184084,-0.8079577036876272,0.7245690211533007,0.6796791650019696,0.38138014674072684
ACH-001283,0.612897099027478,0.482679820473221,0.30971213309443973,-0.8621326452373144,-0.6473435972093986,-0.9568905040958913,0.78143620959536,0.04666144032514574,0.2264716803545045,-0.5474955898363913,-0.8451570319275226,0.07117781569213588,-1.389980374855342,0.0425879381128057
ACH-001289,0.48549397669134087,0.3490280401272634,0.8262786241475256,-0.2399830738063965,0.15903677884340045,0.0880715856538139,0.3371780926027243,-0.12037921354063974,0.5288873589271033,0.9610300249484631,0.40645776377542586,0.6963651911466125,-0.04359750824363892,0.765806410192881
ACH-001295,0.5746595278962583,0.12834445528189703,0.30688411753649397,0.19998289281644388,-0.4168122955169353,-0.45873177289683253,0.670834565915629,0.7058233747486063,0.6164703484895709,0.39651980404090326,-0.4596867442282737,0.42866759991524117,-0.38728845198298556,0.8418136416739759
ACH-001300,-0.23825044706480836,0.1363249373957119,0.26670649729475504,-0.4727261161740637,-0.318459010468919,-0.5109844840478959,0.07995971935609963,0.18739155766707039,-0.00354316616991783,0.37750594490077033,-0.2604782989792627,0.40134625356438625,-0.9479231055100551,1.158499111275232
ACH-001301,0.17330448354878158,-0.4282196271268288,0.11980135824201049,-0.43811616886295773,-0.10765892265710475,-0.5735549695718176,0.5643006070848723,0.2616332425487056,0.43619303770072904,0.36022643959656775,-0.47427102529873055,1.0148803345387336,-0.5684432056783932,0.3745872923445514
ACH-001302,0.3557115390455591,0.26493101606835884,0.38059816443967914,-0.5021655716234914,-0.4594202438534072,-0.3372151340227705,0.4258824202237076,0.38020910792939544,0.24934429629194585,0.4982105356284544,-0.5056643820854687,0.3734217624217421,-0.48503503683027427,0.42945115269609335
ACH-001303,-0.08010943084253358,0.16003683942490876,0.5414967665795554,-0.42544691637370824,-0.7783401465352636,-0.4299826153694824,0.10720695858266768,-0.17031469013423337,0.03933664323953706,-0.008202106940608855,-0.5878126603568519,0.19901249224055756,-0.42082723854857756,0.5048089250616717
ACH-001306,0.11723411594324015,0.3324882725741017,0.03295215956370196,0.5940346324813275,-0.37525285420625576,-0.14997317141972713,-0.05576385385881111,-0.27119932578656,0.20884355727693044,-0.3691068457659769,-0.045918466439700364,0.583487682637598,0.1072079963649581,0.27774807216695147
ACH-001307,0.07499273663976697,0.2411660196691805,-0.3244406531864475,0.3286452138073529,-0.49839553821745924,-0.5898443142582274,0.6710699734298553,0.7243792791800701,0.8576179302765479,-0.018141257803470378,-0.6176884740410191,0.4989589906724313,-0.07336173279334401,0.5460064391037555
ACH-001310,-0.44497924287894497,-0.08582144043336554,-0.1285296467647515,0.16509272729343574,0.6033019376634923,0.2811986247487006,0.20394664410973032,-0.17052795105170715,-0.039934709800152166,0.6222687008529691,0.04575663280471881,0.6136429918657759,1.17055080553664,1.0827724837481085
ACH-001318,0.4596336432176277,-0.5324930362843814,0.4685590116678904,0.16417009548702907,-0.4814323973403933,0.5465427038177301,-0.11939609702735751,0.020315741536361343,0.5264520787582699,0.4739086405990979,0.787444206343701,0.3399724308276378,-0.4452520163654564,0.0795437391727229
ACH-001322,0.5496646041620351,0.5917413267568018,0.580349914950864,0.33062290334403954,0.873917050961764,0.7943269344966757,0.26927653792105044,0.13371591986395231,-0.009487630684849362,0.6503653279255139,0.5023243869528201,0.8870762269824148,0.8187107654492041,0.663525949126316
ACH-001328,0.10358308568847703,-0.2863918167613476,-0.2875881917963884,-1.2698242280001388,-0.41562434014362315,-0.02743020411063163,-0.2075673187541653,-0.6950282632875102,-0.7818473354607942,-1.3531410104055377,0.4199124059989258,-0.2698852520876024,0.3016529923565708,-1.0698156461255928
ACH-001329,0.5580007469420606,0.029845326712380892,0.14180581361152647,0.11580170292530906,-0.040686941643240965,-0.1504976287448577,-0.26275062251356196,-0.44667697652717814,-0.4085877255484629,0.055565765730444056,0.37619108105356336,0.5058816083711055,-0.1403495588593784,0.022144340510430703
ACH-001332,0.9570874100396835,0.8156349189589523,1.0963013764189002,-0.5405928918909838,-0.8503790029038422,-0.34744088016259533,0.15716903928444056,-0.34807231628690216,-0.23937468693175684,-0.9434786347906894,0.1537843655186294,-0.933626285454379,-0.2026290419712902,-0.34369252985963794
ACH-001333,1.0224814333595358,0.7452865538961041,0.8016873242823711,-0.4861194801536717,-0.3233237465460892,-0.12662495924933298,1.2207084951917009,1.167318802495437,1.233117283135619,-0.06132199450124798,-0.9200371171533888,0.2934782271672519,-0.912416761248358,0.837856008973362
ACH-001334,-0.6728774155070204,0.5471638920223473,-0.6050368818855651,-0.5439728287357527,0.09717917628893435,-0.05871259443918513,-1.2114338736699921,-1.0107752816277753,-0.9731855396784261,-0.5426099260967465,0.5209168764379818,-0.09250878832527298,1.2168339591995707,-0.5450170273093314
ACH-001335,0.011388658265450519,0.4771959085514694,0.18451382119269774,0.46356223875894903,0.6840360461329485,0.4039988856575404,0.009646062329615637,-0.3692293993393188,-0.7296183833807119,0.3282964610832616,1.015183755023273,-0.28667889395628776,0.9757226837235358,-0.4432045473578807
ACH-001336,0.09027683474869713,-0.748362244265134,-0.6658410566627431,-0.9322900636145859,-0.7642089255422534,-0.5375602474615626,-1.5436123584676094,-1.3960035257706505,-2.100537624801079,-0.8221326078787299,-0.36149518741027015,-1.238430198311737,-0.770262403144536,-0.6275056375741245
ACH-001338,-1.195742218933614,-0.5981963684003615,-0.55589423480384,-0.15430642282645746,-0.7697216363202695,-0.4747562319073471,0.25898473749839135,0.5482347551321864,1.1489189235894153,0.5489875304577508,-0.8493578158805473,0.8370478300512514,-0.5870652363434035,0.5262499457236929
ACH-001340,1.0157850032116342,0.7558601948199077,1.2204184474316566,-0.18494992051626719,-0.49945571868580013,-0.09268666037245873,0.5544495987525422,-0.41342902923785557,-0.28053551746271566,-0.09778349743682857,0.12954958167695171,0.20895895365022873,0.8882217545973583,-0.39256110514054526
ACH-001341,0.42534368948396145,0.018089393708264234,0.5986361058578017,0.15024528564670178,0.0739313706917587,0.5632987388940848,-0.07892580712550007,-0.09784029534134617,-0.1350173368087138,-0.11032458380101642,0.2859930880935376,0.1288131583843475,1.4744030702234596,-0.5209122182383661
ACH-001344,-0.2181978764298732,-0.7721231060599921,-0.36005194112407246,-0.2822096183229492,-0.2041295711967437,-0.29359989210716,-0.5437717112185867,-1.1258247423879915,-1.0849857154552665,-0.4567715636789312,-0.5842081297036512,0.27986400511858567,-0.05997355865378627,0.27625904687264546
ACH-001345,1.233700910228875,1.8262586631384043,1.451918680757857,0.5442280648775127,0.8267099426813072,0.5506258900961197,1.0090132112471664,0.35884674915402903,1.1802956832430478,-0.2573119171727062,1.0000624913265832,0.1715901117965989,0.5057468031608082,-0.30638258407356334
ACH-001346,-0.14519590492480555,-0.09523507685074123,-0.15110146869832392,-0.7690088615998014,0.10710433903930797,0.5483634577086152,-0.4541357949961717,-0.4800209780037271,-0.8055319654325522,-0.7063547517798718,0.49458700049848753,-0.5169130591419938,0.518394014004153,-0.593146803866232
ACH-001347,-0.5189045572799917,-0.7428506047964745,-0.8647153488340411,-0.7931003354955106,0.28141294695941543,-0.06325425916284133,-0.9450995868246815,-0.24760826770851466,-1.4531852195877901,-0.7837956525535877,0.14939891420427767,-0.744725465885294,0.16117114468316962,-0.29693866526895923
ACH-001349,0.03902921146965942,0.19357530347528498,0.3845767593121625,-1.0655735940012174,-0.8867333858926587,-0.5071777027910003,0.20167647328333418,-0.017164652015567772,0.15935765815791822,-0.9232468654225948,-0.5136985170159662,-0.6751344877631585,-1.4377106015800134,-1.0035682551494967
ACH-001353,-0.531169900537674,-0.34261296665566804,0.05802652870479791,-0.6522634134827086,0.5030574499437763,0.07450529472609596,-0.9564333099382,-1.6771218808569526,-1.6950930260974149,-1.7243687581359117,0.3800390253542006,-0.6906264277397918,0.4465629448972709,-0.8555654678304725
ACH-001354,1.235431935629257,0.7314712626864782,1.2098830638545852,0.39275418822854113,0.12425136804611803,-0.2757028690166609,0.780535263038731,0.9435892786630682,0.6877979281270542,0.9285603965774909,-0.5085653393105743,1.7031809252895251,0.08069737501752494,0.9362073528524442
ACH-001356,-0.43516986236141486,-0.5583831499048083,-0.3638711119754404,0.07020245074637671,0.12112132264653735,0.08295371065360702,0.008735328118930047,0.03141358107483816,0.07531195293361637,0.3019144380680245,-0.2909981631274571,1.0969945828382694,0.9810231397479968,0.7930598323260586
ACH-001360,0.21160252195188223,0.25947583035206156,0.7302093627177522,0.0625913355292389,0.23719054251174598,0.5428130605186207,0.6767142034742354,0.5245771866744215,0.05544014497042046,-0.8087491574566983,0.797950915536614,-0.8004663651113225,0.7075414649219797,-1.105273128128879
ACH-001366,0.1707571033089646,0.020625070175047944,0.2607435576026951,-0.6440653448256977,-0.8190770690367062,-0.37926475017300626,-0.14600470962870216,0.1412673880582005,-0.15399012474516965,0.2004270737708571,-0.9607365543932975,0.1918981391559374,-0.3743484019438073,0.5162849134305332
ACH-001367,0.8033881681517763,0.24899628420081915,0.979199280788035,-0.23084788808725376,-0.6165033362325711,-0.4005906679762364,0.9827612666084982,0.579419648435462,0.8912649302826012,0.4336167523936342,-0.6126739862103948,0.7700095381214989,0.1491089285042324,0.7015960836286055
ACH-001368,0.4308332806076761,1.0171012519970808,-0.13467640176909956,0.18861295124998678,0.025794588082523495,-0.2163426048445074,0.3730721224116932,0.14723763845210402,0.5715166673080416,0.03701362396741939,-0.13992128722443298,0.38538555232153426,-0.9686887169963564,-0.07767542890559481
ACH-001370,-0.2453729275699129,-1.0947489591908064,-0.994516337358303,-0.8613509766247702,-0.12944682619712322,-0.4504603487944723,-1.0274821583048062,-0.33824297418936494,-1.2577584310479444,-1.1064340420907848,-0.5839600977883121,-1.2708293493567022,-1.1160172510118014,-0.5750882641475424
ACH-001374,0.15138134645815043,-0.04357920160246814,0.14941483344817397,-0.1724492378861819,-0.2570360247801332,0.4465025281849642,0.659570425830086,0.41030149852038156,0.5006700459059725,0.09119156938419981,-0.03309212334828929,0.33006280834648366,-0.60517746115591,0.8443048246552182
ACH-001375,0.718812424072766,1.3519940008861202,0.6085995707196636,0.511108424286984,0.2674464952135398,0.28483639248243187,0.9352014424456196,-0.10314108921591075,-0.036956247340813764,-0.19861744936845888,0.0018302185779877737,1.0707342884025892,0.25305671802603913,0.11054511014297608
ACH-001376,-0.22033075320325077,-0.2521135312102372,0.34105253373925276,-0.5969762049450653,0.0038606866958103003,-0.3156357395018936,-0.869124651901692,-1.555158851049762,-0.9777015344330824,-1.3348537285189157,0.027727827544359207,-0.9575072045064238,0.1269792403824483,-1.0466497545201965
ACH-001377,0.7580382563252238,0.896230463902127,1.1462098185411407,-0.11933852277191942,0.17064342951527875,0.6053955020789498,0.5015293505835339,-0.32448987266665164,0.29678245093613,-0.3513591349763927,1.4823556613106363,0.20074718883973172,0.17718918467507916,-0.8411327063342969
ACH-001379,-0.1789115817481722,-0.0049369093133179165,0.16305099685790816,0.052309166001320656,0.5322384643881238,0.3669905991639073,-0.10258691232735959,-0.6713209841441184,-0.345153984041416,-0.8534529411910314,0.48044984262276696,-0.24452072568443559,0.6308464850304338,-0.4883317046088066
ACH-001380,0.4070487358448933,-0.20041647589614414,0.13735821074947172,-0.2530717143038367,-0.1748432585545322,-0.07384734407469777,-0.2537478813623125,-0.6070597007233947,-0.7150278171393916,-0.47463288774871354,0.4296583565734472,-0.17741696797415674,-1.1116722088184297,-0.47220368531793844
ACH-001382,0.7806121720661453,0.48138271968418844,0.9644532199371018,0.019549686674015798,0.24316606843134786,0.12096325240267077,-0.5313030733449027,-1.42161585224732,-0.6800215547334023,-0.37584003900726554,1.3739950712468878,0.0011913613959316227,0.5605784054049856,-0.34006301197565614
ACH-001385,-0.8657719984682892,-0.8713228017977311,-0.6912552466452755,-0.7882160032435164,-0.37614284951712657,-0.51580471694356,-0.8360888065435402,-0.5071153092289935,-0.9908635828696831,0.034520334841525946,-0.5389539811693072,-0.6962675624143639,-0.30924870079307293,0.5167480278233828
ACH-001386,0.7120681147997087,0.9536255465029382,0.8292296363679257,0.8266399998298728,0.2637553751377324,0.23291484006880409,0.4723630827606937,0.5512208568205408,0.2734477990968907,0.9413505978564423,-0.29017451838191993,0.44448369727402615,0.327267380803973,0.4398931914732604
ACH-001388,-3.692353555568274,-4.050009735076535,-3.7195962440293506,-2.7261574979111667,-2.2911270715275363,-2.567750774743261,-5.490584694219738,-4.574557169508378,-5.49843007529921,-4.274731753918363,-1.7478662461902483,-4.584721927481522,-4.391851632509286,-4.197165449190463
ACH-001389,-0.15211965510583145,-0.041662636258658736,-0.5137370450706128,-0.24628068204767348,-0.6209665152802739,-0.003156165534094424,0.1348715571639431,0.08331757566799164,0.17760043170215528,0.11676101650268665,-0.8237709156904742,0.41230224581158154,-0.4682405142039478,0.15469992638331287
ACH-001390,0.6576664457633536,0.6763029613553717,0.47425181277897777,-0.5795363286539444,-0.5716007848354419,-0.2786736393796626,-0.06612648733500902,-0.3810296778564996,0.14581564874197867,-0.8938723823677321,-0.036520181810946184,-0.694105429448896,-0.5334633496213181,-0.4025765733973394
ACH-001391,-1.2365450197969512,-0.07995373101474229,-1.0971352417085,-0.9806638951246851,-0.44677304144551033,-0.3542438013042046,-0.5380912369631099,-0.35077601570939054,-0.1801325771217113,-0.5055682962439663,-0.392432695143208,0.4250762850213456,0.31096378344123216,-0.4746222448232952
ACH-001392,-0.1662080725434507,-0.5418752684921619,-0.06720058328778122,-0.6118766102439169,-0.5354042111927367,-0.4402849373193878,-1.655702315711007,-1.252816064924538,-1.0537121152175537,-0.7661419133869904,-0.3454084901898917,-1.268825733133859,-0.06989102901160706,-0.3722029328193828
ACH-001393,-0.3264878802696869,0.7744934600692441,-0.11656787573782557,0.5031237489185506,0.26097845122790125,-0.07118735384524305,-0.8322382395501783,-1.092378075172768,-0.05867314767592946,0.1451383792013978,1.2117696373543354,0.6863698722940632,0.9338644474001501,-0.01669716750343997
ACH-001394,-0.10705097066774788,-0.31368570119023076,-0.47190519645437734,-1.1943604686327784,-0.8907884876488357,-0.46845348605184944,-0.7393139842449789,-0.6962373337483463,-0.8407884530128031,-1.1023496008230476,-0.04791976208854243,-0.768986489600751,0.04245518482401428,-0.9024686954067295
ACH-001396,1.6245848857737388,1.003738480156572,1.3831767220602058,-0.22092680440080034,-0.2543096220126225,-0.07804635835449042,0.12961318876399544,0.028404080497412137,0.08179968247288416,0.21364814589530304,0.36208739237333204,0.47226844358211517,0.048280954157317826,-0.439737399965983
ACH-001398,1.1625727407123623,1.054295474193411,0.9480351402818206,0.49702973519825017,1.1827091137538952,0.42427652007531136,-0.3495493137046666,-0.81515525971949,-0.2648748153102113,-0.29517082468240025,1.102233550647949,0.49068581518072085,-0.2093432496917042,0.18812417534119463
ACH-001399,0.5841774748825923,0.006149010810470507,0.24931697079365484,-0.16449039090907158,-0.25864726541870653,0.019409888964484645,0.31567571620430046,0.2449225322952961,-0.026572904144371093,-0.7910073217331575,0.32153929285469846,-0.2683608922823426,0.6978036424943277,-0.06127132923552841
ACH-001400,-2.3671023725439793,-3.0953223944383983,-2.098763587673319,-2.689168938711993,-1.276416977010936,-1.5790769048098514,-3.9249470647346927,-3.2224508228336464,-4.051674291261009,-3.5659953201184096,-1.2577723429435734,-3.841213719523812,-3.1633875866607237,-2.957583986346556
ACH-001401,0.7243302020629532,0.5695745110005035,0.32741262909167934,-0.3331287548148769,-0.28404430156030136,0.15190684819167333,0.46029726746845795,0.3461034733045959,0.8078264092220221,0.7010529662502337,-0.3362886233779441,0.7231625333107791,-0.4857516778734045,0.21572065181191397
ACH-001402,0.004081249275509458,0.13557901233495404,-0.004752593400931704,0.6586293636709787,-0.1587574303866742,-0.3961812543227092,0.22345921574908573,0.16822608078111623,-0.06429883474803037,0.8147429881051756,0.06475184697074243,1.0346955933908486,1.0000324665996128,0.837766006645371
ACH-001403,0.24207307745664197,1.0032573310312853,0.42463137205361157,-0.01342667900320589,-0.07152997339758396,-0.2694493817407189,-0.2923478131586545,-0.4020220122652722,-0.3471562645896593,0.6956117831088473,-0.04008019952849326,0.35301633996143406,0.9150079006386369,0.28684844012347965
ACH-001407,-0.4461068201284155,0.5897848490905487,-0.2049111941003061,0.46258715197848216,-0.36507639614479837,-0.7284663880380529,0.4350018186928626,0.6022915086797866,0.45507991005525433,0.16531369248139885,-0.6099887452674193,0.571069747534829,0.34362333117539745,0.27495084769345185
ACH-001408,-0.026966969155043194,-0.40486422970037983,-0.16863518855315096,-0.25800315860157547,0.15618927335029348,-0.09170715409423719,-0.4754596436327596,-0.5632901720833656,-0.7313725473889818,-0.3944948885354746,0.6559249164589791,0.20411060773566386,1.7242433655505172,0.008246578476247102
ACH-001409,0.7391323197871692,-0.028122174686036113,0.524251246012752,-0.38629023990122346,-0.2922108799146715,-0.45701204818650804,0.05159521165623274,-0.2007984216070993,0.1211870859055285,-0.4807462509269697,-0.22032084263396773,0.6899329016029208,-0.2086808355664423,-0.5778158399991979
ACH-001411,0.14766887743319115,-0.52254479780923,-0.2625244153192976,-0.8391860278300429,-0.02857655582800693,-0.2280851629225906,-0.929690919473692,-0.8362351778197514,-1.2691328697790392,-0.8945062086808266,0.2750449669911639,-0.9131475052592335,-0.36057615015004885,-0.7975948094628471
ACH-001412,-0.4750379962810599,-0.5691484634893276,-0.1031608909873101,0.3680923625501801,0.436591142064973,0.012834786031884426,0.387860357580056,0.17413470179042242,-0.04626660818569907,0.13356791536960785,-0.01907802257497032,0.6487419879799463,0.7672950111087478,-0.1330613993051035
ACH-001413,0.24341895049610335,0.19660976995031387,-0.22826766762171585,-0.3404543599835557,-0.2953406667349652,-0.6755555931858324,0.42368258981487783,-0.10904363167611825,-0.0636741821026948,-0.23011028486104979,-0.6723777406844995,0.5818666788092756,0.5145898175186365,0.17514077624054902
ACH-001414,-0.4151728880596763,-0.1309586360436534,-0.21903343670462497,-1.7368394998051542,-1.193159111228477,-0.7238418531680249,0.15142251565508988,-0.32011024545153316,-0.44356131893217177,-1.620203930278363,-0.8120255831652158,-0.8393595636558752,-0.25927209845387816,-0.4114416406175013
ACH-001415,0.023853402693607195,-0.1808846710368211,-0.18692484324933448,0.6671418324990445,0.5714862790913852,0.31986581471608144,-0.118339507950589,-0.13785599380104352,0.07472157653448457,-0.04312284865005955,0.4475961266234046,-0.09334307882363041,1.2766598657742518,0.3947200302809611
ACH-001416,-0.049820500234550744,0.042502736139451505,0.5322951900209136,0.537532109513173,1.2142232740790961,0.5438628593002298,-0.4684768787504447,-0.8834568383113564,-0.5054664090136873,-0.047930101356594354,0.47375046972160584,0.35882168822630545,0.7228670093493725,-0.039881713761815235
ACH-001418,0.3650222857207431,0.43567835819026635,0.35559907919481126,-0.208248009935902,-0.3695052453158725,0.006478032497587459,0.6354062498474924,-0.4533134886230038,-0.4534361320507412,-0.32131759460048437,-0.0031300898247581393,-0.2672279227439745,0.32933516431688403,-0.03978223649057455
ACH-001419,0.5762893959637805,0.782782802169133,1.0917452897436575,-0.14824914987583937,-0.27599224177243803,0.4379527740775991,0.2082936836440672,-0.22198086454934554,0.5528183003315933,-1.1123733882334945,1.3378085754692326,-1.130117520490678,0.06111444668523529,-0.7693179875843162
ACH-001421,0.333248460065042,-0.0006541478331094364,0.11626737694273243,0.1309093927348902,0.24179794058159437,0.34266618694180917,0.18651683041586717,0.16175472229127225,-0.07290791034183447,1.0897099571177757,0.331754294344635,0.14716441277900438,0.0691685215308057,1.196405651601634
ACH-001422,0.503319207478897,0.30994522920551126,0.31648406007984486,-0.573085940408129,-0.3580106399194136,-0.34258037688280285,-0.5447724055957414,-0.9142912865705984,-1.0299252074647738,-0.47824503948623703,-0.09692005080422261,-0.5602599235820303,0.6070946470861343,-0.4156468966114643
ACH-001428,0.17635155725894777,0.5661163882720177,0.03652279446252485,0.08491608691933727,-0.5606041722858249,-0.046801346967537766,-0.039893545315103696,-0.02703921079565825,0.48623149891154505,0.5614598120842006,0.6284536636137573,0.6733211485683843,-0.26303893599993067,-0.24661819168422938
ACH-001430,0.24164958873769837,-0.14010955825118943,-0.07819508447340881,-0.4263586823794681,-0.25163833408917746,-0.22055652300798517,0.14540172998145834,0.1955693540944399,-0.1519505212138744,0.27952676352678274,-0.7610875474383143,0.04837406017220543,-0.9426863927820204,0.1654015307468032
ACH-001431,0.7047958922272126,0.5979117282768431,0.9006133189134039,-0.34177317536262136,-0.1452599598695083,-0.223178366521921,0.12681779827167067,0.6064240132384309,0.25776191036264967,0.196124309361786,-1.1249856205060438,-0.3253419073978566,-1.1697109765482367,0.5764429232357926
ACH-001433,-0.6215630821853134,-0.7345507917512635,-0.48415246157968816,-0.6130805868375633,-0.6105181440235379,-0.6716704738137184,-1.4753396954840294,-1.3046072002697346,-0.6622283905795063,0.5406541398171866,-0.8544446315411866,0.06279191248519045,0.3346575377156592,0.04008638746660565
ACH-001442,0.5000259013197014,0.1603847159824887,0.22726316339322045,-0.9487528166106607,-0.7297929079397669,-0.2980637127184513,-0.011769982276677804,-0.8698062781643401,-0.4857390134328202,-1.55004574239849,-0.0030894531438070555,-0.4845369316901694,0.5809161102901895,-1.051082415676992
ACH-001443,-0.38416797598024166,0.2895929146918924,-0.7391664471467818,-0.23044755857517507,-0.5057851982929669,-0.4311043537706673,0.04400826198406649,-0.23521488971974613,-0.014257035391908923,-0.4414145807274716,-1.1015405462243122,0.8376066377253726,-0.419918830385925,0.2747425736734927
ACH-001450,-0.44388491459139146,0.5715380627994797,-0.13967752168069825,-0.8468791230946274,-1.1203318312086434,-0.6514032145618004,0.8473173413235248,0.3858650779975995,0.7196046529195158,0.02949568576885586,-1.9608174747181346,-0.9851751516636543,-1.277953448037339,0.03279607579745353
ACH-001451,0.47537046928531407,-0.8096701350041828,0.06288217521216355,-0.16369943929815567,0.20300084142897054,0.24023265956104564,-0.44558886899575745,-0.08930227633238,-0.47593993681452285,0.1426593340208947,0.3817870496644084,-0.003096621000077404,1.3372346061179199,0.178604070625727
ACH-001453,0.20127329871157035,0.1497908663150223,-0.6414285095142396,-0.49557530338404715,0.12679124754239393,0.6062820959121574,0.1507621853724782,0.67399035750464,0.11113542618910072,0.032845813073942326,0.12760695666739696,0.11467367995411812,1.3263818316463842,0.3763876349327896
ACH-001454,0.1500695816465698,0.3966771894670832,0.23860405248323507,0.3214533559646992,0.3698849713424369,0.34421973523117455,-0.3417205092313382,-0.2518163503280862,-0.4567415619505555,0.04076793578990806,0.5965635634211814,-0.05504533989403748,1.3453568404848641,0.5580214682023015
ACH-001458,0.33106106260142,0.9947352029679996,0.8882124465869171,-0.0408682780832359,0.5068125162361439,0.5269472781972241,-0.496750937089214,-0.6678659385016399,-0.48008852524667156,-0.56113535206259,1.222212300469308,-1.0549333657911066,-0.4950388489149857,-0.11927682459691041
ACH-001459,0.6067408996585059,0.7461394215953557,0.6361892726803903,-0.22914428685254412,0.3757230791323104,0.2580255665234411,-0.7427227739265332,-0.8670155493720311,-0.44447443521501473,-0.7876653658916645,0.9308933249555749,-1.27518117386549,-0.29107416743073145,-1.0896351475242867
ACH-001460,0.6687273470928536,0.8248504118049227,0.9020409829376225,0.31681002451232854,0.5400618534439487,0.30542190111680745,-0.048122363025062065,-0.387859144795936,0.07053504925057762,-0.71563330470081,1.2656704940990702,-0.4472387410168577,0.0410117418352892,-0.6183456562536042
ACH-001461,0.9062939128083153,0.5592093386202937,0.9547682943234473,-0.6499908524899983,-0.3318862358943361,-0.011130592452091137,-0.21370879622791955,-0.63516384408504,-0.13709464089052542,-1.2652596167476797,0.7240732659681468,-0.9192491476229008,-0.720332213722848,-1.0824397074184549
ACH-001465,-0.27822420410467197,-0.40612509109904005,0.24047020161518576,-0.6019200760952409,-0.4217550676411089,-0.38935085307882333,-0.7579009110232984,-0.723390202519069,-0.6637841064689103,0.2573019833514426,-0.5234275877142034,0.49202560146896407,-0.1665357286702114,-0.3078693609384253
ACH-001481,0.9407744303684239,0.4926718744351726,0.39028392756757896,0.2496018583783577,-0.04577043497420538,0.08041840073295359,0.21732836655521637,-0.4999684194671762,0.2901059151908863,-0.09510805921868894,0.23104778428548794,0.7094130753319119,-0.07606065285102828,-0.3011305296090929
ACH-001484,-0.437667489760203,-0.6193651279269574,-0.27299092472839426,-0.7749523551082118,0.11995203626119622,-0.500099135270412,-0.17249337529616945,-0.3191426709250167,-0.34758153179712886,-0.004647935338214393,-1.0119503658752769,0.07106241130661034,0.5032388913960284,-0.039399385366578055
ACH-001494,-0.22558664090677927,0.02350073702638833,0.28037601097879333,-0.6907422933656828,0.2269042105286475,-0.005819537164116317,-0.9142099579696599,-2.124656692165975,-1.495779177642903,-1.6075861521329589,0.6231578828151816,-1.1115445475889132,0.31146203545307016,-0.7334341095125836
ACH-001495,0.5471504375830185,0.22458562694124765,0.693227689757227,-0.6607257777638791,-0.780629618279293,-0.15929892163274795,0.9115817505481705,-0.08574201901624717,0.35844153104188237,-0.832468074115394,0.14288879789743925,0.09778671249502774,-0.2500582656321333,-1.0926950151728114
ACH-001496,-0.08740152834378839,0.43485918018443426,0.23318359740466438,0.19806221725653292,-0.025386686143496373,0.5999332694165923,0.06690488364677916,-0.2411912304547568,0.11843894233704125,-0.5932453181490993,0.8819300909447091,0.2686234959350698,1.174862377001506,-0.4730033251546639
ACH-001497,-0.570726660460635,0.433471680482037,0.16635017656954115,-0.6783052649177983,0.05231518846493853,-0.35185860562728516,-0.490819938204724,-1.1968726182834193,-0.4641996609740272,-0.8412687648751038,1.0821609782286337,-0.47976569533343894,0.4817919451247488,-0.6698061656830113
ACH-001498,-0.9505787517809392,-0.5487633348472448,-0.3859601895819403,-0.9090698616826522,-0.3816780854925089,-1.2533387177546982,-0.24429404656700815,-0.1108037208086079,-0.3756479364024942,0.6435821202199046,-1.5243489109558752,-0.5213362945559308,-0.14239923662314843,-0.1428005858372038
ACH-001500,-0.1972261742984283,0.36397251262551944,0.3278487075732368,0.6219832080866906,-0.0540535023655396,0.35148504692691473,0.16985849720141216,0.0612816728396533,-0.05695097521530082,0.09784834576222473,0.37695412678929535,-0.11823406755465073,0.6016858558851778,0.09179130874292342
ACH-001502,0.1668481309489611,-0.8500903117408362,0.3266525789383645,-0.8144093914422343,-0.771518344563513,-0.7817146212921868,-0.689565266248229,-0.6196173785222653,0.07528061607950115,-0.7796376326264634,-0.4278804368787847,-0.026124386001333322,-0.5757998876402276,-0.814340509673946
ACH-001508,-0.09068215309021,0.12175112049373549,-0.011916568914345893,0.6807602569244902,0.4703769688592171,0.6589064928215502,-0.5173760607940336,-0.3460454185566734,-0.4475544686645087,0.49633630661406003,0.3334988742524315,0.4604647596238436,1.506594179464893,0.6252246053139117
ACH-001509,-0.6351961224151573,-0.9653380448104784,-0.9690218942689802,-1.813799942367898,-0.17126892511937508,-0.09063322528777107,-1.3434982551012542,-0.3042421393153519,-1.4648684805478067,-1.3012528751936125,-0.03807679199406666,-1.680222734667538,-0.6153219515506294,-1.091286995247911
ACH-001510,-0.44438933427274147,-0.9855391906116218,-0.7687053930951157,-1.820868053722646,-1.2032641259791352,-1.112366624066702,-1.044241573452728,-1.230310430761136,-1.2764068248279303,-2.0720394801999555,-0.8006295819681309,-1.595886236083753,-0.2549536721160923,-1.793461813401286
ACH-001511,0.33988837740208533,0.1660881742807681,0.5211351345825783,-0.5043553378141886,0.3490077351397418,0.0927449876524491,-0.25700556369668254,-0.7609731530599956,-0.7795336318259526,-1.045726468069206,0.35456998443941223,-0.5344851783266447,0.6407648803087904,-0.24852145277805554
ACH-001513,-1.386296673271058,-0.6022433400061897,-0.6855780325144577,-0.9764097109381593,-0.8712125047948107,-0.19297478670615936,-0.8141099856117445,-1.0155483602887592,-1.585300522885934,-0.24719333221986983,0.2681383744238279,-0.7865640990396552,-0.6790148882941377,-0.24827808697933337
ACH-001515,0.036810023634519184,0.9478327732566371,0.6966349980903634,0.41676544585302777,0.2881646778144178,0.12415186496157792,0.14803951252585568,-0.07342478843867595,-0.23206506186606973,0.31956076328034555,0.8811912189409518,0.32207867744023044,1.2954431171837733,0.5240645737512222
ACH-001517,1.2874570331484148,0.5363166741343158,1.0822240581823488,-0.5153053488270819,-0.3901898769917829,-0.15856218335682115,0.4869378251933217,0.2601813448900878,0.8908612853334483,-0.5053449283479103,0.33501925108650066,-0.8343560027745467,-0.6083511925895272,-0.29449170196283503
ACH-001518,-0.19299409386421193,0.7238342655406689,-0.5571022631088496,-0.8668597657196608,0.13337218196311842,0.06488992253239578,-0.7921059077286603,-0.5040052792617835,-0.1339885680905095,-0.4183088136387748,0.3672862900601795,-0.12118287972907826,0.26079761703411297,0.25110168898769186
ACH-001520,0.06878751285108387,-0.9376879627486363,-0.08521549717102106,-1.4195803600554882,-0.30682607489067815,-0.6605007111463417,-0.6178675516656866,-0.27573932569601434,-0.5409715921878591,-0.9453780479280492,-1.1581707648769586,-1.065463702757647,-1.5637895499090932,-0.9322869290347574
ACH-001521,0.18627543094860105,-0.09199637150283671,0.698464121092368,0.14879128403517963,-0.21907850223855949,0.2075770370909248,1.266753565208978,1.0708384922539242,0.5450921400181021,-0.662190676630823,0.5619826463719956,0.01480085266087966,-0.14179126921000584,-0.26168031871453157
ACH-001522,0.9604105834670307,0.6637733148416571,0.5774973591377768,0.40806626924031614,0.11624611234092913,0.01565258669212294,0.04478306736283477,-0.5073716479270213,0.2654028889454267,0.20028485208133603,0.05661840468883775,1.0751414639929102,0.30590787269552944,-0.12608472446844982
ACH-001523,0.16251239833848655,0.4009682765662006,0.4492068334351627,0.04805243688456201,0.5985331102611414,0.0917376296240361,-0.9365106884734651,-1.1317125072359655,-1.2149572833509905,-0.5984524772875991,0.6371145059688139,0.02826768465647511,1.088099465172612,0.4558778712132324
ACH-001524,-0.2028402630589662,0.1571721324235343,-0.16065166147140508,-0.4521134194515518,0.6802992893893209,0.2810771184413585,-0.3830545507823869,-0.9610225999681206,-0.9917315536473201,-0.6760571785319719,0.8348360714998948,-0.41671196792285425,1.560195718679061,-0.7742388780054641
ACH-001525,0.3715908496504307,0.5312287351822853,0.09265268020393153,-0.8908189021141958,-1.1006449886633811,-0.3878639909755888,-0.6588873927368242,-0.6330005929241432,-1.076361381398819,-1.3118613893838833,0.15674330726238145,-0.9584466977091721,-0.02395501218839087,-0.888213587807828
ACH-001526,0.9093313431760792,0.42313223163268365,0.7588335990193309,-0.4478702947042616,-0.4438531658545212,-0.05804645212784966,-0.3424646226081072,-0.3276418334227644,-0.33117847147462576,0.15161762321452252,-0.1871349588872008,0.17402622326278328,0.03991581552883121,0.4433547724375548
ACH-001528,-1.4622516543684512,-0.6665234770675319,-0.7226552409505953,-0.055112687421995724,-0.11965034775920315,-0.06672074269601905,-0.4778194818943406,-0.6212138066160691,-0.7816827349873514,-0.30970136430550754,-0.03799691202300082,0.3233509487689903,0.18298481766688224,0.5755933826604168
ACH-001529,1.062298344794732,0.8362780464534423,0.886334476514704,-0.7931034588633125,-0.7774302831591317,-0.3260247208516409,0.34170163763891237,-0.2336899944767883,0.33156950052413187,-0.9854362456787075,-0.7103774703040042,-0.6903063451036116,-1.7180251213886746,-0.27577029254767116
ACH-001530,0.3038300452686299,0.428900470628376,0.5875206927411454,-0.49597605416383345,-0.5543993942186067,-0.4707327814998794,0.5492860530751833,0.10592070314698251,0.010019155956718762,-0.7297882434366902,-0.6615410838239755,-0.38947115405080884,-0.8157408366946319,0.19403415036265648
ACH-001532,0.19956615473089334,0.35528021376074526,0.6020506370008204,-1.1180905387401843,-0.3699949205712746,0.10715488313420615,0.3883204546164555,-0.06153012714316325,0.6936713746291878,-0.19485289266755282,-0.20534662637157805,-0.3896020783419155,-0.15083714537227677,0.05340654892865193
ACH-001533,-0.06845706539479436,-0.7354685334249212,-0.46406936659240716,-1.2074875358368642,-0.4624797968621752,-0.7575953326931436,-0.29071236645935083,0.3648581873998603,-0.286821838378183,-0.21756498790343753,-1.8802455429962925,-1.2740489179147416,-1.5713789950495018,-0.3306047403648864
ACH-001536,0.4303021184507426,0.7810108199489584,0.9428664026147139,-1.527923452884082,-0.277763162756393,-0.4012211086870767,-0.39766072678678066,-1.2321456656449998,0.03655589144620436,-1.6964484289738548,-0.03211677367703494,-0.8114384766274605,0.05387052815702908,-1.3495061190678608
ACH-001538,-0.5235922292196593,-0.04510023750562786,0.020430724502335934,-0.4548433473246737,0.0445241316765385,-0.020035667688504503,-0.056731583100913086,-0.8663827343692658,-0.6662707970594463,-0.439407965681992,0.6347790447545414,0.4012973592958128,1.0690420077268608,-0.5470501604595613
ACH-001539,0.5359448305193173,0.5783669493222763,1.247562357546546,-0.2523145468547855,0.29969713812694654,-0.2814011866808071,-0.023085619218939868,-0.6955014673213754,-0.26422742321213205,0.17695197253564066,-0.20116032032409953,0.06816451589420236,-0.09932050874365622,-0.06901912985578368
ACH-001542,0.4073192852863567,0.38430461001053673,0.5236406935673742,-1.0416738558221648,-1.0595611742697806,-0.5946734451519964,-0.5081757021918716,-1.0666624686272974,-0.9682736806918736,-1.901744386994137,0.3701196220210701,-0.9257249372057735,-0.5938588655174223,-0.9225576978004522
ACH-001543,0.08703041715146057,-1.024719013337089,-0.1571235127209349,-1.5672319237676253,-0.42073088447593027,-0.24084105354771468,-0.7967020480577152,-0.9244563039915817,-1.419773949430108,-1.2806799602413002,0.04695044010670918,-0.978017601070493,-0.25180277638123094,-0.5112852175776621
ACH-001547,-0.49454993425279836,-0.3996609950387913,-0.31597304720183017,-0.17448945271838961,0.12483248772302585,0.14917886205255515,0.2533574223913103,-0.12329672893439131,-0.040555018523887765,-0.07982242991680774,0.4818094941627247,0.5049738160361067,0.3375189569740995,0.8328540313249635
ACH-001548,0.05873407162897176,-0.4800954386531713,-0.2680549984715377,-0.7711643027898945,-0.5552153117249066,-0.47740622404666944,0.8153808654109314,0.13500094405496,0.474228111792833,-0.1441108827276426,-0.38904359338554984,0.4358211877299083,-0.41695690048558276,0.6912282524519966
ACH-001549,0.2569784121315828,0.37722074372807957,0.4874893049929027,0.4115476457999448,-0.7098579521773145,-0.06242439748395706,-0.2917709642788775,-0.2149250067132346,0.3204479903537148,0.8618509948694097,-0.36834355439487043,0.9021492434058495,0.9847394643143359,1.5027347385948195
ACH-001550,-0.3999651885765678,-0.04143559103476102,-0.3514087319373448,0.08076167753446237,0.6075799977175791,0.149131310172548,-0.1905646450631697,-0.40510374019125484,-0.07378981404131862,0.2203196770465665,0.4925931624191688,0.8773577422009617,1.2850669712641738,0.7717453145412053
ACH-001551,-0.02238752810907907,0.701915679757291,0.3154252818099929,-0.21832804139642445,-0.17241137468825724,-0.16796069476601871,-0.022946831762256703,-0.1935144706217761,-0.18740080521771954,-0.2409978576273502,-0.5606729656416136,0.5323657824245974,0.825115737111023,-0.26001953886674833
ACH-001552,-0.24910910533345942,0.14398956342198038,-0.04131227194334858,0.39766785824241746,-0.4446119081165222,-0.4722678157056055,-0.23181936433958905,-0.5435013984570336,0.06303379916874824,0.0023464244309822115,0.22164479107721927,0.7859017363102739,-0.42962138462871036,0.30486204245278875
ACH-001554,-0.02086290059563016,0.07616695893348308,0.3258052701860549,-0.1471658728129468,-0.2594961449780375,-0.35279010705314917,-0.30861768048370186,-0.3079830099282753,-0.04867051457313454,0.4967412555264278,-0.08651114474051053,0.5657535516907848,-0.17753361693392689,0.4145920737209845
ACH-001555,-1.2914645981907398,-0.4636815699334671,-0.8931306518776891,-0.37138266266297987,-0.28038954818215206,-0.8256873045404245,-0.6963428711543143,-0.6556007760032905,-0.5486757321678212,-0.9501564017294295,-0.8329081484388697,0.682529172873755,0.9851681045048866,-0.30385762483487067
ACH-001556,-1.0414519961140902,-0.7272501605475656,-0.6193341985455205,-0.8391916875543948,-0.9407960269089088,-0.5938484938792203,-0.058573664187620667,0.22292253604290402,0.25554665126080994,-0.3797092579744636,-0.4842612861352667,0.6743048731208257,0.8482307384355635,-0.16989196394223838
ACH-001557,-0.7920050958150615,-0.6597643662640098,-0.8129933129048741,-0.7232730264791979,-0.3566632798163002,-0.6603890308881645,-0.7212658688937348,-0.8589494048700301,-0.07543772901611123,-0.45230509676964303,0.5534213663275447,0.9890412106499733,-0.02018840090739292,-0.3919479597459131
ACH-001558,-1.1383432537365212,-0.7346499007076256,-1.077803328071246,-0.27083169548603286,0.39643210384055366,-0.3846710091079246,-0.19552279571242437,-0.19595287277082457,-0.2336799071924962,-0.10069304758068152,-0.16289807237343076,0.6934769526213093,0.7299718991858009,0.4072099051111916
ACH-001559,-0.303101621505153,0.4263699080241495,-0.19400537920480176,-0.16019985664626496,-0.6598347567368517,-0.9689631233268488,0.19240381071841633,-0.13211506458645753,0.09155879036073339,-0.3190835610687493,-0.3063103840076052,0.7588167311584281,0.8551386109318125,0.16062950068809945
ACH-001560,-0.9278456070725347,-0.6445751886731859,-0.6085349005609937,-0.51553746403149,-0.5641283936126318,-0.6259049260633591,-0.30421578386717896,-0.26066136895534064,-0.31157818828047235,-0.40004633730781114,-0.8630353050337716,0.7137456994564639,0.537415692616619,0.028580088921245035
ACH-001562,-1.0335598504307018,-0.7705398801327337,-0.7662077809689106,-0.3732618963982924,0.19487523330800982,0.19651740111375737,0.13416419923932743,-0.15313490525105028,-0.14982002156045662,-0.12314272939371698,-0.11026922867568346,0.3837994645598094,0.535685250727922,-0.2655505078671095
ACH-001563,-0.6783950389010058,-0.137518043588855,-0.3361555975790345,-0.4866835163130464,-0.4978005861141244,-1.0869213522832226,-0.7452067787324608,-0.8497978548831301,-0.5064108289928648,-0.23100530768613806,-0.10634191430478618,0.0443645492512324,-0.27696274567094936,0.1669591433730121
ACH-001566,1.337101937133601,0.7900247678285203,0.90598782990192,-0.5733151587781814,-0.27130078240800704,-0.4794584632324979,0.41079704870673855,-0.3623956309745086,0.40434231476988924,-0.3187337409211517,0.09797118849127236,1.2568855465839845,0.2157797025811442,-0.5028963438983465
ACH-001567,-0.26341123760951235,-0.1715719665150312,0.10467678704989622,-0.42852604653559484,-0.255941547784172,-0.6615694389336522,0.15137775136970444,-0.16688834564807212,-0.16329950070754795,-0.33589650890170175,-0.03638433664922627,-0.03139673313039615,-0.09434064438177167,0.09847096522514714
ACH-001568,0.923564585662558,-0.45123513531942383,0.5178722418330204,-0.9569556529059228,-0.1333748984431638,-0.7908927907323142,-0.9814902628031138,-0.9519778188748417,-0.19146008178364277,-1.2340709278266921,-0.25485860340259026,-0.3570773410132176,-0.6397481378887365,-1.17415403115512
ACH-001570,0.6803709624119362,0.45505713421394284,0.9179023711680069,-0.3296960448689726,-0.17802367384659393,-0.0929566234852647,0.4802922392114231,0.19880331260978923,0.5061456313642617,0.24866514647776639,0.06151981741679663,0.9832413655184762,0.4762084434709576,-0.478001239170528
ACH-001574,0.4269104936760135,0.0997857072895249,0.33127428289488847,-1.14229053876988,-0.23645121685747061,-0.5458098575773593,-0.24672122981701994,-0.17361800219431028,-0.1958306179224215,-1.0664788467334423,-0.701327053285315,-1.4428556745346852,-1.4082921594538096,-0.5651432504354996
ACH-001577,-1.8488338203707344,-1.0766862791775211,-1.0657939981776836,-1.5193811919712161,0.3062421924520826,-0.4266473990709539,-1.537314994611354,-1.4259246817870836,-1.9015821768997168,-0.8652850428241193,-1.0274505739905129,-1.471461045804706,-0.4142741744018179,-0.8888610460839538
ACH-001578,-0.46198347362881964,-0.7012229529199588,-0.6099524934935295,-0.7669177131322429,0.31934035158192614,-0.07620757232163067,0.42933796330090646,0.6916119532390896,0.5386194469677642,0.04063399370728815,-0.5729640569811748,0.8562800726977416,-0.3479730006037661,0.7015826624125011
ACH-001603,-1.249561481870093,-1.1434302933589862,-1.045874335565878,-0.7159913413110939,-0.8688062213270275,-0.9043843848005082,-0.3998165477387121,-0.41220484596398244,-0.562401761708954,0.09890471588112121,-1.205151848650568,0.33280412217460303,-1.1484741076340481,0.1158552052606821
ACH-001605,0.1899731719342086,0.4837601815131249,-0.04700793017979782,0.8860308262344908,0.10140526176217801,-0.09883450896149605,-0.2592265493548686,-0.5290550192642277,0.003222949847254797,1.033001928526323,0.38731449506768006,1.10187988085781,-0.2659443659415614,0.063203726616652
ACH-001606,0.08481251151595537,0.2453083930130435,0.06252654376481342,0.11574285374356652,-0.17565433472347583,-0.33967166790707554,-0.47852892835074157,-0.61557593749667,-0.002877728777207933,0.27599720517346554,0.46926556274455017,0.8339730941797039,-0.13887677840604626,0.25207487473527335
ACH-001607,-0.41224481950696995,0.34502695782386367,0.18309149646893313,0.3194636652831011,0.10466308581540085,-0.12312064382846769,0.2847251149740854,-0.18803629263867044,-0.37543573440080547,-0.15154344917841117,0.44204789581602855,-0.23172043212598725,0.8981709611854621,0.587311510126295
ACH-001608,1.0348013576939148,1.4025052380703573,0.6641309275177262,-0.2064160347171597,0.040918291324947786,-0.310851812534335,0.24022000013917255,-0.25273516382160477,0.28976245852091703,-0.35018951436149337,-0.06607631960287386,0.635489521282867,-0.275424075946932,0.19848956249334346
ACH-001609,0.05470938569576134,0.662989381971439,-0.24382231624102757,-0.19032309831721841,-0.2786741738382227,-0.3163923997718665,0.07908373868596807,-0.7280418770001293,0.0594518874849653,-0.5372091752022039,-0.027521650737877157,0.6578037977005058,0.3811476098478195,-0.08264781379743602
ACH-001610,0.20512371464348755,0.5255475970191181,0.48941671151282373,0.05848871041274131,-0.11177442920040297,-0.1595078676673513,0.2390075547409506,0.2002497278376451,0.08069526276479032,0.010378903727470107,0.050934445379770515,0.5000516450830964,-0.11088002296184615,1.1527480513959836
ACH-001611,0.11926717339401127,0.14120951765441922,-0.032618746816894584,0.21499776074248142,0.006371910679266388,0.09626936926006932,0.03537576373834364,-0.6131567528936308,0.031298407697170266,0.07624360066135899,-0.24693463869136723,0.8015557850350825,0.17781135545148735,0.6267878764684178
ACH-001613,-1.2359614591151853,-0.8464374784126102,-0.7997856490159162,-1.0038566077614475,-0.3560741515713996,-0.8138401713749641,-0.9386768793123592,-0.8457015106438608,-0.8880367973841212,-0.08917500576404536,-1.2623874627980431,-0.670200349855999,-0.25384953837612245,-0.4035257559033072
ACH-001616,-1.6914718190872824,-1.4950797132011795,-1.064145061027886,-1.4469572983726358,-0.07994803312769276,-0.436723919072125,-0.8992202958264072,-0.17977295154045006,-0.7584631940311777,-0.02162798915382136,-0.9565176102371497,-0.841918955617118,-0.9808024556801063,-0.2854884363110686
ACH-001618,0.8736166827990205,1.008492965558145,0.6317971652339263,-0.880228933479116,-0.19609509899252997,0.02462388433972043,0.930980256134735,0.7832310224707666,0.8641406543416948,-0.6276841991527975,-0.7167678010276751,-0.46667179226583894,-0.5562867844389915,-0.4219627466282214
ACH-001619,0.7250339994464796,0.6844881170601538,0.8201519277855475,-0.327856107435171,-0.09877172429216825,-0.009809050801181343,0.26879174044525916,-0.4904510534110692,-0.18882204141870307,-0.5028463443087855,0.8165643971831159,0.5681552754770276,0.23345907711788394,-0.3363694959852329
ACH-001622,0.5211005287019725,0.26554670125691804,0.40588086737252804,0.4041468894306027,-0.21386109113822338,-0.28594570920466844,-0.4524062598726793,-0.8965808133761496,0.02856371054913115,-0.31046722249319003,0.32437179303391234,0.14698856080352607,0.06349378050852802,-0.0747694250883193
ACH-001623,0.25204048649786986,0.37196908394783745,-0.30644739982199615,0.5985353766225885,0.6699966320623745,0.34536812009451867,-0.3936308544219291,0.010058810247691008,-0.35367151127796814,0.501591709181921,0.45447821272034794,0.9814584165707789,0.5068065325153183,0.7134911116543737
ACH-001624,1.4962571978347208,1.300103662355355,1.2619624992313954,-0.2287166652890476,-0.22392019653859158,-0.011029075382609776,-0.34585760270986743,-0.8988808594400136,-0.06509505508424285,-0.20046305791109162,-0.30330489513025055,0.046878989547844585,0.5323435864935985,0.19109151123872356
ACH-001625,0.08922881526774487,0.33091610092973,0.266996971015489,-0.2849417070517883,-0.7279961549595751,-0.7942498504524816,0.46711303806198423,-0.039778241678987136,0.3161473696442436,-0.7432348803959984,0.44056145843004063,0.6060478055065194,0.35299838393957994,-0.1355370120586305
ACH-001626,-0.20270628326044876,-0.25444587280021913,0.16560970530671468,-0.1745637319867372,0.1715621261561519,0.025622703840354533,-0.8012423389391861,-0.8247949057891293,-1.2612279878287909,-0.09889673448661146,0.6398720374680676,-0.17697189692677712,1.4136134691006697,-0.37128016314317214
ACH-001627,-0.30745119823375305,-0.40274128161192957,0.025500527291148378,-1.1295674895524177,0.24033628534618556,0.3274774572694866,-0.8756032567662775,0.0006313992022563553,-1.0904006344955082,-1.3373953103156633,0.08053921656166418,-1.237372732167022,-1.0446403151838535,-0.7797173494545088
ACH-001628,0.45734358467234904,0.376617029254248,0.3960319157890838,0.45459625025804506,0.34041414250098595,0.4813047383461462,1.1784675553092585,0.10869784376003755,0.30935420454545925,-0.6274518225468486,0.3879175833527404,0.2212043036633925,-0.22341130824544442,0.5336732270320113
ACH-001630,1.3233804732156458,-0.26934316944814024,0.7599888782068763,-0.38062928319482126,-0.4496193826658439,-0.6745500073860929,-0.009892368885100172,-0.38182731313625407,-0.36114640815277743,-0.6851501263044053,0.18667574585935293,-0.3337730800704922,0.34936492184619194,-0.33303203836037554
ACH-001632,0.7660489838917461,-0.49089714994170763,0.37161427478214404,-1.3512974303065437,-1.1448667428000263,-0.7716178500928902,-0.8031378883290868,-1.1651449086407808,-0.7195219653901825,-1.463335042123059,-0.4903020909465554,-1.1200417758674228,-0.3578206728770151,-1.1501401597519585
ACH-001634,0.8563184018363452,-0.41612884870576783,0.522164653492521,-0.9787573937275177,-0.559404467742115,-0.8077035726502297,0.21210006470343387,0.06595355178016055,0.2339439586843377,-0.352298685147708,-1.5994506275865197,-1.3173899295033282,-1.143239580793518,-0.17886423187716538
ACH-001641,0.24707415704814625,0.04383368804631005,0.6370059211547561,0.07218033028740317,0.059081908362460286,0.1458953092798861,0.5667019474144765,0.0652713792864964,0.21897211345976347,-0.7993681897581222,0.8224635777078068,-0.3083191573331955,0.4396362120044245,-0.49974230924796903
ACH-001642,-0.6918107942600435,-1.8149074317443343,-1.0158071706527079,-1.0717803034352469,-0.49499959902153434,-0.38854403362984624,-1.5568408946272603,-0.38031000105135326,-1.2078818349618303,-1.5788712126865394,-1.272905447452515,-1.542770649008555,-2.696876348736871,-1.8474854897429613
ACH-001645,-1.0910333786938708,-0.9443144933113018,-0.7105315685526814,-0.16610292071388563,-0.04577307178326434,-0.5743902776106766,-0.133353326427733,-0.5990497740877434,-0.2679910458325032,-0.25965632971901104,-0.3818146243187781,0.6581475416809177,-0.3525345824954487,-0.23306026299106208
ACH-001647,-0.9102505885608967,-0.4079687228237938,-1.0299576794891956,-1.1146953072287256,0.05995521682679446,-0.6327316423800337,-0.7195657467999712,-0.21879568614939546,-0.7752390647531108,-0.4857597287652353,-1.0071880419747843,-0.46298057039368923,-0.3340770119919644,-0.4411174774361472
ACH-001648,-0.5011088797040657,-0.6360737534082769,-0.20722148634729615,-0.6735614677077534,0.5156200881942078,0.5075811467496654,-1.3189453975871515,-1.089197673364437,-1.3461940518621787,-0.7324820553844158,0.8491761929862087,-0.13442145468531838,1.1026639208313762,-0.2344851835257553
ACH-001649,-0.43468979104396815,-0.6204464379510933,-0.3430391912136934,-0.5131100490548983,0.6144809621105851,0.6644672898101573,-1.05932139803526,-0.4232039093343035,-1.086567661314582,-0.4847555126458464,0.6515450624506463,-0.5655790891252088,0.270976140015358,0.16332746278431184
ACH-001650,0.8040483874824106,1.788493189803399,1.2539390455878507,0.8253863988355892,-0.31306833005103496,0.2632286872843208,0.4109252888126643,-0.1518667106344683,0.010201578797189415,0.3187182940420117,0.8336121036803837,0.7472734844466341,1.052263955005045,0.44578933592855435
ACH-001651,1.126956741338922,1.0363769075263924,0.8500837185098516,-0.6545812413522133,-0.4393326858411577,-0.4664558270855932,0.690384492723216,-0.2980887571979359,0.1635730687001361,-1.1761144371353756,0.18940224566215588,-0.25511222948848944,-0.11914413456134283,-0.4874407899051163
ACH-001652,0.5463298941183602,-0.09011934967567603,0.5496120912568434,-0.5574073291946411,-0.13777452589683992,-0.0037962365637460305,-0.09848929736700562,-0.8076340067893392,-0.6960667892158624,-0.6244695461183734,0.3377250001406186,-0.511350263204997,0.8855956656650023,-0.3437896462460802
ACH-001653,-0.18832653585528047,-0.17622250335486714,-0.30237173676640394,-0.568127981144342,-0.07302676853784566,-0.12798310241714606,-1.213106416830589,-1.137437235825237,-0.5477720704726172,-0.4283386938122806,0.1252623460271566,-0.8117884470445962,0.7559688153498858,-0.8760811848232296
ACH-001654,0.16409664350785041,-0.059131276806832556,0.07671987804295918,-0.11246774657406287,0.40137210441175647,0.007861666060202721,-0.15282752377803888,-0.09575299001226506,-0.1755478675201535,-0.6330996927393018,0.8221162261538442,0.13688287063099752,0.337715915647179,0.16814391077863955
ACH-001655,0.6448238895396059,0.0064792120296668365,0.46098189771215176,-0.6236738319212227,-0.4060907963700815,-0.609928171185216,-0.5853147847491907,-0.5707726738051903,-0.39372122915778646,-0.7782221745834912,-0.6236463771038713,-0.34368006258081113,-0.27869943598929436,-0.18567656089348356
ACH-001656,0.054013463413055594,0.0306892243005681,0.0276025974321627,0.03383809741048194,0.23294870338190296,0.18152932706162223,0.7734106742826405,1.002398750776835,0.6645688579850257,0.28029855863177655,-0.7287406100151839,-0.10568108078440341,-0.7736039571535867,-0.8114178542807617
ACH-001662,-0.9367731045284785,-1.5651800236069278,-1.2970250946635686,-0.8993623230654861,-0.3252059473627018,0.07038561308438096,-2.028586894343107,-0.6259407782732069,-1.4450063583167476,-2.0001115116662196,-0.08774079129709089,-2.9402404845565564,-2.862575091294939,-2.620718687115626
ACH-001664,0.7217230512694294,0.6457004223885565,0.16957936210409352,0.006320670746454482,-0.16689401724169167,0.206078535274617,0.9268145036823515,0.47628515778302927,0.42259926765527933,-0.4328196159459774,0.3468547503686525,-0.2904965959040222,-0.013888885256502018,0.11373424336466885
ACH-001668,0.5583974493533364,-1.1281882693422465,0.7509901936496741,-1.2423846802513645,-0.8520170365047615,-0.49414007110844843,-0.4522281981841024,0.22318126162573554,-0.19977054287977208,-1.0829258173195453,-0.6036418661135453,-0.9027894979800182,-1.4511254143654542,-0.17528697840200314
ACH-001669,-0.026508420855309522,0.4792593889421293,0.09529986416057318,-0.9053552009541581,0.1307653887090241,-0.10712584431328143,0.8018368694373537,0.7759167695321877,0.8086312106429444,0.5196659532506445,-0.8262436630723446,0.345929312853112,0.478497975408828,-0.39693632111584093
ACH-001670,0.494829881529508,0.16299011089901447,0.36384777470691776,-0.05916346486485727,0.2848893676386076,0.4994143863901822,1.0035000625476775,0.9237892689427897,0.5629679496366533,0.45100254517445254,0.3582124397501095,0.8323778312108367,-0.4612703608558583,0.6311149724262195
ACH-001673,0.23038667991284556,1.2617914281633331,1.0143331575844552,0.21243553228307394,-0.12259700411192702,0.4875318815680268,0.8308133395123019,-0.10062997163680493,-0.06003681685502704,-0.48930010105044613,0.6527693694974454,0.3324701283088246,1.3047553990814684,0.12918665993462125
ACH-001674,0.8442456809595713,-0.23993322526456068,-0.14256017120872425,-0.3089575128299575,-1.0586153787869663,-0.7254588633861015,0.6597580138472344,1.0141276039403895,0.4136954563786872,0.5023018491261825,-0.5230557688797393,0.49622680569596844,-0.7127590419491205,0.9390893741246742
ACH-001675,-1.1652503674410548,-0.18827394353937027,-0.9152006839593456,-0.6959087757697534,0.6101961824612607,-0.2966926333205173,-1.1893324080841463,-1.4375273739645449,-0.9222830349373102,-0.9298154108015583,-0.11507559871031661,0.259700328066774,1.896166141482369,-1.0034936748062093
ACH-001676,-0.05920959204765419,-0.30023358131562516,-0.32783177916137285,-0.42312063452399695,-0.00983536507476146,0.6667475297541813,0.020910831071082367,0.3195516282861156,-0.08954299760362133,0.5643596442108337,-0.6408913387996715,0.34653110004672477,0.16954765011016906,-0.04507891024843394
ACH-001677,-0.33944638864643767,-0.3867497475058028,-0.12476416641553162,-0.4147070980103582,-0.11405777494815461,-0.5506839322235065,0.5202000195508762,0.6439360584451603,-0.24820406117743685,0.9932657804579232,-1.2706875186928377,-0.19403468421677472,-0.4911944068708434,0.3963136790502871
ACH-001683,0.6371138776407843,0.7766525642371105,0.9920483263261193,0.09971508539887468,0.34094589293583416,0.08046953326817556,-0.881147299987671,-1.6410747003886987,0.2597870052135486,0.015004762319883347,1.402190891836804,0.11705598744838688,0.8711071392811498,-0.19400436583574848
ACH-001685,-0.07107876124880061,-0.07628752236689784,-0.1726229381915944,-0.5008058829727242,-0.10557779392744154,0.08544388553742846,0.10864591902297968,0.4054963625084631,-0.11661189033239377,1.1515295282785882,-0.4608005011043038,0.20870704875992527,0.5402987326359767,-0.08534957020737366
ACH-001687,-1.2045722280517133,-2.0751636162169995,-1.692384111913511,-1.6322389113081646,-0.26625137480659433,-0.9405383132440478,-2.5030332644175983,-1.5484536464746952,-2.0013428598542755,-1.8351563081851805,-0.9998491112845648,-1.7290809614168303,-2.056338965415449,-1.3972390435494506
ACH-001688,-0.13785189496617672,-1.286361666411461,-0.7161565514306121,-0.9484973431730195,0.22759462246724982,-0.25536836057280576,-1.6151431804782919,-0.6587151586714762,-1.2373001609371272,-1.4150322506049429,-0.13722620022177012,-1.712356447905306,-1.911008202365134,-0.6496861623160459
ACH-001690,-0.16217331867078544,-1.3610595113034365,-0.4792148064793858,-1.8341001296281616,-1.1876574696614628,-1.0048426665006718,-1.5372003741926257,-1.826882549972874,-2.052998800249557,-1.990177248442917,-0.2192213905713814,-1.1250800491826833,-0.8360671014230905,-1.4314225220308274
ACH-001691,-1.286856416287692,-0.3060357074353861,-0.9153940996683949,0.0021546740245546037,-0.23439384451602552,-0.508571899242682,-0.7929580049005998,-0.7521815902972384,-0.6557976441785067,-0.2504251256345626,0.1700300624976579,0.4576842948933864,1.4433065259780142,0.022977178458422218
ACH-001692,0.32773213430800924,0.33376339291177676,0.48773159843016584,-0.2573087061216202,-0.35073181339739357,-0.5603144956599903,-0.7354252275992084,-1.3745966437636576,-1.2595333756194553,-1.6419336459052793,0.2730212037690276,-0.5602036241458368,1.4296265130542876,-0.4235892076590817
ACH-001694,-0.20835930842585945,0.33070568663059113,-0.31442222525347285,-0.9505551923826183,-0.19720942502450153,-0.2761631821448188,-1.404311535474889,-1.5650254312514067,-1.7157136665744717,-0.8940332377818134,0.031854934140618796,-0.564872093351937,0.9052713905324127,-0.515928980869713
ACH-001695,0.22381484708499677,0.5740373939881636,0.2723396769816235,-0.6973608073127255,-0.09194131270175654,-0.033088853342600755,-0.028117968348333133,-0.974916750835605,-0.4687773303188965,-1.197868587563567,0.6132205746090564,-0.7637370897652093,1.3338632759316826,-1.008964723774997
ACH-001696,-0.25509349861367636,-1.1953362576025626,-0.3511716773001239,-1.962856077818167,-0.8775328984404845,-0.7874261163689315,-1.9883711177743253,-2.111843568689076,-2.2441088198714714,-2.065823437959674,-0.49211141530148905,-2.0548998987973137,-0.5907891269508941,-1.4738037424828363
ACH-001698,-1.2036152970686014,-2.2731662894273192,-1.6145902377359258,-2.251698214081895,-2.049994571814375,-1.7871956673941445,-2.8693573770422343,-2.5519521310329045,-2.9973727314901213,-3.614384510361739,-1.4245088078460675,-3.265711418662301,-3.224719894347383,-2.6569744914320292
ACH-001699,-0.19426470755584124,-0.6080221810161354,-0.06074210611120445,-0.9635623412000871,-0.10954975477758505,-0.7250244612195087,-1.3781662942190143,-1.3935112374581493,-1.7104857121705923,-1.0197222580740908,0.31839141300499757,-1.140880761866295,1.1069503645701138,-0.38987853308203857
ACH-001701,-0.4700732888690771,-1.1518590182799395,-0.2496121707990021,-0.9534468611196252,0.1661324504997322,-0.31570026228603754,-1.1525854609815256,-1.227669938185083,-1.4901108210422316,-1.1688156729244574,0.6048770960071319,-1.2159261546278126,0.8230420521885093,-0.3353381607065602
ACH-001702,-0.19527142458249858,0.15735386451381306,-0.017853252993464325,0.04471614455318443,-0.09470354478607351,0.10927203471264403,0.062465312174630916,-0.3658201071735578,-0.19117392301046715,-0.0757054515247935,0.07306195935330498,0.24924810327359193,0.15023069835599334,0.9578910760025798
ACH-001707,-0.9867315182374233,-1.3504745163662202,-1.1870871013369517,-1.438699284511218,0.028458260619978873,-0.3390006470510212,-1.0404306877313767,-0.5774091003448275,-0.9578079862981989,-0.04439621496823387,-0.8214550319313771,-0.7417748936079014,-0.20770307614980255,-0.980893504803761
ACH-001709,-0.347897335237107,-0.373603961636066,-0.24529552640560476,-0.7565139032137672,-0.1661235710075909,-0.41313936760144554,0.07288821737581203,0.14746544992804883,-0.4885635910840242,0.8459418646046267,-1.372492057238325,-0.7679089539927795,-0.42442509759700653,-0.5845062764459523
ACH-001711,1.4621612077106343,1.0622546350201059,0.8087776187261048,0.06979436517927984,-0.7169682093445426,-0.9320094750249569,0.8448764565625744,-0.020279393102964532,0.9108246023499182,-0.3346632755031582,-0.9188821833565805,0.3153854018179427,-0.6254421426480233,0.6155243889498812
ACH-001715,-0.18338364781270916,0.11824366367331074,-0.18840741758922241,-0.31260483038301423,-0.6019458545876855,-0.6713647683386472,0.5962479115443768,-0.16363639474120256,-0.05088161003282221,-0.2339194939904266,-0.8060426710736674,0.7360256133699838,-0.17736903630622855,0.1640137926026692
ACH-001719,0.15954742142880576,0.23391202103799308,-0.1807845407173044,0.155877857915613,-0.15400403889959846,0.14128854407028493,0.18465738168409215,0.07378083351593039,0.036914369115105386,-0.021495174306311593,0.5868024143249756,-0.14975143855948922,0.22322570360905825,0.32900671020457867
ACH-001735,-1.2597708138964292,-1.1786806033123671,-1.0927695189421478,-0.5158021129851496,0.29706823835058266,-0.2508308437188796,-0.2460036701607513,0.3121231381547368,-0.61455092897687,0.5970252255003877,-0.8764139685903823,-0.2171827163047237,-0.7430347102902111,0.2675308823738164
ACH-001736,-1.0479727180639677,-0.4870554589619837,-0.9756954775139431,-0.3374197297432858,0.30537282432868845,-0.336394081537853,-1.2725364967691828,-0.6670352501268434,-1.3201002833869895,0.379039925884774,-0.4887540501889361,-0.41419583759492007,-0.45312694705062134,0.018535815353657836
ACH-001737,0.5046789085972448,0.19798069182827274,-0.10446077592367778,-0.7505996543756773,-0.17800226928892054,0.018607736576198103,0.7265252602278008,0.883284680724258,0.7240401349455868,0.01699289287722272,-1.687309062116877,-0.25562010324147705,-0.29278836642108075,-0.4567572887133892
ACH-001740,0.28324200234017555,0.14000561309817275,0.6077887020853906,-0.4367262003239091,-0.14119920390781815,-0.40657951290702377,1.0286608029852953,0.9247453203777137,0.37786258631409037,0.0666217372206821,-0.19452413760355045,0.1057805491050623,-0.5428506312906644,0.6227685752242405
ACH-001745,-0.41085852730990935,-0.29946583387237763,-0.4547660699434121,-0.1936235163369241,-0.443759063257725,-0.2714409265486516,0.014463491584985139,0.6501503359073691,0.3574099247901561,0.45434338432983645,-0.5000021202145222,-0.15972553964611116,-0.920296415334406,0.7129102811508365
ACH-001750,0.036811857438080686,-0.11774326317065698,-0.5593419033871688,-0.5466576788754941,-0.5301590904187936,-0.4182773418557234,-0.22873740077807997,-0.03149980791558987,-0.34440659777710064,0.7587126247685181,-0.007078162295374446,1.0640234412949026,0.32694547131371643,1.1248006151426568
ACH-001765,-0.20854632241710264,0.1605994325586405,-0.10191643709621878,-0.8625601478273708,-0.7557617202365564,-0.6352902943151433,-0.19638543855653678,0.0017183365807585393,-0.5315340589468369,0.0025653720067603802,-0.7412002181620406,-0.2813806590816627,-0.6309501948648235,0.6471795838371646
ACH-001786,-1.154251819909431,-0.06154104220404363,-0.05433744306883759,0.3219050470033875,0.8129211873521602,0.3108957325973075,0.1602315419587568,-0.25184161936306426,0.048567865592653886,-0.2622382744460863,0.7281228003941114,-0.48570010891868043,1.2195913792177124,-0.11686075494625252
ACH-001791,0.42540374180274565,0.05001745898122545,0.019328777771373096,-1.0329115524348813,-0.8817856863293365,-0.9230481712504904,-1.3392866688804403,-1.076565456655437,-0.49649440333228756,-1.7417177506281551,-0.6658768534739339,-1.8349112285349887,-1.5939405639709356,-1.4170737448099766
ACH-001793,-0.5791481187317309,-0.31246754835512336,-0.9966083493383432,-0.5820573792069338,-0.1732891185390364,-0.29401299755257154,-1.0883811111499075,-1.260777917631627,-1.0610081395215976,-0.6772101397499679,-0.06403741641153518,-0.004413174714902823,0.9573739525091687,-0.20108983249468834
ACH-001794,-0.19740856274078863,-0.5870129335647984,0.003506701638789439,-0.2252169951913,0.4882418577434166,0.19571071237345938,-0.40695269756674934,-1.0918376869486088,-0.4302662365975374,-0.11125326218306891,0.17045845084371652,0.5732371123409225,1.447591663688634,-0.48596524404260233
ACH-001795,0.07983515020128362,0.1933288399776206,0.45564218060073636,0.1410852820804939,0.4381073781302206,-0.15679379763873466,-0.11526735120116277,-0.5700157063878072,-0.343169905660342,0.9472042817995413,-0.1875803774383336,0.7439724868233635,1.8486668880345984,0.8828658225011042
ACH-001796,-0.13228607528778263,0.5423767737156144,-0.20378043081799252,-0.5913139053323719,-0.6862424687071098,-0.5494809668409061,0.08924895441922637,-0.3820938152591146,-0.23418321449029955,-0.0966265393178762,-0.6815744026603214,0.004924134539828456,0.10294281795019733,1.0167379997630752
ACH-001799,-1.3932505602030911,-0.7828283388163082,-1.504073353051853,-0.4708628214633982,-0.04710997458685612,-0.18619534212207983,-1.0684110777169074,-0.676329369694663,-0.35594889546436537,-0.2768559572871954,-0.6353155949083008,0.22830552555544376,-0.16298588242495235,-1.1216395385895812
ACH-001802,0.24338590234816201,-0.08639942293677522,0.07364629094374034,-0.38405260521314205,0.6244114697674242,0.015297948331722981,-0.3877756194829559,-0.21931401168477416,-0.5294970474232976,-0.25808977566128194,-0.1702504769355101,0.39354169420769786,-0.0504239552341383,-0.0031250878810172994
ACH-001804,-0.9564514754206195,-0.3010078999200311,-1.1188659288990812,-0.6797633822597147,-0.07740301447993786,-0.5669787109775537,-1.3622518877981498,-1.608520496945766,-0.9994690375679628,-0.4064941675306371,-0.7297644551885635,0.5333012182784576,0.3059994912304935,-0.4086370320610631
ACH-001814,0.13738818645272782,0.38015487332790554,0.29129329114050456,-0.15714648589114105,0.06561782906587661,-0.16673806416327683,0.17333807777117377,-0.26373983376262033,-0.03450239899313967,-0.26185653564177597,-0.3181174011120809,0.9781859172816821,-0.23624330431309176,-0.3591088281181316
ACH-001819,0.7337365073599018,0.37529772967462544,0.035516516116225194,-0.5877985055072315,0.5629175373450518,0.6140764125451883,0.27627028412969906,-0.22977979645472546,0.5216850868328144,0.36250626392531277,0.589086511269969,0.8645325250343059,0.7662346371135553,0.7326197412779223
ACH-001820,-0.8241206799965128,-0.4457289798931336,-0.8496922393636654,0.8392544478742686,0.43088057835000926,0.3366062281109856,-0.012773540083683865,0.3661687580931657,0.2790872815014618,0.7666265295815169,-0.16842322878677135,0.6330063161028607,0.13946945851066067,0.3469447697743124
ACH-001834,-0.6202136793311508,-0.27898495064615497,-0.47507178788498516,-0.0023069498713867015,0.41460223937355306,0.26468024802595,-0.5174131273105143,-0.5705175630447452,-0.6163084559322389,-0.4794170272583103,0.7134505455517582,0.8354955921879523,1.5357541730772206,-0.14468361202321925
ACH-001835,-0.8913115053635818,-0.19066707050620846,-0.3980411196268444,0.000527755921097009,0.2660208017341976,-0.31645146123769424,-0.3589912920987425,-0.9320699981225626,-0.7751286876936729,-0.5438354835302887,0.11240451462457655,0.35162006556338443,1.1947709011678418,-0.07494014452050062
ACH-001836,-0.1993847892991299,-0.003702222961873114,0.16974856792262538,-0.011057976572162023,0.7007001248216392,0.23615778001634896,-0.09869483968230257,-0.39787524498992016,-0.5854976108166867,0.08295066403883805,0.20919095072775093,0.6916452651656881,2.127053182671451,0.10803343907626395
ACH-001838,-0.1359450966117759,-0.5286303786818193,-0.5195061053718675,-1.3344541458583918,0.0013538353277713355,-0.26262750230785026,-0.8103901731236063,-0.9358654279700441,-0.6406585911570392,-1.999419342521112,-0.14208849839511878,-0.6077399725696637,-0.20351783928904016,-1.1894983107048607
ACH-001839,0.7006672982431503,1.074603550106969,0.8641094968084739,0.16563779965648334,0.34554466480854223,0.8564654992848663,0.2552372103046616,-0.651564047436445,-0.021721633654383954,-0.6500247133215105,2.259390789317412,0.287045252598768,0.16307676306214572,-0.44971702512725886
ACH-001841,0.23185635108199312,0.8359185135994919,0.22908835074516665,-0.9795874211369693,-0.48756496598976456,0.0013352295034604195,0.0675721665383599,-0.44089953587108327,-0.353072589324193,-0.8972792115928556,0.1794426337334249,0.1921683569614532,0.34786234686649736,-1.00176164851891
ACH-001842,-0.21781055884980605,-0.019958859277011284,0.3643470713830639,-0.7704858294014785,0.023254998896124424,0.7632884117699466,-0.38839874236185984,-1.1586505747502132,-0.851955666648071,-1.1764771369087794,0.26390601745196307,-0.6315906754745959,1.4286905873969484,-0.6876952188366086
ACH-001843,0.3861417717415128,-0.1923417429780795,0.16036133305055478,-0.615460832934652,-0.1146632137024208,0.23805188494975166,0.26758195433293114,-0.20847508290444472,0.18939920225200524,-0.5325212430527653,-0.00010380204036481919,-0.20736561976946483,1.4361973822271796,0.3874795014024981
ACH-001844,0.5212495625711377,0.2811950542596791,0.6879061760357521,0.3795332387934178,0.14934857677973998,0.26237866920611763,-0.19399830583890815,-0.9059526226854748,-0.5391798404948204,-0.5232660762095845,1.3878972218377825,0.686151760393729,0.9531314600760353,0.07926994495850803
ACH-001848,-0.07590325023460467,0.5018798852619089,0.5110541477557259,-0.21580459670242402,-0.14624179115060915,0.15308672062713014,-0.6698457924548531,-1.3673098376978163,-0.9218890987818218,-1.1505974659728948,0.7071277197838713,-0.28596951364044343,0.8567631876973024,-0.6494178672391325
ACH-001849,-0.8924445305481172,-0.673972305465659,-0.7054166684284147,-1.0273926397775515,-0.5748329909985762,-0.5817213601875114,-0.450406474658287,-0.16256691593827655,-0.40907665776004914,-1.1279685204546794,-0.3448023413548784,-0.8230653619455158,-0.18172546491797564,-0.6698921875184726
ACH-001850,-0.14641074316003688,0.056845747887276143,-0.3739540164605843,-0.1035136417937397,0.0707410050237946,-0.3770185880777839,-0.07998343539492725,-0.29945995935142916,-0.061646629356236375,-0.21786767056677764,-0.020053197437839065,0.04924244719155804,-0.07782072643663746,0.2561376389539221
ACH-001852,0.7131789741069225,0.8884799688434759,0.1675238707537805,0.2251577192361505,-0.09343085524704962,0.29655463292784734,0.019411719241137992,-0.6630673817633062,-0.28975797957299787,-0.6304191720443613,0.9546035820516099,0.4552726691539333,1.5089979868574157,-0.11161935026723346
ACH-001853,-0.8798975547867254,-0.0812973170748359,-0.22579354514184596,-0.47539996625603254,0.1285947324479012,-0.008960059515577712,-0.832185480512589,-0.6795690766122617,-0.9694555549142458,-0.37827684936516726,0.004207146815051618,0.09511251973470014,1.1847707286331999,0.4219332422126602
ACH-001856,0.18764940523170076,0.2061004198905361,0.7156249554724802,0.10951144341320729,-0.3194703738141479,0.08317001071703223,0.8233520424455106,-0.5399562100949798,-0.002345545249929851,-0.7513862990217146,1.3569799435126684,-0.32656261900851713,-0.0006495239536467336,-0.18199318077932203
ACH-001857,0.6732350473550053,0.2740116931169305,0.035725360182013846,0.4282289793608302,-0.07978359708361431,0.3156120949301685,0.08996434117729979,-0.5145835216010781,-0.0958736517091488,0.0629474315279163,1.2620089289628809,0.22116599029467754,0.47924775840439693,0.2971855701481304
ACH-001858,-0.47211309191648226,-0.3105107335082987,-0.2799725784864888,0.3044448138740916,0.0013245473060625318,-0.20043644833609425,-0.5933520503663784,-0.8473179921580771,-0.9945766740060736,0.0017888652259551996,0.5957557910036035,0.7283626279441883,1.1701091113511273,0.4413247504867274
ACH-001861,-0.33725775196250046,0.2068817419832515,0.5574591783412934,-0.07846663770549181,0.06436594059330616,-0.020225475524457553,0.2217350024264375,-0.495007473130469,-0.10965346792212288,-0.42333969671725374,0.5935773508297463,0.3277499158081226,1.103991000343937,0.11428846256055109
ACH-001862,-0.34912933278579616,-0.9375695795903525,-0.3169431750494315,-0.11874139937043202,-0.12607573869499827,-0.32621289927243197,-0.28426375996157516,-1.2148979323849436,-1.0033765249693145,-0.5042854511233236,0.7945883009981215,0.15759590628350745,0.6001485598421885,0.67776501694123
ACH-001863,0.366141093101805,-0.02667647984218104,0.3760835200334096,0.25349822722701404,0.1908024988085642,0.13298608488353794,0.37645433848165827,0.042399412658040855,-0.10188845986280602,-0.24313716665676094,1.1400672972687576,0.19760687333838944,0.5239833261618494,0.4638421022648702
ACH-001864,0.30536384540268,0.4612004812717979,0.6129000106777895,0.10623332425628831,0.43957686374437693,0.3355132059672828,0.5204960427734509,-0.8387375502799385,0.08590418481130252,-0.20823286693156556,0.6101194897755454,1.4263584460500365,1.111553933745141,-0.7981539375147282
ACH-001959,0.501709709570294,0.8054304773508689,0.4280516945538954,-0.5120898329607347,-0.7084367716162009,-0.7732548033240882,0.9019559956125062,0.5192519468592096,0.8661228382634276,0.36337262990886915,-0.5758592712595375,0.6917122283180004,-0.32470724415193264,0.28145204423941117
ACH-001960,0.046632359958173775,0.09824424961734873,0.49393209188246856,-0.4183108233556634,0.36725235157888414,0.5237535019908347,-0.09787657232505464,-0.47206325385669645,-0.6784026432324162,-0.2148776238875749,0.7375920693587125,-0.18174482592894964,0.38971472969718324,0.7605823377398535
ACH-001961,0.035419948902592424,0.09466768409374055,-0.029652641854797934,-0.1806954232929047,0.9245706239142388,0.43912531715607805,-0.7242681901982004,-1.1383990293524497,-0.8529952515495467,0.3655453691525049,1.9273319202960795,0.34625770191408145,1.6809934600803145,0.14274341120889805
ACH-001970,-1.4512516703720533,-0.5730758449523097,-0.41345574919142325,-0.07880047734718792,0.3073651501592728,-0.13591544534733951,0.05257670036237161,0.5050518086801974,0.2073978445519361,0.044049819251069156,-0.3675751253282611,1.0822566512236165,0.71915991467122,0.33193840720222945
ACH-001972,0.7438850987141739,0.6102836167364096,0.42552776158421823,0.344752178821181,-0.5859485082923701,-0.8038653715823028,0.2375033512265709,-0.08316261431005056,0.4214911488290435,0.5501920498651859,-0.5731216083211279,1.3037410426746843,-0.1548096577104175,0.41721896260043234
ACH-001973,-1.2019072768387553,-0.9486519355405607,-1.0804806454954938,-0.3836114361756043,0.04483568449016373,-0.3498484215452783,-0.7623876843487976,-0.38606624013055585,-0.4569898889069833,-0.20357752221575098,-0.2756102668887774,1.1803389697788236,0.71442513004924,-0.109716931183606
ACH-001975,0.9888495698585763,1.1424416578082162,0.33745728507804745,0.9791513676075421,-0.13352428318799187,-0.32297335935335725,0.4350917955134791,-0.0713137054755696,0.7054593990257891,0.11907662905248037,-0.04397319913178932,1.4284250359565185,-0.07881978378937025,-0.08668573415820585
ACH-001977,-0.11583563924784687,0.774158658433789,0.4085796227156315,0.10499813207061998,-0.8796583760867522,-0.22562667562694583,0.28046640977583,0.3551256198546986,0.2175231117334669,0.39890475470226283,0.22453167650019376,0.8037415966146133,0.3351444633863566,1.0115140015909014
ACH-001982,-0.24759953655898315,-0.07743109876948395,-0.46889869195732303,0.029317429273692797,0.7173039949395045,0.23199668524453015,-0.8437162766459918,-0.6778622437105093,-0.23921776127448302,-0.0704938220574046,0.32304966874113616,0.7135777398716674,0.2651690739078747,-0.5279640523289824
ACH-001986,0.4015359990687438,0.2292357356199033,0.2296016804558288,-0.14985593091660382,-0.5009546840902216,-0.35605081931885607,-0.5104398785535664,-0.9804617614418876,-0.07787021147365494,0.2003603879611374,0.08638955440180335,0.9735314153814317,0.34860015000905564,0.1642599592059615
ACH-001990,-0.5932896946700243,-0.49038168850064695,-0.5582033903665822,-0.7141655236672417,-0.2739901718156075,-0.7959355365358636,-0.7684179983445099,-0.6071550318270722,-0.1467498201580716,0.15876530894693777,-0.619192469265031,0.4637463911920159,-0.06801625873904038,-0.5260849587741756
ACH-001991,0.2540656631895352,0.7243845291574997,0.43080139771248127,0.24271131210025593,0.2588434117298894,-0.14977386266074066,0.3609204070217527,0.1367988706716527,0.5516549387217585,0.8628749272584019,0.0776457497670151,0.9376062508792474,0.4088060304913622,1.0685806068543127
ACH-001992,-1.4595719121670494,-0.48368279685161186,-0.8394332757546528,0.21501448777398544,-0.4055877041253123,-0.40379665970663586,-0.24637756277327857,-0.527582675207959,-0.5531736442318083,0.49683166179654203,0.32122375840004935,0.8724209606195786,1.3064961217466176,-0.07992761233410672
ACH-001993,-1.0993105887970958,-1.634489594191587,-0.8501191246485338,-0.4883791783391641,0.14036246412956926,0.08809994249573533,-0.45192917489685636,0.13599133701074767,-0.887147083952144,0.3517226357860931,-0.5772990980612926,-0.10616496066787218,0.08478015924521712,0.6220642138463321
ACH-001997,-0.12645870247752866,-0.11183842681751893,0.47387168648231837,-0.3497604191003886,0.12824063848413375,0.015421099272722977,0.6124875349853753,-0.030642995133409567,-0.31081172127236645,-0.49653373776775395,0.31916703006406266,0.17829773388769615,1.0321962849510968,0.651860949383797
ACH-001999,0.15027288907149516,1.0946965351276772,0.5957205844242354,-0.11903707434821825,0.9330071787459908,0.3152935934670791,-0.4732649024307201,-1.6456937655487687,-1.1002727609507432,-0.9071840931188953,0.6983659456405891,-0.1236512628376609,1.4285430644213575,-0.269909221475304
ACH-002001,-0.6435875537332829,-0.7375993833459318,-0.4851119002175023,-0.11328010703904859,0.3242543188717232,-0.13097879279103466,0.5071536446007505,0.01784717891152582,-0.033315784275761706,0.25695548530145496,-0.329446747819268,0.7244341701837813,0.10470997283799495,0.3652179106217047
ACH-002002,0.197647699547169,-0.052768917354926614,-0.07551729907793064,0.048140951800466125,0.4145334480649312,-0.13609681269184715,0.5383833514137404,-0.046721073733762886,0.5274240393545437,0.025501279187367387,-0.2649300506894348,0.9860264384180129,0.7980733129067892,0.23292024541216083
ACH-002003,-0.632721484580793,-1.3708045987646644,-0.5368038515939411,-0.01607540635218138,0.30351878959835826,-0.20492484909878528,0.34841110778589623,0.12461524278410269,0.046813209340580864,0.40897504590031397,-0.4208696615433384,0.5395004590384228,-0.02820925743379778,0.529087048018299
ACH-002004,0.6835535559923118,0.07253255978764761,0.571513043387526,-0.23476265406829683,0.4549238688005058,0.19029395106462277,-0.03307747385639381,-0.25861570891646135,0.3594275323905308,-0.10887582937368823,0.2208108662695481,1.5184019795047483,0.7378306473967089,-0.13193609273626272
ACH-002005,1.2649638028884354,0.987747749670066,0.531623979088609,1.2198786332164542,0.32809263664122246,-0.019446257302180137,1.0168403648096238,0.5999734428259356,0.851101564315375,0.6289735804283644,-0.03964537417077574,1.4724009400001883,1.1611898618411676,0.42431843803029695
ACH-002014,-0.3841043865492417,-0.2709098061511819,0.02601994970985544,-0.5295524250178467,-0.3652297171720803,-0.22682818630808763,0.3336376502570567,-0.08612108729218537,0.23714377132956999,-0.0630791521272683,-0.5569743937291898,0.672473280519706,-0.08581859675685746,-0.2164609468474964
ACH-002015,-0.2529727671910138,0.11289734113762323,-0.8231452896929625,-0.0652756318122347,0.2883567633466739,0.249859039690387,0.4979715227456381,-0.6468063975317347,0.22439331956418115,-0.04641111447810871,0.5510071388406995,0.33722444925422707,0.5204365387770945,0.16703400751196973
ACH-002016,0.6456597521428064,0.26780493374441505,0.6979764887275989,0.3785092496907311,0.7217732288211299,0.6250830750033307,0.3611611048145517,-0.6098691533520985,-0.23391694843426059,0.08100068852560813,0.9929464006148622,0.4790805223787634,0.290374719597353,0.48091523239918965
ACH-002018,0.349336163904396,0.5570505981258631,0.18810762509441267,0.22918194103442704,-0.7204616011904654,-0.26071519018655914,-0.33215590785264254,-0.7455539743282662,-0.319377326084519,0.28665803854049127,-0.0006711547743040169,0.962116949119683,0.07192533190631081,0.018562223525538823
ACH-002019,-0.20883796705137664,-0.1739166563591618,-0.3028090914332695,-1.035065688468463,-0.18600800014563235,0.24012920679203925,-0.04127388341037269,-0.3118839898447742,-0.40967017636952985,-0.3487944035205218,0.34029532527579964,0.05518201618812858,1.3110333827570309,-0.3337189145133516
ACH-002020,0.04382685160105963,-0.28290344599683054,0.3035439491561501,-0.260780294101115,1.095871084898852,1.2565068236487793,-0.6115006846116484,-0.5607462465822242,-0.6582935556823785,-0.4310832251831256,1.2906715622435438,-0.5510133074864312,1.6758292140948028,0.5398131096489646
ACH-002021,0.11881166575499098,-0.3755888540999713,0.30724843528591117,-0.39822041169688677,-0.5876221646769177,-0.3478488666292803,0.9311497930988271,0.6103747429140131,0.8576083812078628,-0.29443320952286206,-0.569060587931282,0.26471733266386926,-0.5271134193997877,0.14648740635516816
ACH-002023,-0.985945355268819,-1.2101582271856095,-0.06317511248049007,0.10116137426445299,0.2291331876186525,-0.10146008259452,-0.8108720264759137,-0.7333184540191746,-1.2220366587334721,-0.11343158825591065,0.6617006119775956,-0.011355940995948749,1.0476238670752198,0.10060802992359372
ACH-002024,0.7130573557574621,0.446732779612643,0.7331475447253234,0.17628984890229496,-0.33177380099258263,-0.16698893606225673,-0.9097459929978864,-0.6058008640682724,-0.5739359658317069,0.30782694538888655,-0.13848887750218328,0.030602226304501823,0.6735965444958991,-0.0691276519932123
ACH-002025,-0.22097955567764196,-0.33644645663420686,0.024935311611595037,-0.2998925832924788,-0.4701617518197293,-0.029845996581289884,-0.38100157584583827,-0.538812246910026,-0.3699445812347396,-0.4777412745251686,0.8366705451594574,-0.22910424764573117,0.8834217777767561,-0.1895068977594552
ACH-002026,-0.4192642030738968,-0.32037419632942865,-0.31830105292137195,-0.384364364306436,-0.2650069570729839,-0.5994313820858601,0.12375388867453274,-0.12249012794399577,-0.034452912415851356,-0.3894635514034541,0.09696016131235623,0.3197136631051062,0.1504379024635244,0.6574072029849535
ACH-002027,-0.12362702143249116,-0.5421906284982703,0.153262449973666,-0.661141182187269,0.26215697704741364,-0.37720960591810343,-1.118753744534512,-1.3345300948036292,-0.5976618986873649,-0.5386929156158256,0.2929572120492271,-0.6429196976109322,0.6282702276374535,0.22512210596548288
ACH-002029,0.10746924125883595,1.0410637064228951,0.07172600307141108,-0.43538650874649654,-0.6367927563713367,-0.3204185621936083,0.3584131174844074,0.06146039717380969,-0.028940019689105423,-0.7340512083608157,-0.3031454317557642,0.21791108461310613,0.462149966957486,-0.452089733171402
ACH-002030,-0.2208518928216503,-1.08091365268075,-0.19324435751564725,-1.6245853453328012,-0.5131449020677394,-1.1079986683335317,-2.0833398051489085,-2.3115188991908866,-2.402301970651793,-1.714468145781911,-0.1960100061119791,-1.6035333203359876,-0.143443630508242,-1.3289239650415454
ACH-002033,0.009640243609193938,0.11115583803985414,-0.43285981058258516,-0.9051614892958113,-1.0191255616789574,-0.6709035251808586,-0.9532850028635551,-0.6464945303117151,-0.3225722955646328,-0.5127566440175698,-0.4433557856851933,0.028053099233272233,0.1585703388016187,-0.7940339528099409
ACH-002035,-0.21699858583375695,-0.3366705228514147,0.23135885916861626,0.4204605956749354,0.4663700938621546,0.43242525956090133,0.24564844730690566,0.671346086086983,0.38348921610526054,0.5874943983056455,-0.43037942272839746,1.103453138859431,0.7590304506950462,0.1700755824785236
ACH-002039,-0.31161423404677024,0.6114970786786044,-0.08736503358903347,-0.24120927993624247,0.40646878491329114,0.16379313407398247,0.12909514776589576,0.03733922734559392,0.4818441896952313,-0.4049726634883203,0.6938202313217966,-0.05435735235534214,0.12241025783979384,-0.46686376553088826
ACH-002040,0.8191956281005115,1.1728405963586275,1.2319298584175429,0.4581026530046546,0.5004154487385165,0.04494869381152966,0.0013295158372089444,-0.5298753396967204,0.36881898238537275,-0.1450563485213653,-0.15599307381868815,0.8748923792786013,0.000756753440402675,-0.6477084708430391
ACH-002041,0.13893843775164605,0.26385763936800605,-0.5298851330558032,-0.6082492866894063,0.3951651258787406,0.13682415900359013,-0.43141479828481577,-1.063389499615325,-0.4712143652503611,-0.27414459083821835,0.2504328054890844,0.8107618153020952,0.816881880101903,-1.1601350488405078
ACH-002042,-0.24869168964632424,0.1592233204503794,-0.3200609414569308,-1.033801649442058,-0.6308876958872041,-0.4542784773796908,0.04432613993041001,-0.1081040907065455,-0.40584238450533994,-0.5972394356408623,-0.7617416508330417,0.33688594836438146,-0.14984452638802703,-0.4636973844785763
ACH-002043,-0.29994729199468695,-0.7943919923876908,-0.31910432625998386,-1.5924196489281595,-0.1698056357097618,-0.30521823480838084,-1.138053781505842,-1.8899179768074288,-1.512096790190506,-1.5365008704486138,-0.021274045834203004,-1.4821426971996494,-0.03831645466652232,-0.9593936149987066
ACH-002044,0.13756317285092096,0.651827574684664,0.23426204368151404,-0.08201623301613248,-0.24184442734251665,-0.4503333042697029,0.6335181304261874,0.4571234125619084,0.6350448832617704,-0.03918536565784542,0.32152349564322447,0.6800935968546225,0.42036177190317825,-0.36721180670291487
ACH-002045,-0.3431209341655307,0.8836749925937257,-0.1333425864532999,0.4160184853867552,-0.32432941322357667,0.08143022108977771,0.3310077261083957,0.17779302454402335,0.08109618329955132,-0.7044043911958487,0.7550327262136988,0.06488702608944018,0.48881548328578517,0.12830448973318648
ACH-002046,-0.29507990289962327,0.6982557936710895,0.22199884157127836,0.6058893384669745,-0.04273400253449311,-0.549318206096449,-0.1929961845739658,-0.11751862763698609,-0.3520345914035592,0.49569084668888347,-0.05988461453591548,0.8316733738325628,1.334820555888556,0.6756384363923401
ACH-002048,-0.4737139436936161,-0.11383328189579836,-0.8758733920479918,-0.6147904684997981,-0.6952134388433513,-1.2568060194735429,-0.3254312090326447,0.2131912658907374,-0.3668962184841632,0.0718456129290779,-0.4472923268019582,0.01844484399997956,-0.8191138375409235,-0.19953580273239435
ACH-002051,0.6036135120776197,0.9047587532968948,0.05852546075745935,0.1966773675734087,-0.3858422211199434,-0.058170970643810826,-0.6960499294709871,-0.42313151718232067,-0.3738190509063887,1.1604146765733703,-0.07785229351633377,0.5190910148951504,-0.156904010336323,1.1112845525794313
ACH-002052,0.488317534755764,0.920609352875845,0.47704127148738246,-0.5111136505279052,-0.9492976223532816,-0.5486344884878744,0.43464325668878245,0.07394225610447103,0.2079956320836321,-0.15650303069161942,-0.9533145430159151,0.22925860430979558,-0.6615834000978724,0.42071897681117143
ACH-002055,-2.8000578783501306,-1.7462398836995185,-1.595988737911188,-1.0675512958307825,-0.615210151411951,-1.1726162571406558,-1.1562399815202469,-0.28374690290770344,-1.0367742980770716,-0.040831720502982005,-1.627410404059987,-0.8748254606516543,-0.6591577106880976,-0.7996436012247496
ACH-002059,-1.1347753315207865,-0.5528081786972582,-0.8911042813507422,0.056648097069918746,0.10671577628430118,-0.5520246039626235,0.1780652533768008,0.6864792784017126,0.47733586222363705,0.6773922615111818,-0.7986231906324138,-0.2264029539598419,-0.5161740216289141,0.3476777162834318
ACH-002060,-0.08721049018587396,-0.6423968277595256,-0.7920324728578358,-0.09802314047481447,-0.4042645148585171,-0.6108331609674719,-0.2803501256458336,0.13531735353017338,0.2386773754527879,0.6145263751742726,-0.8959708375302564,-0.8765619825997698,-0.9006421643531305,0.19166732590245222
ACH-002061,-0.5043949733488209,0.03141218427196629,-0.3293557367613532,-0.558180378839953,-0.18808954180269458,-0.6745339462710045,-0.020083252100965843,0.2904286592576607,0.38363549077537,0.33070377431849385,-0.7452394460807523,0.05033088261264802,0.4110101442450493,0.17751141278951466
ACH-002062,0.31277963707576645,0.05318764990178271,0.32282579549300955,-0.45645777260440645,-0.24036425068117645,-0.5090688842905379,0.028876030065505875,-0.09440292666674832,-0.10684082573210829,0.37794628987759726,-0.440396237365784,0.38245110446056607,0.5549485244947041,-0.08410363181377446
ACH-002066,-0.5030324235072232,0.3225051533922534,0.18244727018670454,0.3628254723305456,0.44378262211277897,-0.22877029334960663,0.49231547839573836,0.17866856470393605,0.49557040654739315,-0.11764502142408483,-0.3966411416400724,1.004214629101602,0.5220148993897906,-0.22158621320294875
ACH-002067,-0.3862367794466586,-0.38773919361632797,-0.19124056278051757,-0.38957061109034236,0.0033748375949065323,-0.1125177678251213,-0.5675464080347109,-0.9054859726371053,-0.8454012625986373,0.059830933944878706,0.03386554455097612,0.1485074064894374,-0.34440068249474387,0.8555588490519348
ACH-002069,-0.3471590752401168,0.0469904084363757,-0.7586746326320217,-0.1140920758179142,-0.531937037289194,-0.6231293686267082,-0.21115542416092023,0.3261716165543118,-0.031146610696248078,0.08554728796104105,-0.18943828475618074,0.7088853285733963,-0.6858052139150197,0.3919917133237333
ACH-002070,-1.3497739399243494,-0.8419285061836196,-1.2558566566697382,-0.23513455741125683,0.07142406873139685,-0.16874705170738907,-0.716413786164389,-0.7213616943724426,-0.5592965069268131,-0.09534864720785435,0.3955275783678027,0.7330572500583112,1.5126241368755122,0.29881669701261204
ACH-002077,0.7737307013689625,0.4540978125442933,0.21582353764116963,0.47459297524347,0.1465852680171229,0.8205493346025725,0.1941509200327403,0.42845480430198074,0.16021577361280925,1.4897169656177662,-0.6595133873260112,1.468728665532567,1.2783196452883605,0.5658061148407381
ACH-002080,-1.0276402977405443,-1.2668464125734085,-0.489379240276451,-0.9686676346996929,-0.9259379411021571,-0.7504637484890702,-1.268800425999006,-0.8149854290647676,-0.6549839506264041,-0.37267793363801727,-0.9468614690959257,-0.3576877959706969,-0.698875855667819,-0.005319940121622069
ACH-002084,0.09505628610402195,0.4117869623139273,0.20205429729870417,-0.17784641681159796,-0.0728979239954114,0.22279639040759644,-0.0664228348607453,-0.25542283705728774,0.035433770425064515,0.47750844891466926,0.09370037723292479,1.5060649770387309,0.787564240158247,0.17901780501264586
ACH-002142,-0.46902208436444504,0.04618825942538328,-0.27092607493200765,-0.47007525557424296,-0.7161242144273872,-1.028504292533082,-1.5405303834226485,-1.8795613908673598,-1.2417758218325226,-1.0844618564375677,-0.2609398128176904,0.4975473089069839,-0.6221111229547809,-0.7416623446099939
ACH-002214,-0.26510061938163737,-0.056709371290314725,-0.22376561353390415,-0.793130372637102,0.2779553944257221,-0.24654983846867456,0.32632601876057366,0.5218234068293419,0.3298965755552212,0.11443265009287795,-0.587031743788343,0.3313460419540758,0.07112867303715409,-0.2649779029183549
ACH-002215,-0.4497260508717815,-0.9856764680859632,-0.18411901409931838,-1.315482049355126,-0.0504227294327364,-0.2525062743057004,-0.3052697545651719,0.6088830098614741,0.011074641144214414,0.2887842116890511,-0.0931293409573576,0.255983696809475,0.31071931435539696,0.049910964835903016
ACH-002283,-0.45720765799100704,-1.681906856229502,-0.8344023684611833,-0.967564853187221,-0.4610518847244891,-0.37388046680270376,-0.4793657333008597,-0.34535426834347716,-0.119123593676427,0.7721870564577147,-0.5012827134388813,1.243775371658501,0.5754318889057275,0.25266247298781663
ACH-002291,-0.7732183689052557,-1.3048409811259942,-0.44416915812920343,-1.2078316362813992,-0.7219259141889762,-0.5568935283898403,-1.673007149720274,-1.385711480016472,-0.8584376759904273,-0.20392610017118187,-0.4672038366085684,0.27463688697163857,-0.6111629836693983,0.02281416752831844
ACH-002399,-0.26290271664400156,-0.42295199402470773,-0.1595263969049337,-0.13015862811523612,-0.7764336593139332,-0.06966285918317784,-0.5849733558378305,-0.8000222619542263,-1.0057351215454202,-0.921261905808534,0.3152528743315263,0.052385515504876745,0.8272979608201974,-0.038789041881076326
ACH-002400,-0.7045572715082006,0.07174530218911551,0.21777202137073048,0.004519230903676119,0.19714062752953773,0.45882726805465424,-0.9809090579575447,-1.1306967491039823,-0.8370467718976748,-0.9855600756210237,0.6925462858640089,-0.0680676070338343,0.8819957636543719,-0.17651529590227935
ACH-002401,-0.5399130344929747,0.0266079663156102,0.20963830109213474,-0.6974262489964215,-0.2675342886980646,0.013747703022954846,-0.694176920707622,-1.1359020303212743,-1.03131628798136,-1.8221878639986904,0.5642248230304794,-0.6905020340438742,0.1377288167535119,-1.055476401914278
ACH-002433,-0.38704536059669176,-0.18163651410246562,0.24585585633330992,-0.812918570972851,-0.2138080753264735,-0.5530131601104468,-0.7536265064248553,-1.3079872338161571,-1.333458340158287,-0.5817177554191817,0.19047011934686162,0.25395347124187784,-0.20783003004459163,-0.3670328202151798
ACH-002446,1.5739091072932314,1.3455014769966502,0.7711820099610244,0.07327128252518826,-0.19640174549526657,-0.39806695475338516,0.031243221356032858,-0.4444357298589824,-0.10143933471520683,-0.5430760512132276,0.8676941116933697,-0.30105168690203554,-0.43229696349641866,-0.4261387910053209
ACH-002458,0.30376563218694047,0.15268356404911626,-0.07142120977353175,-0.05635519096461293,0.0182738623621069,-0.3375789595266046,-0.19318432866447957,-0.30592300399365824,-0.5708975309256761,-0.4068657669623754,-0.10888229322762612,-0.21198946010933054,0.48334578398245465,-0.6309445532696528
ACH-002460,-0.3597673785130086,-0.5757298620195855,-0.30314795292996655,-0.269360609891133,0.3891000228971694,-0.1987191141174055,-0.5132732766053285,-0.5298389939060377,-0.6325887565414019,-0.18908645711793398,0.051013504054387565,0.24785956531832956,0.8974173475468059,-0.6510910359299137
ACH-002461,0.5540746573596536,0.33973815252732353,-0.08300408182457836,0.12763426222562044,-0.3801504686032752,-0.2955702514299095,-0.6593080524229582,-0.8585542470819242,-0.7059842529062657,-0.48512190873004035,-0.1355743950070188,-0.21855960224204918,-0.6314446548876753,0.4678905613970149
ACH-002462,-0.35799530081332004,-0.2179952284168974,-0.4465771013196498,0.1199806485872316,-0.038133100604174325,-0.10832625125970746,-0.34542627293386263,-0.5171818232875172,-0.5943285834718246,0.35995172334033054,0.5445642220716495,0.5569470724055923,0.7829700787337007,1.1342369095064586
ACH-002463,-0.5763619921391621,-0.45602647094707127,-0.42845705692189096,-0.3661529635815698,0.019389154513136955,-0.41642260805754283,-1.2351764114755621,-1.5373636051533532,-1.4656582631639488,-0.2702227827196435,0.4951389019610859,0.10880668381541758,0.45351228885068207,0.30979021301823984
ACH-002464,-0.5688395177505314,-0.4587044635574663,-0.23929357106794474,0.009931202174160804,-0.04790783851460062,-0.13044803300463714,-0.6251816095957153,-0.7025330256648585,-0.9300933887354226,0.5251526393975676,0.37677318948466787,0.6098560883609001,1.0166880864118135,1.0154050799380798
ACH-002465,-0.975791602727148,-0.6564022682910682,-0.8873414236325264,-0.14826150948749478,-0.08059946554884966,-0.4135882950360752,-1.0775538588347278,-1.0049011978645468,-1.1353817668207618,0.3574175398360786,0.561043949091221,0.5324804757686796,0.7375016020834964,0.5725887321964441
ACH-002467,-0.6338875496788792,-0.4599484432923784,-0.4708263148501825,0.06892318186342146,-0.05551940641469055,-0.4485108926353427,-0.7946435329436932,-0.9417981882739659,-0.960384878488812,0.07977850626527756,0.6563619731965257,0.5269063903932073,0.5765573279897594,0.5874162163684564
ACH-002470,0.1960022646876327,-0.33225191921075226,-0.04955733036351764,-0.3199160523010042,-0.8026434201212719,-0.8525623873012418,0.12580150733023565,0.07613939217515547,0.5069509581390472,-0.20471294728653577,-0.7232494900553659,0.12957912341631933,-1.5640013988610728,-0.335401025962203
ACH-002471,0.0039809067589466895,0.0030327363803717144,-0.20107813859774037,-0.5230434466358496,-0.4978754506183294,-0.7341169096978799,0.3237215401714827,0.4126775184850198,-0.42964708950419017,0.12312370375511594,-1.0496093486427087,0.46414641904619286,-1.2670746150709502,0.4575846742532024
ACH-002475,0.20325804128910224,0.9920790688659812,0.26885677353406784,0.5330836897122391,0.6397169107581191,0.26647543269028107,0.46795184896433445,0.43652871759794526,0.7123492925762418,0.6708436999181828,0.2367282911256678,0.809380762165083,-0.008544029753644669,0.5470529858334895
ACH-002478,0.3383406733848234,0.2716413970524155,0.18041657350335194,-0.8649913634902119,-0.24463486851434038,-0.8445309105584049,0.6621084891041966,0.05364794489965735,0.597546948804565,-0.09586748031483483,-1.0606816006428827,-0.28857684838535125,-0.5919686807500945,-0.3994364691286816
ACH-002485,-0.5625157387716433,-0.5859845709800218,-0.7257677341676443,-1.076071782549631,-0.12713250924815855,-0.8036846774398424,-0.421740113583428,0.0007900337188237183,-0.3482606543233401,0.36820053600583585,-0.7844946500559499,-0.3135412220070891,-0.3984632027446695,-0.5180787953494734
ACH-002486,-0.3432915084827368,-0.2101308128655067,0.34172354506477315,0.1756102392661533,0.40253534336179664,-0.27746976706166554,0.14214643926657672,-0.0981510633398244,0.14763911698799909,0.3993447505627529,-0.24837706175989138,0.5725794132138894,0.21208516321804488,0.8060962330829327
ACH-002490,0.16811761718932297,-0.20918005545508966,0.31542546699729324,-0.1192174873687108,0.09589809790567438,-0.18408235018238422,-0.4111469262847425,-0.4343573561191985,-0.06247181265160284,0.9013067531177774,-0.2868910073331853,0.2985054169696969,0.3404199777117153,0.9067446365886453
ACH-002499,1.0354150388377186,0.7858986921252766,-0.08208553846167149,0.30359389135360815,-0.5050361047888239,0.2932582491639532,1.0154573376994005,0.7071422579640095,0.6792959856232987,0.9624547483350091,0.3190524025977634,0.07004396045831497,1.1796155200676985,1.0592420070976136
ACH-002500,-0.9772461213736137,-0.7947729870146445,-0.4086507639567413,-0.7662055260366005,-0.5651875429269431,-0.9524569559082254,-0.11939474196563661,0.3979737433873598,-0.19162906483985548,0.42903140387509026,-1.4551819710416465,-0.5596601644267777,-0.571694259529846,-0.11017602061977427
ACH-002508,-1.0376363155362796,-1.0278505591143976,-1.1067445267789517,-1.127118544558198,-0.5910355799352857,-1.2013476918039228,-0.86357097760856,-0.9184920229896484,-0.9460181231595381,-0.9502722178833521,-0.7583973815926988,-0.24344344200168555,-0.06946739893197482,-0.29499894015417694
ACH-002510,0.493228978562465,0.7335951494308861,0.03984297591011293,-0.36690804098156465,0.37239844765246544,-0.2855057882577541,-0.054732323780003256,-0.6927567626119614,-0.22536245888249323,-0.13767041878452888,0.2955780664857831,1.0238963767085756,-0.01851893598804586,-0.10523399195496047
ACH-002511,-0.6832275447321435,-0.7718093904331007,-0.5770027931014927,-0.5425339925119198,0.1973371046959371,-0.43536750052422896,-0.8255451465123795,-1.037857604459441,-0.8618324121488053,0.10408902833828813,-0.19652647522859495,0.27940914415164353,0.9685180773191242,0.27599624151876445
ACH-002512,0.31183108902747103,0.04518737721651861,0.2514020571366316,-0.1486621523015045,-0.30719843033055644,-0.0955425884298543,0.27309341864971254,-0.13480127573395023,0.44551296185433187,-0.049064667200439824,0.18712226553066003,0.3399949716296121,0.5182358213850596,-0.18695599639589497
ACH-002522,-0.8292293319264303,-1.215195756200226,-0.6421350388123197,-0.06404275967487671,-0.11938839294560924,-0.5106181183150744,-1.5613007263955136,-1.4908376964109626,-1.2415581393635695,-0.02891782689034754,0.2589191795877905,0.5125080873997483,0.1159939506631527,-0.1027174821222673
ACH-002523,0.03587426779977956,0.017853269620093454,0.3924839246529942,0.04947832808371751,0.23075533822264732,0.4184355459896021,-0.0016372468419136033,-0.45897029421288066,-0.22478157525865405,0.7037635180673464,0.7487546694925434,0.5489087826039717,0.5377274620211532,0.7650592921562633
ACH-002524,-0.3150904694435542,0.2379369554187578,-0.3044212991411037,-0.147827723455159,0.04361103691866696,-0.5898868946229452,-0.834936306624845,-0.827540918750156,-0.9420014102693262,-0.12682829585719804,-0.14783976234753257,0.019360167847395665,-0.025943975654805582,0.17202084333474818
ACH-002526,0.49053252210199416,0.7454167194611229,1.041086593245482,-0.5300644295438375,-0.03718970065608689,-0.5210035611777566,-0.23296665925501892,-0.6857529573436514,-0.330541850908031,-0.6616805382015674,-0.04704730789062882,0.13426319934697123,0.5176638572214397,-0.35930260640241746
ACH-002528,-0.7068039174119337,-1.7141277019320815,-0.7818382816698493,-0.025729468555711697,-0.12352019710388938,-0.173450163091162,-1.1802434855869608,-1.366121437498354,-0.9496834822972011,-0.7649072346634928,0.41178839840627784,0.3272849135676306,0.3519409856657177,-0.3384388623257134
ACH-002531,-1.2847370803097502,-0.5014230253176439,-0.7989165939527941,-0.37988841966960624,-0.24953140787609296,-0.1002196325191029,-0.9081268441267389,-1.0847664219407869,-0.4856427589435073,-0.7237111158804336,0.9210252271217744,-0.09609565783129287,1.4203922833598537,0.04447136048086292
ACH-002533,-1.0029600625780843,-0.5739870917319696,0.3242577833688878,0.3435036110335047,0.5701032197476503,0.021604938771127485,-0.37836130985963184,-0.5585095919827304,-0.3588750390072162,-0.47599683660507885,0.49226954172886167,0.4695487079074848,0.26884824761335013,0.32057749839303495
ACH-002535,-0.30653645129013773,0.07690201006929062,0.004803205555541673,-0.19157159483188202,0.05494154281241137,-0.12318285993735759,-0.14625593887103872,-0.3618273363021366,0.03478434945099254,-0.5679779945115323,0.017196295971090986,0.09817290547512886,1.3775087771147372,-0.9503788852275203
ACH-002538,-0.8188317281051709,-0.2553142865752274,-0.07092042849658098,-0.529369619965093,-0.1311503156220448,-0.7159221036766896,-0.5079398999199389,-0.469880277798983,-0.1730091446970033,-0.49712469387180713,-0.03795974701085658,0.17663993549021814,0.6941177645835797,-0.4647508421906905
ACH-002544,-0.4305490394591618,-0.759412596637319,-0.31744854073638257,-0.2855956471788037,0.24065279980314086,0.19421102018369676,-0.3062734075721959,-0.1918144288795523,-0.3344378033945825,-0.10568312731069322,-0.00014814026120327228,0.3564439790486923,-0.22086744542389594,0.7965699359621015
ACH-002647,0.14036040549876522,0.5106195712221467,-0.3620316484861209,-0.11247220348111783,0.28651375985805283,-0.254386257092367,-0.8761808100631745,-1.237617826397972,-0.7562558133782121,-0.323413622769807,1.0512375909189329,0.3666312357139949,0.8280841484308601,-0.11975190874986283
ACH-002650,0.35599490463429384,0.23433298845239303,0.1380716638190529,-0.34492099316945257,0.5173819245348318,0.06800229157615093,-0.013270966006655754,-0.4565059753360019,0.08524386393645852,0.0929188923078334,0.4368348468430776,0.20541462314325348,1.5034185452789883,-0.1348615403324959
ACH-002654,0.11353622940910277,0.5206498166806615,0.5765374676574253,0.12305508646623173,-0.1383151228082188,0.10331657050790347,0.23892449813757238,-0.12162887885929585,0.4353463739580649,-0.3373982943083735,0.7726915402121101,0.03974295623461675,0.5833505578357346,0.08089590079114006
ACH-002659,-1.1802411779610367,-0.46483295707163663,-0.4872264235320722,-0.4741370034822088,0.12854733539797594,-0.25692085319879293,-1.0357522916658615,-1.2195074970888675,-0.36763332737153376,-0.6488072494661264,0.6400213351984374,-0.025767119675289135,0.36173209205645085,-0.21189095884200496
ACH-002660,0.35625307970393394,0.7396038834984954,0.3384186676228866,-0.24978799626836617,0.057168852615155766,0.3234524952205542,-0.0681221313614061,-0.6685071488502485,0.1092249270697799,-0.8649628335244487,0.5315448218198812,-0.3941818533321344,0.845265364151957,-0.2124958587596034
ACH-002662,0.4987774184951567,0.8999169341827816,0.5450081685378529,0.07585765330617056,0.15754561334049738,-0.29877261346552275,-0.08845423559582932,-0.5218288922100197,-0.015276614801745858,-0.649968885798209,0.6036577382695479,-0.36140540068314203,-0.05065911023573597,-0.9422863188203546
ACH-002664,-0.4025937376621155,0.11437071389612097,-0.05284573652778915,0.42036108747270357,0.42362211117070825,0.1403128858509518,-0.20182837554777958,-0.3776339455322567,-0.2112628114081919,0.12934246039822483,0.0528521799979772,0.03421500865806215,0.9825242209631179,0.24491120390369298
ACH-002669,0.00387331651281142,0.2237765060411775,0.02160221862088138,-0.2725823393172546,-0.3390540247951833,-0.32128610027611865,-0.26245725001101805,-0.23645605096785682,-0.1570844679627984,-0.05345505999347562,0.2386344885098071,-0.39388483175745076,0.28455827098139896,-0.4854196607511896
ACH-002672,-0.1870415941298583,0.49063824601083356,0.3061642630707381,0.48404134991858666,0.8593362998324278,0.21808181332941345,-0.2971029105755805,-1.0124638308355907,-0.8868086290931022,-0.13470365670627882,1.3232865690591136,0.3184395219025422,0.9765168498294075,0.25830980388904157
ACH-002677,-2.164621285131771,-1.9814295217263602,-1.2215458361943892,-1.566425338860609,-0.7774976025117086,-1.5088787953288363,-1.349807456818374,-0.6304805791735129,-1.1104253601073921,-0.12598208399193062,-1.8518250559666711,-0.8777352690159382,-1.3777131090376509,-0.9260940732554727
ACH-002678,-0.4422891142310079,-0.23764737078667753,-0.710544535808348,-0.41457577697917336,-0.1454741770592191,-1.0028450522619972,0.2791331299942763,0.9097433630724915,0.22558596967371158,0.19314685581594482,-0.9321414146484124,-0.35780057316764313,-1.2481495741368367,-0.5346233176361173
ACH-002680,-0.6029731709882601,-0.6294063060301694,-0.3422041523421908,-0.043096829256685565,-0.31963853659921876,-0.2568574286815036,-1.1243665593428402,-0.867621243864358,-0.7032743782651939,-0.2706160769688385,0.11811101546876318,0.9239001933082966,0.12463204637710493,0.0945499347477618
ACH-002681,-0.45376348078323037,-0.38837727983350934,-0.23093356718254385,-0.45091437899378595,-0.43578256264447207,-0.940660686236973,-1.3275615808801946,-1.7635093244429465,-1.1243062233722525,-0.8257505439514593,0.051741862316374065,-0.14793887618122203,-0.6435206102711981,-0.7366302091930388
ACH-002687,0.13300995310868016,-0.05109567780497265,0.10838039139736325,-0.7013218537009533,-0.23579156220679492,-0.07942355408914861,-0.8301765246045798,-1.1175021541794667,-0.7545362256752841,-0.29979428384180795,0.19803893316940202,0.39047816930032103,0.05684183647932696,-0.004754480377164472
ACH-002688,-0.2931475703614728,0.3678481430156469,0.13798258807037006,0.20010209281221236,-0.3546297349855827,-0.4472433128845468,-0.3376469724680773,-1.1145362272220813,-0.28632990664656166,-0.10304420704545122,-0.033708654280078354,1.0917711377874102,0.583203217827185,-0.3018298363476344
ACH-002690,-0.5388536853917647,0.008795830419210282,-0.29647368163359156,0.02861538086592816,0.07064955223239061,-0.23930707691491218,-0.2517262382469516,-0.5965542385240248,-0.5642249247060167,-0.08314295535647039,0.3730298383136704,0.2650068840360109,0.540248073761018,0.6930584367534172
ACH-002693,-0.9381306309202191,-0.7730536163995559,-0.6158319433096701,-0.6961855702942638,-0.08555911660249654,-0.5962329731245006,-1.0111783459930108,-0.8001246610072629,-0.9291444093429976,-0.14526780993103933,-0.4668617848493619,-0.4119059158904732,-0.9509871625764964,-0.19244404002694981
ACH-002705,-0.8486154314946582,-1.3152365589319204,-0.39543013212380695,-0.01900298683218446,0.3768463141242139,0.05751464863343082,-0.5562881541266121,-0.4306705073183409,-1.0556679904231294,0.15656635039908076,0.9475146927975828,-0.342362223232819,0.7272655398223702,0.0657243682919448
ACH-002706,-0.43377314274761597,-0.668489245518548,-0.22468612555134154,-0.014332603682937917,0.6721271103079263,0.31826578960464835,0.09460075480448271,0.17906409093729048,0.09704690054074715,0.8987521907199045,0.5897430943147035,0.006025196115349213,0.5961519577456824,0.17830522579410557
ACH-002708,-0.34109898365097047,0.28150265774889094,-0.07017982529530364,-0.18204096443105852,-0.0829329581071113,-0.5484562299801427,-0.7229977977744151,-0.9567227172371393,-0.5429483113813581,0.02933957624458727,0.24889064178103548,0.5520394204237055,0.02792032341798683,-0.03192104082631153
ACH-002709,-0.3388263636646857,-0.32523045399942324,-0.6883299064318346,-1.4069248314880791,-0.045457137690673693,-0.8488798172664203,-0.806763860012726,-0.40532765850953734,-0.26482720548439154,-0.46924666176603064,-1.2998790904084374,-0.6641124504991323,-0.6879393208554269,-1.0122810916949767
ACH-002710,0.1183929879644773,0.23768111075765455,0.12914229813578812,-0.4288611352009144,-0.09180720336294135,-0.30012469609425274,-0.7697340868859512,-1.237817412136075,-0.9456099464182675,0.00940231842959456,-0.0038197044280288694,0.8902073596477916,-0.20967503501497467,0.34575094822275293
ACH-002711,-0.3781363878284717,-0.32191030123416714,-0.21290891558478675,-0.5384791254660305,-0.03380871840056704,-0.21876809675230835,-0.6144020589183729,-0.7991916473538749,-0.45724784327928475,-0.3066071447450459,0.33692252928175903,0.014010433591142873,0.31451500467052607,-0.01602608351727576
ACH-002778,-0.24838521573102357,-0.683043619313277,-0.21487333508220832,-1.1537434258185606,-0.6974895275554212,-0.5958702410406991,-1.5509094615810293,-1.335592191121177,-1.682425205166571,-1.3669573295852768,-0.7708393918807823,-0.16927864430616296,-1.0625386711926168,-1.3515177297274488
ACH-002780,-0.3257639254464106,-0.02566165042212476,-0.35127811485163135,-0.7627301578001291,-0.3110800138635454,-0.5349515215706568,-0.6889569358767725,-0.24822945337364966,-0.6688034794633848,0.032596808936455834,-0.8584883517178974,0.5180339480399281,-0.793598354540914,0.122034152719103
ACH-002782,-0.15024206529244447,-0.48297675124435696,-0.47571776702534707,0.5275043537691202,-0.07695832583090106,-0.5093448722738881,-0.8693063499069287,-0.8110268059159739,-0.31496086737309414,-0.15239251334856044,-0.07105107014803619,0.5268759557809642,0.2510440533100876,-0.016699594007779206
ACH-002784,-0.10072682751473128,-0.5500904817619479,-0.3183407986778217,0.37492344951876716,-0.6605895945327878,-0.5440892769936989,-0.6152643463603227,-0.2757588445612696,-0.2037410828575035,0.4051379559025036,-0.08280881747607799,0.8717156356053634,0.1401763724233913,0.6380616912599313
ACH-002785,-0.7282737501486548,0.19359303776961234,0.14131704447109733,-0.6205536601635819,-0.5638896725582687,-0.5482307987144599,-0.6175066456540566,-0.525139325292049,-0.6129968583749077,0.13090466005627782,-0.7153157849826194,1.1587305131401455,0.5053606089595,-0.2773026067095561
ACH-002792,0.3644445866752275,0.4821507110008053,0.6593728301363582,0.43217671083362574,0.06190536946368169,0.27132265670563394,0.004460923152932117,-0.11887663753443313,0.3290865839020589,0.7419471767910926,0.34969759461734756,1.0461789819197462,0.587434432915356,0.02419835295628714
ACH-002799,0.15187763283739047,0.7627463357512905,0.9010773726933503,-0.23748012123708492,0.4559859492060226,0.12379887458159103,-0.1362182588534417,-0.4672520460470979,-0.3634860744357041,0.5938116105493279,0.18191095137543503,0.846535898805318,0.28037020407965735,-0.004887231516607415
ACH-002800,-0.4402669155828627,0.15738086130110174,-0.3309642977490237,0.008230898916111118,0.13116150378079952,0.18868310516674666,-1.0818783145869793,-1.5767962073342365,-1.150759146421175,-0.07414650205710327,0.48833917740883853,0.14788480609016635,0.08059066132230888,-0.08585725186923528
ACH-002801,-0.3071298949884311,-0.20626428129037472,-0.8205056821724299,-0.0073244068420034725,0.10752202678337984,-0.3363801571352002,0.03763637884408892,-0.6751763106470761,-0.15151202448986273,0.25234766530335606,-0.22111261698743,0.247671659696573,1.0150638259636466,1.0266578152062542
ACH-002806,0.5186589696283413,0.9190448900022259,0.9059457488955845,0.4178428406888747,-0.11956409189132056,-0.00029959870178530856,-0.0329098795037533,-0.227964348975906,0.4315007264291596,0.6022364663031364,0.09425420767097986,0.006596640548721722,0.7029468645602271,0.029501504739528422
ACH-002834,-0.34908214403585364,-0.896164084292572,-0.3757363546786702,-0.5677961134868729,0.010407230049713945,0.024991153594515175,-0.7998513088563702,-0.754179416587355,-0.8759902178773419,0.8423082002632205,-0.17050610850434872,0.05803384013310717,1.5312637088604113,0.6970081093902387
ACH-002847,-0.024659420083890937,0.2801109412179146,-0.03709169940645976,-0.4581355020314933,-0.5194990719258012,-0.4525374481099367,-0.3703372462279154,-0.6363695025951044,-0.245996339046118,0.3604830340878016,-0.06362561415551998,-0.1676908981343993,0.8836134479940795,0.7223942018717724
ACH-002922,0.20716410775263114,-1.070284979370701,0.07673004853896143,-0.7640880773007811,-0.31511304461720063,-0.18455305487453388,-1.1334365679760197,-1.2840189566647733,-0.94474133734666,-0.7640553890997211,0.05652483946486858,-0.27037392095885043,-0.5330626758989985,-1.1620322482313872
ACH-002923,1.093235848836884,0.0856418969678735,0.1779411231970413,-1.0018481696680923,-1.2779337821683665,-1.1238345592561234,-0.34108131874451425,-0.9081680578046056,-0.18776856212033682,-1.1439965257069096,-0.44745263234612265,-0.5586347738900205,-1.6186823470389693,-1.1484653178666075
ACH-002925,0.5176206234640772,0.20637431175824283,0.35956893392016837,-1.4581556519245655,-0.287977874954208,-0.14675927590780827,-0.4645516010022333,-0.7501138440814146,-0.3641391204180949,-0.8667243494262205,-0.3760606428784895,-0.1871053597362296,-0.8390365805156994,-1.1095722298504918
ACH-002926,0.509980445271199,0.2579516930839055,0.505549826508844,-0.2858033479701723,-0.008216369169141868,-0.22899087016054823,-0.34095325188970005,-0.45662732001049444,0.0770205820600518,0.4996855346538727,0.2266638861901828,0.9617121737858942,0.5600328899403877,0.37094031078791423
ACH-002928,0.04472672705356734,0.00048469198916116507,-0.047176678753964696,0.5712661305969939,0.1467562158298435,-0.5154741878051593,-0.6240606413021115,-0.3858534664156105,-0.5580648831095445,0.11228383369813924,-0.14536035362411018,0.19271000020008677,0.2587838678753302,0.17042195493377876
ACH-003012,0.12036023278538599,-0.19393039319459587,-0.10460051288034058,-0.2029706556976137,-0.12334537822864095,0.5444074966189536,-0.6852803906353386,0.41429802587051806,-0.45181928878009425,-0.20473911323592014,0.7008126706069329,-0.6617279224653558,-0.16044331572668155,-0.48827492893273855
ACH-003064,-1.1539284286504672,-1.3842376264888823,-1.0141032008394226,-0.028988531674912707,0.3657277003110295,-0.4216762652248839,-1.3673198017633421,-1.5743697985344176,-1.3362017425511983,-0.2831189241119142,0.1191350998077062,0.6291210497180268,0.05627144917721649,0.38576014179040674
ACH-003065,-0.5683347409073333,-1.1998665783964633,-0.608722500869689,-0.28492325751353387,0.3101990676440888,-0.33600040970240524,-1.2876464904883989,-0.9884438927456951,-1.0016650884419267,0.7619734453325535,-0.1839093415578862,-0.3221310037217104,-0.10571163105083786,0.34234634112202617
ACH-003171,-0.3673314484352601,0.033207067690565306,-0.3523043351096657,-0.3912314261916388,-0.8029884388549559,-0.8866017779725652,-1.332173041212853,-1.4984775847842091,-0.37621626800089586,-0.4459245655256026,-0.06479098343278544,1.1935446956846443,0.14056671308011115,-0.7264098008174711
ACH-003176,-1.1478496644685026,-1.0157208138114848,-1.0021646203518175,-1.019907181859436,-0.9318125122454988,-0.5976012949400359,-0.6892298700517927,-0.7733289229236955,-0.6066646139404148,-1.1906774126723447,-0.17509156388237562,-0.10666750922624368,-0.40667908240601935,-0.8953768637714726
ACH-003177,-0.3511301022422255,-0.6257454403441374,-0.2836809566945503,-0.7218668663923467,-1.1761944970809621,-1.2149570186434544,-1.592618925589069,-1.7024916303564677,-1.183164694442752,-0.8961909264752084,-0.5387195833907885,0.17826019183489655,-1.068884144670625,-0.7462916014539605
ACH-003178,0.22623980831475088,0.8384861626780769,0.3213972975754507,0.27059805623146427,-0.7525121874040399,-0.9839298407692143,-0.41830466387631743,-0.832606868521515,-0.07114107940846277,-0.5949328027614806,-0.05549190576018706,0.7169490078297597,0.6382435476493951,-1.2010274847712994
ACH-003180,0.4418114808302218,-0.10816750786395633,-0.19663386838389343,-0.6093079957031673,-0.36711928962810303,-0.7761052320000159,-0.7033016930249286,-1.2708376029321284,-0.2050500403372352,-1.0248643902968728,-0.13586395345366212,0.38202389024361316,-0.2636332943506709,-0.4392623336796183
ACH-003184,-0.33906783372145477,-0.5620285856480604,0.15946541656712251,-1.4553579073767433,-0.9711513305946881,-1.4126714543521868,-1.949859010450453,-2.4668569432202174,-1.9731170936263063,-1.146363334431078,-0.7211708441401365,-0.3163357075034532,-0.8456509982838812,-1.0070900630663828
ACH-003185,0.8016826835153688,0.5049299358391717,0.6860093443563328,-0.5849515041104517,-0.7344567874558552,-0.6242684826659234,-0.4513065407944045,-0.747624549668658,-0.4534841507431365,-0.1960032625276542,-0.05191874109294277,0.6637443159795946,-0.4191300898990986,-0.7031892040957324
ACH-003186,-1.3160994483172694,-2.398140840973746,-1.2014583872939677,-2.0679453879139964,-1.57401451141261,-1.7929488452925837,-3.0507725498346465,-2.9488634876067015,-2.4267418845261144,-2.528247283471419,-0.9045536919211129,-1.4596668841969382,-1.617809739535895,-2.209435166926323
ACH-003189,-0.662266761792162,-0.755941429552939,-0.864658708317911,-0.8325818222163093,-0.7283576363674145,-1.1495997028339233,-1.2831698367755555,-2.193126785971701,-1.2313943799910132,-0.8952152659193304,-0.3587982371235325,-0.3551777393834278,-0.5133077678499727,-1.3954421704092093
ACH-003190,-0.14563222709947066,-1.2551118229978595,-0.34980762589761116,-1.5736146998073846,-1.3519767260728721,-1.1672835627487792,-1.768380258851909,-2.0246933211884572,-1.512178000340655,-0.8352110523952694,-0.943329889515663,-0.45078448069994803,-1.0531532996101125,-0.8598065368721022
ACH-003191,0.3296151094470964,0.029247089029580488,-0.16888436515380523,-1.2245748263164085,-1.2381204486170667,-0.7980727398132118,-1.7086946580686933,-2.111449575164164,-1.3123115717207288,-0.930159085021752,-0.1878374790292167,0.16268277514711033,-0.15498792432759118,-0.3686060044095595
ACH-003273,-1.5612567293287059,-1.2268036023528173,-1.0718866147933404,-1.1211756876676429,0.1349481230682296,-0.3683943579009671,-0.7046669997587327,0.012842539676450881,-0.043650274160544345,-0.28820865775424337,-1.2283166186885834,-0.4673062014464773,0.1728529336984685,-0.9741826518995179
ACH-003410,-1.5235691931741664,-1.8620978741532555,-1.1527155819127566,-0.8443395220754073,-1.2514066957394578,-1.4097939623765305,-2.1382932987772487,-2.3986522234000973,-1.6248891108912464,-1.0429479989075372,-1.111616010965228,-0.8203871194080671,-1.3228672628201692,-1.7629473372914581
ACH-003573,-0.20477585796326642,-0.2099434767971315,-0.146985900066122,0.4971462406939288,-0.415698119522407,-0.4822928335597589,-0.09071993150698482,-0.32909117396267,-0.4162199496109886,0.12538214611263174,-0.30826922373322685,0.7887733780605022,0.2787488441847835,0.06689015413424523
ACH-003587,-0.14721878364321375,-0.08696847883515332,0.09465699935943667,0.14967108582140942,-0.6692687197593981,-0.40762665692854405,-0.3111553719661134,-0.6745041492538743,-0.2775790028710332,0.13413058641349437,-0.37685792792132594,0.6646283558957553,-0.33205021211157004,0.2949164784171729
ACH-003590,-0.6588508481303383,-0.4383605113735083,-0.662270391757398,-0.7328545469667307,-0.7045117315194166,-0.7882856672769867,-0.3974920092527904,-0.01050454924349395,-0.3991043303916789,-0.26026492994706796,-0.8788622091589037,-0.6896195264503259,-1.2913928650218598,-0.7346123280895589
