,OXPHOS_CI,OXPHOS_CII_CIII,OXPHOS_CIV_CV,TCA_PYRUVATE,FAO_LIPID,AA_COFACTOR,MITO_RIBOSOME,mtDNA_RNA,PROTEIN_IMPORT,TRANSPORT,REDOX_DETOX,MITO_DYNAMICS,CELL_DEATH,SIGNALING
ACH-000001,0.22718509037745924,-0.2943916122217417,0.6647821365804826,-0.8526297476923432,-0.3967085541330724,-0.035967510845596906,0.19485688080077518,0.5915357225525134,0.383782296605726,0.738618438422774,-0.7257551126338826,0.9208057219145149,0.2574401407602558,0.032164591780578095
ACH-000004,0.02985898967646642,0.5548596073085285,-0.1090164953986513,-0.2628536796240156,1.1253203715344335,0.45946185755123664,-0.13679553592670127,1.0237253325887419,0.7043808720167469,0.16712212692528514,-0.5819694384891841,0.3583805173264708,-0.11133113549714975,-0.3145000237271998
ACH-000005,-0.16551237972042437,0.4744805507771638,0.0934951748104417,0.34083800984067303,1.3684123892955755,0.9130284389509667,0.7872975569179992,1.5388185551134728,0.7514330201131454,0.6432199071838872,0.074198884818517,0.7565010001148992,0.46879578620895423,0.08000310966906665
ACH-000007,-0.29096025354035493,0.8238864555028712,0.3813088975102852,0.9186701694482053,0.32554771684693107,0.2369009822935072,-0.059752598076866115,0.3092407617112324,-0.32985651551725387,-0.0018391185493605786,0.2441042611272567,-0.21069219565362635,-0.7705819356557451,-0.2736960803389133
ACH-000009,-0.16149009778998996,0.251667496246258,-0.2752180594302238,1.1905891077344668,0.5171352130597263,0.9472837624181052,0.9581365771699534,1.2638435463148467,1.4460419764966164,0.23639907829128934,0.2902698831585906,0.4937525390416362,-0.5056534977319296,0.22937356651408677
ACH-000011,-0.02688150970402345,-0.46532859297266005,-0.11131563528092403,-0.39861066338926604,-0.4227307029072238,-0.31650932675157684,-0.8245301836638406,-0.4093169940699769,-0.21390075093624875,-0.4890012095852728,0.290891522094039,-0.1540919202873852,-0.09744741592249143,-0.27388848419483514
ACH-000012,-0.29256906303479074,-0.5036520720649916,-0.11990863085917419,0.16845010057792242,-0.4923919326732098,-0.657387353703754,0.6704961354179901,0.7206029039205667,0.509381383524028,-0.22525162018141603,-0.25528717230876025,0.27267776640622865,-0.26695528912664496,0.17722349477470584
ACH-000013,-0.17979321821619884,-0.578215158464089,0.09600867145110298,-0.926061028525264,-0.8710291653565839,-0.8062044916772587,-0.9309030681622714,-0.19846044438875962,-0.07673249200128934,0.589961604059588,-0.8059822310493212,0.3497690528824182,-0.4008097392892289,0.17300192414554355
ACH-000014,0.3004289764251906,-0.17032695367154888,0.23141696005090356,0.19929506532838107,0.37474003548670437,-0.11493607048384931,-0.27641050224273145,0.5654565126294027,0.596450544493896,0.31111065888559586,0.5113148595020457,0.6895235580888199,0.6591307261512878,-0.21473751543989966
ACH-000015,0.3060006723212801,-0.14438800887071163,1.0925759234017975,0.7149820733072442,0.6578088476347954,0.34484443119639335,0.4943201841786398,1.426411436507781,0.723521446768693,0.7355168331044374,0.419453009506588,0.07201229526591003,0.32042858017464326,0.31706569649516536
ACH-000017,0.6798687253362012,0.17276086146949915,0.2505086055614068,1.1421410965113807,-0.28679630355978175,-0.34881345177316214,0.11208338759632736,0.13435767624063474,0.5877276425051268,0.12466246110700674,0.2712686575030434,0.35556946767622044,-0.6970670536394225,0.1585197655459591
ACH-000018,0.14912573397413076,-0.19843123112462424,-0.4961018938302682,0.7228962042671233,-0.41347705972779514,-0.1385316693826676,-0.024942208761455448,0.4776862194223494,0.6647837429502997,0.8846489217783362,0.19774987397432056,1.2042742330137972,0.06630101161294545,0.7133548618753744
ACH-000019,0.6866394633619248,-0.057757488137223756,1.0971777054535548,0.3200817513283054,-0.07494522005069044,0.18697693660642523,0.09703775376048465,0.10690672574726165,0.033525038784866276,0.7401484687113896,0.1608615822376756,0.18846601503756522,0.32066292282285475,0.042171439246739315
ACH-000021,0.5716081473067727,1.3474968415458735,1.5911452861177675,-1.1189513395467596,-0.4114499864386183,-0.2022723085049731,1.1270702023911423,-0.2952631737816528,-0.20283866587855198,-0.4019796881344353,-0.04924530279628331,0.004872872155483501,0.13096175818209455,-0.7751212180466712
ACH-000022,-0.5401076514549841,-0.1611370504367596,-0.25614925345151834,0.2662540265374867,0.4087959545531221,0.17728366415210556,-0.8361023669142,-0.27540131726835926,-0.4588853644480267,-0.5085476182541034,-0.13680129195307067,-0.6660661056296024,-1.1661812748679097,-0.27740691606952717
ACH-000023,0.12640435214294116,0.9470103408551208,0.16926128506742646,1.0475905197995672,-0.2240525115957621,0.7968666830332967,0.4040450858054123,0.85940915881855,0.7964526095010457,0.4326362472750058,0.10150353822454716,0.6049065002437263,-0.022100623292469184,0.26159499768670585
ACH-000024,-0.019565778156848998,0.5263449830310026,0.16039996635243647,0.023599245707733918,0.5178712215793315,0.30046517245027454,-0.47513932134776216,-0.12561501476050346,0.6952757436735502,0.5766516912623492,-0.4993625287724932,-0.7245433970113303,-0.2583133957519554,-0.2593755869506683
ACH-000025,0.3795797060399408,0.6959087767680174,-0.023827101331918343,0.5537547752515086,-0.4942198137258572,-0.025150396535100428,0.7371553702438575,0.549313596922459,0.24233482106651297,0.3774183000804869,0.12595431126182471,0.7364303609763256,-0.4694716829784617,0.2296094799119559
ACH-000026,-0.09562168167105033,0.07285539046518597,0.2835487231794585,0.3280700009554949,-0.3535757206315257,0.15911585500680334,0.2513013324169747,0.6209490214197816,0.44598519368082024,0.20889191839579116,0.35090429110143334,0.5459792816651916,0.23850229365412673,0.22221313311287377
ACH-000028,-0.04714217257169127,-0.8324944339737872,0.6962683159600529,0.21847026744082515,-0.14482784285744538,0.12624232762123067,-0.24837612141951587,0.17166444158540062,0.0004478153300618848,0.43828751194744575,0.03512396824080799,0.16659899194237943,0.04158795017857362,0.2516016884550743
ACH-000029,-0.08257391174632836,-0.11971690055047116,0.10642679808544991,0.25131297615005094,-0.1435053958584679,0.0009570478789059644,0.12105623568469437,-0.2613163744299769,-0.49832544397215245,0.012945913878250087,0.20730565809677437,-0.5342887425919509,-0.3944037716619508,-0.20017932074545677
ACH-000030,-0.4659510773402811,-0.3715042304175382,-0.3453153579529624,0.050755957270222585,-0.06274700685522516,-0.16153335353974457,-0.37467892917188583,-0.15039197932876136,0.2231198560573169,-0.7580221531759186,0.36072104617231965,0.07885172178710763,-0.7058441249352614,0.05493746187267812
ACH-000035,0.03483877418266889,0.39687611162506353,0.0329591669707712,0.7316956836525399,0.04140184981303442,0.19210271087162842,-0.0004781813550606695,0.3231853268406156,0.19881899487042543,0.09244848007830253,0.4856835753154236,0.5428053812403667,0.5759786026876614,0.33066479506915747
ACH-000036,0.045830115029384735,-0.619186999362578,0.017011891621089487,-0.17520031634080027,0.06326769641595818,-0.1699079111677046,-1.253681072194798,-0.9026894178032158,-0.627594476090258,0.16720237139417105,0.4884354222629671,-0.05757133885739049,0.3164435222154709,-0.16878536935431276
ACH-000037,-0.7248266354197289,-0.4753387369343428,-0.5405370282894283,0.4278590764959156,-0.6530149224612549,-0.9211141885955331,-0.6849938488481215,-0.0662481041262114,0.18098144086418533,-0.0670176791402905,-0.2725142495809845,0.7521364763799825,0.5905154003098052,0.08698238621685273
ACH-000039,1.252642579191295,0.2406753490773085,-0.015668836417673027,0.02220953081465737,0.14501311233816014,-0.21227386076412177,0.6603836352880292,1.1851387460408707,1.13802629247852,0.23041933315347113,-0.5991133858475362,0.9658482752081532,0.2130253420840717,-0.04783920286489168
ACH-000040,0.20995765813356035,-0.10485485978176011,-0.5153594121505884,0.3225599750619928,0.3492258781098195,0.2317307875834475,0.2404039865500433,0.7613697892747768,0.7945596142183601,0.4166713805392665,0.17639328636785387,1.0157215889053315,-0.05621988253261951,0.7266697736122384
ACH-000041,0.3801453886041356,-0.31059246266424473,-0.12435781082068345,0.10682421580989736,0.8000898066492225,0.5185592433071765,0.01367228085825134,1.0270980761941022,0.6231291164017976,0.6656630760580919,0.25123084558965914,0.8761858092021465,0.34787953077137834,0.7176412503798941
ACH-000042,-2.3037062111124285,-2.12778740655728,-2.1735395474000243,-2.0030140538682772,-1.403799891290789,-1.0902056326785337,-1.858683083461543,-0.8537459393399613,-1.3878349410271313,-1.121054956095732,-0.8843597496072656,-0.6566234970292125,-1.7769506597093523,-0.9516577491679827
ACH-000045,0.6525744597540575,0.36654013435831223,0.22848231328445912,-0.8229654091643012,-0.12035935954060667,-0.17375317453479794,0.014098354452349249,0.6864108240089085,0.6399116417238686,-0.14884690456447014,-0.42634797754355824,-0.4815512929296609,0.16686693088795237,-0.5694334888681993
ACH-000048,-0.133525726030573,-0.08921812672743963,-0.2632930620552257,-0.15125242531646518,0.23105933739520979,0.43510826424184323,-0.06075464596553273,1.2289895681605227,0.5434614955838217,0.7495387874553845,0.46020991349344487,-0.026107544793215337,-0.3759482563670505,0.7427461305555252
ACH-000052,0.8087702364819387,0.0766043087593396,0.11093690349744087,0.4794328803725664,0.6639706850782665,0.7706488301609048,-0.29501165468514645,0.5613447365407402,0.4378819444363883,0.5450901507285,0.5229594749275932,0.5959809086880596,0.5044850500616365,0.8895238027660437
ACH-000053,-0.27304834864558236,0.01666319913593585,-0.7258210866950041,-0.3759285026045383,0.14163432226768768,-0.05043658203030605,-0.6684428035212302,-0.2268068765516483,0.3220761759115426,-0.15188451305500777,-0.43439413636935287,-0.32112157972258665,0.39149916363676984,-0.31432239507725
ACH-000054,0.06665222682346847,0.6030048455484607,0.21654483461567905,0.5286204281834369,-0.7397680932692052,-0.5743360332281114,0.47175658586955527,0.8182440629680401,1.0981754921956022,-0.20792876042752523,0.04956870822298595,0.789829390199227,0.3641469640708571,0.3003388384985571
ACH-000055,-0.4850169875936509,-0.6348387391829657,-0.546068528087713,-0.7427982502161138,0.3125339525297847,0.15113124468839242,0.12557782949192936,0.5541133528425808,0.8728400992204466,0.23135139016046055,-0.3840597915335466,-0.1849585896288539,-0.08274545016283372,-0.3359143673001057
ACH-000060,0.6041905542956336,0.2993677958471281,0.26359932419932064,-0.4730209378060948,-1.073933930206794,-0.34947901264215164,0.27394586281264544,0.6577134259797126,0.585089359218258,-0.007797132580064758,0.022469342568036083,0.24046749441114398,-0.12760252990335225,0.021974814414298494
ACH-000067,0.00566157213372738,-0.22148038109771598,-0.3366093100032328,0.8061161354180599,0.2520565690196906,-0.138444812141885,-0.5381676003119736,0.12387850488573007,0.13013871791191703,1.0258988173323274,0.4984741824089483,0.989531893436172,0.13262923249349276,0.23792251664117353
ACH-000070,-0.03216964877714806,-0.15824763959375654,-0.24435986263909223,0.1694541139000278,-0.48980074491137815,0.055813329871350126,-0.3072248867899146,0.6045743335705137,0.47346497828918144,0.47008299294522604,-0.8618496666293038,-0.39580652945400285,-0.572883859273483,-0.5948412007273386
ACH-000074,0.042347949428886665,0.12881451427098217,-0.4429760751918754,-0.1627944108874266,0.6272142029638268,0.5950344944292332,0.41498708843810955,1.2597025163691296,0.7281636003319665,0.28768445471603615,-0.4198799280442551,0.4257967686809975,-0.38022902720086854,-0.14108704145879847
ACH-000075,0.787120547999225,0.12837284414236982,0.5014399956298319,0.1786973685748509,0.18427388474515874,0.3326615454599936,-0.03940376017397901,0.13848309670604364,0.5894235129612504,0.293325739191179,0.6199581201125022,1.2043906640679636,-0.2832264305204779,0.0757490857634926
ACH-000076,-1.1222452128608609,-0.3322898015212739,-1.495028382205768,-0.22880320302437027,0.5815329229638366,0.5473603261364673,-0.4758734637770601,0.6054386374608856,0.5218880321495378,0.1722827007713145,-0.99649839574554,0.11268307469692113,0.2557907000276505,0.5149035562331349
ACH-000077,0.2070547905199813,0.2873033394330026,-0.3862515152413857,0.4249659983324244,0.7177439663009574,0.8149345896286024,0.5979749148097248,1.4287210661351446,1.1243291182702557,0.6006066795828687,-0.05371330327445213,0.32759211780598124,0.3315750680287141,-0.2185287484665479
ACH-000078,-1.69883803026382,-1.0730919235069691,-1.1061938490005951,-0.5053426662531598,0.2817867850894629,0.08084677105119994,-1.5655393964732824,-0.1947488272604842,-0.17654833963309485,0.7229034953399441,-0.9864819115033024,-0.2925108149004724,0.1681859241257157,0.7517258169843094
ACH-000082,0.04148500947969923,0.2912674160989939,-0.3517604181641443,0.3657787334251288,0.24756574885238086,0.1587421773631713,0.33638161426837415,0.6686648184677589,0.8369581029641289,0.006347892095026675,0.04485400711057547,0.9160063463365735,-0.6519657110558854,0.6250133088980682
ACH-000085,-0.3850807796302086,-0.12602243978494268,-0.5606354170919716,0.03864636066284797,-0.4102217589268553,-0.33677292792291624,0.014403885467787633,0.1843105250233053,-0.48518666387884263,-0.7921668342920367,-0.0983061429119455,0.3360676922902163,-1.1006966320635523,-0.36581819162074436
ACH-000086,1.2975608579233449,2.0157616919838333,1.9429187018187026,-0.770340694051774,-0.7604549914672668,-0.5653040818180033,1.2754418950359614,-0.45657255150615816,0.31381052176866264,-0.6250481931157673,0.22904183648924809,0.2379457296011115,0.009046305837295127,-1.2152659003719646
ACH-000087,0.5824970910884996,-0.20025919763460975,0.10397418081190632,0.12666629271440116,0.4442039838869475,0.5928610462916142,0.3308590722893817,1.196318040365787,0.8697521918106272,0.6827414198142553,-0.0420510922046379,0.9952751749024864,0.660318000385195,0.7390874793586635
ACH-000090,-0.03907484316022525,-0.17731834925083795,0.11234344639382027,-0.6483086201613333,-0.8610349629400893,-1.2217130792172193,-0.41844453885759586,-0.15417454994658264,-0.15682988843320483,-0.6617459780179282,-0.5324606614313709,-0.3259420594415592,-0.7933246853852165,-1.3758364199959185
ACH-000092,0.06301777329685171,-0.535547085396177,-0.542290180192802,0.17739762236196446,-0.27776067742428007,-0.22198268510255564,0.30204454678713066,0.3884354457949575,0.33901373687020353,-0.12288706579550043,0.2791524972892341,1.1331260549737903,0.23357712719854984,0.7874183362237068
ACH-000093,-0.7736670847827453,-0.3337515048006802,-0.24887360513181056,-0.49030592116937954,0.06875494046234931,-0.023771949381868246,-0.7498027871187559,-0.09955595516478521,-0.350357799724906,0.14119868518515427,0.6140482567699863,0.18927398581989588,0.039438916070154914,0.14599698930858696
ACH-000094,-0.5646754845944635,-0.4230295345732461,-0.21339173890229776,-0.5850509506319076,-0.3232896036430704,-0.6614659085510843,-0.5923383518927583,-0.49403916073838755,-0.6722824993246952,-0.5599304163017761,0.4228332014696891,-0.6703272116131076,-0.7388215498481121,-0.28940128283575567
ACH-000095,-1.3185702141451134,-0.9826656925158775,-1.070518312424199,-0.1770727192684428,-0.24927278443179962,-0.3206954248064807,-0.7405249420549217,0.021063048523854835,-0.24680109075036008,0.33973157230821605,-1.4793262467172341,-0.34033450602403115,0.1469872693168664,0.3498448034182394
ACH-000096,0.10396474288203238,0.26346361354771725,-0.058315117819176414,1.2645510021394621,0.7835533003795416,1.1084028181841457,1.0516568348902118,1.6412972408834345,1.624050420710987,1.2069631910618888,0.4025106983367194,0.9426656703427538,0.8570011438764937,1.116672216104456
ACH-000097,1.097841240506405,0.11904136178660199,1.3897459766168339,-0.061205281072093554,0.2327942945355053,0.5666961258397603,0.4478191861763531,-0.1255798610481582,0.5016868051683373,0.8316834941546601,0.4846109844989083,0.49657941765362446,1.0594768885180774,0.24710321638669475
ACH-000098,0.020772201675827287,0.05119666865978182,0.20622473983682016,0.7930227319599213,-0.24948764211333552,-0.28530725519951405,0.4868127454414154,0.6412653765260626,1.0275745543153592,0.6500173857708218,0.293123368005072,1.1834331615861329,1.070923207804824,0.46376470654486884
ACH-000099,0.0048646252111137975,0.06589984767946216,0.778431906830563,-0.44880250640906605,-0.06924074678836058,-0.10204951964318312,-0.5505956921082839,-0.028011752101663526,0.19773627421965112,0.3293933268689477,-1.028211770112422,0.13024320283828858,1.204471303483602,0.37341691146315614
ACH-000100,-0.9266748135187483,-0.8556815140723509,-0.28429682394287725,-0.5549825869780832,0.42207649371276335,-0.16902819123771906,-0.5135279425195656,1.0583518547612611,0.3410330469761383,-0.12826396775978063,-0.513402513506757,0.5154961904116055,0.055145214750961374,0.2154930493064066
ACH-000101,-0.4017270711541364,0.19400887432513525,-0.6270877613502459,0.9606450001065246,0.09045078267411238,0.7614792581621252,-1.0529118484219744,0.4150129242355204,-0.3135433179259696,1.5322872912979313,-0.8973817882299525,0.3194497693558896,0.22648416149032957,0.2397831420385838
ACH-000103,-0.4745299441059412,0.05912297798801819,0.3329181168449211,0.4323185178715072,0.4338341992835958,0.1403981410730057,-1.0452676851830316,-0.42562865447408516,-0.36920467225694836,0.11128520240772137,-0.49124561112166254,0.20047625868786534,-0.5972571245055089,-0.049994693993376776
ACH-000106,-0.2736982366419776,-0.025002142263091887,-0.08961259559553408,0.5984612817532541,0.5583506218365917,0.4205100190753557,-0.6750893777677713,-0.2838071830792524,-0.3375216292066292,0.8402201072192419,-0.5876775406282136,0.26060907677163114,0.7638812144015081,-0.16939256702483305
ACH-000108,-0.49913704867816544,-0.023866929622547356,-0.030979755457619468,-0.2724156388128192,0.22026240167566194,0.5721361785439517,-0.20121642653205746,-0.6325010342097935,0.057197713890481186,-0.20166059950016918,1.122176832074606,0.17859958285537436,-0.297730992796573,-0.3624765959140562
ACH-000111,-0.6959975764863607,-0.744377202138302,-1.1290572034583704,0.32103746917835996,-0.3648590838078128,-0.35205564418571056,-1.0692980635950053,-0.09819443286716839,-0.11179094898215722,0.46892202067678423,-0.29148446567877484,0.07256082595391053,-0.06132838238802101,0.9686314119359056
ACH-000113,-1.1204545823326069,0.2515867521950383,-0.48705333832560976,0.66634098754383,0.36029815780241164,0.5954711803611763,-0.33877513236052936,0.17923975758267435,0.011903025362387801,0.5503593793272309,0.2119878757038609,-0.6523161652725802,0.00700438898251915,0.5060970162524389
ACH-000114,-1.4202375388232185,-0.5108838077269302,-1.6132085587385632,-0.9665912756387678,-0.4211422154042022,-0.059555097074391605,-1.5358080303757977,-1.2408433042451312,-1.1980845414226333,-0.7424539959693022,-0.07176390241504604,-0.2681193823334627,-1.0394464905898682,-0.6863292937806038
ACH-000115,-0.07345964428283781,0.4179299174477193,0.2615422223355053,0.985964468592985,1.0089403812122186,0.5243665568152318,-0.4330980539012743,0.3705998604292814,-0.6458807159916985,0.514970879484078,-0.006269273708890605,0.16485872452864966,0.14182478165418536,0.38620001869185366
ACH-000116,-0.03946962993850865,-0.3909332695272439,0.18655575810291503,0.3886485353001746,0.3104246602638796,0.41960893860595944,-0.6315676155453291,-0.19494883731686122,-0.05016529882994168,0.7766075810314172,0.03531761764948396,0.7722926631053723,-0.09792684659470016,0.5181887436500336
ACH-000118,-0.18434117974597572,-0.8193171703396971,-0.3113476568536462,-0.800633160063621,-0.4872895520072814,-0.5094250466027938,-0.2607887566958325,-0.012000246196015918,0.053379328707708174,-0.8092529185818227,-0.24173491335875408,0.09406359964907501,-1.0057254216123082,-0.7725685545868741
ACH-000120,-0.5732146819133234,-1.202815307225869,-0.730284879060873,-0.09520879912130381,0.3702838846954964,0.4851783221628476,0.5910208797134684,1.4331990763181306,0.4398297957978504,0.6549082843613431,0.2528778091055361,0.2407728035714462,0.12782877619483682,0.8214420242825622
ACH-000123,-0.17549250539254202,0.3099381109277944,0.08227463315694575,0.13975751121459812,0.41859774774191066,0.9178578657396432,-0.2560819358016589,0.4368947960037569,0.5974628674436294,0.2884675050609449,-0.48199799403807936,0.27148137601733013,0.011753290891176986,0.44421237537846503
ACH-000124,-1.616944042044722,-1.3958346401255683,-1.2987061052883528,-0.23588284456124725,-0.7540756844741938,-0.6477681341131256,-0.8902841219514308,0.2939562627503779,0.13206106736191559,0.2424156991994697,-1.5965734794739799,-0.7818670226567493,0.2996812894483098,0.42818412638922004
ACH-000127,0.2113565392505523,0.07207546138041504,-0.36840092511515626,0.26574567033058905,0.5210003753031752,0.6075388349228074,-0.06708532755639927,0.5056578789988857,-0.26726040891563785,0.616135878460676,0.3876008650343957,0.0159427204503588,0.5273814332670445,0.5876646928567106
ACH-000128,-0.5296990400779543,-0.8057294510287573,-0.5971537016023953,0.7133222324864584,0.4533058495093945,0.29388020633789214,-0.2181732928112134,0.7230405280921218,-0.6442913103737973,1.4736151560175812,0.013649069129353045,0.9554291960452823,-0.8293882888022155,1.4528458049506916
ACH-000132,-0.03818729902976971,0.3398105496028614,0.42787282697726337,-0.5710889132664929,-0.28156199946365823,-0.41217557947000705,-0.12021196275510732,-0.8799645421377501,-0.8520462372265377,1.1400511309670136,-0.5480349631117029,-0.6027568108175815,-0.318150441257084,0.4490206067934549
ACH-000133,0.0816417123192778,-0.6570036318384669,-0.22862134038337917,-0.061968007581552756,-0.1659761351210844,0.021477908087902897,0.15256700609031953,0.37007350480170664,0.16676652113632917,0.897781861276906,-0.0912405734768369,0.9783766322710953,0.4720206892191237,0.6398382969609581
ACH-000137,-0.6211851854611368,0.20926944497604333,0.07360995827096142,-0.08644769888520089,0.40608539865543847,0.37725886461825586,0.13746675970496963,0.19017746796315388,-0.034495760772195294,0.46816229696871964,0.22026805075925088,0.6439316051732872,0.054718723778423226,-0.29985598174842953
ACH-000138,-1.250760547334928,-0.9907875380348207,-1.0824728199381455,-1.5460141605788331,-0.45793057430199374,-0.2809259476680861,-0.9413300875295825,-0.8243381460175279,-1.8254874696711818,-0.8217977933846332,-0.4342724728091559,-0.1988565596806619,-0.6128468124358273,-0.643298751750596
ACH-000139,-1.3091865911602563,-1.6034384132150334,-1.2437458497659963,-1.1877463393803755,-1.6471373600118349,-1.4343593827814753,-0.8942290485106378,-0.5357325416611205,-0.9902056835712939,-0.47266222276491904,-1.1692124560646997,-0.824084468748399,-1.5020970787017518,-1.043330664298722
ACH-000141,-0.33439063217245246,0.22230707944876751,0.17914198634960385,0.008952312152696864,0.17711542836501254,0.3666832712899915,-0.13643056975779255,0.6740304290493611,0.3257240679773927,-0.09440575009070036,0.5774033709154163,0.7003172946476182,-0.7732238072018527,-0.5777347731962155
ACH-000142,-1.1185392209903962,-0.9838038513105152,-1.0455872444287437,-0.5703616621046722,-0.6119357306869028,-0.8696990191713171,-1.2570397770014639,-0.4733547332666682,-0.6575485527689995,-0.3043264254700752,-0.5011791737968543,0.36589557769309056,-0.3735092174882177,-0.642605133994556
ACH-000143,0.9142506777813749,0.617877018917634,0.5738887576288295,0.2686853788751521,0.5571237676898225,0.8685895853653132,0.5865977449976069,1.1774414550037475,0.8071582727159399,0.5140154291507197,-0.27698091381551737,0.5542077539526864,-0.22759047906816016,-0.4809485962233272
ACH-000144,-0.3735992127580555,-0.22409726317193152,-0.44232588643658943,0.06113785142481504,0.4088611401602851,0.357921732118042,-0.6683380741149074,0.5453411101699467,0.2913811990307772,0.6665843419047665,0.16045892279295634,0.6100923064185504,0.16273169514151423,0.29635453802189793
ACH-000145,0.36707010780087257,-0.23741800136278962,-0.017492063343671375,-0.1618422562441473,0.7154617209457892,0.29967086380338775,-0.21199616304385058,0.0858890336402087,-0.09132315659364987,0.09062437794611708,0.25438499912918167,0.5483881897257219,0.018507310337738617,0.14597313074317958
ACH-000146,0.32775011629515255,0.23427075370605094,-0.08864138345739685,-0.4518521034802834,0.42779991878723445,0.06782961467139287,-0.31874055582908317,0.6256959969238953,0.6951775180746538,0.2708853500597397,0.29341112396222924,0.4283857735397647,-0.32657172041341337,-0.9107945514451343
ACH-000147,0.16944103799248353,-0.5477282230209815,0.45861499058434874,0.5867340514469142,0.37879408281041027,0.33357922276439966,-0.1748395759288181,0.2126819520308472,-0.2446310316996432,0.37830092017716355,0.08009998213101707,-0.056604691761723946,-0.08457236598944887,0.36697850540701676
ACH-000148,-0.7845055229544478,-0.4992113571397302,-1.2327843986404614,-0.13935719150537362,-0.003842011130548849,-0.275794946759409,-1.5891228458486784,-0.7031907211273748,-0.6864752443303404,-0.5481528051140723,-0.15601092925692295,0.4016483109684764,-0.1290886547024293,-0.14096160012858205
ACH-000149,-0.14995308441569388,-0.8160449121114055,-0.22191544789010892,0.1613051601917381,0.3842243281145041,0.19046224945182347,-0.2239892712712862,0.6812450286032135,0.43424315353277254,0.8077876896651947,-0.07186203606684624,0.7870464275369243,0.8792828424467425,0.39446444589421664
ACH-000151,-0.3473509655937036,-0.6342610840986092,-0.15947876619896956,0.1929769917045039,0.2279127498620953,-0.18980395489887752,0.36937884078093297,1.5835164608373002,0.5485950236099845,0.6955908437441877,-0.816903001542612,0.04125437051156208,-0.31552464863801033,-0.08072125687116148
ACH-000152,-0.35044995145510804,-0.3074608945205102,-0.2944418573289469,0.6246920263135745,0.13917607488410733,-0.2726353301896295,-0.4603283090830579,0.10534282831978758,0.7326840696157575,1.0086703721126582,-0.10307260485129469,0.7438829021784888,-0.5030018090245382,0.290579694368441
ACH-000153,-0.2786567444203769,0.24951241198772653,-0.35605723028708824,0.5092239857040337,0.5108369655738102,0.5647453906315393,-0.028235816038274436,0.07327878378758301,0.10442183883315118,0.25891598982362807,0.29595887132987847,0.856378979699574,0.43380338219003917,0.8978564549250596
ACH-000155,0.5085879180944002,0.942261182968376,0.5309680875800028,0.07746482930766908,-0.7437707638942135,-0.8971800198182126,0.2851040283760568,-0.360195156020289,0.4809394731402885,-0.7934982611040062,0.044459807428904,0.2380848157256844,-0.6037021581688151,-0.3444840709030192
ACH-000159,-1.0861965388516062,-0.9579651680312099,-0.8302404753406213,0.4434028084593497,-0.224410424366137,-0.3409673092883816,-0.8287945377790189,-0.0465089478988418,-0.3053002479993265,0.22682092495654382,0.34354794009407097,0.5328556394368382,0.2951970423883716,0.45860859253154124
ACH-000160,1.1954317899332538,1.726545884276704,1.2802529670525502,1.9913061292038248,-0.14776228413628106,0.1412721606598102,0.8216155073780045,0.6252902345693957,0.7963474763076426,0.14781725433352616,-0.014029783145906027,0.6286173674889044,0.16615034968621809,0.2742042073100249
ACH-000161,0.17178381641131027,-0.5351361197837274,-0.26652481050128235,0.5654132245707071,-0.38100944698120776,0.25392522735046785,-0.538480752846622,-0.2265950864159495,0.05938915165884198,0.05473684553551386,0.4945640133721246,-0.4058278276980655,-0.4454681620314787,0.2340740118642989
ACH-000163,-0.00035778676100270196,-0.22492440097970293,-0.4461336857287891,0.30543953670503643,0.025468603081190797,-0.1039827814248038,0.008991005710860644,0.570921767318649,0.6772975080584783,-0.03178794076025962,0.20609807654251128,0.7794456560645012,-0.31087772064541447,0.18768026623209572
ACH-000164,0.49499905521667176,0.9505433437502169,0.29035889271326915,0.466945417450297,-0.6327863026826881,-0.3201571721218049,0.19026884783936865,0.5788653754655828,1.3385624132596847,0.4463249567143994,0.03649542042591444,1.220472529221746,-0.11850882448107936,0.040117035910861625
ACH-000167,0.6050118077732858,1.3969737914325118,1.035677323758499,0.7482353389336787,0.8353916754136047,0.6070127178160196,1.2196417430695365,1.0437673047952216,0.7095628101511645,0.47135157911143655,-0.5511236041725915,0.2694303866644804,-0.12642157707493296,0.2372494418905205
ACH-000168,-0.09437550105377923,0.6574776523484295,0.11497393065366524,0.03061121400360617,0.6160766996666189,0.14044674941814403,-0.5292960229716864,0.12763321351118004,-0.17738352917154276,0.18452010039371586,0.3243315213219068,-0.21949824682233565,-0.7273372163672682,0.22551626692077634
ACH-000169,0.1591176835652637,-0.5756623337228727,-0.28372148374996864,-0.14253472273948958,0.2858071711328567,0.2223412489025081,0.07720862233381931,1.258912344717909,0.9951008406423489,0.44501498909475073,-0.009223274011399801,0.8154483656636904,0.5616272662412926,1.522763310065345
ACH-000172,-0.3027124749052975,0.22465566865079745,-0.0006688053454716493,0.5551919166634495,0.9122765845351483,0.8831529858766789,-0.23691725997039498,0.10733299276946544,0.25325078324543476,1.2588348566897882,-0.048238926389723824,0.3952549719169436,0.016056449087179757,0.44653258148000774
ACH-000174,0.1606944749966824,0.5346498548766874,-0.3862697011235502,0.39597857439232986,-0.2974770807918314,0.15450377899294565,-0.08170219708807983,0.7626746963980267,0.4873770859081915,0.38265133404492424,-0.2426716760014205,0.37884362750504946,-0.7777012498725804,0.4763011361751906
ACH-000176,-0.017232891146087795,0.05727474492093358,0.28707286394921383,-0.02275830884181039,-0.30823487859248333,-0.22015180914534127,-0.41144973636670634,0.0931601225156113,0.16442351680440387,0.3315301604242685,0.3168850290408855,0.7889923830125682,0.4280088513378115,0.17812650043854553
ACH-000178,0.39791743225126236,0.9528267540854347,-0.42338676654509116,0.9860718555652492,0.29586337868039,0.1834282685595874,0.16819362213599492,0.4568263711275708,0.3765258244305748,0.2192522489810805,0.9733544541896479,0.6943265568075185,-0.17999342012350694,-0.016685877454757858
ACH-000181,-2.780840228869224,-1.8785625354644282,-1.9539700097967714,-1.6064533870823603,-0.9479704865821497,-1.1390090595604059,-1.9270079411916683,-0.13886737665032833,-1.3972797354134185,-0.9073031395713631,-1.3303465631567977,-0.183936438008179,-1.678965056925994,-1.196130486726395
ACH-000182,-1.2853478038666408,-1.0966147930796604,-1.148494103655972,-0.6116174002783741,-0.002296663358565043,-0.01580340261907348,-1.0404616474989372,-0.7309078722325874,-1.0676405610556814,-0.3977693755967676,0.4142272989780461,-0.033307883983216074,-1.0356743279048277,-0.5223012382554966
ACH-000183,1.153803096143693,1.4327555775189884,1.2628607937363332,0.7445099433915174,1.058591310501396,0.40188045228134867,1.2800326820133927,1.0455111836140527,1.2802534178752478,1.5029199768531556,-0.38370636111002915,0.4856563912425675,2.4856652873669667,0.11428621342827028
ACH-000187,-0.647754975892769,-0.06883990671061507,-0.04626120276671691,1.4628132176838053,0.4961549679738636,0.8683988588959519,-0.05308677365093087,0.6572212996985612,0.45581335227296027,0.7633771383820912,-0.3977737730001841,-0.03324927019627197,0.7062623497433671,1.234189610317462
ACH-000188,-2.556680095757278,-2.1666812049586714,-3.083931144764969,-1.779726656276693,-2.1776240995033866,-1.6860951087820732,-1.8278841249916933,-1.6064635633948177,-1.662784817132561,-2.0937883431281987,-1.3482912829839906,-1.1873867317621505,-1.9451231539034375,-1.7271296017582394
ACH-000189,-1.1249125815071115,-0.9789157668930344,-1.1803963009360856,-0.8703517120146629,-0.6643626210747207,-0.9205552197780144,-1.064432515158054,-0.5489027655214028,-0.7204868433780991,-0.6638378600559225,-0.33872740485704966,-0.044526429190839906,-0.3690325749150618,-0.022309356765290722
ACH-000190,0.3142273852072973,1.1111298851474998,-0.5173893784043793,0.8143331739923375,0.481540376363441,0.4960065560898534,-0.03766496180995285,0.05393241340538893,0.5886796009201575,0.24727509048883534,0.5153533870926844,0.8898329472869754,-0.01813853757971374,-0.4529992832714896
ACH-000191,-0.7389547258596777,-0.08667264828625545,-1.1017394349753131,-0.6013376360179641,-0.06600130855919079,0.14109831297228403,-0.693414964240347,0.5044975872139685,0.08523452617225272,0.009382893107622858,-0.3176280576211129,0.32914153856278505,-0.5283572272140962,-0.32816386959408284
ACH-000192,-0.6804830844800391,-1.0047847644789625,-0.3719945198611378,-0.3158451672864996,0.047470427596722126,-0.37466844467340377,-0.6090082532313201,0.16880069828912564,-0.0320196329737204,0.37389736883046054,-0.6319151231775948,0.060409662127090605,-0.009738027830062633,0.6861115953205642
ACH-000195,-0.49338292393656263,-0.2996813555051798,-0.606680390170551,0.44972101684933435,1.0297385268951313,0.43524951050597027,-0.4234978034257974,1.0224347393136368,0.20225271586091886,0.4906629592921511,0.048485695600063244,0.02639276308997618,-0.37280154085379186,0.12089398527867859
ACH-000197,-0.8393199036054407,-0.5899201023164373,-0.6972236682616239,0.06312132587948184,0.040734202726948505,0.29593590883402376,-0.7428866274580076,0.7583917679032199,-0.1688586695116392,1.1064464108896035,-1.349599982702905,-0.2485354368390819,-0.7274206844587066,0.16948754378803593
ACH-000198,-1.081948543266808,-0.20856822462239274,-1.0651090974297563,-0.380638920895531,-0.04253287684818717,-0.002989013113198234,-0.7600925916439598,0.7953954889962683,0.13273640030039205,-0.024296779918329403,-0.8100494924960918,-0.6127947577651724,-0.46121451882090947,-0.38855314150158854
ACH-000200,0.13665975775536726,0.14685103728982896,-0.32322414863128646,1.069128710632197,0.6379566250358886,0.12042757822306674,-0.33801547156174006,0.08708726531650647,-0.3213233483841338,1.0574458429686169,0.49066070186597033,0.632618629131701,0.7301036214863001,0.897460205348112
ACH-000202,0.19071770029430965,-0.01113032435127756,0.19423939165103582,0.999145987212519,0.8431235670478494,0.8755885965219895,0.2730784928489776,0.8725270701446308,1.146816467531924,0.9081740754738128,0.3780334695920736,0.6733584051521998,0.3404602588846549,0.056640678560738775
ACH-000203,-0.7203723947761552,-1.3979281655731937,-0.895572887361833,0.03090789925057358,0.5694116990084342,0.6881837898893904,-1.054077875438548,0.6517066001742209,-0.2155822512316381,1.3787268071249894,-0.4136845773096829,0.3059562662924689,0.7659220990978348,1.897726011085285
ACH-000204,0.43223148956553026,0.08612428442282333,-0.08904472146089384,0.220324002713492,0.7708430951843542,0.6297402016778283,0.2181081841658793,0.10577747709766491,0.8141879872445441,1.2517848042113395,-0.6107852456403267,-0.15414058090069999,0.7381915027548693,-0.13038436399102066
ACH-000206,-0.5639604937599745,0.2723364549279024,-0.8483534773459401,1.0840620449098008,0.4106771860889184,0.6028143117843096,0.21850618893166243,1.0117377281809778,0.5675849031165799,0.8515350037430176,-0.33633010175834144,0.22355765792211793,0.22049807824702325,0.3970096105575249
ACH-000207,-0.26601130651620203,-0.2850071186444551,-0.8576429504450127,0.11796966873693487,-1.3964392033523978,-0.8737861463301171,0.3573390199111822,-0.1317383994080869,0.026975362982663814,-0.8735682347918192,-0.6573116603387252,-0.4088646188893466,-1.4255100076616989,-0.6448246990455577
ACH-000208,0.13099492167640164,-0.33264208710761106,-0.01192873799860271,0.3464473772666787,0.11322539605630197,0.007980929429931782,-0.47366533412006967,0.34460044614239005,0.05094338642121096,0.22049250381776975,0.22279593852721594,0.541303429546026,0.10078732109374655,-0.42372663820971446
ACH-000209,-2.1628386487641897,-1.9390780298674233,-1.554570760244646,-1.1137322258368032,-0.9697137181775601,-0.7681077258889468,-1.6079560105233908,-1.0450375484985956,-1.1540209910518664,-0.4291185918330113,-0.21666927129992675,-1.6111035957798303,-0.7316864900073022,-0.03891234156230344
ACH-000210,-0.2142975847189997,0.05920284605086076,0.018329482655634263,0.2296904629692824,0.2586916063451248,0.26610175053077445,-0.7180801442459511,0.12357122062039033,-0.12294359078843858,1.0572325932281363,-0.3476681917439461,-0.0601848275434721,0.1967520204730938,1.248877506067029
ACH-000211,-0.4773378657266475,-0.559548077820675,-0.7912012163029987,0.46592832914330173,-0.07985572132432797,0.1760879287649052,0.4511987736800819,1.101610052476193,0.5839177684959699,0.5901527750719094,-0.31338695043284703,1.0451009767607928,0.2686000276008029,0.6361626596182536
ACH-000212,0.39412147677726495,0.7998969224423275,0.10073438214227627,-0.09403910558488586,0.6640585123044013,0.35893650385226356,0.2350446322706152,-0.2328304375950506,0.411265635372765,0.2177878254310335,0.10468477733225616,0.19535924108994007,0.5817948408173632,-0.08487391809188212
ACH-000213,-0.8414815166814655,-0.6521224425823158,-0.8450340484524661,-0.6796918799475924,-0.34207873417372525,-0.19095575332514644,-0.5075338411858746,-0.5151040670322947,-1.384063726552294,-0.42356086670579773,-0.2872373813302815,-0.6189946667570622,-0.97564586479442,-0.3327748452058764
ACH-000215,-0.26133718170181613,-0.3565572793145134,-0.1886405883215318,0.9388172381490437,0.5812466135078951,0.07249847909567277,-0.17865964944452756,0.3471005892134262,-0.42367600127679483,0.8890099557135877,0.587611783823091,0.5460426822012376,0.08657757945461014,0.5779108612906384
ACH-000216,-0.9988021682339271,-0.9881307695578606,-0.7455929974452074,-0.28420216439492735,-0.2295418115013564,-0.2079761965730824,-0.44089641897921233,-0.6588852666624383,-1.0974548070231749,-0.3851323772821669,-0.014700012490446515,-0.513390995279934,-0.3048570695011803,-0.49426502594168364
ACH-000217,-0.7036104405095552,-0.07094017518065207,-0.36430771241089044,0.030535330377729708,-0.2752324564432781,-0.14980527919983705,-0.44042088396334317,0.32078968642168737,-0.19122721222114836,0.08518701622188504,0.5929406588668755,-0.18530996143745154,0.03282765784680536,0.004603857842230635
ACH-000219,0.32219551685420733,-0.24858452795899863,0.06883802030745813,0.8080177411258432,-0.0222646657972988,0.18458702488253712,0.8486312928602546,1.1569725115299065,0.8901454171829227,0.6507899919073729,0.08977474825552481,0.8383314470681056,0.4053909676039266,0.24759548950411853
ACH-000221,0.6495686745009379,1.3257934151537032,0.9922846077807019,0.4789788610338463,0.13646408119624495,0.37240425946939015,0.7973936354076838,1.7223054622554832,1.5697633325699383,0.8897738142323683,0.14294556080469467,0.7113430258937609,0.37370067870443563,0.3873432801429823
ACH-000222,-1.1711899789504434,-0.0884887152899803,-0.5865771909773108,-0.5969564258257372,0.023056077501662164,-0.1392487310161191,-1.1799652026322365,-0.9514870721182972,-0.918291167528111,-0.14464657550811147,0.5044949356683093,-0.6509233448663974,-0.8808270780388001,0.1892490781017736
ACH-000223,0.9466335678898807,1.0413782136141294,0.1300277477919006,0.35467082314248644,0.2555824068847001,0.5040409977081297,-0.04339192913834708,0.1256680947508783,0.7246896980310564,-0.1394215385110419,0.5826813209212838,0.13173798033867873,-0.12744967950454253,-0.08411131825479995
ACH-000226,0.5780452810227508,0.9199127325228369,0.29292440174580114,0.8421692098191458,0.6553386348865818,0.454657478604248,-0.2895283049748744,-0.38426270774021876,-0.37324255905202985,0.5518206880475494,-0.607760587416285,-0.25802552192514816,0.8849015066801397,-0.3440841243749465
ACH-000227,0.3140333515774126,-0.6624823079240327,-0.048290226101349656,-0.6129074572242679,-0.08241841340504213,-0.001082584884760776,-0.6624691193728627,0.32740879161052683,0.3748830128471111,0.6203217647976955,-0.8219853308037068,-0.14779329662082627,0.500702121733571,0.3831434118461715
ACH-000228,-0.3162402971317792,-0.11857484440525062,-0.8344191193772197,-0.4072624197906941,-0.9712892030323802,-0.20234102900183126,-0.9040751100365294,-0.7533596010289164,-0.2924026187011384,-0.7277168806896241,-0.4125073048292237,0.06855763096382839,-0.5356410896669812,0.06230853167353609
ACH-000231,-0.33702428871346063,-0.7246041828576181,-0.9023299669811216,0.009329139071973767,0.19799598246728456,0.08300192615266638,-1.0337341201614552,-0.252904665247637,-0.09048606528116415,0.7253022878426947,0.22269386317985168,0.9209728715721052,0.7273123408204895,0.24082043560146976
ACH-000232,0.34412169184601604,-0.14749099552094946,0.05689019590844801,0.5396459821430856,0.4876770843388819,0.6869026687681111,-0.39489650751438565,-0.2683030658075797,-0.5355533958425167,0.9630136928409928,0.4827376012895521,0.47255273322853775,1.0727072670962576,0.6869904043292374
ACH-000233,-0.9568490134016461,-0.040964877102233205,-0.7837472583533904,-0.11329964385653135,0.39144431757989356,0.15665076945174541,-0.8041027791607575,-0.04330425636629577,-0.6576835116770555,0.46341002622491406,-0.6210060105627346,-0.7223971105157956,0.215949107508443,0.10459664009516036
ACH-000234,-1.1349568883360877,-1.3205367161519057,-0.342492606824231,-0.5238338071385206,-0.2771175962869194,-0.12438695060944036,-0.4985107064830655,-0.3579583969745253,-0.17726392107799432,-0.24740752588745674,0.720625796554263,0.56664217384494,-0.051938704864599554,0.05925699018877595
ACH-000235,-1.3581606094570715,-0.8165070179683308,-0.7502536038145655,0.013291202821732545,-0.26533510678139305,-0.07536302379367574,-0.855365419294118,-0.879694180497009,-0.6012226097952953,-0.372085938376188,0.7655309588251318,-0.6009477543176791,-0.9494159124237966,-0.0931479690260934
ACH-000237,-0.9778523540545769,-0.44582468803277564,-0.5778423660663535,0.2177811074569375,0.6790785363012456,0.3687070029280524,-0.9184472382078553,-0.25179827938367494,-0.9800567084885792,0.14885865560001316,0.21025774641339262,0.12070290377265018,0.045465449995451324,0.34711100532968236
ACH-000238,-1.1929422417317266,-1.0198165429477446,-0.9833620001763899,-0.9617084387005018,-0.9775516881547439,-1.11466580159429,-0.9547293330294822,-0.21275121095892713,-0.682976604618884,-1.0051327100870546,-0.7549645153570186,0.22337801556506973,-0.8969606591014425,-0.5297158370968295
ACH-000239,0.2745719001198129,0.3086503086941548,0.06318379238035027,0.5231960347921136,0.19290523799541,-0.438324469918698,0.3080448728095155,0.4040406370361054,0.42789372941988263,-0.05750499266990718,0.2528699743442535,0.7026036053230104,-0.5901433344942897,-0.5230972777128559
ACH-000242,0.24040732262505235,0.6559818126868042,0.006492417954259214,0.8998596360870081,0.39299655124492255,0.016191632762791994,-0.13423231183506135,0.4133812169467717,0.25271294400554917,-0.06967681560384044,0.16364884778483177,0.09316706694084116,-0.13725622446454352,-0.20464327276938973
ACH-000243,0.05641514011292638,-0.16584834373079801,-0.4161074808651599,0.5469167831842586,-0.16211851627571536,-0.3635214801618555,0.3086337224621387,0.5567905377775266,0.47310039361295575,-0.29860174726044414,0.3948049848802691,0.4764608528420208,-0.98610996845445,-0.24527124901545302
ACH-000244,-0.4523426071019221,-0.6833692338888171,-0.5505367399495759,-0.22991888235261382,0.4469558113777951,0.04264360340659215,-0.7096591379678859,0.00033302807662309586,-0.5032909731065469,0.43675025160127295,0.03163502818629249,0.6651710688191032,-0.1742678430105184,0.47391739795959
ACH-000247,-0.6798453877441104,-0.35407085075852995,-0.2140436160810327,-0.35718581247717707,0.03540509871492761,0.07391015747409313,-0.4858689418642307,0.3811151972334341,-0.04473750726028211,-0.22479235620709223,0.6909207360038078,-0.4244865342812299,-0.16545891727111642,-0.3111223348620776
ACH-000248,0.723189913764067,0.38043160719427627,0.6312959309700418,2.1033244169886904,0.29403822477200403,0.14138634019297952,0.392874872964866,0.517312644546615,0.8385982433804196,0.0493066032413626,0.7985497480066146,1.0761642067273518,-0.5493837256210088,0.25016495655826143
ACH-000249,-0.07222835787722909,-0.18826427604772422,-0.33878720103110843,0.14012744424876633,-0.04725569449975975,0.17197166355367227,-0.39276716753627583,0.61512720893094,0.4193365367931303,0.1924118271506926,0.1531711629955381,0.3234639534745592,-0.0654388956862225,0.6877590297490297
ACH-000250,-0.005009126033772848,-0.3308145199033083,-0.01747825628801429,0.8261561531615759,0.5516978314465134,0.443183251010057,-0.5899801439412957,-0.23116036833548764,0.1109989133379368,0.2922907414968401,1.0359198491462234,1.23120645084462,0.09194847572517426,-0.2514515400494453
ACH-000251,0.40884077908064437,0.46974518757189193,0.05760674709120678,0.29252531297780127,-0.5715349079705044,-0.49973992181846427,0.745085876387519,0.4276396524062165,0.6446431149576104,0.0023128581402775267,0.7182421551106843,-0.06927413321070448,-0.3602085917677207,-0.5034184886509385
ACH-000252,-0.16478269407300444,0.14736169903296126,0.061928471219729775,-0.019583102621810122,0.20744342208042785,0.14813571057516567,-0.1834364553004923,0.11363899302396922,0.9433689803558076,0.1205652691614418,0.14545468452954569,-0.13870530066721848,-0.4278741654829583,0.07965680165540451
ACH-000253,-0.12462242428992887,-0.46450142790225823,0.09772665640881706,0.5674480107548328,-0.39842988314702854,-0.24924742949130252,-0.030834102797138954,0.37679504775511263,-0.08550530480012512,0.5173362936814223,0.07209915069764361,0.7853385946084037,0.3130326648688748,0.19847883794700777
ACH-000255,-0.6671550954914289,-0.3882257140332668,-0.7097810912161384,-0.2894427858880683,-0.47088474600845837,-0.13633422702660733,-0.02711315550438559,0.7154869089863037,0.2827305072770818,-0.2853204417581886,-0.15686746376068844,0.25109949611425014,-0.10881680181390405,-0.05134840611152239
ACH-000256,-1.2888137624823557,-1.1173253026410002,-1.2400046750601985,-1.0624665407473242,-0.921667883619419,-1.14760098489749,-1.860193971634288,-1.13609920780154,-1.1362842809908635,-0.9696017427435253,-1.504439197018313,-0.8755630425564985,-1.9848290034049336,-0.5736055903574476
ACH-000257,0.12210809610714067,-0.17503951207357507,-0.15306189131313364,0.6490423916621979,1.064673934760226,0.7724186179996415,-0.15162147931266376,1.0219968089920954,0.6061207503843672,1.293372057019762,0.2741447696208363,0.4839395678596068,0.8023552913646509,1.1699328276021674
ACH-000258,-0.3253529739059824,-0.48799063405567716,0.4993480442332495,-0.02629717635653615,0.3085837871530816,0.16878417870155854,-1.1167227912773585,-0.030269948866653157,-0.44784761755728864,0.7438948626848974,-0.17050245038562395,0.331516774173085,0.9576075266016186,0.8991611469553616
ACH-000259,0.567199544692914,-0.03973127617921809,0.3924385237140539,0.1511045574251112,-0.13155339518543166,-0.16178240426192086,0.020074170546034276,1.0909400637062172,0.9242961941002211,0.821199735084148,-0.5537773593482404,0.6112634357001795,0.969338717825814,1.0694205940403947
ACH-000260,0.049567398022194564,-0.6653064243257267,-0.2770010241867568,-0.577542813199989,-0.49139280325760304,-0.4429229484118239,0.16886208081404303,0.5982060449796038,0.3025400738351461,0.4028256693450552,-0.2407636655229671,0.749598190132376,0.26740975458775446,-0.3702468442203123
ACH-000261,0.08780309180710233,-0.23066053178810217,-0.330758035684762,0.29657521661740527,0.2504018300493246,0.544989679663523,-0.122671786018623,0.501250066037064,0.9026602203166045,0.35542139144836965,0.9121326380473007,0.2426418481161265,-0.159851820920699,0.20932636984464403
ACH-000262,0.22932559354270807,0.34228035863447276,-0.5600463276838415,0.12170247626398839,-0.391669008022569,-0.26540864679474846,0.25217896145139423,0.2592027395679501,0.1723855321689466,0.11987949150097421,-0.03363153955824152,0.5652880779939244,0.31474851627208333,0.25878631684943165
ACH-000263,-0.9838434763723352,-0.5833057713404765,-0.4884357685023041,-0.3500514598316746,0.14858743553021572,0.30766855106279717,-1.0900892720702258,0.5900846340579229,0.04372499095478689,0.40325197887923914,-0.659739836222918,-0.30663060358096705,-0.5117507303871947,-0.27592871948606723
ACH-000264,0.14805149069962972,0.4883040203183194,0.09817077819322279,0.5415260205886117,0.16680314772548183,-0.10500916772785981,-0.3858551353711512,0.1348263790354216,0.047333626407271095,-0.18982104636541494,0.044306411010220315,-0.36284798539747737,-1.5311148227607683,0.12612292588375923
ACH-000265,0.27183537710056205,-0.07609724632991402,-0.013497689456335026,-0.6390567070498169,-0.2237328055785394,0.13848738099488797,0.0704293880949183,0.8382038171279388,0.2937496700894909,0.18509240192565402,-0.035751961016690925,0.5242339695226969,0.6064934868442415,0.17544052005370153
ACH-000266,-1.2385575558625217,-0.6232902278463387,-0.6441467974058182,-1.115180824595913,-0.5608923434360202,-0.7055262240014137,-0.9592863041870916,-0.5730734047277227,-0.9843896400966547,-0.08646368197276669,-0.23373710978557646,0.30177263200425836,-0.20996296929565472,-0.3340877234709861
ACH-000268,-0.48000440459886073,0.31973764372365754,-0.3318732175536836,0.3895787366164937,0.324911935509222,0.06300115262069522,-0.33791336232868097,0.37721293155754043,-0.010969761568658448,-0.35189711221866216,0.8489727416905737,-0.26502075608987696,-0.5746958570322354,-0.608296366583505
ACH-000269,0.7041093263221756,0.6673762815045154,0.012994353590066662,0.46265362382891473,-0.02640493582136212,0.08960972843478957,0.7278944327080142,1.0647365952233698,0.7752948631938318,0.19986651070980196,0.37592012103416117,0.7276021867698826,0.304573286052219,0.4176406742072895
ACH-000271,0.13943266311681932,0.33718493234899666,0.33655372438572984,0.5742962413614838,0.328442884461923,0.1583639679810035,-0.16770577749433713,0.3292946396082508,0.13360106697066787,0.7037559097562033,-1.0751699906646823,-0.3415538919690882,-0.013856564214941372,0.3067430602620253
ACH-000272,-1.6202914556547556,-1.3073673821061056,-2.044561317847287,-0.9668949819316971,-1.1808539391676485,-1.20032520597482,-0.774504679372507,-0.8470770105439074,-1.1204759935861852,-1.197460794512048,-0.7413156313670133,-1.427584039850132,-2.3291295156067666,-0.34018707646729074
ACH-000273,-0.14128149641981724,-0.5666496559509224,-0.2559627220844982,-0.3300979633510305,-0.5534567719486478,-0.6008630369545086,-0.9659825467546205,-0.81913046509868,-0.39698138828130003,0.003149392301410703,0.1667099607871963,0.46293100169355217,0.9218266255018457,-0.18702523174723915
ACH-000274,0.9925667743999131,-0.11944633039740266,0.5531708259254167,0.5184675320336914,0.32163809263336374,-0.07533933292811532,-0.18306486058930355,-0.17510198713306827,0.7956842330100949,0.9125838429580084,0.5346487494777181,0.4749651550775703,1.1384846513890186,0.11478133267431878
ACH-000276,-0.0877793613517447,-0.17212960940109942,-0.19206223796035732,0.37964269067359946,0.49916648010347475,0.10733036812704694,-0.46779691934506185,0.36193371288670945,0.07500262881041297,0.8599117040219826,0.0651307921581869,0.571289432216535,0.20594624474220863,1.3822478375629883
ACH-000277,0.5248514619228005,-0.020897767293106162,-0.5143244119464564,0.23635132111557167,0.6021834214788877,0.47764910395477445,-0.20509781697467655,-0.4591611651437887,0.4084872741744484,0.215561595447025,0.6459437501490021,0.1072465135158432,-0.062159878227681764,0.21916024679431073
ACH-000278,-0.3419357169696525,-0.7022314715879141,-0.3538550089034964,-0.5848751097055289,-1.0979183060350963,-0.4848707415249921,-0.2304888535139154,-0.6037915991835516,-0.00654743574959725,0.23093463412661142,-0.32806182709946075,-0.13149076948418878,-0.7784984656632405,-0.044130543854034865
ACH-000279,0.8478469110335086,0.3927264566728011,0.4034389233621783,0.40930612657046783,0.5118052170833993,0.4695404831508564,0.8498634441345791,1.3426403303092753,1.1046500250711886,0.22712578470344624,0.2985160238665512,1.011354778890098,0.2502611450119836,-0.3941595262617811
ACH-000280,-0.8644442531757377,-0.5431398897842179,-0.24382080171798484,0.046910632362723484,-0.16986147044341868,-0.438898539915504,-0.1834722737250819,0.20245837450557533,-0.006470211061274073,-0.045674085236823966,-0.4375917739641312,0.45055416139805954,-0.23612494676387769,-0.2224274744804443
ACH-000281,-0.05665900390282336,-0.25121126481379996,-0.3828928368690673,-0.5191933897830193,0.13036082020954487,-0.18175098141763582,-0.342561862572234,-0.8902714505662912,-1.0090313882449975,0.10022401846746866,0.2107267585771844,-0.25501377794490576,-0.4229083571365516,-0.7939692951115112
ACH-000286,-0.9917951281697239,-0.3226003826853838,-0.6616688413187174,-0.9552167417796149,-0.5983864064739416,-0.4883401817307955,-0.5064607523227265,-0.34932882864620113,-0.522160902071716,-0.8595338767245654,-0.17064222524889366,-1.3542646186863663,-1.695494867765449,-0.6058579757305584
ACH-000288,0.22625322217086283,0.18517243225464955,-0.027143142361217593,0.3558802960433788,-0.05466881602115639,-0.1550505840241593,0.1534418910993488,0.5788905256375823,0.8497854830584721,0.547669834211114,0.13440448389142517,0.7293239025659162,-0.023493246344728318,0.23727916332408877
ACH-000290,1.3445031898940096,0.3457540642721167,0.5921687678192288,0.5102698380134844,0.7695381198647474,0.6809661829495054,0.6325453075425903,1.0169294566762053,0.530834635267205,1.7376431300993254,0.05930442617033771,0.5033489972615716,1.3409129540343439,2.577774060874798
ACH-000291,0.7944950294567852,-0.17554671628196655,0.6423294287822133,-0.5388393575230562,-0.5765210792051786,-0.34280832831832864,-0.25143536932073585,-0.4069093283554679,0.37320495755974864,-0.6026023519040233,-0.19181097161877103,-0.06738069403978014,0.26690544334725136,-0.10795108802684458
ACH-000292,0.09430577029778217,0.34533424292965587,0.05799441867968089,0.1286785816039868,0.6580506819887041,0.8153037843622546,-0.05170251026409625,0.5786471988475701,0.014756817991006643,0.528439009358757,0.09090175603951699,0.5456773820238927,0.07398098174033366,0.4893461639653677
ACH-000293,0.32220046386186324,0.3215646668702456,0.8413498619880998,0.30762461092300475,-0.8934508658068898,-0.646466654628322,-0.2670014542591864,-0.3828838555101095,0.8526067445914666,0.011694130537816108,0.053399394401797196,0.5201516217176467,-0.197279071207009,-0.5149054992589551
ACH-000294,0.8241778291498927,0.029788058646624184,0.1606223853801002,0.5202094087122751,0.8957384101648576,-0.050053790666150344,0.44983182079613504,1.3887529621781518,0.8912671049130092,-0.16041365463696167,-0.5336916731001895,0.15080457790517643,0.08843528281819953,-0.15147400630941402
ACH-000295,-0.542977696282918,-0.1864153415175773,-0.6589557660001877,-0.45972354890562356,0.12690780244447347,-0.1267852235749603,-0.14559201016047177,1.0008582277221476,0.25047080528137206,-0.1963630779297116,-0.8373196577505108,-0.17789952416969507,-1.0422304903713873,-0.3050773362313713
ACH-000296,-1.061023802077392,-0.708423614458847,-0.8493117607873065,-0.588847043150746,-0.4944037896922079,0.012319158308814637,-0.7107894419404118,-0.020471441690447595,-0.09123488826597903,-0.2385849311675391,-0.25958851666350763,-0.45789845495394305,-1.0577909424221215,-0.23018808526633056
ACH-000299,-0.9621015401203301,-0.45615156221330955,-1.041649881471895,-0.6655696021617337,-0.2784511771891576,0.03506484759370411,-0.6431703366834189,0.605236125680636,-0.21296508577675144,0.19715441360963984,-0.4743374921013979,-0.5731982094152193,-0.09291496471642058,-0.6217609105189469
ACH-000302,-1.0614156350975021,-0.019761715007037495,-1.1228195670993295,-1.133554714516554,-0.7341067745764972,-0.8585699201301167,-1.5453653101488214,-1.2294593539151761,-1.354434463677593,-0.39395083581202306,-1.3460059698435318,-1.117812828126575,-1.083284869003081,-0.802686233150903
ACH-000303,0.8234667556779529,0.4982548391775063,0.6244152506635233,0.40188539170213433,-0.2789133952205496,-0.4061831560763928,0.6481693908940243,0.6696034967462946,0.7928258191887109,-0.0073515303183498415,0.4537110709271205,0.821329648287358,-0.11274510738890799,0.24676657055563656
ACH-000304,0.48291328234698716,-0.31600860408282844,0.21393843244650837,-0.0006318333570040861,0.4921195938204634,0.023992461790443398,-0.27160396501159995,0.20661713411601498,0.18227890314736828,0.3732951466994506,0.22068074755931522,0.31616916497198444,0.59532685316227,0.23038257579753443
ACH-000305,-1.571905656403856,-1.134064794965247,-1.5800484732803604,-1.553357361396102,-1.295659929705621,-0.6994905358577459,-1.1037686310390031,-0.4619871522824373,-0.8924754600712318,-0.8890487180425262,-0.8357173595942362,-0.6092635983489121,-0.7147275876520489,-0.018717382895162893
ACH-000307,-0.3315820490808739,-0.10113618238734873,0.008760760718417554,0.3761536332452128,-0.48967510311995244,-0.12841104179702698,0.37647009010868165,0.48080473706707544,0.18201766916942017,-0.3773080819800835,0.4523674085444441,0.47357347530136473,-0.8005354062152212,-0.03506580599204409
ACH-000308,-0.4802571863363822,0.013756251245537233,-0.17162474892671414,-0.330880249075093,-0.06229675337729351,0.5570118341585828,0.255905012217732,0.5327051847829414,0.8492096284455116,0.3469176386124034,-0.031933152818323804,0.6241288310331932,-0.7819053171825507,0.5180534447909109
ACH-000310,0.2110017737697587,-0.7839610322137202,0.11915605752864877,-0.40412574447925337,0.21157898411035317,-0.0340810505718446,0.06399174594025772,0.6161045111823918,0.17700946417424213,0.30587666084835824,-0.9743844707107707,-0.43331270473573347,-0.17516761389203703,0.5908175081799025
ACH-000311,-0.16280028691037302,0.7035509373437108,0.2647991920933861,0.6486872593055157,0.12428195316760822,0.6117106591610249,-0.04810435178628621,-0.18155054900591278,0.11803223321398083,-0.7960019779261811,0.41436164054137153,-0.3995122741701052,0.247701470930317,-0.24342893148194683
ACH-000312,0.9356863582025874,-0.23595612956070172,0.1007570291769158,-0.11104103367393109,-0.05792750511527195,0.048558313506055426,0.11068811368585948,0.8321234616410746,0.8547032005730355,0.5894676513601559,-0.6569080672203768,0.38436810905397306,0.6276444190183652,0.30166876553336963
ACH-000313,-0.863728677027799,-1.1572139530579904,-0.9588390743814543,0.13897581934613717,-0.22899240403293536,0.04742790886057241,-1.0607480208619222,-0.8050058790808715,-0.731158499635607,0.6501019583632374,0.677790892043246,-0.012582821154125318,0.4728595684727972,0.5058794542086598
ACH-000315,0.5687224497833274,0.1606226364744267,0.7460723200056942,0.6490559952784561,0.6239754027093567,0.5752141664554921,0.49276206546734846,1.7063528829703793,0.9598739216152206,1.366382529308541,-0.560024293715452,0.9658544466335546,0.6477280531740901,1.217375653419203
ACH-000316,-0.14982591117712352,0.03424659977403818,0.30816073711100966,-0.004279798444463245,-0.06990836898942052,0.035193199858278346,0.09769920914964629,0.1720478128147751,-0.020329934562888577,0.14943317577357224,0.7877184463373723,1.109274976730179,0.7025925502742434,0.35339265725581875
ACH-000317,0.09672884003170568,-0.6388734291377187,-0.1772779237805514,-0.7610917074403898,-0.2181252459123305,-0.46817275134252134,-0.7423959433819287,-0.6872909821767903,-0.5503644167681689,-0.044710818222876425,-0.011592006871714411,-0.3328239121807738,-0.04722882445692675,0.36706376062102286
ACH-000318,-0.7247315633839321,-0.7710588016917249,-0.8433835002746368,-1.0859496345682857,-0.8210866676545409,-0.9610063353524296,-0.5315109932149669,0.2140478614794164,-0.2018309191212544,-1.1161047707744143,-0.31451580577189975,-0.5566275089195212,-1.8306890298051788,-0.7191929249740086
ACH-000319,0.331902219299285,0.4327517859561262,0.34768634409854293,0.20905559843421123,0.17284259191606224,0.16418248785675824,0.2917206303703068,-0.015982479375713593,0.6273271064766096,0.13383950339310086,0.360280227640782,0.42498747607996235,0.25644356153352776,0.2413200952059674
ACH-000320,0.010743881942477856,0.14239740114040064,-0.22078386581816362,0.5768359500289917,0.3183085515736157,0.5190687310030881,0.5309571427161127,0.6859576349047375,0.5700410944228468,0.09718920543159917,0.3047178755888712,0.26096666347143316,-0.6744871952622921,0.501912539963934
ACH-000322,0.15444874325059973,0.3294258807499518,0.3989306278112312,0.5093360621055342,-0.16285513816866434,-0.1508809634995653,0.5531794144499639,0.7993009685453276,1.399221902312132,0.0935986343628315,0.12619756923887632,0.7661171715435667,0.35513532067509984,-0.17901792677062478
ACH-000323,0.027449250610195902,0.4972962540590431,-0.18702020562023705,-0.01932791181768405,0.23983663274967457,-0.2749071292560917,-0.44126752576570266,0.17377340484347076,0.37133777967468495,-0.3319527919301178,0.0003664633127823391,0.38107071285283944,-0.24487418315592158,-0.3197204476024219
ACH-000324,-0.6585859973993519,-0.3518010758366327,-0.33899203830052393,0.2612833583325519,-0.356305320438807,-0.4770035058561723,0.27629782011667986,-0.260043327846751,0.10854406701955993,-0.5457115879098391,0.528529532969097,0.34955276714960093,0.5638445197634924,-0.24955526453986993
ACH-000325,-0.5064600364064036,-0.5382101871310345,0.04293902894884166,0.18864793171626726,0.5809689704168729,0.4731720351451426,-0.22293942499763075,0.34997977004970426,0.14234042133387143,0.1587460156217015,0.7434140159766107,0.11600459158674153,-0.029372651075550323,0.0360969031078297
ACH-000326,-0.9511360952974064,0.05383100411418379,-1.6936765028303524,-0.07017935497967698,-0.18320665899495808,0.27788810881578047,-0.7856236966463411,0.6592986829331998,0.2059933310133468,0.22186725596914375,-0.32838684415199865,0.3796987859844956,0.1954393110974199,-0.1271786649036595
ACH-000329,-0.10174971968912408,-0.3286459174516169,-0.4875437847166485,1.0479603134108588,-0.09711225895743603,-0.2581361973324257,-0.4212528279129878,0.0946435640805797,0.5224086368200541,0.2985233070598923,0.2787317390099299,0.6446945541899638,0.31597057663140826,1.074373265246215
ACH-000330,-0.612704296278707,-0.9265179122458157,-0.8653257445554225,-0.14349952336979402,0.3281003280535548,0.10403117598690181,-0.15950779938492016,0.11729803932347205,-0.03248201197305639,0.27955756881967775,-0.6410718998328284,-0.8029437802579664,-0.7451253997789404,1.1451067105623256
ACH-000331,-0.07310117688486396,-0.19520815749721776,0.3041862375432275,0.037262834561586536,-0.5432100787690787,-0.055088560396551856,0.512039806924862,0.7593171178664037,0.7950522011740333,0.1368233686901616,0.12366154286087203,0.8516139309072888,0.3497397568674292,0.3097579546014979
ACH-000332,0.26406248035364155,-0.43179487831172014,0.08424484429973107,0.040235986156227144,0.13076436203681852,0.0016231546507296801,-0.19158874281691107,-0.052286258454917585,-0.6886227166120249,0.7884647949804995,0.44415176285183267,-0.12970558559636158,0.9257378196967493,-0.20522092229624103
ACH-000334,0.24559656893376375,-0.07487520733741909,-0.07450552633724175,0.6950109999940848,1.2489127603579036,0.529268685941018,0.4003231739209325,1.3132247473276775,0.5745447280331004,1.1997199944079386,-0.8767433570760493,0.4142444198999102,0.9632548130248025,0.8702983221055068
ACH-000335,0.008045525112568695,0.10516201750283669,-0.12464372707102167,0.6125273982514483,0.30631484020616817,0.7957096305849738,1.0157007375594995,1.3159160028983878,1.0255775935426128,-0.009121442992973863,0.3726672954433747,0.8429162319849752,0.3419211362768433,0.5405461891986743
ACH-000336,-1.116890506049892,-0.15785842210331133,-0.87780540149113,-0.6752285851840163,-0.07960783969430107,-0.6561119498673862,-1.022446236659191,-0.30388877444630363,-0.4262278222424354,-0.549289537509403,-0.31060357285808554,-1.2812602899256746,-0.4087984615517539,-0.5188805778181432
ACH-000337,0.24253265806152238,0.1382421860031886,-0.4380381610931671,-0.3626798261511669,-0.8061054544830107,-0.3494218782525682,0.4772564355322536,0.3954654802869824,-0.2731914078446497,-0.02494336984073868,-0.45887500794358105,0.15683663111391458,-0.582170797268693,-0.14329979971756449
ACH-000338,0.00024886445572870966,0.5580101986508472,-0.5396926719661084,0.6062499861295942,0.5718098478301967,0.8083605627932885,-0.4034683229125454,0.29607012668353033,-0.4091683218089266,0.46238580028959636,-0.11118554783494819,-0.12500360427917445,0.3700354740297376,-0.126979763580579
ACH-000339,-0.23530198878837516,-0.09803994588980783,-0.32440269369958524,0.5651587739816588,-0.8963186206463662,-0.1346153348933759,0.4129973819693388,0.2122677328033752,0.08537335229302921,0.3743489186963238,-0.006695287763695962,0.6212009600704226,-0.10716085039955003,-0.28435548159986856
ACH-000341,-0.18440168090656744,-0.5755872174498241,0.19399788668587908,0.3765392086896199,0.5767769616039287,0.3362290741669468,0.15245421613949656,1.2429774204046549,0.8469350520756748,1.5488979181611822,-0.1653067173183254,1.4556730115284127,0.9996328545833304,1.0734678901791979
ACH-000343,0.005775430939603636,-0.40535986233757937,0.12232762465576212,-0.20379921504760778,0.22143826594425783,0.6010782399536245,0.2237592824836382,0.8424652197644816,0.6162458716561487,1.298501968488469,0.16979829315447661,0.7045622509615729,0.8724352917753976,0.03491146385114703
ACH-000344,0.2808262891637689,-0.4754632728405788,-0.07861010979191879,0.9641174037627823,-0.2170415851436968,-0.032352192940617974,-0.7892387601919749,0.050954935909273025,-0.3925265510637041,0.2845076075964558,0.3254028865124312,-0.19051247350106948,0.40374935463102196,0.523691869082901
ACH-000345,-0.12909379784983838,-0.9360986066788158,-0.6790896497789786,0.37112615196552917,0.466398744267214,0.5653871636594969,-0.6838159525948784,0.9876092784027406,0.3527106258765022,1.2111829240983676,-0.4881325341439702,0.394929916241084,0.8876243267516204,1.5369348715557576
ACH-000346,-1.1315869061503612,-0.7264232668195654,-0.7651051400964878,-0.34127942091576535,0.12538626228128968,-0.15253073320957033,-0.7506138989389046,0.07812839724652984,-0.20401561632864698,0.46956235751531816,-1.1278743821833443,-0.07149184036581199,0.33190376749060646,0.07235105863722203
ACH-000348,0.3053034156276528,0.5043330303514633,0.05036320813969945,0.02196562876512107,0.3715165470628403,0.4544968390738864,-0.23682416001104423,0.21775927896858688,0.16556794066976932,0.09946164027744595,0.27870783167915925,0.590354218963323,0.2919564787103254,-0.06560916082271959
ACH-000350,-0.7609820414193742,-1.5098045949731842,-0.4937009181056534,-0.8771344184825942,0.11288549761929176,-0.14498782737750482,-1.0629898490161205,0.13485210026010291,-0.6475926284979501,0.6304975670850841,-0.21572166134484463,-0.03388211226914992,-0.37502486799594226,-0.2277458187791891
ACH-000352,0.89011823146052,-0.007435931956993019,0.6115377217885879,0.5350047528704241,-0.7046266939661545,-0.092321079063754,-0.44345260607941733,-0.325779684296448,0.08096224134969604,1.0472190695229,0.21928676454043886,0.7960514267760443,0.6939907436139449,0.1948823418594058
ACH-000354,-0.08518824557725316,-0.04262437123680063,-0.10700132911940136,-0.45131813503680906,0.41776791857779905,0.1329133870230148,-0.038089533976593135,0.3703278607802967,-0.2283680610830907,-0.5136729674760919,-0.08450817882594447,-0.5618385225738318,-0.8261599808720546,-0.9902966310599479
ACH-000355,0.5844551368708861,0.37348139952674614,0.488958818347442,1.3422017753247526,0.7663326889152355,0.5776137168567615,1.528143454994374,1.7318142548012854,1.5436692828054244,0.7767513169401083,-0.11148513413040287,1.0210960192864693,0.12458355203859045,1.0784546790923997
ACH-000356,0.5504244244618846,0.3087194629938898,0.3428115359906404,0.8459536817204969,0.8836054841949226,0.2030537349783435,0.9339651751544089,1.1092493089903632,0.499161854744363,0.3073340441099129,0.37139735058044454,0.47989732014303255,0.4184512379262439,-0.3724012760412674
ACH-000359,0.03355420565963363,0.03296950025576182,-0.5400751927462368,0.025719841477513397,-0.424343237020489,-0.32402114156584255,0.056051042911094084,-0.1210272930693142,0.4605591179972846,0.0371945137372315,0.26206915674898906,0.7757045232720108,-0.35944606944281476,0.0825376042708249
ACH-000361,-0.16420729941006895,0.004230228369043756,-0.06257700466896328,0.008402263145699626,-0.5730084506844179,-0.5998827669488053,-0.22140624555945804,0.031113596976161756,-0.13954001196051105,-0.3490184104145064,0.32122059883812404,-0.018062562526859588,0.006579919582196444,-0.5519160706089353
ACH-000362,0.467890651494229,0.6640045366821249,-0.32427422428140024,-0.1522098749831703,0.4897445782251271,0.3408244467062814,0.5569698571106271,0.790512054323992,0.7327205119791875,-0.4196035546124868,-0.1272890878758137,-0.6072487818064065,-0.4952622924630872,-0.17734863796505715
ACH-000363,-0.05318359753162315,-0.3937150805521668,-0.1588087671573976,-0.34326720313171993,0.4669688843319062,0.11072256620833465,-0.8295710378362342,0.46007178860968295,0.32285058833688995,0.7560682397547532,-0.774148463031929,0.22847831831860788,-0.06792693313278246,-0.6380231282843645
ACH-000364,-0.5633723895468161,-0.21724937724712992,-0.18202848092340754,0.2772319913688489,-0.4316158314658318,0.25399725534133233,-0.33242149600863313,0.36484279758715266,0.09650879102726734,0.5055119550183532,0.33692769184210536,0.4824820850645154,0.2404379622908726,0.1937946619226153
ACH-000365,-0.060476953719654336,-0.019918956992449676,0.0815251397019991,0.1590325646752723,-0.09206935046208492,-0.22410411506032366,-0.5000959854472758,-0.10744553256959871,-0.054628321603445995,0.6339631412074033,-1.2372087152959124,-0.5046609098968178,0.12568254297346376,-0.35791842858240663
ACH-000366,1.1806515855659563,0.012014132844209546,0.966872984278004,0.28781263664860895,-0.0018665552677040176,-0.13208366069208316,1.0714239282881697,1.3558805108177108,1.5909203359031934,0.5336771323180304,-0.2346066136669164,0.8671357363011964,0.8009132911058101,1.0506112460859458
ACH-000367,-0.30199881560027364,0.3002403282458437,0.07197459788914526,0.13874683961067116,-0.8265870337993899,-0.35725063298915893,0.3440670402249499,0.1475490644104065,0.5012515717225814,-0.3024050003053478,-0.3077435834441694,0.7397103970910597,0.43603171789493606,0.4747757045107368
ACH-000368,-0.13067180346705953,-0.6499552632368417,-0.4811998932344624,0.20241098325114748,-0.15208277363926534,-0.2843818122575527,-0.7799534300274453,0.07433362869900015,0.10851159051820272,0.5585832382207175,0.19287339927813144,1.3147847998505202,0.49793990654225245,0.35441942178119823
ACH-000370,0.6974961873439198,-0.009186107159156631,0.21520137352794858,0.959014044767115,0.6816490111406037,0.28054158942649643,-0.4498422177814485,-0.05575710276012863,-0.13893595854415436,0.8677205801557862,0.7336476481196321,0.24197357741364559,0.386087605839722,0.6573265340078993
ACH-000371,1.2282419093431134,0.40677374634789765,0.8364208335736119,1.214000756272116,-0.42686207057978637,-0.014433306324708572,1.3089292282394243,1.1917994347787224,1.5062273641401498,0.7263367885315799,-0.7368984363789708,0.9492186535340067,0.5974555743903393,0.29183805770328164
ACH-000373,-0.2645699249142388,0.6560100013216893,-0.05528173580731105,0.19635070792441647,0.28025932727901925,0.44832812656246784,-0.6175665560600251,0.39298537669337374,0.23649592315971274,0.44304397274731355,0.042486547779357856,0.0018471654998978848,-0.8894733081958716,0.06486001858960003
ACH-000374,-1.4688764421936735,-0.9419521962030627,-1.2691470671510006,-0.4634279777187119,-0.8138020558936736,-0.2785739760670564,-0.1693425453401759,0.9369739244938876,-0.2752378414719511,0.23996785786218588,-0.41900132300197523,0.30581153935346816,-0.407159841877614,0.025666819639301564
ACH-000375,-0.32496109833125575,-0.04566541923882461,-0.2659749013347375,0.2672384484175172,0.9093651074668598,0.7357993451132824,-0.24456083286007493,0.7283429345540037,0.6611577357491579,0.4971461877704197,-0.38762308719403904,0.08084331361386424,-0.3260410577015145,0.539763366508582
ACH-000376,0.47867396884026286,0.28716572161412746,0.06341553179010416,0.7512529574367277,0.29522981858788777,-0.2662060531617829,0.3347206391734613,0.5063996030141906,1.0666369407005518,0.37172242182063403,0.39475969108584297,0.8707034497490618,-0.3691127009659695,0.6845583328895513
ACH-000377,0.10204561501399781,-0.29699079177264676,-0.04923552647122478,0.6161462001446765,-0.9625413204083537,-0.279698235479359,0.46159499965322814,0.7922022489258703,0.91061206059498,-0.0786845485909429,0.15072190610994363,0.5213970731861463,0.09534455546983592,-0.21499765895754722
ACH-000378,-0.2789422731605667,0.2357360999105001,-0.06214300519665632,0.20921894450165676,-0.4963635685818613,-0.11607955123173122,-0.30266320521248996,-0.1624687953413168,0.07565001271996784,-0.43426320748996106,0.3026146179742345,0.16042204617871397,-0.7926437543491176,-0.4641316562344295
ACH-000381,-0.46965438541122706,-0.5045530247881037,-0.7567499874360861,-0.03159896522130959,-0.03991314919903241,-0.4580593545445053,-0.28715664795414164,0.3263783046747234,0.3739727700942489,-0.3278457846535091,0.11582887238694517,-0.33281602213859235,-1.3166646522395054,-0.3614868984456988
ACH-000383,-0.4213827650508588,-0.5475158840220686,-0.6706220900081618,0.11807473246125477,-0.4287127010267593,-0.18153218687201955,-0.22133446518210903,0.0583967455834263,0.25269739921433354,0.2468210978450201,0.10517261627395336,0.021645670306719433,-0.7472228868431342,0.29369446823990036
ACH-000385,-0.22533969232111775,0.3008846242923208,0.1705873867392717,0.7400785607790515,0.27061946107857093,0.2996813155566187,0.024571763630225646,0.2535533190231497,-0.12555771479618397,0.44494496161230507,1.032264658404045,0.1823817228383454,0.3284266357990123,-0.4866226867631338
ACH-000387,0.37738732435019956,0.783376926955779,0.4086951522056104,1.0313711260530325,0.8330076480081576,0.5001227040375507,0.4743907460445627,1.0505223123399647,1.8718030684676639,0.3369568159427413,-0.41911715329714705,0.9517162582313672,0.3617982587489972,0.040474257945433384
ACH-000389,-0.17951651203008856,-0.29988325136639876,-0.3180616078369893,-0.09841617351309767,0.17016378944312865,0.24263916279361597,-0.5081084093011752,0.1531343105394192,0.6299745681198721,-0.16001870319317363,0.3064928891726848,0.4874318512144803,0.5436116796065763,-0.12384187754722698
ACH-000390,-0.5341349765400626,-0.4687511014759686,-0.0656154286181278,0.2374916171360511,-0.33113991788650865,-0.08957259203759954,-0.35366537859575786,0.3212528342568334,-0.24355530864099045,-0.3016023770448536,0.3981702074277825,0.12290942108010283,-0.39457951208522546,-0.3288124958685811
ACH-000391,0.25643205304420347,0.06141778633592852,-0.4344287912014375,-0.03062671070709421,0.27846287996750935,0.635289992578572,-0.38644486034178716,0.29994203712886247,0.20295321481518686,0.44463588414525573,0.2426775501450768,0.16695907468651075,0.5280842972939839,0.5091335713052867
ACH-000393,-0.2282440937974257,0.01918479270576924,0.17047006111419924,0.32229253477133846,-0.22154537229539245,0.04393994319217959,0.6585144469624826,0.36516032424906136,0.6810685561241252,0.30340900211567823,0.3125851805122181,0.8406677011170596,0.5871014115414317,0.10281271394671815
ACH-000395,0.9355236911272236,0.35359119773646025,0.2531320300026804,0.3048776060865295,0.2641096474247495,0.7389131298169945,0.3491516699729497,0.77670540743303,1.1322382196784275,0.8949416928586467,0.300868506968447,1.1475862685127387,0.21930666283836786,1.0054460659558397
ACH-000396,0.41033498499340587,0.038811184675632326,0.17955948335960617,0.643931178043849,-0.755093989993398,-0.40539562763891396,0.622428006971519,0.6037052792030554,1.1932170115371457,0.7302781710080688,0.13692609001056055,1.2936898749667285,-0.12440706579470506,0.07205970025217459
ACH-000397,-0.3571547076421456,0.4204669359529798,-0.3661295678995372,0.1269472264121923,-0.8272183512839477,0.021279861814038126,0.11027042634895093,-0.11283256991417959,0.29949819325409033,-0.17478905869012207,-0.6664956397504824,0.29136923789608293,-0.7074999647609627,-0.0006867164695133765
ACH-000398,0.40861934491662694,-0.4659415441101857,0.44226779093662794,-0.21003957813002094,-0.33772624424868447,-0.6955890365517978,-0.16150840601419197,0.8082223041298109,0.6527058073913289,0.7537806705983059,-1.0371038418088683,-0.35713294542092167,0.9245527753460305,-0.28397208138901575
ACH-000401,-0.18306206698863497,-0.39474923271334467,0.009401325878085225,0.43286024399079576,0.08283702877789847,-0.3052495030164787,-0.1754763054530237,0.02931125596775025,0.12650781971319802,0.26898848908841483,0.2826323944606428,0.555852056563287,0.14038953105055885,0.1519158952491212
ACH-000402,-0.10892714385585023,-0.3301992721023561,-0.32245703524424163,0.3907128521322645,-0.5780810524910585,-0.4337649744892625,0.3446828590549907,1.5273347368831718,0.6331931992089681,0.42918643579255406,-1.5397832373027942,-0.11861759156473034,-1.0305375269981074,-0.21287405990911742
ACH-000403,-0.12511209520143324,-0.5140394593330686,-0.41134952447001216,-0.13525829656916621,-0.7502109734023044,-0.20477224018712026,0.2680576477743773,0.21803985926012726,-0.013248574740047661,0.5287961663887419,-0.22347127996671157,0.2700962103723851,-0.2908973628936529,0.19805623530533656
ACH-000404,1.2533516930692397,0.9991851743133647,0.832643356069801,2.0648389925422848,0.5364571474708242,0.3464179858055455,0.15399644568662435,0.2478584686245076,1.169469474583027,0.18797610610856275,0.8057258138841469,1.2294465237265813,0.012348984010194658,0.1148641595737066
ACH-000405,-0.25512888514366383,-0.116697178222304,0.07127067033093634,0.382404241097553,0.3632295093964889,0.1755971577860917,0.23385609984390457,0.8660141866140333,0.2900503870022222,0.7940477103038821,-1.033078245791291,0.22220158792299394,0.3087201998163674,-0.4053640051306386
ACH-000406,0.2246427112714724,0.7931989051642596,-0.08641592610574679,1.1756869955780633,1.3841729912084144,0.8219025911131514,-0.12641413902899845,0.8070085011161151,0.7893965574560655,0.4074871234014046,0.11273878942596238,0.2136922816943434,-0.46949449169074875,-0.218355222052385
ACH-000407,-0.8007147054212043,-0.7684431350921584,-0.5715077083110759,-0.661378222102258,-0.6891911070066554,-0.5602142153676618,-0.9128343111411312,-0.1972948005787306,-0.28299577873687903,0.03314263076340225,-0.4970810418834596,-0.17578853891704965,-0.3953898654173791,0.1192867202941468
ACH-000408,-1.176775268640521,-0.6406429896686747,-0.5135540788942092,-0.24652320777602427,-0.23023979673037662,-0.5453640325369906,-1.1403283853700954,-0.7095616316150274,-1.0598601248016584,-0.14647398370745396,-0.033199346641942906,-0.7903569050357405,-1.0005649678806678,0.3671771908260663
ACH-000410,-0.2326790361188294,-0.5413257733500643,0.0339599217161815,0.3578540717426433,0.5652425705037278,0.12390240825494436,-0.5258791385568948,0.6030350060053691,0.3762292932649451,0.6780331957808727,0.3652116767701342,1.29802162668631,0.32096001362626553,0.7801084964045039
ACH-000411,0.815965063964687,0.22298711232780785,0.5174109079662844,0.38231626941331653,-0.9024082148319841,-0.23406398835929848,0.6675712668109381,-0.30057120913092744,0.5848656624506521,-0.3005880403311658,0.31140749108880494,0.5494323643085274,0.05300060002899397,0.31178367867763723
ACH-000414,0.4699280055087868,0.9627897831258284,1.5070353669266918,0.09075466790167291,-0.0633184462781849,0.30574750809175855,0.7787832855764826,0.2258378852350818,0.7770062557542476,-0.22714237877856921,0.7225566076170393,-0.08042193393210771,-0.06657608551328556,-0.7680851522780188
ACH-000415,-3.4445663084888265,-2.8059925588862624,-3.6951058423645273,-2.643278194182916,-2.654739200659304,-2.6113434505190334,-3.2672480608431833,-2.7244073664286113,-2.619464983623763,-2.5068118094429797,-2.4334426413570145,-2.2648983171892816,-3.1275597962505337,-1.7408323049482153
ACH-000416,1.011516100180025,0.9126134708430349,1.4527012945750282,-0.44123026600876325,-0.6566364792803855,-0.40870081626289456,1.0842087497341184,-0.02786238416798173,0.2150192467967771,-0.8307656209082596,0.1978548184605564,0.5858459851185343,-0.8094056399494282,-0.8927840688534673
ACH-000417,-0.2724724685647175,-0.44847963561883775,-0.6456915937504628,-0.35657157652308313,-0.7861395886965914,-0.5088167844288288,0.08729671626851836,0.3259525136807384,0.07702738413370519,-0.5246689238528688,-0.40378653752239024,-0.012048061346720096,-0.6575561156851573,-0.2496595890171971
ACH-000420,-0.6160218391422426,-0.8050570749553898,0.042841168340001984,-0.8229102163772084,-0.2750820636692888,0.23325615117727522,-0.6544367887079818,0.007607413088298792,-0.056735152040640335,0.09080545127079981,0.40262929137456027,-0.18572605393391234,-0.43680084123473767,0.43955615957745253
ACH-000421,-0.23303333131491402,0.1710925315105985,-0.19350912527606876,0.4313359899726923,0.24874196940399737,0.6976235985922133,0.11751789396290198,0.6913183135077123,0.19738582058433132,0.06107416384570674,0.46140104889372135,0.9975131545785973,0.19691717298668296,-0.2858778972241939
ACH-000422,-0.5082258876655615,-0.37447346713935004,-0.47414916718328537,0.26248390120951287,-0.5176580434167685,-0.24963619038619772,-0.5619384199580154,-0.019917881946134974,-0.18400483180179586,0.33547538236962765,0.7221365831924947,0.967378138719738,0.4706406032931867,0.5437370015111771
ACH-000424,1.2809505835401627,0.480858957463713,0.690666907838337,0.7177532331736858,0.12620664121705172,0.1233712864331779,1.2842570785508756,1.3098353969583036,1.449071605567923,0.1938031424028315,-0.0696882090746897,0.9435131643172638,0.36866705183525084,-0.38127074936350513
ACH-000425,1.198615308859164,0.47023529334118497,0.6809483905581053,0.5163114117210043,-0.1436614741651239,-0.06738930736340036,0.6513446044106722,1.1398748075999254,1.3171334783502036,-0.0710839297422285,0.4172047699448725,0.830102023209774,0.8502152568873602,-0.48663943724980974
ACH-000427,0.4927152174308789,-0.17297459262026124,-0.3877774550057642,-0.08001692689548359,0.04704428865271115,-0.04932378293714555,0.27670021767705144,0.4076382661389409,0.0628724716261708,-0.4126691548078012,0.01578299568962016,-0.3431550995468285,-0.3416125074619756,-0.4309723990178829
ACH-000430,0.8566663028599026,0.4803027249956494,0.42967892182983636,0.3694441964693468,0.12061447092626301,-0.6365254717405522,0.3768996068980812,0.8464969226750638,1.1165180677831477,-0.3269678481313003,0.31236616068133305,0.4912428246212511,-0.8644593334818069,-0.5277913055951791
ACH-000431,0.8266220014454259,-0.047167480585470566,0.6169511587751623,0.6727030458609321,0.4744831521162165,0.9241575350842166,0.11821720035643757,1.2834717818147041,0.6758778303351151,1.347443630558524,-0.11154946943931057,1.1292095271478746,0.7616185765104746,1.5190844463059752
ACH-000433,0.7299504887931707,0.2867350146476665,0.8740336839004729,-0.3678999838767642,-0.5067228769065334,0.09879080415170748,0.4278582351804272,-0.8149804798673514,0.14777075099118187,-0.5035519144303909,0.6234583956664224,-0.21502866860386702,0.6156881612682202,-0.332738004168883
ACH-000434,1.737549402358437,1.8094114137319215,1.2685006563821064,-0.47884650015853497,-0.6839651485002588,-0.25133640587943884,1.14675361426122,0.10413340934112228,0.8742942867325656,0.051295904747685,-0.23600393825768315,0.19241185929119023,-0.7801892331688429,0.24044574202546734
ACH-000435,-2.146440932363544,-1.1897556751834075,-1.4641159634590366,-1.5828600483263586,-0.8557403665178005,-0.7274882268242253,-0.763228336182391,-0.6101964802454956,-0.4099042422109501,-1.098391407657,-0.9884723214399309,-0.9274125011639123,-2.004912801869413,-0.6474812322515173
ACH-000436,-2.0111808435507266,-1.2537961823292878,-1.3928733940371254,-1.2051387978767216,-0.23974907666927553,-0.4836749970232788,-1.9641453378471925,-0.5690030204208373,-1.2892627373911172,-0.17479546943219504,-1.784338812400784,-1.0762832418228279,-1.0474772335276916,-1.1795144021906143
ACH-000437,0.4339105190568813,0.2196529498506746,-0.16004995598988395,1.043813435182989,0.9436937815926025,0.6104889119944308,-0.1458517978976839,0.2911830093535425,0.8601540502947187,0.5129784991884644,0.7830248326516831,1.0146914099780788,0.2626824499385585,0.6564398747764684
ACH-000438,0.9560745493721277,1.0299843618183673,0.4941675233111869,1.0722851436152558,-0.5414529989303396,0.3377401568426017,0.8200995244279614,0.9579682177936858,1.036874872088623,0.18191934240331092,0.8559673884702541,1.0162617176609643,-0.4722853109822509,-0.07313046791186448
ACH-000441,0.6366402998933073,0.21391804189303257,0.4326815096062949,0.6482993778902726,0.04944049701967676,0.43584760171105386,0.31875483317049785,0.40075116551369183,0.9960125702714462,0.5898089984304454,0.5354347048105498,0.9124065027063352,0.956193629609098,-0.13365877135765802
ACH-000442,-0.39376334547792496,-0.10101308729613855,-0.32970462439977044,0.9341001996400663,-0.07134233991938706,-0.05341804213790826,-0.5316756580404446,-0.08582026928396173,-0.019732876463417856,0.2873498080058784,0.49835062355838244,0.56264552102755,1.0300565541551325,0.6642062823985696
ACH-000444,-0.3559458933036317,0.08087782829118077,-0.08962413394531452,-0.2099342705867915,-0.8333390272156662,-0.5889323328082984,1.1878029132635204,0.699679834675397,1.0619329985995127,-0.398905845041132,-0.21069096864540152,0.43063890935533117,0.3357706372775259,-0.6038583387500795
ACH-000445,-0.47855497364781374,-0.43053555168477986,-0.5356822842457363,-0.20618545985530995,0.3252779774034422,0.3661627263542146,-0.45744442393364926,0.05431202838601479,-0.3673227855174601,0.4220088399689167,0.655412936860469,0.4487463996288968,1.1344228696426784,0.22710487760216827
ACH-000446,0.20030320946377045,-0.2445083015913734,0.3180605857345692,-0.3728235643560103,0.1792766694930519,-0.08108916816188536,-0.05620726219061195,0.2924287995559914,0.5417416913509929,-0.07816187807574215,0.0028289095803066405,-0.20565843971963182,0.07910931016887832,0.33111965301154117
ACH-000448,-1.0502688975150747,-0.2646006337866851,-0.5994435848411332,-0.9309696799832214,-0.16750288468887536,-0.3339796376762443,-0.28696185084334624,-0.2754520875802095,-0.6322776058816338,-0.7970534378128528,-0.5766867182679136,-0.6050580417119471,-0.7665728749473104,-1.4553760050484834
ACH-000450,0.8935612137917605,0.5467333054862193,0.5757544184288987,0.9036721497073552,0.2669068687622147,0.12124335394617862,0.27663964544635866,0.4111623429241149,1.194576251088789,-0.5799489654416384,0.30749401022956874,1.1493724997309382,0.18717633568307065,-0.6539069932270176
ACH-000452,0.08115012305702024,-0.37472478428532024,-0.9513264822785896,-0.4273834130060915,-0.2500238091588519,0.35149688004251134,-0.9679153321080314,0.05075095397796561,-0.09025130829956665,0.8532977123552774,0.2546884283385797,0.8914514810602533,0.2622948777321859,0.523110802289318
ACH-000454,0.07008069972110692,0.4273303255944416,0.2996276764176149,0.30958740247734245,-0.516593453394826,-0.10562782661374895,0.2981534017591049,0.4533714344046605,0.08083805864791177,0.027913646441099393,-0.1006936867706264,0.40265123298932676,0.41058211927233046,0.25108487401706175
ACH-000455,-1.2693140013982247,-1.3513489878826728,-1.3694310196532444,-0.44484359348918706,-0.205253929879697,-0.40816174415414685,-1.7573356314758717,-0.06718866359570619,-0.8855840458901265,0.15891565613502087,-0.6048659149770365,-0.1689504158765486,-1.236986689324149,-0.3641832416447641
ACH-000456,-0.7998876483962122,-0.2340800376641833,-0.9462209192044108,-0.6280595854169975,-0.3934320565248049,-0.43741693145688154,-0.777400057548021,-0.3735539107001683,-0.6684124829739637,-0.13236817105270182,-0.7729182257851477,0.032828638008868795,-0.05997768905386322,-0.14028537442058422
ACH-000458,-0.6704012623953431,-0.392926089374412,-0.9207760970434893,-0.2777790158566923,-0.20144113917894488,-0.48901827187637037,-0.0777622351465814,0.041740481728367154,-0.03318899491126302,-0.350529668110197,-0.25448826284861015,0.5478677102106772,0.33612842122092457,-0.4343640779140613
ACH-000459,-0.4741420172269581,-1.290796986671477,-0.16386880161812328,-0.4027142804149599,-0.5126229898044695,-0.06483515962220848,-0.11156613357786191,-0.2888938850843822,0.09579002483238137,-0.034147371628913514,0.18623417331503778,0.634004413716745,1.1035965339747604,-0.21291024659448743
ACH-000460,-0.5418416995218797,-0.7947729336795673,-0.2314806178036486,-0.6786974520617737,-1.2590868570390736,-1.264601800833192,-0.8089095479772944,-0.4853233606928874,-0.6178064268092781,-0.6819534557593038,-1.1262460574296498,0.30873572529242976,-1.0117200234237749,-0.45062799680880516
ACH-000461,-0.9812841183739174,-0.5832417537409569,-0.46791149082740024,-0.7593966566892028,-0.40471096361973147,-0.1966812661194195,0.39840458898091047,0.7223343982998991,0.3665908890840018,-0.979595656623399,-0.1643416569167895,0.03686653648293109,-0.11916289869137534,-0.3676824058292919
ACH-000463,0.4823045361361694,0.5058763817207321,0.5756926675989511,1.4473673306919497,-0.01923593384951139,0.3704097960161131,0.710802161184741,1.0524369637787085,1.4650629995159614,-0.05554798318478182,0.33442432108330655,0.4079857538992002,-0.31013370724319667,-0.3240595537036765
ACH-000464,-1.3710559011569607,-1.3364320569035726,-1.2390572504566797,-0.3374360558660401,-0.19471953217546403,-0.4430267520096545,-1.2498074710981455,-0.17581274157765733,-0.9907382237485377,-0.11148713497010376,-0.5021595338931971,-0.379613423260905,-0.8287665090723788,0.4379649152816266
ACH-000466,-0.252516395938816,0.03906255347697182,-0.6620999821450084,-0.034434681227773434,0.2476128857372309,0.3585360179062282,-0.4965519051292073,-0.032820107974999554,-0.26774502648140863,-0.06100731805131619,-0.11298857982217121,-0.011596240485875348,-0.554780797320275,0.3432578870611099
ACH-000467,-0.18260954359825524,0.18968557809866982,-0.21195852393295136,0.17159019276377588,-0.003356524509408959,-0.49869032348276293,-0.8244605626985448,-0.20059003612146803,0.11039688737589261,-0.005283600270646567,-0.12156356898691048,-0.2126024835860399,-0.5374360882741098,-0.6102515555946372
ACH-000468,-0.45561314273538633,-0.2989585834001969,-0.5302632609474234,0.22698538845837546,0.07730293888822357,0.3487744661628488,-0.6974690186864165,-0.10570917213715036,-0.05687636697172331,0.452304304532141,0.9147340949545766,0.3154019149073488,0.1846818937641282,0.31495816178862884
ACH-000469,0.07652404373701588,-0.704816974263782,-0.24831537981140883,-0.1744170014077845,0.37265819478199563,0.1275926301852625,-0.45714428078356506,0.21661519364317006,0.003332533204321142,0.17296566848883918,0.4616702420517488,1.0225265962721062,0.2908603589047373,0.08473676583090803
ACH-000470,0.457091135085597,0.9089999635071508,0.7611215489976553,0.7364596978358026,0.3243297038266888,-0.04300894310113346,0.5409969891159858,0.27583348597734725,0.5332330952343081,-0.3123595301864218,-0.2345640549572706,-0.20924608664468314,-0.6904327043183611,-0.3512399535409915
ACH-000471,0.4451639972761716,0.10669393037392683,0.29563863306623206,0.21265796927726394,-0.1626450893005104,0.26923155072983307,-0.06409099936360799,-0.19535440715940414,-0.026877711975853563,0.4122431052795401,0.8876575730368961,0.11917218272437076,0.12003002213111108,0.02257364252806562
ACH-000472,-2.2433138316016974,-1.7600405723811043,-2.2233297143870865,-1.6259966266049262,-1.81936811760546,-1.5759732273554656,-2.3395947513096766,-1.896586600455517,-1.9970098469007334,-1.0534212535207037,-1.438932067293164,-1.0668384230463441,-2.5206402895799123,-0.6553294787065593
ACH-000473,-0.0674401050291156,0.24395826909344984,0.32919199809771194,-0.20816791359838133,-0.4771132717971791,0.027217181062219015,-0.3812042195162736,-0.016324913204226355,0.27805762602218675,-0.5119619564515288,0.5667160245494505,0.9602945967278218,-0.1998475896105127,-0.11472226534987821
ACH-000475,-0.49650972215262046,-0.10438610846568042,-0.5338771468443944,-0.2980846864691961,-0.49544334249478705,-0.27663677225383365,-0.4601215871737677,0.5186750328497394,0.30309231587597063,-0.5739846246612824,0.029489223776188178,-0.16611261166648478,-1.480669816425223,-0.7820752229494109
ACH-000476,-0.8114334680448396,-0.828955724815506,-0.4184190818336753,-0.44709363264112256,-0.6210524831185785,-0.35067320539180613,-0.6167792941400627,0.24405569712350103,-0.1425818665650091,-0.08106985595032029,-0.03173305565724699,-0.3434127690601983,-0.40464415873956183,0.2584811271268992
ACH-000477,0.11738261629208896,-0.7318125369504922,-0.14756471277943542,0.7189340959258569,0.7242199923016667,0.6685026246670421,-0.7145859176227782,0.15317101508731673,0.1533930028436362,0.20394306492389147,0.8374752071567644,0.11499538151664528,0.19310428908470903,-0.02933474491990881
ACH-000478,-0.12345287724178051,-1.006368535656188,-0.4339171865795686,-0.07131173800892843,-0.22705345354767978,-0.11894483075821793,-0.7479134504370257,-0.35960491432445374,-0.0761256268139032,-0.027567680282544055,-0.14576891902355693,0.9213643366301388,-0.3991985031935321,-0.18803311700468012
ACH-000479,0.41065471323745445,-0.3485616797245744,-0.13810073528709543,0.5400523218524883,0.8135178520330535,0.40752058055687906,-0.10706511871238322,-0.04190749234407144,0.13093556704712117,1.1968258740768998,0.16067639615524848,0.16543022079271755,0.04573425411219725,1.1171149994739404
ACH-000480,0.2901646520248389,-0.119466155717628,-0.06807563801014432,-0.21140146679360164,0.2926315884252986,0.5653982762267569,-0.32271949466144145,0.2548669489692233,0.8175116166515897,-0.22808140919574527,0.4228913840511931,-0.1620285738390625,-0.5761927560208734,0.3030314800098763
ACH-000481,0.11714715401502515,0.23178812745781427,0.20836024758493388,1.012137605765769,0.33643723562968386,0.5720949497038731,0.32444479852589503,0.6052486023445185,0.6096177919511556,-0.32227111092060656,0.3940050497204411,0.4747981941760122,-0.29495017209596497,0.09542950256617569
ACH-000483,0.4437452139254879,0.6002293502878082,0.6639363914505217,0.6270239904482616,-0.45876263794098443,-0.12879018458938687,-0.09016970436209952,0.25509029504718617,0.5338076213133942,0.7696785858714006,-0.4601509676100709,0.6624230257725269,0.08864044276062463,0.10075628573731678
ACH-000484,-0.20181275553813685,0.5686176630897993,-0.540403913846154,-0.9204982972030438,0.3121883832680698,0.2216430626872792,0.03186902013290842,0.04314150143119076,0.3428213237670191,-0.8802985670716439,0.35282001695382326,0.2557257924443825,-0.4149352491584152,-0.7619433555163412
ACH-000485,-1.162621382388549,-0.4355230119024525,-0.5979807053353327,-0.16355453330645656,0.6232146139852411,0.00044515290582075595,-0.5247626721487857,0.11733589935957837,-0.5973909161712002,-0.18968774428552798,-0.047484545256810895,-0.5255235536899063,-0.35154499557627716,-0.3725506767382049
ACH-000486,-0.9682299796345482,-0.8654851122917063,-0.9686304401458725,-0.8199316619945208,-0.42977226911965627,-0.10730469321770997,-0.9695108757075839,-0.4902995399848242,-0.6694415566160169,-0.0890531702564342,-0.5827734573626175,-0.12862449054959807,-1.2447315775893402,-0.48878792971098506
ACH-000487,-0.31869888799536467,-0.07296096509691374,-0.5480984671061795,-0.2384515380228272,0.44820407965823983,0.508729454058346,-0.5417113575218373,-0.0847185825628686,0.32801494576988693,0.5174900428491674,-0.6759941823347285,0.1312609581550918,0.36128858079616377,-0.3686630711088881
ACH-000488,-0.6570425759003458,-0.6177808470456678,-0.6887104602138422,-0.7187349676042097,-1.563505602940092,-0.9120607612105267,-0.46524285942899574,-0.5886918490021013,-0.11699058166315181,-1.0688495688818256,-0.20753809513584526,-0.02367490527752847,-0.614538678635395,-0.9690352118624861
ACH-000489,-2.511698574446374,-1.8377143758233343,-2.165242246792258,-1.2485383651197712,-1.01268592127199,-0.8880949623245153,-1.7042897977023066,-0.5092282744408431,-1.0594892813954222,-0.9403968854001608,-1.2290276491919865,-1.1917240233934696,-2.0722369755166516,-0.8380307052902228
ACH-000490,0.8357973177880428,0.2979227150303959,0.6740202809938564,0.9415742974844971,-0.13023154735756468,0.14173135942065074,-0.16238780942276113,-0.3211889719547685,-0.663324471610889,0.1471168017910483,0.6263954902441671,-0.23127406171996306,0.14980746220656652,0.21843626992491513
ACH-000491,0.5830333597666233,-0.5135446808326029,0.34811860790765475,0.8314328764246229,0.8727993854960467,0.6134568408073569,0.004328647841519373,0.5819600750939843,0.6177372497824098,0.39107256842532095,0.8865041854320815,0.456014093008857,-0.5605370874751596,0.2662198240327488
ACH-000493,0.355216583230173,-0.31284908249749005,-0.2907530408237328,-0.04831289244831627,-0.59096698216631,-0.6838197887943219,0.11185660082154594,0.30804186349607177,0.28121012601857265,0.5321046091963344,-0.03035954191997023,0.37759983899666394,0.7644403121517563,0.3162533371673396
ACH-000495,-0.37529309144695217,-0.16749310472079948,0.1876859172502544,-0.2361758738422361,0.21910650478905752,-0.3455385633444798,-0.08733304938554098,-0.49619019683668064,-0.3717997104282921,-0.07194916851416286,0.2408471559585063,-0.20370386496034595,0.042927196993214845,0.2945559269706856
ACH-000496,0.06079322301207003,0.3142213256199718,-0.13503577250079912,1.1819522350018934,1.1919126960296622,1.1878343468886932,0.7419474135201664,1.3114506347263784,1.2956125598057486,-0.18608354212760925,0.526902564683544,0.7868021973840043,-0.29356732676505454,-0.0965527087156296
ACH-000498,-1.351679284813661,-0.356094032744679,-1.0523115035330084,-0.5913148802774522,0.28646484314483556,0.2147936093025679,-0.8079558682649188,0.6223659817813354,-0.27515396751548904,0.17502599457720552,-0.4734057525176553,-0.18467769579204585,-1.0415645145213852,-0.6154256116414597
ACH-000499,0.9145232428067277,0.3830425221652263,0.3527554386351049,0.2860341886303853,0.09539312603922537,-0.035568548453733584,0.3692445784955749,0.57979740136843,0.440856997890631,-0.005209880861942989,-0.2847743208014246,0.730466898993019,-0.048387726447111507,-0.23940606644853746
ACH-000500,0.2438147170196077,-0.2682401321635444,-0.47986240452823237,0.30862896123826355,0.2691292132466664,0.23190331262821337,0.23416427146401717,1.1439877097649132,0.33524533370780163,0.7006634817603817,0.35148242076860575,0.6610399953866694,0.24113863773760558,1.3577008022369996
ACH-000501,-1.3066797965734995,-1.63754727411668,-1.7557336361559863,-0.9398497544689373,-1.3513878520802982,-1.1976863395482216,-1.4294964705554263,-0.7714741357570258,-0.7150004226305086,-0.26145492493636857,-0.7561316921876207,-1.055002778911265,-0.743316280689288,-0.6256599919357919
ACH-000502,0.0005347938517362566,0.23325264652338862,0.6437447889927284,-0.7321532433664499,-0.30269697800582285,-0.0948791487150773,0.15573855356367078,-0.9121835592107136,-0.46463453472882127,-0.8271026586429968,0.29546191338101985,-0.5071093978287305,-0.7654061585714755,-0.48917248023517756
ACH-000503,-1.0540130613296492,-0.8662655562492994,-1.3460832739793365,-0.451938799256474,-1.4935981425663,-1.0201046225449864,-1.4556506179995092,-1.293617158894582,-1.0514538060663905,-1.0593114593065056,-0.6999133044542034,-0.8802900843579543,-1.2165614271178553,-1.1924985479988135
ACH-000504,0.028802660424293858,-0.5808216741712144,-0.4585313670642554,0.4163354146959362,0.41633846013753883,0.17655826512269507,-1.0370983268771374,-0.35651295771505426,-0.23084160460643904,0.9082601299814139,0.8273360444898088,0.9912235463370667,0.8123779799573507,0.5903839795315722
ACH-000505,-0.5753886378493661,-1.2563331941110771,-0.8158290762729621,-0.41177327929044816,-0.3981459137655248,-0.20528334025851822,-0.3728041821334751,0.23327063410963833,-0.4861699723204074,-0.07490836520135359,-0.3345528002860083,0.5510847830489134,-0.15028281732912538,0.3312678622339683
ACH-000507,0.35596022491750356,0.6069190093473389,0.39209622063702976,1.320407713012601,0.7190437084074582,0.7012798646601303,-0.16116617109116194,0.35395480510695315,-0.10030138762794644,-0.014909574217972565,0.27104499643741353,-0.1271156910443258,-0.9715210925500515,-0.19608468768875184
ACH-000510,-0.07081702313504076,0.28713912428777777,0.3988573635706484,0.05032742376707995,-0.2917296756771242,0.08334824009031298,0.22960323520362558,0.5375073659216671,0.5774808401350284,-0.054757528361773174,-0.6847085552830373,0.45224947901824675,-0.636879135782612,-0.02825669499730516
ACH-000511,-0.33937833994856154,-0.5851393617196895,-0.7139358558234337,0.16894214424725248,0.016211243624271177,0.329092825508256,0.6293674922715639,0.49949101750151564,0.41014686597812844,0.2548942449712358,0.43894846696333323,0.8816220289053021,-0.48849278490450837,0.6265818231142329
ACH-000512,-0.4718640046213642,-0.0343268621966345,-0.6993335800837851,0.5223717640023633,0.8366048365464217,0.5282742371447607,-0.06975094956798103,0.9453678034560143,0.236108477692745,1.271867059255868,-0.4042198648122878,-0.33564008705325443,-0.12612383175959013,-0.2135746448595386
ACH-000514,1.0634101840311696,-0.21282560282306756,0.18298697378974443,0.9852660494307591,0.4157208576673919,0.358832255874153,-0.448862098430197,0.6317160880863122,0.5675444793186228,1.6512886665488162,0.35463811108223015,0.8944705509536092,1.2729312668778092,2.437584069487745
ACH-000515,-0.05187913645460604,-0.20727136491392611,0.28983242039826734,0.7658711419562881,0.7231916289308292,0.8624625141089648,-0.06211033792802993,0.712609369554189,0.06972512375242329,1.3477317078152942,0.21842372607667426,0.4443994338995673,0.952433370887352,0.6853467720811135
ACH-000516,0.07459014650099871,-0.4812247613406063,-0.05706760662070945,0.40786896519456906,0.6923424750491723,0.5883498450996971,-0.09731877057042712,0.19436395423837113,0.47184642762903417,0.6514621556941198,1.0878719960062688,1.6855007743943742,0.6153139294889454,0.7781221510321285
ACH-000517,0.24643887358861583,-0.31251787288755273,-0.13810777747941216,-0.7520260913543986,-0.4866247809462544,-0.43968768073066555,-0.6076947893832276,-0.18371521004996574,-0.3837452426228016,0.03080578021937147,0.1302558648950431,-0.17710808708351725,0.5637735991876014,0.021766070372436608
ACH-000518,-0.08174170498419395,0.48172078844682326,-0.5463604492408182,0.5368878820887049,-0.09733659639616188,0.27498409542461894,-1.085309191834095,-0.5824874642433215,-0.2568638291577361,-0.6399805406317529,-0.028988334758968254,0.7716339638280321,-0.1332895172638302,-0.3519193282183738
ACH-000519,0.9983467841992518,0.23399241948425806,0.04929715551391493,0.5472134768699654,0.12302512000722388,-0.11534682293915577,0.49400348313328296,1.4702516366732148,0.8537698861544181,0.2861724866498859,-1.1653579066849868,0.007977049544783205,-0.658608126260488,-0.3698036537508501
ACH-000520,-0.43615046038330907,0.16304776256891199,-0.6148006007893938,-0.0080562721315766,-0.5489303079203172,-0.2803444402068412,-0.24405591581864872,-0.7726651378701669,-0.18388093435689368,-0.4260760818181808,0.16808164083058574,0.007795856042561049,0.15958626517607272,-0.11742414967700358
ACH-000521,-0.26774816673053664,0.31238986368663907,-0.26763941723941675,0.5929154345986469,-0.07494043163928948,0.5885836126128524,-0.6566518706645271,0.5050141990160866,0.3314986995194081,-0.13628876972171095,0.5275865052740072,0.20526500129077252,0.29783838774037175,-0.34414180012290946
ACH-000522,0.956532807128245,0.850581738177019,0.37628281667467556,0.7937851006172281,-0.4006996943043951,0.12331590833190678,0.21030288049673046,0.8186973500851786,0.9277829234004065,0.08480122746738436,-0.3491033258782013,0.886627669418843,-0.04506243837495309,0.2001804771523315
ACH-000524,-0.8564095809991821,0.17318213090513127,-1.025441830185869,-0.2678496037321437,-0.7428756022901806,-0.21822300578733728,-1.207229515888769,-0.5856406626925299,-0.7842195467533847,0.21422005367341243,-0.3440448349759363,-0.017874019996757307,-1.3146743990503442,-0.0010955749266521875
ACH-000525,0.7641154190731325,-0.213730746823323,-0.0871725092854565,1.2448885704743518,0.4175392853641531,0.27418794598820084,0.25553052606694837,1.2754213174611273,1.079062534449278,0.5018542698049475,-0.26447177751046635,0.5692930755490252,0.4126519423887913,0.8112502741714216
ACH-000527,-1.3263143260361172,-1.970290988375945,-1.3079516700890195,-1.019788408075415,-0.21148185009214193,-0.4293967173813745,-1.421785048603775,-1.1388305480336793,-1.2359594071367486,-0.3119422444954372,-0.6413572030554557,-0.4452859221903142,-0.20075857763301383,-0.18103228030029955
ACH-000528,0.2888673706657453,0.16673245118989657,0.036732106926436255,0.5360796169428798,-0.2879553821863598,0.058352954484754575,0.37817724423396826,0.006802213704169731,0.4672906469735829,0.2321554880892774,-0.024470941449613426,0.34353309966109025,0.5767493079299847,-0.03691036838924014
ACH-000532,0.48006303304970666,-0.02228173214261797,0.049582444944556436,0.8836428565865457,-0.25540958062613894,-0.05675979694392824,0.04986330479615039,0.21718690297331988,0.30862037629868133,-0.3631792504527618,0.1384737421157839,-0.3379976861057831,-1.1221114962452503,-0.21985090695484266
ACH-000533,-0.28207415247598855,0.5310764132872144,0.026487662940889473,0.07665534090796236,0.26022584017568673,0.3609734187289806,-0.21377992689621217,0.5876216025332655,0.5285058760894921,0.43932721145126186,-0.4065522775556829,0.03692300152126196,0.10246858016224254,0.6060419547346764
ACH-000535,-0.14821475272191348,0.32477663540641327,-0.051043166957463165,0.46316398504703477,-0.20929441359545903,-0.36480590740042373,-0.8048166368306172,-0.5019562943327185,-0.04208979613527361,-0.835262347404918,0.2759393265280753,0.2260926449290303,-0.5736330722073785,-0.5967339287028408
ACH-000537,-0.5934621557572692,-0.5944056229269346,-0.4927978908797893,-0.3647787502120339,-0.1878003189571006,-0.34702683876789087,-1.6545767605161315,-0.7038457184757216,-0.6043623284751911,-0.45522937989101797,0.5801583746611725,-0.12047463509101741,-0.15680318307697094,-0.5300279156459298
ACH-000541,1.0783410524270993,0.0776203108603688,0.7455181538696811,0.07919553997228539,0.8787193607126076,0.3304536448288551,0.46177021326284273,0.9046792992203601,1.224263618475456,1.1182847898265273,-0.07633565259235664,0.22276021424954506,-0.24678207290834914,0.051620886454829526
ACH-000542,0.24704909139786607,0.9820758566801238,-0.08654252510160754,-0.3048216008519016,-0.040396820766561384,0.24127261055827776,1.1708745117474826,0.04678976258028916,0.5289830647347287,-0.7006404991162499,-0.5249719438250791,-0.2735477514872159,-0.1271435538655206,0.004967211816081535
ACH-000544,-1.4225982971543207,-1.5292001354480569,-1.4850205662785652,-1.6243608828651495,-2.0315601595030444,-1.7930297911033042,-1.4520617264494298,-1.5719022798613431,-1.0821423064700133,-2.2031485019171795,-1.4913660606047257,-1.4166983264653907,-2.5548898552136134,-1.659610305443955
ACH-000545,-1.4702595316592817,-0.4851312033641807,-1.5497293557669956,-0.29094939900457495,-0.12028251372316096,0.1280276493806175,-1.115289284676774,0.13224023479913855,-0.9503483442539566,-0.07792388220509328,-0.471509500537845,0.18725840125785342,-0.22883699748192682,-0.3476307565925454
ACH-000546,-1.4337246411951368,-1.14688986116983,-0.9966518203001695,-1.0310394893472472,-0.15348418680221443,-0.42882974977780514,-1.3784399756199588,-0.6675712628389121,-1.6256744006741892,3.911570498038586e-05,-0.58256456493855,-1.328149227531553,-1.0792415679065694,-0.08843329129481184
ACH-000547,-0.48657452599753953,-0.8609328547400679,-0.46004022159127095,-0.19373820298563763,-0.25269978403975984,-0.1988139635112369,-0.08926710981954607,-0.10910387689522931,-0.15538605992393723,-0.1174502800961114,-0.10417010573234073,0.5206073409759018,-0.20965172136703397,0.528191786952475
ACH-000548,-1.6718598065572317,-1.1900008899470114,-2.2308642003601182,-0.8450929222997319,-0.6381865567184346,-0.5297495462651032,-2.0062395481444057,0.3132628519232973,-1.3470302349904666,0.12400110797916813,-0.652304584338241,0.2958501373137582,-0.7931378032237619,-0.0003949907247757789
ACH-000549,-1.6559945851188134,-1.367579283271464,-1.541456548532938,-1.2455627489915573,-0.2873295796747476,-0.9231147762462913,-1.678592301486662,-1.2143627583730712,-1.7740277385585481,-0.8733358828698687,-0.3369941532141173,-0.554126002190345,-0.8797307260848218,-0.5673479803999806
ACH-000550,0.5500330200403607,0.4516042763845952,-0.12735187667602846,0.5218218523572684,0.22410740096502305,-0.18612693935289853,-0.5574911218570092,0.021706833574382717,0.15210383670857242,0.7197338291278023,0.8171053142140795,0.8841007377656429,0.6161740079321905,0.9680689320256815
ACH-000551,0.36243849167926945,0.7426653541178485,0.28213342254122253,0.774707695199137,1.0351631059498423,1.081370392522651,0.029422627495211705,0.6589266121671891,0.4085394267492171,1.0305119858631768,0.20749946852243542,0.8636018862159307,1.2091172471095506,0.65718056592342
ACH-000552,-0.13292178421115303,0.25505301620091764,-0.08862107152320356,0.5166038969574769,-0.04098731632143471,0.2307652396029058,0.4775650339976913,0.17309542248378185,0.12240922437138621,0.002640723539272343,0.004616457740413138,0.19813376993841483,-0.7378944236695095,0.08378737126613091
ACH-000554,0.857401121201977,0.22416821921711433,0.3352884113872078,0.5036323780639246,-0.006953038918014992,0.41847332923230685,0.6333097088143849,0.12660677514283467,0.3616268004868207,-0.6266164980750166,0.3580091541294028,-0.6318916844936482,-0.841219601926349,-0.772168392971514
ACH-000556,0.39521507161837427,0.7458131607912337,0.684588735910255,1.3589087644202122,0.9779574029243586,0.9947219419843998,0.041734035145919876,0.6285831313612043,0.014571608110555745,0.7818617765737792,1.0646630661377345,0.6886335478902987,0.3850628169686771,0.6792048905123291
ACH-000557,0.8149792716331213,0.4102922590771484,0.8408624156058557,-0.1122340720368163,0.7359261743304201,0.041686737119767905,0.48851746887455694,0.7289325347219766,0.9713810879468041,0.681797179772326,-0.11411023106916476,0.20314167086010831,-0.5098740144166363,0.20912125055538897
ACH-000558,-0.09408729955755771,-0.7824277806325898,-0.18122797476513694,0.26545037393568127,-0.11235334275544454,0.08693834438153943,-0.19624655014288456,-0.13821981685130444,0.1598814692894003,0.5720495848521084,0.21600585236652153,0.03815126520634013,0.39249154054756163,1.0256829467336128
ACH-000559,0.42471302370261743,-0.6731395676601564,-0.14552631409143776,-0.23246639497975283,0.16332322748166328,0.44468663582634915,-0.37887200796077636,0.8880328829516012,0.4725386203561494,1.307976570589912,0.3199896439429858,0.24920578936681256,1.0294766130325232,1.1409570226956685
ACH-000561,-0.6001426869973407,0.01729784904385076,-0.6746750377718105,0.418179840948834,-0.24679586858675534,0.025433095305722297,-0.09133191498191173,0.15074807515127908,-0.5914611788231103,0.026803388450913332,-0.1227813397294546,-0.2004055973398056,-0.10300948721610172,-0.40295285744689435
ACH-000562,0.45681703913668015,-0.05575489209609388,0.2335570174964719,-0.43240956613650156,-0.7941670148207132,-0.12910787226777487,-0.0657332940586916,0.1500137768463281,0.16177243628429516,0.12323148092052466,0.1288061358019622,-0.036009102723858016,0.11733522200724156,-0.1222912723463247
ACH-000563,0.023420483486351472,0.011570108246071603,0.0524761679821312,0.43838611178665204,0.009670171616281073,-0.1274285257061077,0.46061244990969674,1.093053598386711,0.7878092589614514,0.13241826144400995,0.020669554420540956,0.9320700029549878,-0.2788263413455334,0.8528685210207645
ACH-000565,-2.215115441144423,-1.0935181239098788,-1.8384314595512548,-1.1009875389261363,-0.47292851545235515,-0.2460178725596182,-1.5562823787848779,-0.35011562826534126,-0.9637979166619969,-0.5285141320573624,-0.12377235520491142,-0.8337560388054437,-1.458362121904978,-0.8934726509212072
ACH-000567,0.2865727689213309,0.11519786444956386,-0.09602673652460095,1.006437287358052,0.691600778212021,0.874856777164408,0.9719898128387268,1.7792863988075331,1.4434218430229961,1.1681320425156425,-0.042337846693438486,0.6029951094125326,0.3562726169713623,0.4719814758157651
ACH-000569,0.29424680841601814,0.24113864213040584,0.21247387585441724,0.14292471332762485,-0.24009315410334411,-0.455193147335019,0.026522238382900215,0.23864326126014762,0.4454688782578715,-0.21242718417182463,0.2565032041569423,0.6887311100620979,0.8895943872120976,0.8750675964704021
ACH-000570,0.6707067310823214,0.510356455010185,0.7675159212464285,0.4961757351509021,1.0294982837584619,0.6642537789355237,-0.3196509981018841,0.25716544365560223,0.22295782003600673,1.0886820226670981,0.6364703653581042,0.5849795436812735,0.5786423731181957,0.977074013053848
ACH-000571,-0.21441134270283901,0.3670824035899002,0.314204003833273,0.5573763783748602,0.5859587106727369,-0.1558981475175895,-0.03782501908990854,0.14141126349544653,0.3041631779091468,0.4230926568356718,0.8249255658397117,0.4067074597490168,0.11609851735727394,0.1063095996901189
ACH-000573,1.0409101180383973,0.7451643587372497,0.013758992167413848,1.1926917828562946,0.4112328876494801,0.44073477233019265,0.448630212572126,0.8750141712290005,1.3407757849632485,0.13094877341458946,0.8120403490078586,0.8684977644999801,0.2235736627404019,0.5500462178195628
ACH-000576,-0.9018628728227259,-1.2198430859734792,-0.7474396349992349,-0.78646705184638,-0.6875222689610107,-0.6868509154875481,-1.0135661714480977,0.007156503538876924,-0.5888899106000264,0.04821532467508935,-1.339654248164477,-0.7220805990202461,-1.0895858974473314,-0.9790106630142517
ACH-000577,-0.3249052802348601,-0.5164416054530212,-0.6139283670378244,-0.22165039270313427,-0.6206288674651635,-0.8200650865358727,-0.8582227510642316,-0.42825508237828924,0.20568669892544245,-0.745253066291808,0.24522527200405314,0.17371713868608074,0.6114607372233906,-0.48811062370509484
ACH-000579,1.1437072008121614,0.9042631827361823,1.0660357783757328,0.9601969214602548,0.19589791823700514,0.32081286347743393,0.5632829768863518,0.8761713081542153,1.705547557013643,0.27379781969854194,0.7112999002485518,1.4801874226410954,0.11077816110412982,0.19322326362404846
ACH-000580,0.14625038380362948,0.5790292603528546,0.3576799848114082,0.6863796903698978,0.6660511821349321,0.7533965672043258,-0.07187222351062522,0.40585763196268493,0.41618191943340876,0.4668019984561843,0.936520796727722,1.0128604080072492,0.9897566154187493,0.419671223330939
ACH-000581,-0.6007725727405501,0.09321376697570909,-0.3399033176410518,1.5817865824573216,0.8079265073512134,0.7051583694146217,0.24678873639590254,1.1797257243581225,0.09683407097025173,0.344350942331094,0.6503997699520734,0.14338775203631965,-0.061741107739387575,-0.3652426900622694
ACH-000583,1.0929864525277826,0.8620119729737077,0.8082237236178018,0.6989626787338421,-0.1743487679081982,-0.2195710260896117,1.1111032537349725,1.0709074941365053,0.9491291160664646,0.4218725306443667,-1.4041612469685711,0.14031053076778277,-0.562327009577409,-0.4552608452725242
ACH-000584,0.9473365064790915,0.5276969709989221,0.7634862604819599,1.0578902204904348,-0.2686559425804003,-0.0368502052466356,0.5841991122343826,0.1556591897615423,0.6922057182019952,0.5551171259507592,-0.24140341039645766,0.29766721242548294,0.49140103215431324,-0.356476398776126
ACH-000585,-0.07611565032897633,-0.9967443812332781,-0.472699693925232,-0.4480120318636238,-0.9169621055619288,-0.6411295025278752,-0.04683982491186596,0.08815179239435095,-0.0826191159022615,0.008886527535271735,-0.5364052462636331,0.14441002301476713,-0.2724721037699719,-0.2624026983351825
ACH-000587,0.5269759764186795,0.025015283388402698,0.04615862410114499,0.772614648178148,-0.08151503517936778,0.138852326383353,0.45591596827799585,0.8095913360331992,0.7266269793709151,0.15147639130569188,0.2583788319608552,0.6810949966068227,-0.10434723084782618,0.4430652695765104
ACH-000588,0.936371075271337,0.5877110789502724,0.41101428169257714,0.11019567030994668,0.7883227037381246,0.35221402155794734,0.21207120375026584,0.4301173437460231,0.7443243556525404,0.8467637979345081,-0.3232626379038591,0.521309362043416,0.8586970897742572,0.23763157962434947
ACH-000589,0.6451798512166569,0.2277419436365058,0.9045232329724879,0.7498812930797172,0.022722505391285647,0.5846494820307635,-0.12667580341866233,-0.09830574526765362,0.3052595368481101,0.022359108956958418,0.9488127747501467,-0.11643087744035871,-0.36203708499042797,-0.2668720005444771
ACH-000591,0.48373257105345124,-0.021403156703601,0.4152022259525338,1.0343785441347786,0.1835836396176485,0.31843114800792355,-0.19265999530599953,-0.045933586161484366,0.2335391699939549,0.7225291805909192,0.8237792050656798,1.1085745293331382,1.0650502383365972,0.3359101709475391
ACH-000592,-0.30136700034853214,-0.4042192318206696,0.06025505773677267,0.47572632162590606,0.33021700795221,0.2447003212270341,-0.3922425890861077,-0.6566430201732414,-0.2061498108143407,0.9030614701799282,0.0637796416240872,0.7187751355681004,1.2373291716841963,0.7500565294891426
ACH-000593,0.5142211691473388,0.2820676476773565,0.6548828772835428,1.0078652776336001,-0.10320154639253004,0.4858767545159487,0.11570382059066311,0.21199900627221369,1.184797639217276,-0.46056880522132704,1.1670413120070058,0.9979413203925404,-0.19567324406384629,-0.13321174576720055
ACH-000595,-0.007236970038783111,-0.3371628247354928,0.25403255607122577,0.2689186940978997,0.6016801238088206,0.037212488716709624,0.034699988368041695,0.21450063527053567,0.13797059281088986,0.5484487163254215,0.6161840629449236,0.8031717188325029,0.42368846584777997,-0.07942200847121293
ACH-000596,-0.7404666952966147,-0.763351915544836,-0.7652726710242833,-0.6866506587628982,-0.4511118233496486,-0.08729836675056693,0.037807496344580166,0.5013790877081988,0.22189259857841032,-0.32226966243752253,0.022208298167609913,-0.14226764199486908,0.5949479118957453,-0.14612148061438804
ACH-000597,0.4370179087873855,0.16719910286838768,-0.08427907858610481,0.07402386535640383,0.46584335787180275,0.6777230100244538,0.22850556017666968,0.8524071951952654,0.9744545514005838,0.4916348104302744,-0.007114309485835274,-0.02877548996645299,-0.035275114930394535,0.671653459980592
ACH-000599,-0.09566083711711865,-0.26320398038425535,-0.34680274860925997,0.02449495031222501,-0.816883393535661,-0.4123111668342022,0.29811249236566495,0.11356996913891805,-0.1439408977812479,-0.6027475235444335,0.043988567932336915,0.061643314382962416,-0.16806246796223678,-0.06973661877507208
ACH-000601,0.688041251045324,0.33652831240891823,0.40836454616116363,0.3292361461843141,-0.458363801763631,0.09413662618748116,0.7731224018128341,0.7207829195305144,1.335747493689583,0.08866608143183569,0.48495479750953335,0.7019824287097254,0.08612043988116026,0.0543460806733094
ACH-000602,-0.03717583760130326,-0.039218359143170685,-0.5556311156424723,-0.032271786056343676,0.9500644870077699,0.43761126825347263,0.08941845932182113,1.2900821211622202,0.9153439129784607,0.15588308982771237,-0.2624045839698539,0.5420775382444315,0.6125835680718748,0.08324808841484396
ACH-000604,-0.22317999609263206,0.692321167280553,-0.0854822311523302,-0.13014775470414308,0.24720466733923233,-0.29300676175504564,-0.24909418958741078,0.15907775107719366,0.17701568051558336,0.01851454663180968,-0.7849088077477202,-0.3751244271670563,-0.5570898670504134,-0.5135764839133039
ACH-000605,-0.16578003944542702,0.09266202628150591,0.10024648109025924,-0.25158304403122056,-0.09789099915208373,0.7830103824899495,-0.10741403304514613,0.39690062715518093,-0.5294718315601853,-0.2152458264268387,0.15607534442166293,-0.24400723011483377,-0.6336886272990929,0.1286466819974427
ACH-000606,-0.028191701084096202,0.19708533765649938,0.08637490273711956,-0.2910515513229456,-1.4218291828336784,-0.6543178098567768,0.15988699675682103,-0.5812574078456874,-0.20992210058258617,-1.4281893019528693,-0.2800052986135715,-9.530869802854003e-05,-0.3007202406504244,-1.3065035681179673
ACH-000607,-0.3361954634460455,0.04942374954297373,0.14965058052225608,0.9411957258616098,0.548303928905296,0.6816221504569295,-0.43207152362997236,0.7097333176212188,0.8069660467827917,0.7813324421752909,0.19269797931295773,0.4459152509357657,-0.07442090167837564,0.7866739665394362
ACH-000608,-0.8060074879028714,-0.4369576068364707,-0.3947386361755778,-0.16517166573160272,-0.34208147353878315,-0.13544591796517289,-0.8811133288342471,-0.55324152420858,-0.41474763384717706,0.14367758162981972,-0.1805457907374021,-0.1889619146091377,-0.5446402719931756,-0.21514885809318537
ACH-000609,0.18679951498214242,-0.39120216646550937,0.009590623916948565,0.5651948823957098,0.19336286251508691,0.19180512514306086,-0.07506573699712216,0.10001523401301282,0.5264785597543002,-0.15054965740334897,0.5252141874910768,0.8964397047668482,1.0583431478941983,0.4167607921984603
ACH-000614,0.1897082232541917,-0.20959021721919316,-0.07759137259177028,-0.3788132992343926,0.3026762155189851,0.5511994128772927,-0.47011728999170965,-0.3654842126117843,0.6339938787980333,0.35948936353537525,0.5539518167912241,0.29217281750464685,0.28510492885219296,-0.18521291544475044
ACH-000616,-0.31458099157635877,-0.10952680195568903,-0.48928324396822,0.7754512282396706,0.22710710601953826,0.6809419874023077,0.3623280290698704,1.1479205337112683,0.1903438764121672,1.0312742141626965,0.4209106313697186,1.1121652422813868,1.3852825624907827,0.9793334211148879
ACH-000618,0.20698052363250416,0.05240885881229762,0.27335489961575643,-0.13902362150080214,-0.09520965138923368,-0.0964534828623132,-0.37608177109334595,-0.6289029336025482,-0.21652870283407447,-0.5299664963225943,0.27881082386589706,-0.21692974800387244,-1.0662404497714668,0.12161440448587267
ACH-000619,-2.516735359487307,-1.819253892418263,-1.9179393829148603,-1.115709609377176,-0.9416163499335504,-0.593968806486251,-2.070413383839372,-0.7687742605682314,-1.2188400617469142,-0.6434350726879012,-0.5071233065699043,-0.47012971622265926,-1.6173477205697784,-0.3445721004571642
ACH-000620,-0.9400364056878551,-0.7585992514694759,-0.6632738407559768,0.051252214624083664,-0.08746642508692185,0.2286929784083466,-1.0340251147839834,-0.9770239939923033,-0.6071946175958238,0.14548653561303,-0.13777954040670634,0.22137791917087526,0.1439969565736967,-0.11507999542235142
ACH-000621,0.9405582077766356,1.1477391030372739,1.3191007481806656,0.20183492316770496,0.20495391290698606,0.13020204196907598,-0.04334997811515376,0.055698055700411725,0.25431451744609385,0.3369452877811323,-0.41251476627849687,0.8187710186273571,0.6289990588732796,0.01393848989812358
ACH-000622,0.6922082606562387,-0.2703666480076543,0.28346356050455657,0.8806457170619555,0.40175178820643176,0.3056231006065576,-0.09474893854282898,0.4063550392114184,0.7303803881931725,1.138573947404665,0.1839258601840571,0.6651865875359186,0.742922152674826,1.422330062903965
ACH-000623,0.05082371756840303,-0.4782291723531559,-0.5262867909406926,0.22199594553202007,0.8038539886403416,0.42155058218614416,-0.9946790749189103,-0.5041355615812468,-0.2697030342800282,0.8830872473331751,0.956979227880037,0.2331161698978288,0.7106577003132554,0.5737599856256559
ACH-000624,-2.587644383342365,-1.7843110061689187,-2.294184220991614,-1.5112012606228193,-0.6471897665839381,-0.9549762638853259,-2.4526012997517617,-1.4522580475144844,-1.9884164456383455,-1.2501062464533303,-0.7745122311547805,-1.6343683679952934,-2.1409237249569237,-1.0123280328315132
ACH-000627,-0.632305025840543,-0.7876367996994578,-0.78554466223071,-0.12035412666803924,-0.3820433543911337,0.03954979437487435,-0.1624615626556552,-0.05994659878252703,0.09278315856774072,0.3387183108527786,-0.06778868451339226,0.5844726835894802,0.43012634666191507,-0.008820805498891304
ACH-000630,-0.307850134745678,-0.5053693093418021,-0.7279508112465654,-0.05060028112212142,0.21665314492192644,0.5923081021730141,-0.32128262745784053,0.037186374468824175,-0.1233192676993799,0.2456784331654573,0.5213784677750064,0.06642783253902514,0.8137839529145638,0.8456034032162578
ACH-000631,-0.3325145390186762,-0.5808198492863864,-0.35008818481276255,-0.031691344902902596,-0.12053235914489611,0.3985207955744259,-0.39705662476685555,0.07020410450885574,0.22700417680610555,0.2662672831717201,0.16040939992022527,0.3699106291553928,0.19515383820367543,0.9219219609720494
ACH-000632,0.20882017070711575,0.18226526913329844,0.2255447630284444,-0.04178378300348466,-0.30188493580334913,-0.31717784185398246,0.4303511637083687,0.4642028995482882,1.0145375185907506,0.42575569708098254,0.25037500503226223,0.8565757045517385,1.2296633470846885,-0.11351397528660376
ACH-000633,-0.03177563263787451,-0.58945781292017,0.09354939867400386,0.49645388540105656,0.8305187560991012,1.1492301609320419,0.4998674335906035,0.3253217841256954,0.5127769266424833,-0.02790329612178069,0.7181531730525108,0.646808126766816,0.3697941148694445,0.040892657678556335
ACH-000634,1.199100625145753,0.272823408389461,0.5280549000360367,0.7986812592238273,0.33441298403732,0.1767590762041279,0.47158956528649737,0.406796117773455,0.7019550653688967,0.8061836888230931,0.7480268706424114,1.1917227077323325,1.0568680315582941,0.886852546997352
ACH-000637,-1.22709925026871,-1.144131967771481,-1.203099696414374,-0.7065071217386806,-0.8401689556081056,-0.34688487921469763,-1.4456454207255633,-0.7203542902830089,-0.9458293525496847,-0.4977125626798189,-0.44528612617297636,-0.39719870918989236,-0.09110165593226388,-0.278618172199957
ACH-000638,-0.49237130568870635,-1.0576485551432486,-0.7266337067723155,-0.5177457908318791,-0.6558068408839952,0.055574573137475936,-0.35568446922295405,0.6502037572145785,-0.5727089023132661,0.24879391455557784,0.45963815148624326,0.5691053389719192,-0.5281842454035033,0.08227883018751847
ACH-000639,0.6352865654558317,0.015395860406661549,0.37824957910652507,0.309806470610046,0.30741089446788367,0.38688688037795704,0.7698908632604106,1.38977744417546,1.3098925811862923,-0.11356773741540394,0.12005547635260094,0.867233506857169,0.26100209262404866,-0.13831299493863142
ACH-000645,-0.461328735312258,-0.3460000036641995,-0.596076423311047,-0.647694907935414,-0.5385511092041023,-0.5163462234613445,-0.594250281000648,-0.34199820359925714,0.06963984874004545,-0.6700532798587652,-0.6038054472273179,0.17180622214882663,0.26856164495577584,-0.3620508629997863
ACH-000646,-2.6977111920635535,-2.901677868535891,-2.5367525576775063,-3.000219184899908,-2.4526077326666,-2.359330450443534,-2.6667672794251183,-2.0478620961749576,-2.4907809241484324,-1.5947274814600354,-2.291537570770409,-2.1383253138740743,-2.8820817096864966,-1.7576465604692495
ACH-000647,-0.3442606653226603,-0.27493252212795066,0.06961738067695741,0.7375672508073758,0.3741818704987734,0.5877387667052232,0.3227656922697227,0.6456792146765717,0.5280076854381944,0.6960607388673559,0.060910365981032916,0.6993193803139094,0.14010914140320074,0.5689546360847875
ACH-000648,-0.20168239597020465,0.3179414221773224,0.47661905054900755,0.15602255288070543,-1.2040343840493681,-0.7304703348452837,-0.09149629618111543,0.15495132946585302,0.34113536641881415,-0.22391065610224697,-0.2093037055387077,0.013021341310770485,0.09490362739149703,0.09222955117308179
ACH-000649,-0.8700305249981782,-0.4398105631632884,-0.5988327518492141,0.33812067749943364,0.3556046168605706,-0.09883662578679278,0.508637070416582,0.789539069227658,0.5490476527380542,-0.040281017735329244,0.5345630308147709,1.1794357881039526,-0.025316591291183015,0.2141993460220085
ACH-000651,0.49908184116197546,-0.037094935561236164,0.22766967466525617,0.8005582578651828,0.49466048970117193,0.2201225815271396,0.9959658155857756,1.463014179771571,0.7890455010338103,0.3352871542538399,0.695820557480354,0.24876388039037123,-0.3995946439126925,-0.1117010725488483
ACH-000652,0.4651485093220682,-0.04418828974054255,0.3415066221830448,0.435456108724842,0.47290644220176653,0.6517263891326373,0.4572714367756828,0.43312785570027107,0.5416549200854257,0.4837508436017133,0.6175133069782737,0.6868222204584252,0.002304164101680564,0.28283893923406445
ACH-000653,0.2503758246184385,1.099810259312486,0.1441652431345202,0.9408677463627186,1.0802703555961286,0.9546949044171712,0.04794279102489071,0.8007737256778231,0.21139547662129266,0.5543868916900969,-0.4104746871122521,0.14304399550551733,-0.10901291975733435,-0.006826125731313665
ACH-000654,0.512243531193088,0.4926101463251765,0.5218205747477818,1.0210032721159745,0.004478179366993351,-0.1331178407291756,0.8984331653624276,1.7598077337327658,1.366409905383709,0.3794387690682621,-1.445593102071932,1.102599910303158,-0.3242888996546716,-0.30478013325900694
ACH-000655,0.15274441806929823,-0.2618106964748558,-0.06994351088544651,0.6057518208767676,-0.049858306478712734,-0.09197676311945664,-0.2349060057613857,0.16785544319803858,0.8299408398721637,0.6911893437106184,0.37932873790148103,0.6376342014063603,-0.14366836831573737,0.4290256182688015
ACH-000656,0.21719929908723656,-0.05063641886954588,-0.1685997977549061,0.6269205330088787,-0.3358665081176522,-0.19184776430545075,0.1424533385302777,0.6647709190447257,0.5800306300321342,0.31590790456365564,-0.7775937647697071,-0.3089382857508688,-0.6005441957065274,-0.08530140282899848
ACH-000657,0.45024302935913146,0.5559308551388374,0.3672148155539154,0.6794842176258789,-0.37054866537178266,0.08327918460497852,0.3731633383249585,1.0816775238988263,1.5022965184845087,0.17448268912519052,0.02262288733792786,0.6080142985361394,0.37844222947161105,0.40056947845058927
ACH-000660,-0.24577878686599486,-0.049763711571900106,-0.13688587842663508,0.6507278792375142,0.1267470153434752,-0.014391869454016049,0.735509091745435,1.426945334477083,1.2852935518906,0.9784281701161462,-1.04894945225231,0.8478290725645257,0.16925895202700172,0.30323936931880396
ACH-000661,-0.4073754172384293,-0.5806715385257281,0.1171943188438981,0.5585388024058912,0.4501824702241089,0.6122545515904138,0.05083307604721701,0.5411306162317846,0.3305806778470738,0.8389608164284561,1.2463791460231484,0.7746503529416376,0.7170449144207002,0.2948867083541522
ACH-000662,0.22249719926387856,0.05062590801532414,-0.322208826524202,0.40317157049696456,-0.24506576622515022,0.23871216343733315,0.9051894291732991,0.8002650115905174,0.735179605813886,-0.26669704821251666,-0.20673056915218554,-0.14823769495087477,-0.48115649178806685,-0.4759661289160675
ACH-000663,-1.6202011412859019,-1.8263806644135734,-0.6131579799643422,-0.8417807554580207,-1.010635995280675,-0.7813182931129246,-1.1197508167952481,-1.3136185497957444,-0.7769355573676917,-0.960513208518063,-0.3289188206505153,-1.1989685496826785,-1.3224218741628828,-0.6785282417327517
ACH-000664,0.012828943052530559,0.20120306069774188,-0.7935029992091285,0.28874975295635824,0.01408285033939341,0.43842646361613846,0.2615671178630453,0.9857305796095113,0.7256602170835058,-0.02242580846615841,-0.7583565467201394,0.01684340617017293,0.43288527587405307,-0.3744410573088967
ACH-000665,-0.21056331158081426,-1.0608305485341487,-0.08647876616454665,-0.16980239670673858,0.11262073199575307,0.20133185821457555,-0.64882751935297,-0.8648713463730272,-0.7839155237358653,0.14437326254432858,0.8105977051904659,0.01563162025504186,0.12367543032993314,-0.5832985024170316
ACH-000666,-0.5323161450123334,-0.8140724360881908,0.25569548867527503,-0.01579636157924478,-0.2503770405496508,0.31683979957786723,-0.07585508533338542,0.7037696478454261,0.19508042306000356,-0.162313254310018,0.6668689826674692,0.12100074482245662,-0.2798815293019049,0.19050094216327706
ACH-000667,-2.564316185557222,-2.263454592465469,-2.2233842194735325,-1.2259790902162089,-1.0838237726422817,-1.272350089579191,-1.1515864819522648,-0.1397728306909891,-0.666171837964354,-0.8525621172180524,-0.8212278431627167,-0.4967548443722065,-1.7251427012714209,-1.218363698978568
ACH-000668,-0.7889490078411106,-0.22485325812846424,-0.8197936762118404,0.4174232112945957,-0.23627492651252313,0.46027567023317784,-0.6674510241060841,-0.2183958871977868,-0.6670230385050974,0.3332630047190124,1.038286474992951,0.7431200909170377,-0.7625500246127498,0.43221619240035075
ACH-000671,-1.5868145226133965,-0.9669058002336215,-0.7543245404406618,-0.47446643701614566,-0.2818110029833179,0.029025738977730475,-0.7972110860486088,0.12681625868839558,0.13972059992494168,-0.45565142249541085,-0.42846309633484847,-0.7432859884476462,-1.5769794353183741,-0.4570395308322591
ACH-000672,-0.6264787771382775,-0.25514021692907596,-0.8808852212022279,-0.53945382091673,-0.837637914133427,-0.8726112608612234,-0.42257782250656206,0.28042835582697057,-0.16377458540814083,-0.003392277454070003,-0.5876874920376748,0.07909289527730937,0.13983855357106592,0.22973706927234805
ACH-000673,-0.44400070920038315,-0.7430889805328154,-0.9965724870604337,0.26389623445083893,0.3140144251220333,-0.11062768619348717,-0.06352838634064062,0.7612320393250162,0.5345610032265978,0.10184563227982879,-0.1964819217108335,0.9079910677817975,-0.03621594622323379,0.4107915200210207
ACH-000676,0.48770346261432324,0.8080589797373501,0.1757526138050381,1.086802842662791,0.31133145298064846,0.41690576110322514,0.37612369189118044,0.5033025104710487,0.6087424200059516,0.1704759051217326,0.24268860952044785,1.3010074500243205,0.129692936850069,0.22104516248526795
ACH-000677,0.46144683037718365,0.5746361789542337,0.4403504850890608,0.67820729053899,0.042280078399675805,0.6896413331866792,0.32278083490954923,0.5594797086577271,0.643730028910946,0.7783928726856529,0.3947796275515741,0.5138855075583566,0.34873003629304394,0.9059331757289049
ACH-000681,-0.6014929131100943,-0.33255758913167366,-0.0527636492352872,0.011394781896770234,-0.4325138710602844,0.04867892330849507,0.7287646151921919,0.6835295606199752,0.15752227135594746,-0.24102308824005564,0.36323053178538184,-0.632459915415848,-0.10345555749891926,-0.11281237691331207
ACH-000682,-0.9905201213673577,-0.5266261823319568,-1.0784282535484742,-0.7709115752869099,-0.3017071297265721,-0.5049003578040336,-1.2821950583854458,-1.3190151120661697,-1.2534569731066874,-0.5045839386042418,-0.15957238714144034,-0.2664640222415129,-0.4458586825725719,0.1029969853875573
ACH-000683,-0.26759042240582853,-0.10637464919635725,-0.26575310539597286,0.014612703573739437,0.1548162432355606,0.3547007446841757,0.27386293026975744,0.42084819701339904,-0.2805458317882992,-0.045123002852028846,0.4501786318120905,0.007276718281009398,0.7579013859917266,0.4285058613764577
ACH-000684,0.8913833337271043,-0.5560337840162354,0.24406705178733265,-1.2025245704769503,-1.4230391056633815,-1.3099198528187757,-0.1152945992118165,-1.7189949799341346,-0.41511153956814,-1.4438284830205987,-0.15625471792279216,-0.8535384643674114,-0.9244881669827703,-1.2367479981112879
ACH-000685,0.053020257721256736,0.2531376242524327,0.05839908049264214,0.15195761883977824,-0.4173527689908513,0.07255908900083463,-0.4290815848956306,-0.2750268745490063,-0.5368718977507936,-0.28701440587372984,0.12013988445137813,0.027298744213873523,-1.333511423173909,-0.25284542528829695
ACH-000688,0.3315104878994813,0.5831023358528338,-0.04553629189618988,-0.12606036467457188,-0.7435119764691398,-0.7083689970886311,0.015660118223166763,-0.18045241740976087,0.5362330115360688,-0.5331382903588311,0.1426272292762251,0.1296332688775895,-0.6082637855676182,-0.6615208312066957
ACH-000693,-0.4907424825437933,-0.5247613292172697,-0.877512058442523,0.08134088145705108,-0.9113016713694531,-0.25739815786102277,1.1431163071571804,1.4005394661594428,0.566648507558307,-0.26443338329692995,-0.7325828919375075,0.012015272630805096,-0.7680320376047878,-0.009552652381002613
ACH-000694,0.030774081980587537,-0.21408732412428422,-0.14959731534712345,0.27167288408382845,-0.44767687574156767,-0.21264586082368586,-0.3124478803650501,0.21563207832554113,-0.239027075949454,-0.25458116661284935,0.011882262550543476,0.2335664589191176,-0.62518639147338,0.27963124233655645
ACH-000695,1.0530697844195547,-0.14967416781742682,0.7722402460245139,0.4210588315378266,-0.12489486684800397,0.5229920903293245,-0.4358246377392423,-0.12437442424931827,0.622185993984761,1.1728739700908268,0.08735896502699254,0.62168837975296,1.5490841592989884,0.7229669569912336
ACH-000696,0.48643706465878767,0.5774975197617829,0.8720534040769693,0.27760552581449777,-0.4809153558878103,-0.3846482893428851,0.6586542165719125,0.4166778955857473,1.2007389154960462,-0.2472089985641835,-0.03515114588509506,0.2557984704010382,-0.27082316005259466,0.3633662797960852
ACH-000697,-0.4700475910679564,-0.4928757852904523,-0.10897887726432673,0.3224253797209063,0.6950776123370639,0.28548495458187373,-0.8552829120463314,0.3546798285073144,0.1866943493503979,0.6707882290924533,-0.2758689460912048,0.21529880266416607,0.06356355619415499,-0.12910399147483984
ACH-000698,0.4420800571794607,-0.20168927695139455,0.4927005645065532,0.8861255992465659,0.8138821481011518,0.9001707505057611,0.49315079983528237,0.9085096528193983,0.6550149736245798,1.6328058757969832,0.046358191959657485,1.3349957416955802,0.9487023418866372,0.22621394135108888
ACH-000699,-0.14759856176039582,1.0949584599231854,-0.2039822587038279,0.43880727405908226,0.09428296601864918,0.12979536281917464,-0.36588663388697384,0.5210634901967361,0.1660192799447578,0.41990195978455996,0.5063518068203222,0.45574084305342477,-1.1643938754049845,-0.11405938953121703
ACH-000700,0.6081198622994082,0.5940982393926164,-0.08519312175090006,0.4271666256851597,0.21127630185896676,-0.22408918924363336,0.4385610504698172,0.4916306755007569,0.914688114686182,0.1135083196611856,0.7132369338269153,0.9337227859180689,0.1827331735778959,0.23089142326629183
ACH-000701,0.15204670384591631,0.05131446145184587,0.25177252068651895,-0.454043583054852,-0.35814574456746506,-0.45173304293292527,0.18027521554572182,-0.5118966532138429,0.22242143859921434,-0.9893914227987755,0.6347551361605678,-0.1768314472601533,-0.22638977130710297,-0.8713843529185772
ACH-000702,-0.3198721827297617,-0.15945086843385345,-0.06975762119732833,0.6655091464011225,0.11326535928538806,0.5252458506599573,-0.1640766524141123,0.9020319212379787,0.8105002879877552,1.0264961357831353,-0.028088958605550995,0.7812724444994729,0.86678781374662,-1.1134191077744229
ACH-000704,0.3526947498995173,0.7918237965074767,0.7167528697589687,0.559846790912599,-0.16179184628461518,-0.028722525192681654,0.4673017916406532,-0.25048438485567215,0.8753042345447792,0.26995768048185836,0.5020249216202892,0.3161312619976552,0.30837292478631434,-0.02297565942797372
ACH-000706,0.6680700330296833,0.6773010364395556,0.7681067126462962,0.9728570652729378,0.104327089375169,0.41679849348864495,-0.027521826478977565,0.37425615541903623,-0.21247394716845788,0.3377472594788752,0.5255943516930903,0.05891738425321149,-0.3253951634687823,0.2341567807583849
ACH-000709,0.0751424800092387,-1.1972286977459783,-0.420119038068241,-1.325458680317858,-0.9511298027918517,-1.3800627218986614,-0.45501445830797205,-1.172927646323578,-0.5302917904859548,-1.195256304150694,-0.525128210739665,-0.9885110135172632,-0.8362864611657739,-0.891902582117971
ACH-000711,-0.34735139748277893,0.0004932944363624236,-0.5605133423848558,-0.23322152387155598,-0.08197378113398085,0.22468143626737666,-0.4615207118117373,-0.40252305920855674,0.1972281904236775,-0.8094821031251402,0.8087332775568535,0.13095347857244732,-0.35836999728747343,-0.41630595641177176
ACH-000713,0.04272966242359527,-0.38543789605954193,-0.04950451936838701,0.35874401678844287,-0.3269555117856081,-0.15245753834268547,-0.22696061811369464,-0.2635367668187617,-0.7644541829532803,0.7558250116734996,0.022229695773225977,0.5926220073359815,0.26036984192655177,-0.2435037539116399
ACH-000714,0.1457746489842684,-0.7324514982547121,-0.28554731166958125,0.1859693959572306,0.06300339093550306,0.14274369255819172,0.08511785838572386,1.23678014271008,0.7573029875202973,1.544990595948498,-0.23544470428043326,1.0237117092978805,0.31313658906747255,-0.5169621183955065
ACH-000716,0.12791831190850897,0.041182875092343585,0.5402111590490994,0.2644789026810364,-0.08421778306052878,-0.02723482283647738,0.7187743677668148,0.8506799833531553,0.9208931164605983,0.525977620587676,0.0735662019499457,0.35854709266058493,0.6803105820371546,0.86568171147407
ACH-000717,-0.809199224041764,-0.6717066614880549,-0.5615372056732606,0.07907933957174418,0.3374354584368533,0.13123082348709098,-0.5624638074194674,0.06744144513244013,-0.6040737350185534,-0.015033857777218107,0.06502955104619024,0.08369071596872961,-0.4354823828621478,-0.32377200084356267
ACH-000718,-0.6338672090520823,-0.49523737219259123,-0.5982113585387709,-0.52638120502226,-0.7774680526016375,-0.4046037822908668,-0.7287129119717126,0.2514919963877233,-0.025079575215969457,-0.26910381346140766,0.2028104278211429,0.4682590098311897,-0.03237560559030947,0.0213131465348122
ACH-000719,-0.3667107435887045,-0.8244194549413654,-0.10523979766816685,-1.8285513991934432,-1.061919536803915,-1.0391080800404167,-0.5296789737908542,-1.319530864990914,-0.12485956841958054,-0.8254472993844908,-1.047635878947673,-0.7958006681425519,-1.0523326586478055,-0.934681961814238
ACH-000720,-0.34900045642856303,-0.5544340015132602,-0.6180244175590407,-0.4726214545740073,-0.07389135901544325,-0.7095655972296737,-0.5463074414407965,0.24938889445533757,-0.14002351334307825,0.35104970652932915,0.24264754308723793,0.15411321515793952,0.04935783116067075,0.3998679332882791
ACH-000721,0.17103891014050943,0.4254924425583557,-0.11985637034838663,0.04683676844521787,-0.12668748770657984,0.09762109721504077,0.30319710374002284,0.6359807516768871,0.7891287470418298,-0.33354922955382516,-0.24406877184810952,-0.053747561100721264,-1.0469281063059124,0.409048843767686
ACH-000722,0.06296924052956537,0.77040167523192,0.6186871442568148,1.6203891695961732,0.576388749256607,0.1650525761334471,0.2958100620575809,0.4748715412557747,0.27554123539179987,0.061497486715000965,0.5218639429514254,-0.0555238474917184,-0.8825086584904387,-0.36202797989373725
ACH-000724,-0.5335830749627979,-0.5551589709475044,-0.5978707042403991,0.01687654143823844,0.05786339309896446,0.10936746433362435,-0.6725234221673113,-0.031682623564088824,-0.6801854957083389,0.42283516390419,0.09796637256013405,0.49698519680898673,-0.5780738255926833,-0.20296245350335312
ACH-000725,0.15818874334151045,-0.5987415467726931,0.2925352410864758,-0.09053244280769285,0.19886429637972192,-0.3035782737624556,-0.2111103211749304,0.1375614958952857,-0.2313968931377204,0.14317608952177194,0.11539570958249784,0.31101580840464177,0.17809036224965308,-0.20223853411208254
ACH-000732,-2.4288777378723734,-2.6699186512532553,-2.9571590951059052,-1.9957223331142164,-1.9193307411071543,-1.5552708750148434,-2.329339663592937,-2.4146566455770415,-2.069398719105776,-2.0110023624112006,-1.6528545483570554,-1.3443603645615325,-2.3139348282759324,-1.5487028350538032
ACH-000734,-0.296583180229239,-0.09381116711918336,0.41163630661184114,0.03525132767785179,0.1730628685572806,0.3899173275230503,0.25721269990099765,0.7018428559915477,0.480774549530472,-0.13588999442393807,0.400271343223339,-0.6109793666801236,-1.049326080103491,-0.04054012602150228
ACH-000735,-0.07821921107829252,-0.3003764496325576,-0.35897333721925173,-0.7297635344174669,-1.0104204336006448,-0.5851090041961184,-0.029399887148849748,-1.0943963736999305,-0.42178247548260644,-0.6189822678268504,-0.3141190610086652,-0.5053835818029746,-0.07727793135704153,-0.3223256513485173
ACH-000736,0.1340981640029527,0.1589885515246257,0.017616384508525568,0.568755441994199,-0.5123142692722653,-0.20603339685531338,-0.06924239576219879,0.3186025372700928,0.3812795069178807,-0.07696325950505273,0.13045187659657578,0.28321382193128286,-0.46325853074025247,0.5612445219767931
ACH-000738,-0.10870746190752853,0.03158050112933788,0.06290605637470405,0.7279336819042217,0.25072106100236013,0.1290010252181511,0.357037175243955,0.7605347137020599,0.6287342569116696,1.0813971523389445,0.27509316395752265,1.2501713582479324,0.7928052393769048,1.1541409787270807
ACH-000739,-1.202164407273921,-0.312796273682609,-0.838175783131787,0.2342426663163691,0.7139313048609172,0.6170119061237609,-0.42693155129081845,-0.33074476713611556,-0.2483331598153708,-0.1033904244148295,0.6002585820536986,-1.12053594050714,-1.15897878510531,-0.5928343385213176
ACH-000740,0.06099725354964074,0.33507946070464467,0.052807820879391704,0.6155342263477283,-0.6649046314247052,-0.1275458362037924,-0.1068366401765499,-0.030121988456972032,0.14129981187792764,-0.16304586316470313,0.07395293461486163,0.08076677250651218,-0.2796037097679278,-0.05837329374711572
ACH-000741,-0.9247542349180675,-0.9550645089091333,-0.6521000847676109,-1.2005320173445033,-0.2746605545286455,-0.5458646212171583,-0.51684500316314,-0.8029852155212819,-0.7245770467953135,-0.8861770701145233,-0.506780501603368,-0.6838315436127109,-0.5997647154770186,-0.800614615278294
ACH-000746,-0.7815643888025263,-0.19046822304032246,-0.785066530293789,-0.06859756063839227,0.5214079530148812,0.5918970934482918,0.4009475707612986,0.7951835595364763,0.5989329123236632,0.8789513473601843,-0.03582024523890147,-0.05490926395533036,0.5394353456515809,1.1227910736297035
ACH-000747,0.028024526261118024,0.5551096527535571,0.4375315792432374,0.1998453726193541,-0.4243917533776078,-0.07730398631686791,0.49937709182838486,1.0529249410220858,0.8211779977299093,0.7794372127047459,-0.1477748098791758,0.7500483776131064,0.43838210729719973,0.7846096456335488
ACH-000748,0.31851294821442255,0.06319163292324481,-0.3962217145983762,0.09439947060768165,-0.10959169331640872,0.054735569650153665,-0.13594784223049627,0.17927812907190355,0.46232086032578956,0.5281549411559012,0.1346349281547466,0.9277718603727207,0.07309427443944791,0.6945887501439859
ACH-000749,0.42737821728163944,0.36815353416632335,0.13565192675412377,1.24841698711445,0.4129455106376826,0.3613621209121571,0.5677332887146682,1.0764885085582485,1.0674768824489258,0.4764640348875252,-0.03402511334203931,0.26158869245476035,0.3785291091029294,0.15731497310316178
ACH-000753,0.0003119921131100323,-0.3686676241023197,-0.48127265874256847,-0.07242876776389476,-0.17071061777216714,0.37804199466676336,0.112809755035642,0.6811078932899457,0.7785265597157515,0.5851926683608877,0.21023051636572704,1.0983590894618938,0.1542786628036535,-0.15189450678476585
ACH-000754,0.17962991519103355,-0.0035668516101539094,0.15736150350510963,0.4106946753466068,-0.2082064182490006,0.036916126101103355,-0.16618527199871785,1.1066498160939042,0.17553290881294104,0.5810851844665065,-0.4409725321407899,0.3743825678224225,-0.16523608435727938,-0.9419704743858365
ACH-000756,0.40341771691780537,-0.4771955592702053,-0.16356732271351063,-0.24993203846489148,-0.136324556257499,-0.5503673932798061,-0.025894299505495932,0.4696392223214251,0.4291086385878632,-0.012802105826146964,0.02795483073599417,0.6565791883055158,-0.059390996925829664,-0.08713240918002223
ACH-000757,0.4108693778436684,-0.18286719443118837,0.46304980347999786,-0.052954207265270004,-0.5420307279323867,-0.15021365412708007,0.04336044893204341,0.6372044604309728,0.6214770387370809,0.41524029460648104,0.11487068316027735,0.018147840004589744,-0.08209677445508018,-0.03898307604731455
ACH-000758,-0.1830928148124518,0.3883067263967065,0.022102280977379138,0.16943510001902168,0.3693022543326764,0.5799461532040731,0.44259632213086897,0.2908060686440002,0.6191809690700014,0.3055752028376638,-0.06796318944666091,0.4278812859151643,1.6990273759643153,1.0807031226006458
ACH-000760,0.9781666675053275,0.7079486338011257,1.1653008988215925,1.804863147579915,0.6274765699857405,0.5077798787791936,0.12581851993856752,0.7065162149834783,0.5172838207747908,0.7957442327394958,0.4915290547802741,1.1118964512686982,0.39556115079303855,1.1640786360566868
ACH-000762,-0.9466740875780892,-0.0004626952689920083,-0.6773344392388516,-0.3618594846909906,-0.8251804317881897,-0.12696570488990228,-0.13944389685724395,-0.5191239711109545,0.09635238610312508,-0.5851062357290178,-0.11949010740261495,0.273669172821835,-0.15381090791434568,-0.5055173656914427
ACH-000763,0.9763405064569844,-0.1654889099062897,-0.00018597349930159213,0.5934291186453655,-0.06489180982385107,-0.1261695766197103,0.1185849137683947,0.9507533931488543,0.9896512313121966,0.9636590279932926,-0.5119250948434599,0.4658838889448478,-0.4664014182659684,-0.42293136612704585
ACH-000764,0.07326753193708507,0.2924480211346093,-0.08555579214159881,-0.0672509104465597,-0.36490685052774696,-0.3099511452938779,0.22145131704174367,0.12858770859983268,0.7153973099327035,-0.5082166614900662,0.1181238087606602,0.7444636507133595,-0.17596952455258486,0.014902025673792119
ACH-000765,0.1834870139295143,-0.15729109773027466,-0.04563519982769734,0.196648908578919,0.22721823469224034,0.10214946169467168,0.7557130756178206,0.8908160542622419,0.8847172655186554,0.2534805133478021,0.24592270227283564,1.7606940498104375,0.5852237180716011,0.022624313262033624
ACH-000766,-0.5111991140084263,0.18062609955279813,-0.4738859572750951,-0.33844853165219146,-0.2890568876692148,-0.1588510324534923,-0.3246771694442264,0.7308775578533153,-0.011929323028657873,-0.28699681991574866,-0.027826201229348313,0.2692552549523608,-0.10553965032053583,-0.3337636583937808
ACH-000767,1.4560243644750186,0.7934649502621005,0.7495284041513199,1.8384806270429783,1.1801994889900045,0.7215652251035527,0.4800661376513122,0.8726439344594211,0.5295349148785702,1.66707278589305,0.15625797938833091,1.0708174551731882,1.0635859423528475,1.0173872536093347
ACH-000768,-0.2166192974889706,-0.01621144492692514,-0.2877926196645546,0.09591439656230111,-0.8802467654524846,-0.5437320055987381,-0.22514332557906352,0.15883015031806974,0.3414767068534668,0.4033495456703165,0.25217736271832036,0.923876107681493,0.06109823363603727,0.8950608608133577
ACH-000769,1.056445603370938,0.3479528010328783,0.8508730396863,0.5272911921426415,-0.05419324257581756,0.3192659945451292,0.9375793959688773,0.7617782239784183,0.8725010246810176,0.13999706815462168,0.09567945476424268,0.4670866629371263,0.3050239742262963,0.535719661494169
ACH-000770,0.09626493245143114,0.97392029759126,0.21332212848932763,1.4520677679292966,1.340995358870764,1.263416637509457,-0.6841354875796333,0.7613781355395663,0.6369942389963097,1.1957345122657566,0.4482098024802243,0.11879415028843619,-0.08868358006144612,0.78153510861643
ACH-000771,-3.8518108035646277,-2.7443398949752362,-3.6211739243393315,-2.0641716398593184,-2.3394259244825575,-2.081073524734243,-3.3265360581841303,-3.0296594648054724,-2.9473297505251193,-1.8651485024904055,-1.8476444397959404,-2.0829665260898746,-2.1524719578522857,-1.5090192790267891
ACH-000773,0.35389039041410647,-0.015580409539100323,-0.7354608503158682,-0.39631759545170786,-1.0162320445683048,-0.4590027057112835,-0.4050844668082966,0.697098382698341,0.7634166933184096,-0.0774521658851519,-1.194076769785367,0.06766673950641097,-0.46588521155141394,-1.1544996085425676
ACH-000774,-1.2015154302468496,-1.7130039340792036,-1.3469892494557318,-1.4017391747017698,-1.1445882129862526,-0.9809539980766857,-1.262353340241371,-0.9697718402896276,-0.9771917694886891,-0.8643802676005603,-0.44694562830828294,-0.017589733599548962,-1.1128991396111714,-0.9670681504494081
ACH-000775,0.3056200300563295,0.21885052686740483,-0.17787183051160388,1.1473630712721155,0.03468960257138122,0.418352747762163,-0.41748110031700547,0.34333078078047524,0.27566710448578446,1.0584250641073694,0.38600042327229106,0.5866684784133334,0.4446208923470434,0.8253234112646112
ACH-000776,0.08618464345954494,-0.3013906202647919,-0.01163153891597668,-0.5964929282659264,-0.4133174851321846,-0.6054417889686083,-1.1916372297434628,0.021761924234641516,-0.9376064919056175,0.03216624821266407,-0.19568259029438756,0.01510975432830372,-0.9507971196647175,-0.08226968738722623
ACH-000777,-1.2231164363714488,-0.26798631283127505,-0.8658599086149058,-1.3100281135982028,-0.3690390609742766,-0.4505691440856544,-0.9407294314120753,-1.0166489211349194,-1.3613392332878087,-0.42354949959075106,-0.28095672398045746,-0.5638885024580719,0.3726794689735252,0.4169926424012864
ACH-000778,-0.5032387753303027,-0.142461650721364,-0.4201381525731986,0.09732933785918302,-0.48853285460858076,-0.315338864461259,0.8748614668156788,0.5494028194404247,0.14224035548911107,0.061485243424562463,-0.3401606284521559,0.8023436291277591,0.8327530089133323,0.1259696988677296
ACH-000781,0.04614218575574086,0.06129894459596291,0.24591135231456604,-0.08772863682985779,-0.37343942727017343,0.3286110714508786,0.05376614830082942,0.08349157848990545,0.4926880419071769,-0.22320870508879426,1.1451805000193727,0.28666645565569765,-0.09655576915595418,-0.1986999302638745
ACH-000782,-0.10003613343654746,-0.11208508413045135,-0.10773101442772678,0.5647819402681835,0.26198181436101764,0.21323845907281613,-0.1597319740770509,0.9264038992728726,0.3483002527686886,0.79761144627628,-0.23860952059469628,0.2217446921612252,-0.1824272675493111,0.20816693997751762
ACH-000783,0.5528705949197072,0.034164215936251574,-0.02867904274507299,0.2104241876687601,0.13044490495780026,0.40342819069563096,0.002741565441792493,0.4575639834026017,0.5266411831856783,0.8057192390817083,0.41288996375318743,1.0945771962212218,0.2773744212822916,0.2817443930064337
ACH-000784,-0.026974750566505112,-0.3307066012079008,-0.18232375176085033,0.17673326369874828,-0.16086410441478818,0.059275974157546735,-1.0167436836255668,-0.36280617753161526,-0.118893585084419,-0.021674289487194052,0.12710186383497746,0.32858081781555054,0.38030231270707626,0.09602219860058844
ACH-000785,-0.24375091910431917,-0.6699160150758154,-0.15346726442388225,-0.19594569813119975,0.5990052100060286,0.4192365331794839,-0.7188936130172956,0.1709920772026487,-0.5688975947268069,0.27300848468411354,0.17595759169783998,0.1053186336744522,-0.34175430004738966,0.21071314402293542
ACH-000787,-1.2348050543368094,-0.4873002494137557,-1.6496806849655523,-0.6163779492810804,-0.17720920512057822,0.2858089665645998,-0.46228661809428917,0.6381432290273874,0.1060599803799111,-0.18631303744034275,0.07758406829127357,-0.16300668387869766,0.2688132207889733,0.438544202504433
ACH-000788,0.22706642254449513,0.3983602803260158,0.5820096141787791,0.8017510461059536,0.26046249314755576,0.3991557884329192,1.0239644622363668,1.0725060206179147,1.2916964198994185,0.05691235125032683,0.6119855643171455,0.9110066001006593,0.445168704003684,-0.20042990983696796
ACH-000790,1.131807503940912,0.8713903594551153,0.8978758328763939,1.3415334948348265,0.719305920324133,0.4952216664186777,0.707103057415237,1.0844105531152433,0.9485081610469424,0.8158236644696697,0.06925637045468067,1.176158981235503,0.619834741555567,-0.0062480519258946154
ACH-000791,-0.5012930264724582,-0.8249570933786706,-0.5066727357753354,-0.5665759911548218,-0.536636450870202,0.12810434577196733,-0.5350995906092929,0.18771619317517305,-0.8134292233421747,0.38664186079009094,0.30684908251972143,0.8964823798152852,0.01818235537166299,0.46508270862856116
ACH-000792,-1.2081894843448306,-0.5073453143806261,-1.0299601732115198,-0.3777644237433076,-0.6528332386672819,0.08096881352479628,-1.016203569361398,0.3677701780458629,0.15138132733598217,-0.08213244007347556,-0.1349419406504717,0.5190408684487929,-0.5949811901170537,0.08648249791089271
ACH-000793,-0.20049050752952813,-0.382513142750901,0.11569005693299389,0.9358146375872017,0.18718926730412325,0.44403786673242224,0.8350319824660852,0.8876372480961501,0.5082014731283802,0.3117965411353025,0.9037109063411355,0.8046567060001427,0.09020639452769284,0.31552630771169415
ACH-000794,-3.359258019490066,-2.7428286275849048,-3.722741754761736,-2.448857640913881,-2.1595517350827724,-1.9425613984230157,-2.9806946266933507,-2.646879240917874,-2.8261661080478016,-2.1848254949763675,-1.7327683987573042,-1.895875248500821,-2.052665783510956,-1.3577182302224453
ACH-000796,-1.1414403407133784,-0.9836821634917464,-1.001166366873838,-0.37515812548152117,-0.8604035895934932,-0.5240338607766881,0.03246625150630387,-0.1325161391604303,-0.2266050179800049,-0.35768163947507436,-0.4013269890990484,-0.3351003218906643,-0.670780564334738,-0.8970267320709966
ACH-000798,-0.9759667285960365,-0.2461397657739766,-0.24256403468008866,0.11394871661757716,0.4167420545416381,-0.21661833747748097,-0.776084470352621,-1.1804706421937925,-0.48742169527642365,-0.6012445712427402,-0.009135130618716292,-0.9769957857127869,-0.5890958766656116,-0.2158048351412938
ACH-000799,-0.5683337353873558,-0.795941183092332,-0.17837885102456913,-0.268939392362345,0.3657888151921259,-0.26917088218291957,-0.9720385714795627,-0.2993714061053341,-0.7361134695340764,-0.24383143342831004,0.11184818936006842,-0.05361951854587449,0.14635699506584668,-0.4020346488716566
ACH-000800,0.6994329367551954,0.6673882779323556,-0.1326401966819391,0.8937680854362648,-0.0861630078177103,0.5345701413123084,-0.32462909138107826,0.3960618851300222,0.3272414247447895,0.8454581348393158,-0.012459287433654695,1.0873903092719133,0.5346212586968782,1.2542030859189872
ACH-000801,0.992879047847686,0.8449212942133348,1.0277288779315308,1.3513445561537558,0.32648792411581884,0.3738486969824665,-0.08230457484433473,0.3691317331920616,0.40036232548033646,0.43101559134458345,0.8033521399902628,1.4016530363551543,1.043841124314058,0.42611321275692693
ACH-000802,-0.5677877568036003,-0.3440765840296757,-0.1799161138205699,-0.10022205050053878,-0.2394818868657488,0.30694320194154984,-0.19428156168662433,0.7581193346545239,0.04354617577143271,-0.7504770093328728,-0.4595517901040592,0.2610100645819293,-0.1582943803462617,0.5507029871182274
ACH-000804,1.1074973966032864,-0.10734030074837295,0.42557510546275706,0.7555843871469383,0.052601683672368976,-0.14268383363440384,0.34608207287389997,0.5331763021519337,1.04193454664468,0.34799184542719,0.14518966617897905,0.5222074825002099,0.5472391060011026,0.945117054306424
ACH-000805,0.78933434051525,0.6672316093445125,0.3992741326274892,1.312311004927526,0.41719474388415223,0.37924670785264414,0.02113653659626183,1.0026324973999499,1.3592329782820174,0.3960591538394912,0.6583593605529287,0.7628403990625967,0.3712218446601548,-0.012350635483415737
ACH-000807,-0.1234410580764572,-0.013888788890687578,0.3553705613212164,0.3640166917170486,-0.09187272673653286,-0.04490140201842785,-0.4203594760412468,-0.20562802102291566,0.3320428563752117,-0.2479441540028786,0.16890683013969923,0.0185029119536482,-0.5269432122878916,0.3061999912325648
ACH-000809,-0.9945776896976657,-1.1923784699525548,-1.0848478292617585,-0.31275286515639333,-0.6325818322951912,-0.49077306645870705,0.10394579236153605,0.7431293441879767,-0.013620838562290183,-0.8452473110768208,-0.6418402092226799,-0.1014198221512525,-1.0307129086730238,-0.48290428638343913
ACH-000810,0.35555058925569333,0.4720042988663098,0.5330182409728916,0.9497348688257512,0.03765666902764293,0.0064235859255427075,0.4552224080632543,0.6287959591919938,1.2835345330344199,0.6839680271165891,0.6912370631573828,1.2384862661980325,0.6471929641815817,0.3546029082930217
ACH-000811,0.0647027815944549,-0.8810544053946952,-0.060905530992616946,0.40648854464404327,-0.1503301818368743,0.27458767249221344,-0.1308528329060769,0.030277644965861425,0.3511729159145378,0.14465545113287118,0.6276894375206695,1.460350122598033,0.07503834982712501,0.735437257021174
ACH-000817,0.6211778539359948,0.018004132613366863,0.0599123755170016,0.37081051169748125,-0.0712430165285941,-0.5508675196825575,-0.4309061666024768,0.6455473506196262,0.4383962721663555,0.051847503004075035,-0.37024150181037085,0.5610066603019593,-1.6660979455185876,-0.7432347010228673
ACH-000819,-0.11603258621204937,0.42347969723884377,0.039322816841470536,1.3310376609148398,0.4537889833596467,0.35638976985171555,0.1386282564130465,0.9964937551467683,0.7739785792894472,0.971308660153088,0.48179837445259843,1.2977075373661875,0.5443430106761606,0.5552219289655306
ACH-000820,0.5524492484153615,0.4100887084112159,0.9281530533245475,1.1725178269291656,0.6594619724510868,0.6470444254190417,0.5227913748911986,0.26133089340469284,0.5207620518388202,0.1481820302963066,0.49280733887640094,0.19126623109816354,0.07763183597898328,-0.36048117781641686
ACH-000821,0.2544362938964813,0.07255355045028497,-0.25468582468211276,0.27364612986858766,-0.023418104267867362,0.08034623385746191,-0.623882222614822,-0.08605772122958147,-0.1611503640543723,0.7928584814097516,-0.850520144105034,0.3646977343078782,-0.1246667177804729,-0.6083355869700434
ACH-000822,0.040445496722286645,-0.5250425376405039,-0.4162642423803758,0.08259363311409776,0.2926886745980169,-0.24376794190914386,-1.0842697006881319,-0.8594200077908972,-0.7292506945222472,-0.0691938068589229,0.4916422881864331,0.434483847090936,0.5436326522151691,-0.21646824069216944
ACH-000823,0.039110596158627,-0.9830800670303075,-0.34469659570643313,-0.37704225222423465,-0.8506811375020402,-0.5145440911126196,-0.19935369492991306,-0.00034215241873863933,0.047422113134337085,-0.21825680705336817,-0.5136953655988641,-0.12448149265778702,-1.1611883242264984,0.32666637117868436
ACH-000824,-0.07744412303695866,0.317539906375257,-0.3549418220655034,0.3477177840951093,0.13417167998374052,0.4528457021362313,0.42439767660229566,0.4515723853661171,-0.21806329192187685,-0.5776600929427126,0.2909706789896303,-0.09176947802527918,-0.729476289567298,-0.6194178962685108
ACH-000826,-0.7426616061303065,-0.36730619588317925,-0.4919751830735529,0.17947459149389997,-0.6164855391741602,-0.11951277598888402,0.28247665363959196,0.6379931002587506,-0.19776646964258088,-0.48867190261313603,0.046948147133792965,-0.20892789807293016,-0.21918870216276443,0.8519619823066595
ACH-000827,-0.3622301527560502,-0.8772646874728841,-0.5138667775151083,-0.007142375579765565,-0.08510377789522852,-0.43049180417633875,-0.1370562871748637,0.4454573049643064,0.6751186681924544,0.057274235510327814,-0.04905514441905065,0.7639364972730224,0.6045914124038956,0.6810999347979952
ACH-000829,0.09094203532731153,0.6077499232196265,0.6351424234967941,1.10218209544648,0.039666989918851495,0.06524483252454774,0.7326548003988175,1.298398221474496,1.0461853177974816,0.8847618014159935,-0.9967936264747597,0.6775471031793929,0.26902245900533506,0.010186084351330865
ACH-000831,0.23035626917017812,1.220130417325104,0.39301616464300526,0.8099727871476796,0.0603371365401692,0.15815698778815615,0.634422958720417,0.9841816839188047,1.067057841191982,-0.548081178315917,0.34563573506554807,0.8575599611957246,-1.116237193933838,-0.14812205732135245
ACH-000832,-0.8628218420469939,-0.8014755470498507,-0.9452257108557731,0.3781245569314923,-0.792092739098289,-0.13071694631479835,-0.5725282212485437,-0.5471901663411024,-0.9204086973236383,-0.37489901601571957,-0.16619939167518463,0.2532016005120765,-0.05706953726176495,0.16350127153676425
ACH-000833,0.22487349898648287,0.36474985518668646,0.45170156586864807,0.4639643457765438,-0.7700308216242514,-0.15217560407904168,-0.011180853184385942,0.24017524173932805,0.7281505692701096,0.27132220559949827,-0.15501130850846376,0.5717992499942995,-0.4005038120605302,0.9902115707813002
ACH-000834,-0.5119819561234777,-0.18401557891883358,-0.48194737240948304,-1.3281471489620593,-0.45525808341207724,-0.7041676507500223,-0.9272397518797126,-0.9516420040557794,-0.6705443357692948,-1.252620853440768,0.308569524823049,-0.825214261228561,-1.165620064194084,-0.8312365942722435
ACH-000835,0.3287391533527741,1.0351365019868815,0.11147703614560339,-0.11530738659665046,-0.9819294952320986,-0.6326786385383489,0.49657972163129444,0.6888951915514988,0.5139095698637388,-0.41168310550241266,-0.4016860286811629,0.5235697599916191,-0.2639654529974196,0.5289608033964647
ACH-000836,-0.29446382871263976,-0.2222167694554362,-0.2395126258296592,-0.051422785716750685,-0.6727519015414192,-0.46446034000268427,0.4685507839890708,0.37267308339111804,-0.040268611522943136,-0.23538952588120426,-0.23857188058228868,0.5517740554200371,-0.6059491111021613,0.14895160036704772
ACH-000837,-0.8393900914378538,-0.30884704603769314,-0.6946117357445116,-0.4495994230821377,-1.134505926932828,-0.4553391648584485,0.0052627971334109624,0.12716454494439638,0.48979260269585706,-0.8755595241756776,-0.20383441159909593,0.1123405330574758,-0.6461794054662323,-0.3502604444395446
ACH-000838,0.625089398735631,-0.042667455375606234,0.32667984707240905,1.2878758964574408,-0.012960211045842884,-0.15003930935139173,0.3891676837867418,0.7736703015958005,0.7682696249383838,0.4486489291771756,-0.7817426137474981,-0.17294479236668353,-0.1986847931496703,-0.5547113927772062
ACH-000839,-1.5819541579962615,-1.8032252312035408,-2.41519028372008,-1.430274420057068,-1.822040735916234,-1.6088690002389552,-1.9486789457337663,-1.4496140181249637,-1.6395801249086053,-1.44581009680275,-1.4753534485688244,-1.0036391183944793,-1.828199160539119,-1.4264634830769158
ACH-000840,0.3620250864991925,-0.38301139100510506,0.06268429325354821,0.16335004567937472,-0.18966923109739361,0.16601550072763865,0.09023888959029741,0.6690909984292831,1.0303062194772377,0.25979390099622096,0.039343210393200545,0.7177979391916722,0.8598322226241475,-0.003147933790704216
ACH-000841,-0.012926340167961917,0.43588644445593505,-0.15612256819805514,0.8218922139391452,-0.41140435298234074,0.5097019199507259,0.45853847907389406,0.8716325379459509,0.7340379644892885,0.21874062387337234,0.28626008946770365,0.5243527869121171,-0.4346763077726169,0.31671633072841465
ACH-000843,0.780352886864894,0.25127071244581467,0.32988048172160334,0.7330845391784474,0.38756787809450155,0.74906971353914,0.8328749648276229,1.4083032319792925,1.1909878724614211,0.5498111323805384,0.3833465248316912,0.8113869298425396,0.5486566049378596,0.5383673336790636
ACH-000845,-1.200205298012095,-1.0860738112681907,-1.3318568978092606,-0.9545414866578811,-0.9948014951703931,-0.3582128156635437,-0.47240763030091376,0.5674075002878156,-0.45995515841342205,-0.18820542582401942,-0.37069814753331176,-0.04434417565792714,-1.394259603353952,-0.4569413602054269
ACH-000846,0.06792879154157286,0.3229690632138212,-0.2880045247270658,0.5996496521135887,0.38503284689370226,0.34482989505174066,0.30089074698788826,0.5904400677195396,0.18533546602342818,0.47617438105456195,0.2449292752850409,0.44994654749904683,-0.4964378652651497,0.6757072709468612
ACH-000847,0.5563243254964518,0.3792784532214363,0.12061274197219903,0.8483286119017863,-0.24247681027046847,0.45767893400475634,0.6162562796839673,1.2492013354221116,0.8343672405506265,0.1820462433454247,-0.3066928346005004,0.28637746089894434,-1.464171255689513,0.36963707688734365
ACH-000848,-0.09148929901668074,-0.5617366306891165,-0.26461481147995386,0.778948575832965,0.8510748941752189,0.7995526174387619,0.32603034282233206,1.1837041819778387,0.6453299376843962,0.5817660548974951,1.0065226234211466,0.9663307484576755,0.13087905803343197,0.2167088158478479
ACH-000849,-0.011767262156537978,-0.4362477819190196,0.031493545900262904,0.34150037185453247,0.012632788830054753,0.24983711508647338,-0.22543810835725323,0.05155931474571767,0.16367548053116482,0.6038191940210605,0.3421583911578304,0.19012836266298785,0.22205242595086352,0.2187271396655572
ACH-000851,-1.0797134351899969,-0.7994869511743848,-0.24316660223060818,-0.3658201195759825,-0.8177141011965368,0.2670397976637141,-0.2234169207426627,-0.1735463678569193,-0.6623893191300555,-0.47922797614933366,0.4468573682063679,-0.8321654509209959,-1.057929684603291,-0.7947680990727848
ACH-000853,-0.08464778017926096,0.1668432977447324,0.1118686156065487,0.5313612613584079,0.44069101817095563,0.7263279794690617,0.0012450733209083686,0.5800039847041714,0.7658806258472386,1.0109308861672328,0.5765741413391969,0.5808106180762845,-0.15753118710424696,0.9135355824446073
ACH-000855,-0.18405397798473538,0.4855774854403811,-0.09454521652306941,0.2933360145127214,-0.15488577348967003,0.2666226526259995,0.7051806127451435,0.7515552755450108,0.3823669466815954,-0.32773475617817405,0.40546883186260063,0.42742066175085563,-0.2247603517730934,0.3368822944161336
ACH-000856,-0.14828408565563359,-0.057037357504817816,-0.061003515975099266,0.7765139482195544,0.9376887676732243,1.4737855472855461,-0.20634150717865338,0.6927459643130319,0.3436004006947469,1.2585835709136728,0.7575158073083499,0.7442383065227356,-0.0024040686738828823,1.2549081530940158
ACH-000858,-2.3265805737949714,-1.5628826675452585,-2.4447985305462563,-0.8731517767837421,-1.180892598798204,-0.9909351090344528,-1.2028254741142297,-0.6839686499712943,-1.3785374024376087,-1.3092320764558794,-0.7973601867471394,-1.4702689042390296,-2.3358108302250344,-1.198776868844189
ACH-000859,-0.4117778902867707,0.08178314303186837,0.3725708849583386,1.4777570953470032,0.3281744338643401,0.3807629973925868,0.519721230442526,0.37005966413211194,-0.036295768345606785,0.7376514174275662,0.9577614667535491,1.0503591727472479,0.9257538827776168,0.35270873839549044
ACH-000860,-0.3669808005323638,-0.04019679214305755,0.07133098349619979,0.011240523883067621,-0.6900502234288877,-0.2149377180931987,0.004846905720468669,0.7047780556139323,0.27404272503243354,-0.3027928506387156,-0.030897773682706013,0.6380347832126966,-0.745868552386214,0.3332787972745592
ACH-000861,-0.012226283413517256,0.5629483195897516,-0.1935812727061057,0.04950638505449284,0.08634465775970727,0.05128340212376947,0.5451187221004911,0.6382373453487595,0.3283358636495021,0.1417380840366977,0.6135322289502213,0.7699097857929764,0.40344654625417037,-0.09774864885418579
ACH-000862,0.24128526139479792,0.38986674188543713,0.133995363577318,0.36574056774107244,-0.09931068895666173,-0.1480664170211401,-0.3447808875483934,0.3533757713959138,0.320533264779501,-0.058110522106714746,-0.3321918784390232,0.7777006519385262,-0.0766217004949779,0.275231313597582
ACH-000863,1.3028457846056596,1.0295698073533095,1.3304185362074734,1.758276388126058,0.7175183201625717,0.7996055187684378,-0.3464330823222112,-0.8938383737274022,0.15826046786752418,0.881208291221532,1.2140478294475303,0.7751562701634915,1.2018172193000518,0.9573597325136415
ACH-000864,0.6506465281693289,0.6147222253719273,0.5451056558530384,1.1631106775046853,0.34846259961546644,0.5190545802851625,-0.9957634082637806,0.1506430906241173,0.13250428871627018,0.9428147456870817,0.2896812731339868,0.12578718094197516,1.1150258013331218,1.6279411720066959
ACH-000865,0.11013555656051079,0.9018167035897946,0.29481812428326026,0.11947340670513291,-0.19102382997684453,0.5354389252335249,1.4173063201283713,1.0489606457762772,1.0723165958387355,-0.3294784217078277,0.08072757925764479,0.8701855774129288,0.35864212669028944,0.06147940498693091
ACH-000866,0.8112946494243234,-0.012060294205281374,0.2982272339729646,0.7315211406344164,1.0404953800468442,0.7942912070013194,-0.25420474684118965,0.7770146658430579,0.23893969770496942,1.5079552836693468,0.5384383201898675,0.939179145500297,0.8261167987673592,1.2203787177596959
ACH-000867,-0.9159097317234104,-0.1807855460806928,-0.7622844703069311,0.44524405943338674,0.6912352296778592,0.2292658899251564,-1.2101195495118213,0.03487961210821475,-0.2737154402403712,-0.5152103908832408,-0.2614243225995018,-0.013143990503140635,-1.029518282423031,-0.5057561558240306
ACH-000869,-0.41563993683729417,-0.27476992955052143,0.202439091074067,0.13530987659314667,-0.25908719351544507,-0.17634103947616697,-0.2824001289633652,0.37167054903952745,0.11205927932214835,1.1072070735780908,0.20501789806201584,0.5995208025147986,0.47233793583946404,0.15747395161377814
ACH-000871,-0.2774041912552303,-0.5266099197492004,-0.06366720672004501,0.48304409872863363,0.5291114543183296,0.7732020590197423,0.1113925748375855,1.1335345448737353,0.16457142073829523,1.3919131435991354,-0.2683958229911874,1.027905757516028,1.5571331226770555,0.567224264116932
ACH-000872,-0.1310432455553652,-0.3389806564234879,0.5002415297024864,-0.16484470433957316,-0.20371269639860923,0.09242781737121447,0.26089234999904615,0.2373074277728219,-0.16305764443660822,0.1762674874045175,0.33562612665844443,-0.3894610276458548,-0.1453676863597209,-0.3712118438004162
ACH-000873,-2.162688237614038,-2.290207662251982,-2.2924699054258775,-1.7122634472696885,-0.7045412832379037,-1.0549456748380026,-1.850674742941972,-0.7727547552632651,-1.141069202406671,-0.771376512540928,-0.9947570832511088,-0.6738959776996551,-1.9582186680202127,-1.5347841663111934
ACH-000874,1.0049705685229715,-0.8957816408292145,0.5723932019566386,-1.2477997949290618,-0.7504565057645075,-0.9562497942689412,0.08249949457291567,0.7889525912963784,0.8587261822142487,-0.47700675466177134,-0.965409315022871,-0.6385736118841943,-1.3424108693208958,-1.2215215379792062
ACH-000876,0.3991367954176299,0.23816888904899824,-0.3592925913753036,0.4735544408376343,0.06706302935183378,0.06123723135346654,-0.6015552703905227,-0.5898703187320451,-0.44737186740922386,0.09540219656130527,0.6145367810096835,-0.10075971922478322,-0.5676652374354946,-0.3982626137659463
ACH-000878,-0.24586193543541424,-0.027383004373148237,-0.293719249754518,0.40239974400340356,0.03687668763772223,0.44071654286051887,0.4961847969999591,0.4863336497564413,0.1328547408101935,0.03470548597705278,1.1293795540561522,0.5225968654506182,0.5291888601724964,0.5388340479268736
ACH-000879,-0.10658453254829524,-0.30810332680225927,-0.23465677193546397,1.0745651190425838,0.8476813672469536,1.3086295988842054,0.2958063485016224,1.1107627397453785,1.2474531034910359,1.1918069731428123,0.6546280214815883,1.0109567461595317,0.07034657374096295,1.1403621630597287
ACH-000880,-0.9556884591450935,-0.6133188814039344,-0.4050504666910928,0.773132554735446,0.29870374816786915,0.35684336261760585,-0.009407277820104698,0.9619783638464326,0.645384478402248,0.421021390115897,-0.09461056741466946,0.3895785512886485,0.2434312491100035,0.8473773807762327
ACH-000881,0.7457014128676955,0.09687983666089198,0.579253937795039,0.7746791442476957,0.10529686227746866,-0.03898936457396063,0.5705249819566269,0.8714212910868068,1.3272706563530612,0.20556369503592448,0.4050320610085997,1.0061620903041657,0.8249960378986748,-0.26094906931138717
ACH-000882,0.3445355756572891,0.40010154351145333,0.14361255700041933,1.3062312082901721,0.5591754534148382,0.4905608136260602,-0.018090376213109938,0.6062700254631883,0.7820419397158231,0.10644117940180263,0.43621281683015567,1.0479409638764012,0.2790837932828554,0.26924840883703005
ACH-000884,0.8688407188109724,1.138516291225572,0.32132317620231765,0.3917213492381009,0.4851783508016653,0.5478273690937391,0.49342244629704585,0.35725254153302793,0.6703196054753546,0.5408866900163081,0.5117164962132397,0.38968583111893845,0.0570598542689546,-0.22683199303441143
ACH-000885,0.3024778770528268,0.34762369905277835,0.3234048924063398,0.5987033174289821,0.46436588565038134,0.9599986528203658,-0.6149058522935513,-0.46503514558097253,0.5126442487493382,0.4192770030300512,0.6914186129234667,0.47062692554311447,0.36324448179994195,0.3512730987265781
ACH-000886,-0.1589233722661618,0.3536810075346695,-0.17967758904881198,0.3637208544669324,-0.4004765589138328,0.12680865776651562,0.21874072619899515,0.15446297589330624,0.05908635831908199,0.22494540418610856,0.556750794578813,0.6256903132622511,0.32229749512115047,0.3492840197591628
ACH-000887,-0.7801781334309563,-0.7279240747076396,-0.5308941115990073,-0.4061043845296814,-0.6288915807405191,-0.15348841515951694,0.2675762650876949,0.01717308335648761,0.10692288761634051,-0.6512253266481285,-0.0060580868757487,-0.42953013715472743,-0.7749085673127293,-0.565703113054879
ACH-000888,0.05893729310171246,-0.14866121429330922,0.03154934755968916,0.4857439674302632,0.2069977684447883,0.2920478614204588,-1.0356864482573238,0.08001359931598342,-0.07641896890744557,0.34745619450168796,0.7463625369390067,0.06086086182016677,-0.3183730542464666,0.17091691345469084
ACH-000889,1.152063134930897,-0.16098622006293997,0.6166982247935227,0.8076110913068596,0.4073758284003176,0.41683803491090615,0.7001114657913718,1.5360564546932414,1.5530990641290303,0.7039385526318495,-0.751299019632172,0.5149682541437957,0.5729540269926572,0.14301866397095853
ACH-000890,0.2555914416871419,0.7419067400063148,0.43306908457208654,0.23324948598497722,-0.35662611165077013,-0.3315444878070601,0.3191266693861968,0.8138554020682429,0.8280202533140136,0.32337427415486447,-0.1922716267304654,0.9663550536302621,-0.1397760170069985,0.8813450161950845
ACH-000894,0.7017105286879242,-0.010593727641259876,0.5047500832109788,-0.6473933859834248,-0.8627349899096567,-0.5378988338104165,0.4256910978254012,-0.49130038678996,0.09847179692064678,-0.2236547378831812,0.3884155514545463,-0.38335981119632767,-0.37075288048470706,-0.0656155846443685
ACH-000896,-0.00811958892092245,-0.552208674953132,0.034520680828723255,0.2939711542253634,-0.15869537886531107,-0.4006267388500875,-0.022295294515953717,-0.3235906555365622,0.2151330664578675,0.049325236344254265,-0.3157152958702974,-0.12545090558580752,0.022040288528959832,0.442227585338583
ACH-000898,-1.559667333982424,-0.23570924174033098,-0.6839018625646235,0.05249773601784041,0.0550318119454688,0.4719383587818827,-0.6589805483895115,-0.04034555548327576,-0.538080958330398,0.09737488598999373,-0.008127815872169708,-0.6760819513821301,-0.3390931339511555,0.1525444294495612
ACH-000899,0.20588749019811584,-0.09544606475071694,0.48116665774785095,0.4195322219073179,0.1705356022688192,0.49609129613271286,0.4519761061758038,0.44625033031673833,1.097449546143084,0.19079153774464114,0.7194535777967171,1.132498669112885,0.6613357487428028,-0.44765073128605426
ACH-000900,-1.0424305751409362,-0.3605647796710286,-0.19919640982998413,-0.39331940873118365,-0.830547647512712,-0.1816279879159907,0.12092485457395431,0.8800820354943251,0.8224324653014299,-0.3479075056662019,-0.8085051106754912,0.3161599506400736,-1.6516946817928377,0.006180956790915043
ACH-000901,-0.22354806382625508,0.32387622634089264,-0.2756623473696309,-0.05484728973536332,-1.0043784056448057,-0.2945088406574613,0.26594028401285275,0.9035171100828638,1.0887955458132066,0.13276227355064885,-0.2592557495321763,0.4881119462227831,0.7784164988330511,0.2261991896923403
ACH-000903,0.8015598166913251,0.5243466249577406,0.6263557854093648,1.2672654542145945,0.22934936793233393,0.10419529460749136,-0.3495712943124185,0.11523422636120889,1.0536772207302838,0.3648867429395462,0.882548702191683,0.7237094115969042,0.5114197126723113,0.1384275878978314
ACH-000905,0.19542033906758594,-0.4817632551467753,-0.07318707703594118,0.2614808995953794,-0.3131389452842118,-1.132206482145215,0.6576283801248365,0.6975382491880721,0.46738625254872407,-0.21397429053895808,-0.036955420529873245,0.708773535428975,0.2047753162059374,-0.08243718427358893
ACH-000906,-0.5272589027064797,0.1699688694543003,-0.35619653298605525,-0.05276542811523434,-0.12507486204868043,-0.26868267530929907,-0.2775883473245788,-0.273872119852384,0.16304944711885266,-0.6985509060005671,-0.05822922408529366,-0.3673541945543586,-0.5101650842162492,-0.2285154891576843
ACH-000907,-0.8268685509661152,-1.1497390631371374,-1.2313681358228203,-1.0129860755306228,-0.7276779369192373,-0.8761572528516066,-1.8573753091350451,-1.628664180506239,-1.0674085581136217,-0.42278359263628523,-0.24081186386919853,-0.35079372399673325,0.14120795497525768,-0.5630748331477583
ACH-000910,0.769512609281879,0.23515270723620513,0.115204804608733,0.5636052730815493,-0.42855985455520285,-0.25076196018121005,0.22955353829220437,0.6236422717229089,0.7666996036118439,0.41175435878472005,0.6805827353675714,0.8208226093936646,-0.031422854208330304,0.043477958622390844
ACH-000911,-0.21335525691843893,-0.16164539401139186,-0.44382722107791406,-0.3003713914898606,-0.5149779631201593,-0.5877905244751148,0.03095823853409209,-0.2716634876808933,0.08556831336566888,-1.0000778895873148,-0.454640325928112,-0.7570589442805914,-0.2674868840397405,-1.125899844672376
ACH-000912,-0.37126309002213365,-0.774464356250767,-0.5878025263290507,0.015495467174899753,-0.7814559343149837,-0.09339234308607129,0.34304398929670327,1.3255687464404333,1.4340614224800874,0.6068094679565363,-0.06494522430256972,1.1238194487059212,0.2897822863324268,0.6679182932087838
ACH-000913,-0.5003063403681886,-0.020493612987693727,-0.7527328794249208,0.34712600300798513,-0.14429411575891837,-0.03771238725107676,0.23239631755498943,0.4670756141206717,0.43135503683637,0.3292228496214027,0.3066646878817152,0.6508255848212,0.33745500947881213,0.5701960998558573
ACH-000914,0.392335698764832,-0.05846935788029363,0.18279636625421375,0.8510455104511544,-0.06731266118440621,-0.23241245131659677,0.9489056882423715,1.618859102088472,1.1373659395089084,0.9260078964864478,-1.3122514454378391,0.757119778402731,-0.10680778312967022,0.596635395705469
ACH-000915,0.24188617856826644,-0.2562100285476957,0.27097389299392327,0.8292087739801121,0.3859805942923347,0.1969282905242165,-0.21975311861446695,0.2643383584516316,0.42604766495376145,0.22096625473678752,0.645744823733722,0.9747821671167733,0.243454210420794,0.3219617493786622
ACH-000916,-0.511211280932462,-0.5322732452224233,-0.1831470758855156,-0.4494940432646505,0.45298217673394087,0.6299717796831826,-1.0744497057318567,-0.1223833059658209,-0.5128999945468022,0.4003413247856399,0.9490171175673987,0.3919485658556566,-0.3920561298488951,-0.08844601316941356
ACH-000917,0.04589286886017721,-0.00994082604877533,0.31006027180879325,0.02388662107666266,-0.6095145198875854,-0.1415163746967597,0.5648205152728154,0.506758555659641,0.3524662903326466,-0.19416629793012163,-0.3801784331844281,0.42730401594899564,0.08579989769434193,-0.10791461310243633
ACH-000919,0.07453026307297031,0.552493190194326,0.3585037608924052,0.3914221936360398,0.7727232572538827,0.8422999566599092,-0.18127362486324908,0.4028744163552978,0.1717107260686606,0.25621419159742187,0.8890628759755668,-0.04302243308666753,-0.3795490177834355,0.37146002123817445
ACH-000920,-0.6480321119500476,-0.07341008057607323,-0.8351160834102739,-0.21297965185903073,0.2918366807375721,0.5989533521755341,-0.9270610818078853,0.5966958188119238,-0.18419695498489586,1.2644738039824295,-1.2344499927112764,-0.12053359539342987,0.6119188945715773,0.551785086772093
ACH-000921,0.16684697868430934,0.23888935611290366,-0.07459414146432246,0.29765302502463326,-0.42042084292467596,-0.002058294142253808,0.21252380515482,0.6209323945189872,0.9477237780728187,0.11340079841909634,0.009453210430718784,0.6655519363717336,0.5837188581088697,0.5084702161579553
ACH-000922,0.42874902515697666,-0.3306146517227896,-0.07855188923383638,0.2224096142296686,0.03991434546867645,0.007364432162184395,-0.39569845375736873,0.46054857921108316,0.7155886740356663,0.45538591061986067,-0.4266608383455676,-0.4165433596415679,0.05610378845555139,-0.2857755542742432
ACH-000924,0.8767340970118184,0.9458885173892365,0.5271688228527207,0.5993814041238316,-0.3429997440611116,0.05172641901977484,0.010968525866188655,0.6316943576666691,0.7452267581466417,-0.5596182589086831,0.2208181523792511,0.6650382622571595,-0.42840246657022213,-0.5276045517569689
ACH-000926,0.3951113380976889,1.2593844383466402,0.290008589846412,0.841290638240631,0.36836224168151965,0.2913022321101132,0.013378136396756952,-0.15952930780609634,0.08164471547076833,-0.6482352966322199,0.12356568077738378,-0.6405920603860729,-0.4005228199513835,-0.36282393071962055
ACH-000928,0.5763338694069743,1.0369331535230373,0.9965226658232447,1.3248441836403544,0.7117053651501815,0.5902452932578671,-0.5491208691120213,-0.27052040133886956,0.09494815590504267,0.7561108082217691,0.7212965134386449,0.2462452781941467,0.5899358487423408,1.1904642678778619
ACH-000929,-0.23389900581985135,-1.388001854413604,-0.015290391012205196,-0.43797209585783003,-0.29509945597525344,0.1768550552986184,-0.527090887316689,0.0300669024541364,-0.17189830616854385,-0.011525583096297365,0.22217662206056749,0.23182532932384153,-0.547616722303385,0.14338403802033048
ACH-000932,0.44343591605562166,0.7421518011020595,0.27965736200270974,1.253226601147296,0.40344326518589724,0.6177924855222305,0.3398808600087971,0.9112921245620395,0.8890549718196554,0.6380063606226595,0.24957896905310992,0.7160010278521032,-0.2832500537128588,0.28883432893484967
ACH-000934,0.529433592435382,0.12936266139688674,0.28412142112690175,0.6445299301008358,-0.10025557665866044,0.39126550782320385,0.21220619128393908,0.8102611527622654,0.8930500301556412,0.4975028536122432,0.7465772312841763,0.6140884920126628,0.721169059127206,0.45271055928495807
ACH-000935,0.33043435550828665,-0.0705075158007992,0.5222400873085137,0.42765937109900676,-0.5520091637465472,-0.4193281854687457,-0.3073334804297562,-0.0037073519167380997,0.39533279807464883,0.0911784492222232,0.11269322861772986,0.016469866089346887,0.2670733957650457,0.5508439570710805
ACH-000936,-1.3079225102051133,-1.4295202845753154,-1.0907516886157058,0.45907930768010596,0.5889548641829498,0.6674652416052985,-0.7156608986853578,-0.13650790681979377,-0.4623453015959895,0.38406599063428226,0.15968687118682534,-0.1641294616239959,-0.03934530910729794,0.6789539321820592
ACH-000937,-0.7653222262023971,0.2153957818400239,-0.8317545532958173,0.4868005112987516,0.09410709697542495,0.409797462311868,-1.6465651533845236,0.21989755455335042,-0.9425382025150406,1.2118057057201468,-1.0427797206585623,0.1642653928728709,0.16672810713488895,0.3990550419775233
ACH-000938,-1.2892808245360237,-0.8703166751787426,-1.1863423739619743,0.0556043906652116,0.8845189228635987,0.7811915225995267,-0.6815066780446141,0.7751236935387134,-0.4894931766898606,1.2581861275449375,-0.8745756399805193,-0.009626337143240182,-0.18939578279676403,0.43409364347538903
ACH-000939,-0.007143698132548867,0.0009914742314689196,0.13169555230089028,0.9191513862005596,0.06818779383403155,0.37485052263763796,0.39126698140814176,1.4120682902851427,1.5393856484270017,0.24078279279185874,0.307128015888841,1.137626449908562,0.6604309719094715,0.8389887164032923
ACH-000941,-0.6157971178812367,-0.46103154041342564,-0.6673588493095531,-0.1357571468215527,-0.07546754226802455,0.4307794146205911,-0.8903899161574771,0.21892375040874393,-0.05687580077018939,0.18727776881540664,0.311237933229468,-0.2061206929503981,-1.8216555192962924,0.44245180496620945
ACH-000943,0.40993090357184536,0.26981941100933793,0.5603964406001556,-1.0009673127939964,-0.516103267759462,-0.2532161246775829,0.5963932754761785,0.8205343939609109,0.5815181372947613,-0.04379913780573866,-0.7506698429209806,0.5931704555975545,-0.5878558788094755,-0.9189555097239619
ACH-000944,0.7787177719736849,-0.034586862161830184,0.4590282393610109,0.5346162944071962,-0.04944456958350657,0.056866648998354585,0.39245116048464096,0.9642738025238844,0.7918418769744833,0.5777829031499211,-0.7938814274721407,0.6160050448660448,0.22456421521763595,0.0160122961336311
ACH-000945,-0.04381807688279667,1.0345943397624677,-0.3689514259887632,0.12846229829318662,0.07960200793477916,0.41466434089176896,-0.08843151659483331,0.06660016022629213,-0.40785509222756117,0.21704868063928873,-0.12345004855988795,-0.17078629472459453,0.4576225016933841,-0.9100851527504503
ACH-000946,-0.8440075908370829,-0.48913291705316564,-0.5407272680774869,-0.22727119138963064,-0.3739883796501452,-0.16533876730369845,-0.29296260977222555,0.7400176979615731,0.7226330996272051,-0.13138524448537497,0.317368232910966,0.4030206293628842,-0.4943939325665371,-0.05991831041720286
ACH-000947,1.2370335206755245,1.2375621298477661,1.1768006737417327,2.08452648209002,1.5107023083514228,1.7047497751829204,0.8650467078629189,0.9816305752119955,1.760841925998094,1.2105688551223805,1.1593340386417437,0.8827398212450963,0.8157082857612321,0.7349711434741409
ACH-000948,-0.5100159558296548,0.5374223934147199,0.15854636315923681,1.2863310651015818,1.5156972188207032,1.728882234583521,0.33271681064000325,0.13665243025005885,0.2535221689425805,0.7424646942587823,1.1210008984320885,-0.0019825777755554247,-0.3495787304355702,0.2358776088803568
ACH-000950,-0.04288315752420218,0.32957142331566985,0.31478266968895574,0.8892398058619474,0.7283569825836563,0.7885312728465209,-0.020874693654907378,0.7413524625672451,0.6733370158079619,0.03867530976264398,0.17388834505088877,0.1201999116468539,-0.5941073463090721,0.32366433705239855
ACH-000953,0.8606636312827028,0.1659659658424359,0.38500298918291037,0.8367500666644958,0.09803097223612106,0.23477923554820407,0.7704792189927414,1.717984571080382,1.2921115454571734,1.1069958637924517,-0.8532332205716809,0.8342410997069942,-0.08092987977876054,0.36733690401151925
ACH-000956,0.49139128394333886,0.5541725123823367,1.095456207426415,1.9185407235986103,1.639071832655613,1.6937442643892036,0.649876567481543,1.313786813666509,0.6879627278125908,1.5881609770539475,0.9530827665890912,0.7666848894639693,0.8336805333240762,0.956091482008934
ACH-000957,-0.26767288402066597,0.2485564830010568,0.07876586080203142,1.2067366104938702,1.198338237109036,1.1679884640237554,0.3639531472766322,0.864440771844506,0.5784332426613046,0.28607267402129544,0.8084541372148715,0.32094861198905617,-0.41606262088516566,0.1548422714128901
ACH-000958,-1.537540954768518,-0.5274059051562746,-1.3172278621504447,0.09474337616711197,-0.02819415406796466,0.7212282355943204,0.219830079130718,1.3028087073072088,0.7244662208470425,0.3371056336117,0.29312189643700304,0.3825969617272856,0.16248887650756563,-0.25472247953982596
ACH-000959,0.30447592271603113,0.7227186950289232,0.8390971711499488,1.5201945289964272,1.3281508064816259,1.3476871038010456,0.8074594959933157,1.1635294148533422,1.178219913649686,0.014371201243025863,0.7749630702803795,0.8088157020293141,-0.17753155279852484,0.18342639478940687
ACH-000960,0.9064157918722059,0.3210462716394467,0.5254292104445859,0.6847677502298308,0.46200734897230833,0.32569892887515334,0.7065888290330242,1.4196027688345318,1.5022782819856169,0.9050281051115552,-0.49001774776640106,0.7050951615729182,0.1305721269115591,0.4479473132544702
ACH-000961,-0.2296979274233402,-0.12933377455959655,0.04798275189256951,0.2708008189249862,0.6215309126230152,0.7053030262235698,-0.3221962380667706,0.5348376984327222,0.6023055882144692,1.3175925413117089,0.7409245479587024,0.5692317278686043,-0.38570641881635104,0.48158075139976664
ACH-000962,0.16480950836048563,-0.019506239476779125,-0.10703696400514087,0.48936652643015954,0.4203852466569103,0.82660555070035,-0.32111246747473654,0.0999872229105205,0.2430767685521208,0.8442993994817769,0.5477197034769709,0.32787972455225445,-0.5731915081025059,0.09937580987451144
ACH-000963,-0.2530093218165038,-0.04870757783952026,0.2437502844773162,0.6258179597600833,0.789773284323275,0.6972222939504081,0.09034459037445125,1.0848695186177655,0.7605432337910917,0.013289061061335442,0.406577787250443,0.1514619063998831,-0.05599449937688184,-0.6534973238677139
ACH-000965,-0.0781397013781876,0.03642282320321222,-0.15115751113636544,0.05700938141812771,0.12063344186988942,0.3402863074617615,-0.5981897249815282,0.2649138367544499,0.1888241869639471,-0.3298967444383143,0.42601490004613707,0.5162705286970938,-0.3223771926125435,-0.2158081909489915
ACH-000966,-0.3781489464892451,-0.21566713039663168,-0.18679616268444876,0.45305416939601306,-0.405509805268374,0.009098110861608256,-0.33526302566930377,0.5161256804059837,0.526207216003723,0.033479923968206274,0.052177483954460535,0.3245287324997237,-0.49015270235093694,0.22798462746453851
ACH-000968,-0.28709814490243046,-0.17225402440449844,0.47989690260824586,0.1851822151059171,-0.04428867847558082,-0.2153435197420766,-0.35451177241916937,0.2842431114195644,0.4470153353946077,0.6329744306232399,0.4544249764278012,0.39334043075243424,0.47483213555493875,0.18363796357956214
ACH-000969,0.2264358930411906,1.4399948510098546,0.7788739032036431,-0.5650414741348714,0.46448625452324843,0.487401087367418,0.4506561441539957,0.01290772421438223,0.21653289911530818,-0.09633876284137005,-0.03292845814906914,0.025505126104265308,-0.500585039794075,-0.375071882121202
ACH-000970,-0.461917297262862,0.03595608775033868,-0.48663643335806683,0.7790166306289826,-0.4173311809071818,0.48173306471865923,-0.2335539786826505,0.6402231374161985,0.39695441149038346,0.16827471641088057,-0.23618985104488133,0.6576211319085927,-0.11122218415387286,0.4930719415822653
ACH-000971,-0.2966433311047424,-0.002087846211353885,-0.19588277989382638,0.5236203350110367,0.21037953058782177,0.660935226467834,1.6016780195216138,1.92170681574538,1.4981545066144406,0.667808850615432,0.7637019339300517,0.7370521385945138,0.14677784664399238,0.5516549305691888
ACH-000972,-0.5606027877575914,-1.1594320801356028,-0.7216924516808069,-0.8010588311141701,-0.4119498356299496,0.04780803900745364,-0.09879543254971251,0.4119550088875902,0.8208128688380336,-0.325846589778393,-0.3881410475364061,-0.31905609683385344,-1.2897199015200949,-0.46679467287300025
ACH-000973,0.6990184660340172,0.7494115805034367,0.06946397225781215,1.5809913318007316,0.41776354599094734,0.36488321886203146,0.5503361036162495,1.4199954443228555,1.4396229739314466,0.7094930340788687,0.0023831244339392876,1.0014790702876324,0.15542434377952039,0.9635080098413278
ACH-000974,-0.3163188472602554,-0.5410623928943832,-0.30496018817453663,-1.2978485646606837,-0.4462913152728384,-0.03623273642752964,-0.31817450757779636,-0.46487954173737395,0.10329303315504619,-0.08664014437755044,-0.24520621031398865,-0.13427868998596618,-0.44234492471871556,0.4768695272608643
ACH-000975,-0.37002379249805084,-0.8546123827912104,-0.20739964446307516,-0.28826447041761083,-0.735307761447796,0.03769794839414137,-0.7782763135647175,0.20060868305183424,-0.16182574595298144,0.17303451523630192,-0.2018827100557728,0.05226279121153832,-0.7174607243421323,0.30846262120158296
ACH-000976,1.0610508041955968,0.07385539575074829,1.055412258869478,-1.327739217690508,-1.3967123399816352,-1.1519593882613497,0.6222694196557779,-0.818806070599262,0.12478728766078462,-1.023397570125094,-0.3528513489618849,-0.850051446843706,-0.6264011182568894,-1.084062105737644
ACH-000977,0.48024764398127623,0.24743666646374082,0.8112578693984603,0.9514678932865102,1.6325774570577454,1.2787603877010563,-0.13842051138416156,0.17546432616748794,0.5836118721652933,1.240588687290099,0.9360705268902274,0.4426034599503953,0.11978572083190557,0.38619872416817963
ACH-000978,-0.05033919949878002,-0.07820170049342984,-0.25168610962181015,0.5157943197006402,0.019577233513126905,0.599408423177091,-0.22509740628424374,1.0359824727650215,1.0883705146533393,0.9417946054527989,-0.08084883327575872,0.75054794853932,-0.21002491535235412,0.17551651222228243
ACH-000979,-1.7151949859662392,-1.466354781097882,-0.8459526787909537,-2.1014940047117525,-2.016512361775402,-1.4473541141995043,-1.5168283469134478,-2.119071856764794,-1.7822329034327737,-1.5747026036983318,-0.5681938779814233,-2.496564219913536,-1.9473858917382993,-1.4428387491437238
ACH-000980,1.5453686186474085,0.4650075670050817,0.9856656819761628,0.9997051217892241,0.9430256365713368,0.5578584277504679,0.3523788812157655,1.1993891984376321,1.2825218734426715,1.753704139938637,0.9981823350317471,2.0718905275760644,1.4738993717647564,1.615054174194018
ACH-000981,0.6325792964445257,0.5255483310424438,0.5639285115986713,0.9128051288263803,0.1525113908145676,0.35946689974359103,-0.1308368717696775,0.7117125216965071,0.2627760826489215,0.7356941212404813,-0.8347109815647418,0.23267946603823564,0.5240055603475197,0.2718349503091966
ACH-000983,0.7887586736415892,0.5522378603629088,0.36497493198676356,0.6810619906743662,0.8863097960864633,1.4238120219356307,-0.052369095412127226,0.4168391484096451,0.6910723340109337,0.37419346462361847,0.596580910213802,0.1081232496450269,0.3246431829592778,-0.08237573202570972
ACH-000984,0.19187067189432405,0.27181163249490026,-0.2380050261796425,0.7272000788845919,0.5207311393085406,0.6670650499322645,0.8844632628654052,1.8362247550012623,1.7463940150417616,1.041267439831345,0.29582593821744885,1.6051516114329083,0.6875624473231514,0.9238885047298774
ACH-000985,-0.31759466902160566,0.5142946564570051,-0.0731748962170127,0.7078500466537418,0.5692651389138302,1.0547621135333731,-0.01827612883074535,0.6016304865223155,-0.006936757292267228,0.3177209502393765,0.7153833479894507,0.046837386058864255,-0.09840861493147554,0.14513112248291232
ACH-000986,0.6068042795271786,1.0769316807060598,1.0518380079714484,0.8419986677872606,0.14481453209639344,-0.12654278842125305,0.588449244550104,0.3407760968787615,0.5478946811788805,-0.8983993234376739,0.34220299471837645,-0.09768785033109417,-0.6631091095630184,-0.43331328011205344
ACH-000988,0.19044354828441695,0.05329513585668447,-0.09245344302731087,0.9311957802166881,-0.15014663240156323,0.2223437037172851,-0.10811436772768648,0.2126343278392794,0.9585243658144948,0.43132562795961915,0.45500413063415096,0.6294347740850972,0.0933946323797584,0.38319461764943186
ACH-000991,-0.37746026753280226,0.05277864293068558,-0.1040210588564133,-0.15595559022986075,1.3134138166312623,1.1340946950175401,0.35439232911434987,0.7539180601180576,0.5121103318867589,0.2090482638707009,0.7825280556846984,0.21085180524606467,0.5219943516360191,0.7873264308090735
ACH-000993,-2.3081912880475186,-1.963970233282152,-2.126631692525834,-1.0862509149806208,-1.3090819435767633,-1.4402587397965227,-2.1278491927455017,-0.9615421054101885,-1.5313813958483438,-0.7940925037943456,-0.7432354327894448,-0.542208381291744,-1.3147911076771257,-0.7376059114192942
ACH-000994,0.32389259313452573,-0.017518413907604252,0.0016543346351527155,0.4422600132796069,0.32732052021340496,0.8143170636197296,0.10291927212107846,1.0856696202318408,1.2375076997035823,1.0280718380459954,0.4429382791796581,0.8235300992367779,0.12570417315430213,0.5952525871388923
ACH-000995,-0.2926799763903548,0.10890890687709659,-1.0767521835429028,0.345382706691026,0.6312916311790618,1.1583426550743432,-0.4223915750852094,0.7714674365806711,0.31186592159799037,1.5886357149676136,-0.9287982695419129,-0.13526029108905066,0.45681252869579464,0.48207188154799424
ACH-000996,-0.7967846313345075,-1.2308263533011123,-0.6597598693688579,-0.5300022384116101,-0.26604623479053713,-0.08369017935472398,-0.6875025554434528,0.32529185974336805,-0.32677036501369583,0.22704585192113014,-0.6215531738657418,0.2735402079476814,-1.4243901130495995,-0.18153868371813542
ACH-000997,0.11498905939878552,0.7440542858677428,0.018254146876824626,1.4537639289700934,0.8619532695653265,1.0035424650915288,1.4075379769021172,1.1597279078526688,1.3480001090460545,0.7743907529327031,0.5558518871197095,1.1184284159046913,0.3879308963179942,1.0846190900212012
ACH-001001,1.0437323723592382,1.2759505728285845,1.001600959089648,-0.032015999061673156,-0.6373331230039007,0.366552121057253,1.926050654697128,0.6148687960435698,0.3985481799737681,-0.15244851195252274,-0.45655967342721077,-0.11725205974876643,-0.08716933353302822,0.04558399296233939
ACH-001016,0.23520748562468308,0.8442362499936934,0.20841126810234806,-0.1713221351637981,0.23728738099493712,-0.3402335136509746,1.0539926719794197,0.45736765605740043,0.5073464428828569,-0.10415137438945798,0.0038690720135075574,0.3564093374234709,0.8718232559030382,0.09673642133908082
ACH-001020,1.500744039007389,1.3799102508372745,1.4047574129710896,0.5039995495572966,0.6704057785961239,0.2562814387981495,1.954995503796176,0.94085511401184,1.3919409066014166,0.3447664031699113,0.5777966660766999,-0.0736531688122396,-0.30146323135359676,0.09556053975027179
ACH-001021,-0.9476164023230289,-1.562931256497333,-0.40219138732478865,-2.082250207870634,-0.23884886983044556,-0.43992592808480585,-0.24416236482766715,-0.9875129326296564,0.2093682202669664,-0.5300621178425197,0.12084068304218798,-1.8555400863604896,-0.4162142306505535,-1.0469577808125063
ACH-001028,1.0288113225272406,1.6440131517847438,1.3532787973412643,-1.144061281882529,0.23776728211710482,-0.4103153808281851,0.31578145369629346,-1.6104365574145192,-1.0171128429191871,-1.383479699469806,-0.8216811416024936,-1.8967952064025821,-0.8567466884887154,-0.9631167678799917
ACH-001029,0.7881857844402587,-0.4860030471734237,0.5754393397575505,0.2178527102408652,0.8118581706887189,0.783377968510127,0.1528791771633654,0.7402684557929825,0.5743548618354972,0.9268912758871071,0.0710900095049791,0.36890893585975476,0.9827649569182626,1.3561918578855177
ACH-001031,0.9477151134056734,0.7893535893752888,1.4674231658752348,0.43303069860240356,0.44024326265709635,0.5753458742790067,0.9120194734027045,0.10251978534072209,0.632350101642622,0.6285756849952476,0.054369800542337365,-0.2580096750529239,0.7458353001849327,0.7765585261130441
ACH-001033,1.643975927205219,1.6268554096895573,1.1709855293400455,1.0401160322230365,1.3124239400755602,1.092236838665901,1.0470695034545356,0.43249549308448443,1.0332195600037433,0.4638430588775707,0.6535532676944219,0.2595578481906556,1.4200709032227548,0.8016665511680741
ACH-001036,0.48772228710536186,0.9736788843919306,0.4056131586473293,-0.17718365340291908,0.4660459540051739,-0.185983268767145,0.5850014381106006,0.2592849002196608,-0.026102747246695923,-0.7413783280897707,-0.4976898286915305,-0.4057022827091912,0.28234842897607404,-0.2364640349539185
ACH-001038,1.0174481366188568,1.410221041922355,1.216293842255927,0.6417709711060857,1.0560716808183321,0.5335424731424853,1.0774508073342177,0.5383678661934409,0.5481817529082211,0.8103792187033829,0.8474485184255685,0.6035833715816559,0.6082076872290221,-0.08291084753063127
ACH-001041,0.34142284180222215,-0.30398889949071844,0.13396194742688747,-0.573725007027027,0.4818656434094648,0.18586320047096996,0.6673931839051096,0.652887829170511,0.17984203494632012,0.49940185041992136,0.430749002060705,0.7051568754793578,1.2369849111489746,0.03934812676524578
ACH-001048,0.4811327587259721,0.0676737862675419,0.3678021265305337,0.5584933950746388,-0.020127690825238884,-0.10830789802738582,0.6798021947027353,-0.4266113162634878,0.015037189939567496,0.21335987250927615,0.2584173252360542,0.18541654981830907,0.21918502029296566,0.5203079524537616
ACH-001050,0.01637351293038458,0.0891847455912967,0.5142069788311026,-0.5011806162300683,-0.12071412975922541,-0.19021535913050244,0.7928839268676948,0.08562214423788111,-0.058916871752381084,-0.471460951784003,-0.5933078069791825,-0.3845027021404868,0.4965948265356308,0.16973611445674647
ACH-001053,-1.0032785880632016,-0.23497042719686304,-0.9161531660681113,-0.6101943300135723,0.32193674283381757,-0.33536410395635535,-1.0460235388502621,-0.1026208114488133,-0.179964421228846,0.0506289934954826,-0.7055588877933716,-0.6039558734438067,-0.8110032899816924,-0.2768899534845751
ACH-001054,0.6678558967149931,0.6546034923773167,0.8289247852321655,-0.12824828087311063,0.0050998977398475365,0.08800724898868986,0.2824522339469344,-0.39537696110175347,0.11453704777227428,0.009331522894473643,-0.26070934418116354,-0.5136541931630647,0.44042625914110556,0.014841981350741218
ACH-001061,0.6191794361983968,0.7828459669438889,0.4122864114194193,0.6471222848441034,0.8758163303901664,0.7993050551383515,1.1129315002485625,0.20493484673575374,0.23881796912397615,-0.07605075976119177,1.0161233747774436,0.17124579976198517,0.19945883926724126,0.4069649731876488
ACH-001067,0.8298896973797629,1.2359745603620784,0.7695630936391037,0.6582598838635753,0.3256505574036935,0.4116319867253841,1.1372039819846003,0.6474378857589501,1.215030035001885,0.12402350248667979,0.03438376717214309,0.15326662452737033,1.421875536533216,0.2601882583536394
ACH-001075,-1.6870281500530901,-1.4791692185058343,-1.4553044871173793,-0.7659399556911932,-0.4278535025787844,-0.6814809584654375,-1.3731201400976158,-0.4794248512123698,-0.8151061585270291,-0.1433188001609652,-0.7914619800977674,-1.3429972682140585,-1.3787725113458142,-0.22017242007027155
ACH-001096,0.9517439565454752,0.4724554261409669,0.8818193261142435,-0.042334753380044,-0.3051571444206791,0.01810795989315278,1.1768797940615328,0.6495608992931551,0.09209771061000244,-0.1947310046996918,0.07878514003967357,-0.18776903533479522,-0.4876325594000607,-0.1458498698649498
ACH-001098,-0.4513660354356599,0.5643721357406926,0.14891809394433647,-0.6438797089281364,0.8455675112365698,0.06069938561740323,-0.24023223435423635,-0.4752468566692276,-1.4771817202764839,-0.26867119803653783,0.5057932300078782,-0.20510657496624124,-0.2208025867356822,-0.2934908341138429
ACH-001099,0.29731868346493784,0.5014059557953799,-0.05387050920387983,1.2797220325953285,1.1772727985329514,1.0609606862130085,-0.5816093357653107,0.5508896744138665,0.8189623858976544,0.7782921820367071,0.2943911581989419,0.6522682163527842,-0.11840539537375278,0.38714283464817445
ACH-001111,1.5025759481094265,0.37875660909833725,1.0661382077193329,-0.932407452385169,-0.6212491821631041,-1.1384404794701795,0.7047811938522002,0.2723050588269227,0.5006392511052626,-0.5520585111932059,-0.4222080967990478,-0.6443451539900855,0.07255341899850315,-0.6442137048331924
ACH-001119,-0.757153562271774,0.4872583035034318,-0.927503367902713,-0.4126547780072308,0.14348161446613517,-0.1765051014597525,-0.14458468698152444,-0.7884462934080632,-1.0647924573977379,-0.10956152095426105,-1.2363660712000124,-0.8100963997044561,0.36146927292501674,-0.7578752014057927
ACH-001128,0.050250522948830506,-0.08462664607954404,-0.6566147976645922,0.6615379248114563,0.7349196166136087,0.5099846497416793,0.1823148235079202,0.6911220725505831,1.0602122295253205,0.6738943979922359,0.05366542427364951,0.8492414545958867,0.2976323115612771,1.230061730408699
ACH-001129,0.031222874268929085,0.6477326258348519,0.10419006143923348,0.18506137760030023,0.8407380990533448,0.1964194100268636,-0.5673718030789765,0.1583771928097981,0.12467657899133738,0.3840386554482775,0.21259361288207185,0.08883660771143705,-0.13511165127198405,-0.0531624913860233
ACH-001134,-0.22946806100654363,-0.24342798718906847,0.14601744835575542,-1.6465700229511209,-0.08202367967962254,-0.4707431839363601,-0.5010238470476662,-1.0234189501403026,-0.6310348903135977,-1.0618509121565216,-0.7454734154521316,-1.652476138744417,-0.309346639553873,-1.462185566735216
ACH-001145,0.6185094663380266,0.35856699544286746,0.5805477831470047,0.7521060835096383,0.4435110861080066,0.7592062591513522,1.1052657210954748,0.9058315958399535,1.4805046780193156,0.972800853785549,0.8223012640306211,0.7393302583488972,-0.13043212332561374,0.5275031700634085
ACH-001151,0.47958664943650287,1.4009974772373293,0.23787326111558307,0.08921378579901132,0.13864253024594264,0.46688201354140463,0.6509706522895722,-0.6286955566926586,-0.401557100840216,-0.5513430659096732,1.0532056052207708,-0.2788165188045354,-0.03996414202299077,-0.39397021785568087
ACH-001163,0.9562986191053948,0.5362019167212404,0.9793726412637284,0.05223875438970044,0.3548259334052657,0.5901338599244814,1.194897124432454,-0.055136459691873474,0.9821362980341758,0.3344218426945269,0.21142209040002952,-0.10626057083410509,0.9239560692249038,0.5395782839713935
ACH-001164,0.10675145440883203,-0.3478428118726053,0.13258346446756694,-0.7791969664086353,-0.5317672958604912,-1.1944196530727957,-0.7745612022226078,-1.1915423568665395,-0.6370408033993458,-0.6410925328885945,-0.7979897491157207,-1.3818051210296658,0.0998529235629814,-0.29609366131176046
ACH-001172,1.3788849526550746,1.573071506911292,1.4191304571267969,0.5643082501596466,0.5816232246278104,0.5312505693654381,0.8344070291998082,0.04349135857955394,-0.04014407474652343,0.5983170474713293,1.2383279207414235,0.43929318733474243,1.4403142158429494,0.4515137949534699
ACH-001183,0.07874586886675997,0.6663535571392836,0.7183467667437791,-0.08247762019921565,-0.22776445399880982,0.2587259718913541,0.26037652276547524,0.03701766189648975,-0.12416918146577927,-0.5055719091319685,0.4803612955230928,0.7260290633376868,-0.2279560819022798,-0.63596619563823
ACH-001184,0.12113916981387704,0.5394473767588246,0.45831285272981714,-0.00030521304534081306,0.2753504191257744,0.09729794915957762,1.0130464639477357,0.4627862623255989,-0.27305258908922114,-0.030885693686654725,-0.5938393245320717,-0.5249539034173991,-0.21611630454386932,0.5163275636166539
ACH-001188,-0.40256151980734534,0.25813537126206343,0.4321182117014648,0.2532407417713533,0.9007363078943815,0.47363804297333095,0.36615936196500704,-0.01916110592448661,-0.5590171267262313,0.44850088007036826,-0.7766886785027398,-0.15737895472473756,1.4332738078072023,0.44898567059973704
ACH-001190,0.3895286124999032,-0.44467750805060285,0.2979567911126216,-0.15561578907497484,-0.16808475211261964,0.057744181203593176,0.6217154904258776,0.6773346596105138,0.7673175324727171,0.241865320030396,0.15824344416512423,1.2562821803235682,0.8465460904491905,-0.5172894812915734
ACH-001192,0.517834413132037,0.5144645323426297,0.6026300696283404,0.7713151053920086,0.7492020404565983,0.2507663136751772,1.002572941118535,1.7165098703080173,0.6224038065614423,0.6208683670308489,-0.2637202834112689,1.0283382932457092,-0.30801877363380803,0.7356525047365662
ACH-001193,-0.10671071571657678,-0.3696720507455641,-0.6699880235330866,0.6224501020747809,0.737664614933029,0.8064918361494224,-0.40109207701847893,1.4484226154162374,0.3066384654610138,1.0074721161041114,-0.07605956092577004,1.3366869007090916,-0.006594414911389734,0.6904517482561432
ACH-001194,-0.06091747931591454,0.5490467509352341,0.2367575086050387,0.2967043843255886,-0.4339552545709447,-0.4329650717594606,0.15707052790967352,-0.030831251703118324,-0.21689838918355103,-0.18345191118754822,0.31508247359838637,0.7103044891190919,0.5037767691174702,-0.05762839822954445
ACH-001196,1.1481013475555526,0.8199085092306796,0.8069047498470129,0.1264172190820614,-0.22371160771029136,-0.2491252955624632,1.2114128602550482,0.3760067602611809,0.6182087905261311,0.17918809135230246,0.1821679123776741,-0.050551436601527236,0.8311848640643954,0.36321535856117737
ACH-001197,0.4565806841841802,1.1285186978035788,0.9777762492543302,0.9338958533416879,1.0831101935357288,0.7089246403329528,0.7320017211629596,0.3302410344226998,-0.3879539880289433,0.5676182035806886,-0.10525145691265808,0.06654636658315874,0.5793586840169604,-0.05240094935438899
ACH-001205,0.965908212755129,-0.16185549020870416,0.5518731749007285,-0.31662577129826447,-0.027468162485577763,0.11455587592019306,0.19253962757795212,-0.7370030842881647,-0.6501973317888887,-0.45036774057058737,0.21499787632052725,-0.8171956662828699,-0.2009793574690794,-0.43610360131877135
ACH-001211,-0.2842866757653558,-0.21773247672366441,-0.35103734022167354,0.6721305320078756,0.5132096498214422,0.5952332805352333,-0.12925346786532504,0.6036205381540871,1.104159898226507,0.845549128291944,-0.1411684325840482,0.1775550313230444,0.06561085692477292,0.8572395767329895
ACH-001227,0.9256880295934888,0.804100798450313,1.6379687156050353,0.00910480198635577,0.6194340890413337,0.17262609332909112,0.5714548608953046,0.08795486914425305,-0.2162362085606762,-0.007948498899685935,0.488526068636493,0.0938833407877405,0.33358791649878883,-0.2799810845540416
ACH-001228,1.309092772321711,0.9769254502211263,1.5072209349062249,-0.4515504475781102,0.45114185623459147,0.2607993581372114,0.623297183878166,-0.0944868603670985,-0.49815736756993545,-0.10045373805795085,0.39769649594570644,-0.033469360330233795,0.3911096253272825,0.1894890438310866
ACH-001229,0.36199066076677733,-0.7346864663417201,-0.297276147466383,-1.8153128748425151,-0.623890528593191,-0.7505680183300846,0.05623515899856013,-0.5971344377275288,-1.031068222754931,-0.907093957180866,-0.30312936315381406,-0.9482462454142199,-0.1798957026235233,-0.6429732692507142
ACH-001232,0.4263533973737392,-0.10427269167172021,0.1316017572566377,0.5898872777345611,0.36085308332186394,0.32736014390932094,-0.0959961646088324,-0.6369759012487377,-0.5483491569264738,0.6016821977804049,1.0626889103871986,0.5559886153240778,1.2523983050054475,0.2454294813243323
ACH-001239,0.46060500844312824,-0.34952247910700557,0.5334847757523542,0.14757740040594347,1.2250785699548195,0.8263843574835439,-0.3982561128614739,0.42070018409708554,-0.050097985275191104,0.5584251460685415,0.6118317801110925,0.2636880969276686,0.8585902889520385,0.9719145693428415
ACH-001270,1.5141110609364135,0.8520231158829551,1.0190375332331723,0.4541083362683246,-0.07269429300318378,0.2512405984409882,0.9276406299924443,0.058695706181392825,0.028948728657686364,0.2017735123944771,0.4260511238076613,0.37760705335954625,1.0890117226752838,0.5777099886697943
ACH-001274,0.67776573992265,0.6287310174627927,0.598058263174023,0.3175646238463041,0.7060611801254808,0.6979674671513095,0.6633404225105026,-0.5675142242996108,-0.31385642267343483,-0.03655943379550339,1.3450050964105857,-0.0864281760149338,0.9964432119386962,0.6440636436962353
ACH-001275,1.1820297803641493,1.2080488060436656,0.902562365489892,0.20008763824236858,1.0245772218846458,0.42905809030953523,0.5624343866669321,0.2825431781727323,0.22946828679646175,0.03671290124722734,0.19290158484363532,0.28011657855268096,0.9670751562023161,0.8771902844479763
ACH-001277,0.7897376305929877,1.402361459128304,0.8864576232696035,0.4344782798510973,0.8838209221562097,0.7992081809383959,1.16954604288816,0.7763525194888754,0.2670488846265441,0.47525840773259165,0.36415335713416697,0.47903081977513245,0.013735367661574585,0.5993963453969924
ACH-001278,0.10010017523897859,0.2652429886943404,0.5267670109156313,0.18511928608785588,0.7452722734849503,0.8600788444540878,-0.051417752970366715,0.39374738998932024,-0.15997137827987556,0.535559214837298,0.26197048701832987,-0.011782527991358153,0.40787630005897274,0.45810434919387333
ACH-001279,-0.22898171428824837,1.2024752404066348,0.3662822459928914,0.019929268519149182,0.522225435497109,0.89439177801671,0.5118243385855501,0.4771917520150206,0.18083410860551993,0.549111676341855,-0.24683628016857295,-0.11073384046630988,0.5278327846487316,0.5045809298815288
ACH-001280,1.7813336826347295,0.5983295320120239,1.0826384207478892,-0.15515866788841326,0.4549682453438268,0.2868731743098316,0.34320302052784113,-0.11145185390502099,0.32581546644356474,1.0969051337184084,-0.17622894472081663,0.11123794043207696,1.6175615476367704,0.38138014674072684
ACH-001283,1.4445331236111882,0.42971114411436573,1.033962750827719,-0.5331404742202885,-0.04454521267449574,-0.4998785309348172,1.1496409069750304,0.04666144032514574,0.2264716803545045,-0.5474955898363913,-0.08212710058100026,-0.31495474457881567,-0.3920960923500452,0.0425879381128057
ACH-001289,1.2668206224876484,1.1753924569379266,1.6626480171335847,0.39171102990001283,1.1398151735053397,0.8994488763369519,0.9835519081830497,-0.12037921354063974,0.5288873589271033,0.9610300249484631,1.1699866221583022,-0.05672415903121919,0.9803070779921459,0.765806410192881
ACH-001295,0.9465540382186695,0.6613750040386053,0.8338305510989892,0.8223716578829584,0.5580723805790747,0.19377043982048994,0.8447140286645849,0.7058233747486063,0.6164703484895709,0.39651980404090326,0.05020953043734666,0.18573870692914596,0.8878689345227799,0.8418136416739759
ACH-001300,0.7947617980381978,0.4731830637324235,1.1163172016977614,0.185024503357319,0.6891651447988164,0.16607625705215395,0.6220396940005302,0.18739155766707039,-0.00354316616991783,0.37750594490077033,-0.2946031984001773,-0.20561134365522052,0.7364052064268332,1.158499111275232
ACH-001301,1.173281083925412,0.2186838804646365,1.1157246184094594,-0.09286309665178111,0.748892266427685,0.1423155295407179,1.0358390698218183,0.2616332425487056,0.43619303770072904,0.36022643959656775,-0.42781257252463556,0.08361126154436693,0.9619738465806803,0.3745872923445514
ACH-001302,0.8081501426635717,0.49283350502140727,0.9782146336904249,-0.08839483603682796,0.5390642537470003,0.11672380531039475,0.8651821060461987,0.38020910792939544,0.24934429629194585,0.4982105356284544,-0.5383500237937289,-0.42137309674725354,0.9190376198188676,0.42945115269609335
ACH-001303,0.8675245823970117,0.7601263838152579,1.3629813422929735,-0.0875910937639123,0.05770381636678845,0.14643613447570408,0.495267125596884,-0.17031469013423337,0.03933664323953706,-0.008202106940608855,-0.7053645017812284,-0.996129900077037,1.1664229020841317,0.5048089250616717
ACH-001306,0.4194541989598508,0.14980971923839947,0.13833474680019567,0.3987969587315077,-0.577977297274609,-0.11091511804620577,-0.4262235959264063,-0.27119932578656,0.20884355727693044,-0.3691068457659769,0.14277888695908214,0.599064212136606,0.21887598862459,0.27774807216695147
ACH-001307,0.29204594205080153,0.026838975057683775,-0.2414439279025598,0.3047510314059124,-0.611031020797396,-0.4315180549095924,0.3972516907170336,0.7243792791800701,0.8576179302765479,-0.018141257803470378,-0.1784703338728699,0.9603121242405995,0.0038348045276127927,0.5460064391037555
ACH-001310,0.31611472835690135,-0.014311566123575536,0.3458994968789514,0.08620282023774037,0.4554612710165564,0.6087759590037283,0.16404377821182245,-0.17052795105170715,-0.039934709800152166,0.6222687008529691,0.6044452050997617,0.5750016690001475,1.0933581501914476,1.0827724837481085
ACH-001318,-0.037592903908995584,-0.9362727335757581,0.3314410029496323,-0.04331995744279915,-0.2610665807896238,0.4887696926300034,-0.596288004412836,0.020315741536361343,0.5264520787582699,0.4739086405990979,0.6331965221943032,0.5589898698426031,-0.5349538895259246,0.0795437391727229
ACH-001322,1.5162221628438788,0.9271390685403517,1.2672701533884214,0.3455544944209157,1.2688344756320602,1.2283773126746842,0.426552565875835,0.13371591986395231,-0.009487630684849362,0.6503653279255139,1.1486717560977597,0.27740235813842223,1.2553430360070104,0.663525949126316
ACH-001328,-0.15715326549795172,-0.4102090722022692,-0.6723919183646027,-1.2505347963672342,-0.7450577783012396,-0.3568562544268327,0.7871620957497245,-0.6950282632875102,-0.7818473354607942,-1.3531410104055377,0.06922680842022333,-0.22570636876117564,-0.6574688676421683,-1.0698156461255928
ACH-001329,0.8798670072797886,0.06319805337307474,0.4829271033670647,0.4283047495776799,0.2884211170578286,0.05867213833225629,0.09540334030058281,-0.44667697652717814,-0.4085877255484629,0.055565765730444056,0.6714657183158663,-0.09140492979308373,0.06840366184357864,0.022144340510430703
ACH-001332,0.9524236666728944,0.5663994174205841,0.8598623296391887,-0.08725291166438709,-1.046171323675483,-0.7624920363351261,0.6109101333637684,-0.34807231628690216,-0.23937468693175684,-0.9434786347906894,-0.5220918539362345,-0.9135188476944679,-0.9718756284394182,-0.34369252985963794
ACH-001333,1.3297923183059428,1.1211627473404948,1.2652957316544806,0.20871505285203829,0.6846089115453247,0.7607308851760521,1.311465182784019,1.167318802495437,1.233117283135619,-0.06132199450124798,-0.04960558352920086,0.4346944535241295,0.18847221448296217,0.837856008973362
ACH-001334,-0.4583820962689492,0.7109678416925519,-0.39427624619090534,-0.4158109805629165,-0.1994699086484123,-0.04261169674816285,-0.5673191944051925,-1.0107752816277753,-0.9731855396784261,-0.5426099260967465,-0.032781833171490166,-0.34146779300618957,0.3574965931948646,-0.5450170273093314
ACH-001335,0.3476344280801511,0.2935866753566906,0.4875789114086372,0.3713279336919009,0.46910831013469895,0.29309145914584533,0.2486055200891481,-0.3692293993393188,-0.7296183833807119,0.3282964610832616,0.8465112532916994,-0.46273048757944535,0.26697295283824474,-0.4432045473578807
ACH-001336,-0.768089308928362,-1.4842812600035904,-1.4567874235872778,-1.522245011332535,-1.2933454281780037,-1.0924241920631053,-0.9453190962273577,-1.3960035257706505,-2.100537624801079,-0.8221326078787299,-0.9396894615891036,-1.3051863441856888,-1.3909548823974953,-0.6275056375741245
ACH-001338,-0.08674918896784034,0.7474650642548097,0.323791725038277,0.7809018548122202,0.2460405666932401,0.44447232253896957,1.08213053501686,0.5482347551321864,1.1489189235894153,0.5489875304577508,-0.4985585245857819,0.5056226086758935,0.48367508471725285,0.5262499457236929
ACH-001340,1.3941005235630537,0.7973074818801411,1.3257811979382774,-0.8560989736890405,-0.5827046847449878,-0.3920777031911957,0.9666244225768872,-0.41342902923785557,-0.28053551746271566,-0.09778349743682857,-0.19929370317230796,-0.5456624705478824,0.5599693697015679,-0.39256110514054526
ACH-001341,0.4819046059924756,-0.9787142340686807,0.3802733519162526,0.21066968211350348,0.34545012270564446,0.4489572890764976,0.3466825147918043,-0.09784029534134617,-0.1350173368087138,-0.11032458380101642,0.017940467793065018,0.5556705972507787,0.4413845791808752,-0.5209122182383661
ACH-001344,0.039840929261908464,-0.3561665298245834,0.045658633240133084,-0.5531995427954962,-0.039516639640474194,-0.16634710744619297,-0.26855645819303087,-1.1258247423879915,-1.0849857154552665,-0.4567715636789312,-0.3861733367736451,-0.9386208890570005,0.13648616872973648,0.27625904687264546
ACH-001345,1.6164174603762638,1.8714475992061819,1.939929608685529,1.245899083086862,1.3552675862911905,0.7157827378096128,1.7582145256945445,0.35884674915402903,1.1802956832430478,-0.2573119171727062,0.6492582702936434,0.2932351752053659,0.2904652161498854,-0.30638258407356334
ACH-001346,-0.42203909035602,-0.40263715306145165,-0.6829320609988565,-0.8630957514365349,-0.5052839263189407,-0.052335243581705604,-0.31382053181420094,-0.4800209780037271,-0.8055319654325522,-0.7063547517798718,-0.395280434629325,-0.2573273070370966,-0.5570436631851506,-0.593146803866232
ACH-001347,-1.1370713504422472,-1.4056160265844713,-1.6708102719814089,-1.1860283248442083,-0.4529365618689978,-0.9996163285192958,-0.8809664143923518,-0.24760826770851466,-1.4531852195877901,-0.7837956525535877,-0.6214628873893594,-0.6436585587845185,-1.0345743182386602,-0.29693866526895923
ACH-001349,0.08889745483111768,0.04957486087203458,0.6611283613369552,-1.0279953376366253,-0.3584793306343809,-0.5884588757429903,0.44836383545809055,-0.017164652015567772,0.15935765815791822,-0.9232468654225948,-0.7372764339619287,-1.3975878807273148,-0.7001842480397289,-1.0035682551494967
ACH-001353,-0.32230057420329533,-0.3095831503122311,-0.04478021066971766,-1.2872734420873926,-0.19505397395669127,-0.5517560840689268,-0.35454648206276584,-1.6771218808569526,-1.6950930260974149,-1.7243687581359117,-0.2693095296215637,-1.5471975228105441,-0.7166926560021091,-0.8555654678304725
ACH-001354,1.7365448245229542,1.1059219416539545,1.742812446512227,1.5311939164182409,1.2881823469409959,0.5502753126922852,0.943694317748353,0.9435892786630682,0.6877979281270542,0.9285603965774909,-0.23493827931526742,1.6112886745045345,1.427266911381706,0.9362073528524442
ACH-001356,0.8604360939285045,0.35995937050874294,0.5287210011461917,0.35254258950420747,0.7549420533276412,0.8200902950532843,0.4962227898178152,0.03141358107483816,0.07531195293361637,0.3019144380680245,0.7595800398079017,0.638245728122532,0.8058789481495219,0.7930598323260586
ACH-001360,0.20701176971157015,-0.550276882860136,0.6861254445422231,-0.5203534350893625,-0.06504103193480487,-0.045100105605121205,1.0191249657032695,0.5245771866744215,0.05544014497042046,-0.8087491574566983,0.29075258806934645,-0.6357277316407083,-0.06423881846765574,-1.105273128128879
ACH-001366,0.7283885464123634,0.5602397012065903,0.7633740962125815,-0.16754597392713144,0.11012297222488487,0.24032018616039402,0.5654710802048797,0.1412673880582005,-0.15399012474516965,0.2004270737708571,-0.6707386825748198,-0.20630233629122274,1.2819654962163907,0.5162849134305332
ACH-001367,1.339400252824283,0.07541885032860235,1.2649867729776676,-0.07682573542271687,0.46731705116177324,0.06930567241177471,0.9651756239075482,0.579419648435462,0.8912649302826012,0.4336167523936342,-0.3475787879763147,0.20844286632476372,1.5472062121979044,0.7015960836286055
ACH-001368,1.5312268009913645,1.8317363594329854,1.167502084712934,1.2656223175303487,0.9766226572763419,0.6286363097377784,1.1386792216259494,0.14723763845210402,0.5715166673080416,0.03701362396741939,0.5090153859644936,0.05824368441792202,-0.25518423929382794,-0.07767542890559481
ACH-001370,-1.1292733272209676,-1.5932311000066885,-2.0156107990924563,-1.9561591508453824,-1.003935502671144,-1.5511888222793602,-1.3565726374408995,-0.33824297418936494,-1.2577584310479444,-1.1064340420907848,-1.3675307352184918,-1.0203506119093855,-1.2497027222911425,-0.5750882641475424
ACH-001374,0.8563347637733181,0.5371319846100706,0.7816864204497803,0.3903807839790434,0.5784643414948923,1.234354985014318,1.0164914994120062,0.41030149852038156,0.5006700459059725,0.09119156938419981,0.3102344288620612,-0.15210426089113366,0.3040173124319697,0.8443048246552182
ACH-001375,1.1206216230913633,1.4432303928146217,0.8789148442829331,0.6499534089603701,0.5029198299930142,0.5916484094322149,1.3935947591643771,-0.10314108921591075,-0.036956247340813764,-0.19861744936845888,-0.029205808069833705,1.2112304976178434,-0.19437722372445437,0.11054511014297608
ACH-001376,-0.6702052599697863,-1.2266331442347207,-0.5683895458021597,-2.361349094043825,-1.4161113636743186,-1.683723977626187,-0.8257153612853081,-1.555158851049762,-0.9777015344330824,-1.3348537285189157,-1.0632912695740346,-1.2190919458402054,-1.1931038512051755,-1.0466497545201965
ACH-001377,1.2301090488801008,0.7737167010505017,1.5621005169606528,0.1377096007391969,0.41597592331751265,0.46537554322204067,0.8981007250476312,-0.32448987266665164,0.29678245093613,-0.3513591349763927,1.0948994719451364,-0.3578790742974872,0.18093430461472887,-0.8411327063342969
ACH-001379,-0.23384179455930978,0.6718343426006779,-0.17815245737516902,0.11885701631535725,0.5805227704099728,0.5288938966193026,0.34971685865642854,-0.6713209841441184,-0.345153984041416,-0.8534529411910314,0.3962574199956879,-0.2986530619203712,-0.29466727934469866,-0.4883317046088066
ACH-001380,0.5143756563799039,-0.1737259973080038,0.15703775509893605,-0.44331534220909596,-0.2337336003119278,-0.30741443676676733,0.10233841156063998,-0.6070597007233947,-0.7150278171393916,-0.47463288774871354,0.09414144913410052,-0.7234230222105619,-1.127325231688908,-0.47220368531793844
ACH-001382,0.8654947855205851,0.5450982081937419,0.9154459284903614,-0.3714475721789974,0.13857151410967394,-0.12718575482912114,-0.042065147713703566,-1.42161585224732,-0.6800215547334023,-0.37584003900726554,0.9931659851756117,-0.4495210670481615,-0.21635694425246016,-0.34006301197565614
ACH-001385,-1.3156124319396614,-0.8033664343792203,-1.029429858060651,-0.8428260230131817,-0.4718112826670419,-0.7767587263791103,-0.443885478337512,-0.5071153092289935,-0.9908635828696831,0.034520334841525946,-1.0718609387209088,-1.1047765501044167,0.20515112943898048,0.5167480278233828
ACH-001386,1.2653992507148608,1.6249754097007192,1.3085522447785398,1.4235688015812045,1.1710402470647912,0.8547307523732679,1.0413932686759801,0.5512208568205408,0.2734477990968907,0.9413505978564423,0.30450462975793496,0.162258664924693,1.1937810112945149,0.4398931914732604
ACH-001388,-6.282086057735326,-4.871355434390279,-6.140692112973046,-4.342782559914381,-3.7545558102614454,-4.462875471563338,-5.691562045722955,-4.574557169508378,-5.49843007529921,-4.274731753918363,-4.141719216158652,-4.89585703669876,-5.901072884425921,-4.197165449190463
ACH-001389,-0.012487608081671653,0.8440055059671865,0.027047061667806765,0.09904120718003603,0.1567653158197206,0.5518970162306078,0.6963083709366817,0.08331757566799164,0.17760043170215528,0.11676101650268665,0.0036681633996395457,-0.015303056586053965,0.008017335042791833,0.15469992638331287
ACH-001390,0.6009907006632096,0.5175827812363467,0.6246833123169567,-0.28001372240667477,-0.7117371335435845,-0.5956697281772866,0.2955808406031634,-0.3810296778564996,0.14581564874197867,-0.8938723823677321,-0.5977990265204222,-1.0690980551338476,-0.8502309929800946,-0.4025765733973394
ACH-001391,-0.16748566348709282,0.6527289635330003,-0.1787159295869265,-0.4935190487458741,0.2261118253158633,0.20979243341783,0.20547561839538525,-0.35077601570939054,-0.1801325771217113,-0.5055682962439663,-0.12919868581412167,-0.31055205662048363,0.2107551111896971,-0.4746222448232952
ACH-001392,-0.9073092886061835,-1.9033469764841437,-0.9571894485582538,-2.069201650661961,-1.623010292406744,-1.9783341194285307,-1.6957929044171034,-1.252816064924538,-1.0537121152175537,-0.7661419133869904,-1.548157553159796,-1.5409319729235627,-0.6504789983483772,-0.3722029328193828
ACH-001393,0.22543721692461563,1.50058983525884,0.46951602218127486,0.9448374371568772,0.25857205416985857,-0.014395595781822531,0.2638612610297911,-1.092378075172768,-0.05867314767592946,0.1451383792013978,0.9955375758122558,-0.012563693209700355,0.3955792938666064,-0.01669716750343997
ACH-001394,-0.7318281930706856,-0.28003754657780766,-0.9808094407241951,-1.4885820532682157,-1.1246985213571188,-0.8778940422772392,-0.16817543382458744,-0.6962373337483463,-0.8407884530128031,-1.1023496008230476,-0.7273303657320992,-0.9217206699819609,-0.8548966779190212,-0.9024686954067295
ACH-001396,1.5603527097603211,0.3011715636730937,1.368837068397981,-0.48669035730507215,-0.5093904250534961,-0.9343072403366475,0.19198869949482714,0.028404080497412137,0.08179968247288416,0.21364814589530304,-0.092248338900218,0.07826673046726015,-0.07025820433101365,-0.439737399965983
ACH-001398,1.763678845151001,0.5965753037819712,1.460716833236105,0.5719124319386575,0.8132688069227355,0.273960292734415,0.01818741713307548,-0.81515525971949,-0.2648748153102113,-0.29517082468240025,0.9336644540592518,-0.3050511347643933,0.038567161631876554,0.18812417534119463
ACH-001399,0.8837720300721705,-0.18141350600095374,0.16314150240837527,-0.29198172959755286,-0.05858903271097034,-0.013622928304474258,0.7869374195392187,0.2449225322952961,-0.026572904144371093,-0.7910073217331575,0.08244193134987905,-0.25428054415241785,0.03337461170799916,-0.06127132923552841
ACH-001400,-4.33446872339921,-4.2067555609204526,-4.381501395005823,-4.618691125754946,-3.2363245215268424,-3.777973615346653,-3.8370218871978636,-3.2224508228336464,-4.051674291261009,-3.5659953201184096,-3.2921360326520537,-3.7862907038371025,-5.007486917234097,-2.957583986346556
ACH-001401,1.004699097220082,0.8371819409688994,0.7805575538162578,0.24585051695831403,0.4902585481417634,0.678628963208579,0.7882558166254914,0.3461034733045959,0.8078264092220221,0.7010529662502337,0.3575668505948044,0.4342384978319275,0.21036846596912845,0.21572065181191397
ACH-001402,0.9113678984129211,0.3191958743059583,0.5544466063259164,1.1365235130633848,0.27763580865861637,0.17019019696435317,0.43771290247990785,0.16822608078111623,-0.06429883474803037,0.8147429881051756,0.6233244326538897,0.762332172050381,1.3024267373865108,0.837766006645371
ACH-001403,0.7303801497856011,0.6746607106482693,0.6216525513200236,-0.24056137932033467,-0.12550153179113793,-0.28586163465716424,-0.08795362857076876,-0.4020220122652722,-0.3471562645896593,0.6956117831088473,0.09576981568429943,0.06840977481038274,1.093803782675597,0.28684844012347965
ACH-001407,0.3164942769037681,0.9930348100112841,0.4885241584993255,0.6305870032365692,0.16970196690978623,-0.03691982730329496,0.9249780197968058,0.6022915086797866,0.45507991005525433,0.16531369248139885,0.014245845665911916,0.44018792045664273,0.44940887591969797,0.27495084769345185
ACH-001408,0.14959898988802062,-0.2052601506492754,-0.10838380430735299,-0.3853771440823695,-0.08966489357659711,-0.17530950617031937,-0.14120429807889776,-0.5632901720833656,-0.7313725473889818,-0.3944948885354746,0.23513494127120632,0.19383571625402074,1.0298882284342483,0.008246578476247102
ACH-001409,0.9016938661935116,-0.067204463699629,0.6221506443747806,-0.10134817066262397,-0.38281678259082413,-0.25994064611719897,0.49665705739705646,-0.2007984216070993,0.1211870859055285,-0.4807462509269697,-0.3371498666640775,0.8602480311577669,-0.4484454455154249,-0.5778158399991979
ACH-001411,-0.11947627654461049,-0.6199663794411917,-0.6546643481964894,-0.7295380317376288,-0.2708743942103492,-0.5683928319193544,-0.2811772689798053,-0.8362351778197514,-1.2691328697790392,-0.8945062086808266,-0.1523031738564334,-0.7251666569971988,-1.0411081153662536,-0.7975948094628471
ACH-001412,0.2098708251796423,-0.1649540403220428,0.30279003245184144,0.5608465642521338,0.4924307115024678,0.3754542520445768,0.5837829212697487,0.17413470179042242,-0.04626660818569907,0.13356791536960785,0.2706845586702179,0.43824126283237974,0.7025640525835474,-0.1330613993051035
ACH-001413,0.6913932944963979,0.7924127234003776,0.2125808859052402,-0.1494566584418367,0.05445447230652739,-0.19698893826800684,0.8846938963976608,-0.10904363167611825,-0.0636741821026948,-0.23011028486104979,-0.039091461026475205,0.35453933514049185,0.5186498682196313,0.17514077624054902
ACH-001414,-1.0296277778438951,-0.1386535264219664,-0.5962835090947686,-1.2133214307113571,-0.8166228889381679,-0.5324292386941625,0.5583470081766504,-0.32011024545153316,-0.44356131893217177,-1.620203930278363,-1.1515451188696268,-1.2575151488053649,-0.9094814555543512,-0.4114416406175013
ACH-001415,0.41147526659044115,0.16054818043509728,0.16923707631880117,0.9616335975661509,0.725286345231036,0.5992544099547675,0.22870185059777093,-0.13785599380104352,0.07472157653448457,-0.04312284865005955,0.39923522675018924,0.3156931988395701,0.5051341449124518,0.3947200302809611
ACH-001416,0.2160997162780316,0.2876708096972938,0.7233991477446176,0.5009518274155921,1.3945396985146814,0.7493520188553121,0.014120468380258044,-0.8834568383113564,-0.5054664090136873,-0.047930101356594354,0.48370683006500426,0.08047275729284828,0.05210044544785082,-0.039881713761815235
ACH-001418,0.6539208963528698,0.7243352747495477,0.7955697660017352,-0.15932436569126326,-0.4282878024874198,0.04598420631458767,1.1354289351856484,-0.4533134886230038,-0.4534361320507412,-0.32131759460048437,-0.23326594109493803,-0.7702213304213312,-0.08917751450869471,-0.03978223649057455
ACH-001419,0.7395070144476672,-0.4269067017513881,0.8777296949859293,-1.1343475989894214,-0.8056971909528745,-0.4814672684920684,0.32964959633375357,-0.22198086454934554,0.5528183003315933,-1.1123733882334945,0.5475076975849602,-1.3029619733442952,-0.5920597458713146,-0.7693179875843162
ACH-001421,0.8666074788981903,0.33075349903408524,0.7732372305271515,0.38439929287033536,0.8753022644269584,0.4958708083327702,0.6807834969610943,0.16175472229127225,-0.07290791034183447,1.0897099571177757,0.34804817970716795,-0.06237417834547959,1.0223924213014512,1.196405651601634
ACH-001422,0.3370737785386328,0.3063857275697788,-0.012609498980876627,-1.0799461775086772,-0.5897094408552572,-0.6621809322212979,0.10818051949740207,-0.9142912865705984,-1.0299252074647738,-0.47824503948623703,-0.6587946168631751,-0.7796192701393339,-0.17139592169675777,-0.4156468966114643
ACH-001428,0.5878454814213698,0.8573854517318487,0.4382809178280854,0.6750320729833883,0.5027443284785035,0.47244118271043956,0.56222243045995,-0.02703921079565825,0.48623149891154505,0.5614598120842006,1.0990623794502694,0.6059010394416822,1.027875437488989,-0.24661819168422938
ACH-001430,0.8018290436861624,0.3151754346942717,0.43647497524529644,0.15335719753902072,0.7383967568991306,0.301783256518575,0.6104231636033435,0.1955693540944399,-0.1519505212138744,0.27952676352678274,0.010746118734586585,-0.1575389063312322,0.3313796004090444,0.1654015307468032
ACH-001431,1.078890473566815,1.053548046355182,1.275411076711861,0.11087218430460306,0.5666043419491205,0.17204364179185697,0.2853592926769257,0.6064240132384309,0.25776191036264967,0.196124309361786,-0.5651888514067154,-0.549158711618093,-0.0741824102067129,0.5764429232357926
ACH-001433,-0.49684010936828893,-0.4911329425554338,-0.07703833700743812,-0.4968609215994573,-0.21219440886894342,-0.42314971242398464,-0.8372261855337831,-1.3046072002697346,-0.6622283905795063,0.5406541398171866,-0.8061747451515827,-0.8992757192841299,0.11837552173868418,0.04008638746660565
ACH-001442,0.6201137577870034,-0.3427238503193303,-0.008880054529759845,-1.0021285695983013,-1.0566099505739663,-0.44270152253817835,0.8239516244874894,-0.8698062781643401,-0.4857390134328202,-1.55004574239849,-0.22080530963227746,-0.5408332540083193,-0.02635473616591298,-1.051082415676992
ACH-001443,0.6183200652785099,1.1643764575723723,0.19520849117917977,0.31232968910209213,-0.05951927209842628,0.5266471736019428,0.44000973948879213,-0.23521488971974613,-0.014257035391908923,-0.4414145807274716,-0.1832849280890525,0.09886794773800939,-0.1169267958403128,0.2747425736734927
ACH-001450,0.016899274843278772,0.7287809069751137,0.023915391856626056,-0.03434117753245547,-0.8605578101117898,-0.17429697629363727,0.4903514325380115,0.3858650779975995,0.7196046529195158,0.02949568576885586,-1.608050914002023,-0.9672423918686607,-0.7081191558133298,0.03279607579745353
ACH-001451,0.7932524326277508,-1.6767425565749716,-0.23868205132746068,-1.4308796529998766,-0.6342992661997724,-0.7166762348235834,-0.41102266148082267,-0.08930227633238,-0.47593993681452285,0.1426593340208947,0.059798334298520495,-0.1173261547149296,0.6582965473789757,0.178604070625727
ACH-001453,0.19881305943454847,0.2791416842594696,-0.7748784371440638,-0.2197199772204988,0.12127745512327612,0.5162930278711594,0.7793442378282024,0.67399035750464,0.11113542618910072,0.032845813073942326,-0.07514080859388528,0.30638009988971693,0.5978875909979363,0.3763876349327896
ACH-001454,0.5371372504796565,0.04523347852204865,0.5449913618274109,-0.22436313956861037,-0.02028594896237912,-0.3063016934657108,0.21213433965585976,-0.2518163503280862,-0.4567415619505555,0.04076793578990806,-0.016200201231190814,-0.5532519533155477,0.8905684669970793,0.5580214682023015
ACH-001458,0.6937769693627064,0.938687240842562,1.1724320883437276,-0.26044202606156086,0.544731884348866,0.24657650582475174,0.252125985355973,-0.6678659385016399,-0.48008852524667156,-0.56113535206259,0.38605691542055454,-1.7013241836958655,-0.8089119534010127,-0.11927682459691041
ACH-001459,0.555769188849745,0.18035616814771915,0.5813460176850173,-0.7452065363411431,0.3524889282298146,-0.5175061868282546,-0.18208101943894112,-0.8670155493720311,-0.44447443521501473,-0.7876653658916645,-0.06990818111287855,-1.6028867394277118,-0.641574015996309,-1.0896351475242867
ACH-001460,1.040993602069308,0.7327343091743899,1.1448387788989407,0.35086593162419544,0.5595964003332405,0.060662766720377306,0.7097421415276872,-0.387859144795936,0.07053504925057762,-0.71563330470081,0.46370423303863406,-1.0394305813145461,-0.13114864725913866,-0.6183456562536042
ACH-001461,0.7468876518692099,-0.2160483617939627,0.8796553360814067,-1.2082449937833455,-0.516731445548526,-0.7507688625115526,0.3857937503346252,-0.63516384408504,-0.13709464089052542,-1.2652596167476797,-0.23038738275779042,-1.514096197076618,-1.123984351707326,-1.0824397074184549
ACH-001465,-0.25063834052887624,0.282657134030995,0.6123954122595718,-0.3805843457340229,0.41044785866907263,0.14688267568602964,-0.15368239733538963,-0.723390202519069,-0.6637841064689103,0.2573019833514426,-0.7845147649453033,-0.8693181731900643,1.0417829313917262,-0.3078693609384253
ACH-001481,0.6530778271250125,0.5173287967200275,0.48464509212999735,0.20483243880900037,0.3689563918686084,0.0906859495131507,0.22048374834266887,-0.4999684194671762,0.2901059151908863,-0.09510805921868894,-0.0164656821146833,0.133547960885338,0.5300583196793822,-0.3011305296090929
ACH-001484,0.18672912065868155,0.5172406074114837,0.4243859012224642,0.4010769788814741,0.5130432088715772,0.10717665188162395,0.4572042785844058,-0.3191426709250167,-0.34758153179712886,-0.004647935338214393,-0.8908188463343424,-0.496969888906678,1.033990743743936,-0.039399385366578055
ACH-001494,-0.7857453076743597,-0.7527425059119189,-0.2774491305512054,-1.914665101740155,-0.8792002428936784,-1.0372200292751521,-0.7586769911076392,-2.124656692165975,-1.495779177642903,-1.6075861521329589,-0.5818867857478509,-1.6943413125652955,-1.2532346076994838,-0.7334341095125836
ACH-001495,0.7077371119088149,-0.1677962060267865,1.0296067747493276,-0.8253446825750024,-0.9552095731960825,-0.4543453124443295,1.2732148976183109,-0.08574201901624717,0.35844153104188237,-0.832468074115394,-0.28348135967432103,-0.15926284792734474,0.04909043745279776,-1.0926950151728114
ACH-001496,0.316562475228086,0.568284341280047,0.7210221473575784,0.1020285051369039,0.3012286609923275,0.6999151871858539,1.3226867496176307,-0.2411912304547568,0.11843894233704125,-0.5932453181490993,0.6517638917065837,0.08191697646798851,0.15599797379221333,-0.4730033251546639
ACH-001497,-0.4418341712630775,0.567998072296917,0.05805959082998253,-0.8621512342440487,-0.14244128862169075,-0.5371787784008718,0.29834591810584243,-1.1968726182834193,-0.4641996609740272,-0.8412687648751038,0.42310646174173283,-1.0297401947958984,-0.26870736580560045,-0.6698061656830113
ACH-001498,-0.2743486330635779,0.7429094283505439,0.3184956458784208,0.5400254385454717,0.47428581924150115,-0.26996434732002333,0.3835952129531893,-0.1108037208086079,-0.3756479364024942,0.6435821202199046,-1.039537441275195,-0.8366855993791191,0.5248523339306742,-0.1428005858372038
ACH-001500,0.33161551774459685,1.048988608004724,0.6384403658307223,0.877262491659862,0.209204132775293,0.6621783602381751,0.8065703787487812,0.0612816728396533,-0.05695097521530082,0.09784834576222473,0.9459935019038885,-0.3086430911975636,0.5319229359008235,0.09179130874292342
ACH-001502,0.12296474217986632,-0.1256093889327895,0.6782323914530006,-0.07278041506701588,-0.23890741766300344,-0.21119431642660502,0.10640905786355043,-0.6196173785222653,0.07528061607950115,-0.7796376326264634,-0.42581575717482273,-0.7244252361528891,0.03219131765693668,-0.814340509673946
ACH-001508,0.5763961547721476,1.1490362354373906,0.6280879581999618,0.9410932251525985,0.9879449098560892,0.8509670280478128,0.15515227210735405,-0.3460454185566734,-0.4475544686645087,0.49633630661406003,0.45014147627953316,0.14618973054946746,1.2856156996922197,0.6252246053139117
ACH-001509,-1.6645598578529568,-1.8903420357183665,-2.3493763342626233,-2.691854412682577,-1.3703346092881599,-1.4576112411889532,-1.3702404577173235,-0.3042421393153519,-1.4648684805478067,-1.3012528751936125,-1.3856874132895984,-1.2451082960643634,-1.982586800760958,-1.091286995247911
ACH-001510,-1.3380006988995332,-2.0568611516172264,-1.9269111083158288,-2.6713843561930686,-2.3112953691574853,-2.1509136034847067,-0.6313539797798386,-1.230310430761136,-1.2764068248279303,-2.0720394801999555,-1.8442269754230396,-1.8065176610193647,-0.9020348956396311,-1.793461813401286
ACH-001511,0.1205644801684995,-0.4505756066229542,0.07326297718309932,-0.7135742565384543,-0.3501086780768319,-0.656922878776911,0.14396761783737844,-0.7609731530599956,-0.7795336318259526,-1.045726468069206,-0.07716865370891218,-0.7236734549703823,-0.08514307276872642,-0.24852145277805554
ACH-001513,-1.7192462962697215,-0.23590910692883804,-0.49090057846183094,-0.8700568874543348,-1.1256962872717236,-0.449143007246724,-0.5094692495360967,-1.0155483602887592,-1.585300522885934,-0.24719333221986983,-0.3449286528108944,-1.5860785614044375,-1.0518854014772576,-0.24827808697933337
ACH-001515,0.4093891654879112,0.9159888721653789,1.1043906375458195,0.6889400982518633,0.3650854929938886,0.2875745404050772,0.9340938481076783,-0.07342478843867595,-0.23206506186606973,0.31956076328034555,0.679863456261436,-0.08591136597582544,0.7673282631597929,0.5240645737512222
ACH-001517,1.1512563393026796,-0.611797040134345,1.0160070820687759,-1.2678604408417105,-0.7935692028758996,-0.7525320666657768,0.6431601308095891,0.2601813448900878,0.8908612853334483,-0.5053449283479103,0.05357091242984771,-0.8166750943304664,-0.7979231767959425,-0.29449170196283503
ACH-001518,-0.3152804903263625,0.9339833221735341,-0.35110250286517714,-0.6055679402319181,0.2570075919553616,0.5011727447428548,0.31860778845473603,-0.5040052792617835,-0.1339885680905095,-0.4183088136387748,0.36748823999057983,-0.6844243748641721,0.18520077666767162,0.25110168898769186
ACH-001520,-0.5132150987441318,-1.458534461751412,-0.6194201241779898,-1.9722581467360392,-0.9687883871522343,-1.4484010482268141,-0.9301234911302574,-0.27573932569601434,-0.5409715921878591,-0.9453780479280492,-1.8693806846953136,-1.301337055303554,-1.6056776326470086,-0.9322869290347574
ACH-001521,0.6086009513218891,0.1896436261939968,1.0430692899376597,0.6383321344997958,-0.14053611246720635,0.5029262999667808,1.6476376769978487,1.0708384922539242,0.5450921400181021,-0.662190676630823,0.9637285726140886,0.705352232169947,-0.2525648722587577,-0.26168031871453157
ACH-001522,1.2245574658595872,1.4940038022927489,0.9655752927617198,1.1785130840925626,0.8639883650653735,0.5681594660330127,0.7464826840565079,-0.5073716479270213,0.2654028889454267,0.20028485208133603,0.5067327074385305,0.6640595165631598,0.6406049030810439,-0.12608472446844982
ACH-001523,0.42397697876152785,0.8144264300340058,0.5280519822559269,0.7765780765123462,0.5347652733526217,-0.0019361836346458994,-0.06871017074116775,-1.1317125072359655,-1.2149572833509905,-0.5984524772875991,0.20515067719942576,-0.399484716515795,0.808554752539654,0.4558778712132324
ACH-001524,0.06453360607850347,0.5266882440001355,-0.23710761093176175,-0.6470170093478859,0.19300774827950018,-0.28988879311659066,0.11566026811640487,-0.9610225999681206,-0.9917315536473201,-0.6760571785319719,0.500642810780775,-0.8570022836442418,0.17238376106418318,-0.7742388780054641
ACH-001525,-0.23495821335815198,-0.03580788926836109,-0.46554332037025564,-1.2065957908052896,-1.6507354618876546,-1.149587918499473,-0.17797071196563422,-0.6330005929241432,-1.076361381398819,-1.3118613893838833,-0.8538564061717444,-0.7913949608040678,-0.8987506804039608,-0.888213587807828
ACH-001526,1.2041179663911323,0.3007838839875904,1.0451938313268665,-0.1162447123244244,0.21153035094422873,0.07973924031027003,0.28987422544248326,-0.3276418334227644,-0.33117847147462576,0.15161762321452252,0.11243954129122871,-0.22481170720707833,0.08210871980701936,0.4433547724375548
ACH-001528,-0.4778047391915688,0.3594718287146892,0.10438969997648212,0.14958112223457215,0.2974210235759132,0.4445924505500908,-0.08588436188007625,-0.6212138066160691,-0.7816827349873514,-0.30970136430550754,0.3320202563236059,-0.4908835074170359,0.3645615607551312,0.5755933826604168
ACH-001529,0.985264073766635,0.29231943873949423,0.9029373239297359,-0.5289794879490585,-0.7171927770814491,-0.31932243936378535,0.5365957230541486,-0.2336899944767883,0.33156950052413187,-0.9854362456787075,-0.7865312735792058,-0.5199787786114798,-1.1011068097283636,-0.27577029254767116
ACH-001530,0.9620173338832018,1.1086224176809045,1.2924518956053408,0.23800436385628648,-0.09132718648559987,0.12970380976239404,1.0749524072800138,0.10592070314698251,0.010019155956718762,-0.7297882434366902,-0.6171432580002572,-0.298357338826753,-0.07134013040785911,0.19403415036265648
ACH-001532,0.053605123656021006,0.204207500471572,0.6757274969126364,-1.0721388638300164,0.07736121432313522,0.22574812747478293,0.3608644155792088,-0.06153012714316325,0.6936713746291878,-0.19485289266755282,-0.19794973302283794,-0.9355686669614799,0.5977695753284172,0.05340654892865193
ACH-001533,-0.2965846617872421,-1.50180119363197,-0.5545721436789295,-1.9307263615524688,-0.8267052817813496,-1.3498740305832024,-0.6366547106350773,0.3648581873998603,-0.286821838378183,-0.21756498790343753,-2.0286831615609198,-1.0011466310162542,-1.2104148467507723,-0.3306047403648864
ACH-001536,-0.1065299092213586,-0.3961998309762743,0.6879622536854387,-2.0428349157900447,-0.3556201687938847,-1.0327084500956931,-0.40541409149590335,-1.2321456656449998,0.03655589144620436,-1.6964484289738548,-0.3875194167788827,-1.6337772825965593,-0.48787369723433827,-1.3495061190678608
ACH-001538,0.11469132368505824,0.5230121350313076,0.3224453214270353,-0.4495727973165432,0.22825104666347817,0.12544790788723734,0.873875639055478,-0.8663827343692658,-0.6662707970594463,-0.439407965681992,0.5114726328105825,0.050629161782508564,0.3919781395749068,-0.5470501604595613
ACH-001539,1.1074800744528919,0.9026001416245413,1.8887195567924882,0.3513018218429097,0.8621485936988388,0.09886887881479693,0.7363287967540892,-0.6955014673213754,-0.26422742321213205,0.17695197253564066,-0.07517887945877783,-0.779157157732211,0.6297539457272404,-0.06901912985578368
ACH-001542,-0.020455428431984446,0.06841359410772943,0.21814049324503915,-0.6958876773401527,-1.3443122195646067,-0.994037352999205,0.11141850262808858,-1.0666624686272974,-0.9682736806918736,-1.901744386994137,-0.35262160488848454,-1.3091326418515867,-1.143984741410013,-0.9225576978004522
ACH-001543,-0.26349465553729656,-1.3247394999906925,-0.8381061830906744,-1.8054844827188903,-1.212256063626622,-0.8720796026760665,-0.4149339139440409,-0.9244563039915817,-1.419773949430108,-1.2806799602413002,-0.6064052903837831,-1.1213388878122668,-1.4193473887851322,-0.5112852175776621
ACH-001547,0.20379791099090913,0.24565529986834905,0.42754921001873536,0.2473670402159573,0.6139294765757326,0.554634553189194,1.0733543553731466,-0.12329672893439131,-0.040555018523887765,-0.07982242991680774,0.8273144906686718,-0.5561927754488748,0.3046347508241077,0.8328540313249635
ACH-001548,1.0266250422481284,0.20047601241951332,0.7105879270791717,-0.007918960217937032,0.4656184793132729,0.3894994477189532,1.3761494042532723,0.13500094405496,0.474228111792833,-0.1441108827276426,0.03806834130783679,-0.02638065468078296,0.5060426249315526,0.6912282524519966
ACH-001549,1.1161301646909725,0.7405598360671314,1.0485570833936688,0.9643196825477975,0.0845369056458618,0.5785386634262788,0.08858997001177193,-0.2149250067132346,0.3204479903537148,0.8618509948694097,0.031742422806318754,0.6161080530051802,1.9017226119882347,1.5027347385948195
ACH-001550,0.5151348350225609,0.853949740821888,0.3768929199029052,0.14021835746069308,1.0382404611016058,0.7452364638904365,0.5550319051521279,-0.40510374019125484,-0.07378981404131862,0.2203196770465665,0.8574142584688869,0.021256000677447373,1.407284536679028,0.7717453145412053
ACH-001551,0.635257401765822,1.1370042198933998,0.7618333013422633,0.09229031203327823,0.07146818080256302,0.14984977451022474,0.5631785905402007,-0.1935144706217761,-0.18740080521771954,-0.2409978576273502,-0.3768435472835403,-0.17291670263520456,1.277745981619456,-0.26001953886674833
ACH-001552,-0.00775687470331754,0.8188463630266223,0.5487587091182551,0.9598782165941796,0.19174690847051234,0.0778624640284585,0.5989348067436029,-0.5435013984570336,0.06303379916874824,0.0023464244309822115,0.5809845738238079,0.1659824504369698,-0.3310107745647605,0.30486204245278875
ACH-001554,-0.11838078207942886,0.3362168019771211,0.6881633786515949,0.17339299651679102,0.4313208790017098,0.10635606275623986,0.24649965359267587,-0.3079830099282753,-0.04867051457313454,0.4967412555264278,0.320405490430967,-0.005350292220272113,0.7318916365472344,0.4145920737209845
ACH-001555,-0.9994013558704816,0.13150756130580488,-0.5996878441037776,-0.5704358729965504,-0.26799090335752057,-0.4128215227475802,0.01227914983870182,-0.6556007760032905,-0.5486757321678212,-0.9501564017294295,-0.4848095415127561,-0.5126458339461031,0.43198965424936847,-0.30385762483487067
ACH-001556,-0.8249953314984848,0.08620567435358184,-0.17400480201443982,-0.38519573156364073,-0.18395999693133175,0.1522890863682786,0.7060077396038195,0.22292253604290402,0.25554665126080994,-0.3797092579744636,0.015840239353331842,0.19264494713241903,0.30073181992468656,-0.16989196394223838
ACH-001557,-0.2849391224961976,-0.3369527274904383,-0.4666649378996331,-0.496298776699294,0.05176642122300071,-0.3121582646469735,0.07488894235684596,-0.8589494048700301,-0.07543772901611123,-0.45230509676964303,0.8156074317714728,-0.04839328825360639,-0.4199158652888623,-0.3919479597459131
ACH-001558,0.0947442695913987,0.5096582159028832,0.0030053073298136335,-0.043860449974176985,0.7325786664129048,0.29814213157722647,0.6778959772409181,-0.19595287277082457,-0.2336799071924962,-0.10069304758068152,0.40999251168608,-0.5875861728782888,0.31669361302722265,0.4072099051111916
ACH-001559,0.49761329942226534,0.9132274254496151,0.5725621819069884,0.14632446608553812,-0.23133385022702077,-0.3661781042902508,1.0078539406117477,-0.13211506458645753,0.09155879036073339,-0.3190835610687493,0.18243379660365566,0.2988204494977128,0.7024695488065603,0.16062950068809945
ACH-001560,-0.8304815478232455,0.3622007820323294,0.020345213329072576,-0.604567329413322,-0.03234004957043096,-0.07951413112729361,0.2587442848285175,-0.26066136895534064,-0.31157818828047235,-0.40004633730781114,-0.36349829280532786,-0.344897159383919,0.4716981377600905,0.028580088921245035
ACH-001562,-0.5133202535781791,-0.22166188732008235,-0.3057984525308378,-0.46647581896369955,0.5152170678383982,0.44837783912553797,0.6049144146090452,-0.15313490525105028,-0.14982002156045662,-0.12314272939371698,0.08247945968493807,-0.4793522493991401,0.1896794027741909,-0.2655505078671095
ACH-001563,-0.15353272920606886,0.6160595812470895,0.25442498395831287,-0.013219667610562813,-0.07440140932745204,-0.39101225437116066,-0.06747759751803911,-0.8497978548831301,-0.5064108289928648,-0.23100530768613806,0.11776005928438665,-0.8297460556623097,-0.10093320203703163,0.1669591433730121
ACH-001566,1.7960373300062806,0.45852501161004555,1.239654085264999,-0.4364601064233848,0.024843685556247525,-0.49430771770957155,0.7788563553017502,-0.3623956309745086,0.40434231476988924,-0.3187337409211517,0.20277831565055532,0.3647316650238143,0.47676132585856124,-0.5028963438983465
ACH-001567,0.11482854137713276,0.09470323760213184,0.5221937658769499,-0.38412634092220205,-0.11103310229167551,-0.3291964937106824,0.722130747013738,-0.16688834564807212,-0.16329950070754795,-0.33589650890170175,0.3713114433492597,-0.6617552888745382,-0.052759506715850286,0.09847096522514714
ACH-001568,0.5115687669089982,-1.554910985350853,-0.1251327314288214,-2.0185173602073547,-0.6504515286591424,-1.7023734039318037,-0.8454838144770808,-0.9519778188748417,-0.19146008178364277,-1.2340709278266921,-0.6987885740049649,-1.2506670465289356,-0.8817676225285818,-1.17415403115512
ACH-001570,1.110946992576642,0.7668539734622122,1.5412996753432666,0.3503947374815542,0.20818286636099917,0.24179516309106722,1.1797454806162833,0.19880331260978923,0.5061456313642617,0.24866514647776639,0.6866886855551058,0.1518778303541784,0.9054780465262913,-0.478001239170528
ACH-001574,0.13804261029503997,-0.7610821959571028,0.04375027370652923,-1.9418000277035896,-0.5932273271298464,-1.323857517851427,-0.2848691232710624,-0.17361800219431028,-0.1958306179224215,-1.0664788467334423,-1.182324743835576,-1.8082959025622465,-1.4149401457586974,-0.5651432504354996
ACH-001577,-1.7553564774804253,-0.7841943581526805,-0.849776900659052,-1.471813835045089,-0.06107447066536717,-0.48054568226781663,-1.2285536522795795,-1.4259246817870836,-1.9015821768997168,-0.8652850428241193,-1.0613582584795376,-2.1035468188402504,-0.18438277427837169,-0.8888610460839538
ACH-001578,0.5770229114835507,0.6076434620975032,0.41280832349206376,-0.04235591102924019,0.7735884966419093,0.6926360690236689,1.0634361209926673,0.6916119532390896,0.5386194469677642,0.04063399370728815,-0.5834083151999111,0.8121697926635253,0.019507754543126518,0.7015826624125011
ACH-001603,-0.6124474301273384,0.22082069502590146,-0.013019668279280916,-0.2058961631696999,0.41913993069658495,-0.010524467475499732,0.40660430653488266,-0.41220484596398244,-0.562401761708954,0.09890471588112121,-1.2459151433682547,-0.8737212540632862,0.40256418868564847,0.1158552052606821
ACH-001605,1.1985754625166563,0.8113023078311552,0.9135100366502651,1.0754299349168153,0.6489168292177766,0.2619876654270026,0.26924615387164547,-0.5290550192642277,0.003222949847254797,1.033001928526323,0.9580753650536682,0.4145721812260944,0.16049202557075481,0.063203726616652
ACH-001606,0.5291587258426164,0.4443892878970732,0.7187061073194567,0.6387911966880107,0.4823942536461854,0.38525297813242326,0.44067043477512213,-0.61557593749667,-0.002877728777207933,0.27599720517346554,1.1206417841771055,-0.02426280448353796,0.425575145592333,0.25207487473527335
ACH-001607,0.8105005382335835,1.1433160944090854,1.041898491428066,0.38551635686431274,0.1744556593861225,0.4366162815193212,1.0111603370634221,-0.18803629263867044,-0.37543573440080547,-0.15154344917841117,0.6380833144110241,-1.079355330152091,0.0989527529339531,0.587311510126295
ACH-001608,1.9066080409977846,1.3668572874126652,1.4292599880412582,0.16499848254393912,0.5574235787087662,0.22563081765958667,0.7861050209916054,-0.25273516382160477,0.28976245852091703,-0.35018951436149337,0.5904070598527138,-0.0821416200622157,0.03042564887541125,0.19848956249334346
ACH-001609,1.11851225359004,1.2296871197054726,0.6723958315098025,-0.1935963262949358,0.0706522773300162,0.16128062421908163,1.048048531588833,-0.7280418770001293,0.0594518874849653,-0.5372091752022039,0.7982802956401821,-0.3528178899827088,0.7687907801133054,-0.08264781379743602
ACH-001610,0.5189631188852885,0.44306628262724845,0.8189274434467307,0.3522970065186065,0.21010757193019503,0.28926619997815894,0.26289896869680895,0.2002497278376451,0.08069526276479032,0.010378903727470107,0.4205938852025848,0.12286701945300796,0.4912118467801366,1.1527480513959836
ACH-001611,0.9786645449091856,-0.11824024635616495,0.6240970705276032,0.08615308383178003,0.12018632371611875,0.4117610222401902,0.33528702616148265,-0.6131567528936308,0.031298407697170266,0.07624360066135899,0.1789741745548888,0.0914238108583133,0.15640629245353116,0.6267878764684178
ACH-001613,-0.2406865936261598,0.5367369004384154,0.2723146424490491,0.012352663383640772,0.12037754904024384,0.035766638675966245,-0.027308339765541367,-0.8457015106438608,-0.8880367973841212,-0.08917500576404536,-0.7213506425638394,-1.621401985165812,0.9295138826092747,-0.4035257559033072
ACH-001616,-1.756083296236456,-0.8801214752759274,-0.8347478121659546,-1.2921122081462313,0.1555879641027375,-0.26149919323497234,-0.7988951140142538,-0.17977295154045006,-0.7584631940311777,-0.02162798915382136,-1.0579490137812213,-1.2686077059865082,-0.33539731806787904,-0.2854884363110686
ACH-001618,1.3137206131344747,0.8522730514957846,0.9509037146839701,-0.7613938364627422,0.042202335801975896,0.15761145721746153,1.2199125214885391,0.7832310224707666,0.8641406543416948,-0.6276841991527975,-0.6055623903276804,-0.5378984315695626,0.4258493114636316,-0.4219627466282214
ACH-001619,1.4226719340436893,0.12000449715791878,1.073425978031062,-1.0775246107902676,-0.15116453951905268,-0.21474408202413625,0.6018513873087357,-0.4904510534110692,-0.18882204141870307,-0.5028463443087855,0.8000374853219719,-0.19504394165388106,0.16388391301735655,-0.3363694959852329
ACH-001622,1.0160053241608207,-0.30347967234984063,0.573054555963329,-0.4088464215675453,-0.4979826349263601,-0.6532729401594584,-0.08719357705023673,-0.8965808133761496,0.02856371054913115,-0.31046722249319003,0.5639558480096535,-0.7570562976456685,0.36403981581124817,-0.0747694250883193
ACH-001623,1.0201168194139525,0.6008688271394503,0.2856799472171467,0.6549344767090568,1.1297157142658636,0.7319901394972506,0.2998070240144703,0.010058810247691008,-0.35367151127796814,0.501591709181921,0.6991567453494412,0.18653267270077983,0.5768269598762054,0.7134911116543737
ACH-001624,1.6694570964828916,0.2976721841230323,1.3684719902203506,-0.6052353920821747,-0.1530262534355053,-0.26494279884405036,0.030368295145336704,-0.8988808594400136,-0.06509505508424285,-0.20046305791109162,0.013685490904650655,-0.7393518649313577,0.846521873245194,0.19109151123872356
ACH-001625,0.3796268874328874,0.7062491609686069,0.582602526770305,0.06696548056974082,-0.6998787289808582,-0.5872859334993968,1.177658705768256,-0.039778241678987136,0.3161473696442436,-0.7432348803959984,0.19360734543974994,0.5408875135622467,0.020614300355320907,-0.1355370120586305
ACH-001626,-0.16849935218144207,-0.2876865361642058,0.012408982280057601,-0.4689557317338135,-0.3073608455855322,-0.467166729786634,0.03214015559943878,-0.8247949057891293,-1.2612279878287909,-0.09889673448661146,0.16867963724296406,-0.5741854416054168,0.6691054647539152,-0.37128016314317214
ACH-001627,-1.1849000881667135,-0.9291451585584112,-0.9549185432753217,-1.7641360154874748,-0.6276205985360731,-0.7266624072183435,-1.0988878508798532,0.0006313992022563553,-1.0904006344955082,-1.3373953103156633,-0.9931852983219948,-0.8043767692350123,-1.9997101797049237,-0.7797173494545088
ACH-001628,1.3351814339712342,0.5894024196075773,1.25975213878319,0.7526980864489535,0.8547599569894493,1.1011149045208688,1.9257478119379678,0.10869784376003755,0.30935420454545925,-0.6274518225468486,0.7970734133310224,-0.17660936352747714,0.25805174356232247,0.5336732270320113
ACH-001630,1.196327329619473,-0.9070282133125203,0.5663145003423083,-1.487409447472326,-0.9887395854754752,-1.2498936369874731,0.34074558048451586,-0.38182731313625407,-0.36114640815277743,-0.6851501263044053,-0.5559049383419024,-0.9341853051129326,-0.429697589867547,-0.33303203836037554
ACH-001632,0.1390083770691209,-1.4700922216978867,-0.07302374925523639,-3.012562894802831,-2.0319104417678684,-1.9753862594852634,-0.5336921966498563,-1.1651449086407808,-0.7195219653901825,-1.463335042123059,-1.5437098544972523,-1.7755536266905296,-1.2221733320957178,-1.1501401597519585
ACH-001634,0.6306409488540734,-1.5254345307129924,0.238093463059044,-1.5094258332481716,-1.190078001655856,-1.607178810805925,-0.32403142494029047,0.06595355178016055,0.2339439586843377,-0.352298685147708,-1.8156324504279304,-1.1794285749353628,-0.728800874609466,-0.17886423187716538
ACH-001641,0.7451465151587262,0.18075243318568252,0.7992763450849472,0.5674258477509182,-0.08735833525252422,0.04270242112584838,1.363070868745129,0.0652713792864964,0.21897211345976347,-0.7993681897581222,0.5388875888266277,-0.4743020365738747,0.03539892721379296,-0.49974230924796903
ACH-001642,-1.9866732843249533,-3.0266934991562042,-2.61041991174596,-2.813514733084535,-1.604286089479195,-1.8778240193633116,-2.0844870064192196,-0.38031000105135326,-1.2078818349618303,-1.5788712126865394,-2.2088488951714464,-1.6465467015703876,-3.142754672858883,-1.8474854897429613
ACH-001645,-0.23348370169692306,0.6206992690272529,0.2556806337693116,-0.15261334141909513,0.3538473098927905,0.22434182911275474,0.8651639794767797,-0.5990497740877434,-0.2679910458325032,-0.25965632971901104,0.3474473827919684,-0.3383842774021422,0.3606834683954353,-0.23306026299106208
ACH-001647,-0.24437525707547342,0.6127719236527198,-0.5214963734953454,-0.6930212810343159,0.11568587900967396,-0.24483792995077658,-0.36191844236021,-0.21879568614939546,-0.7752390647531108,-0.4857597287652353,-0.6857176582150062,-0.9621889840321519,-0.051639409642522685,-0.4411174774361472
ACH-001648,-0.82023196509285,-0.8156411270310623,-1.0571384084120978,-0.9182247462804422,0.058285161989574535,-0.2907783794803854,-0.9736764780685339,-1.089197673364437,-1.3461940518621787,-0.7324820553844158,0.03325969276695423,-0.2454296068772038,0.31751232289373427,-0.2344851835257553
ACH-001649,-0.9284314720715414,-1.1044160655236988,-1.1556865778207355,-1.3540644047653068,-0.2544765560451147,-0.3092261932996654,-0.9762922112817926,-0.4232039093343035,-1.086567661314582,-0.4847555126458464,-0.16878138139181115,-0.44188081125211504,-0.8096394121908621,0.16332746278431184
ACH-001650,1.960248528313424,1.8753970007307155,2.1963347665601383,1.5135395337149335,0.16745326503674204,0.6569694208756214,0.8524816427261078,-0.1518667106344683,0.010201578797189415,0.3187182940420117,0.5620055552230455,0.5038288126179521,1.1843948738842802,0.44578933592855435
ACH-001651,1.3718094959580478,0.35325757071070274,0.8561984727219457,-0.5634661403559199,-0.5226570694649884,-0.7601676126894992,1.2283561673132426,-0.2980887571979359,0.1635730687001361,-1.1761144371353756,0.026780163133618667,-0.8135023321285145,-0.24668513797027822,-0.4874407899051163
ACH-001652,0.5767507800353308,-0.5365178469132637,0.3683795144792691,-1.199216122573112,-0.5886673865922023,-0.4027589297453752,0.46869402720163544,-0.8076340067893392,-0.6960667892158624,-0.6244695461183734,0.2680978597377222,-0.947425858735465,0.454903686924638,-0.3437896462460802
ACH-001653,-0.29886417968746953,-0.48784105399148303,-0.6708167494640299,-1.048098186514043,-0.27664640729382073,-0.36180074056949624,-0.34633653747041804,-1.137437235825237,-0.5477720704726172,-0.4283386938122806,-0.1806367186440163,-1.3178241716019305,-0.16270612511696728,-0.8760811848232296
ACH-001654,0.45762572571395793,0.8451260407172498,0.4502819864506955,0.1270495352763077,0.5293751367333767,0.3304133444725829,0.6895321120153195,-0.09575299001226506,-0.1755478675201535,-0.6330996927393018,0.6748666887502612,-0.2296156051192758,0.0012524647633013405,0.16814391077863955
ACH-001655,0.8777877813819799,-0.9298401389104416,0.43975553618269086,-1.2912387066612796,-0.7461296714893157,-1.065460352535713,-0.3134694546592428,-0.5707726738051903,-0.39372122915778646,-0.7782221745834912,-0.43773051479622616,-1.190986924206196,-0.34802841115000455,-0.18567656089348356
ACH-001656,-0.02335632473005441,0.22882667974415521,0.35859000961379134,0.8810054899688202,0.5412345111475598,0.6435652775619853,0.45006711437945907,1.002398750776835,0.6645688579850257,0.28029855863177655,-0.05836837112489368,0.5113639912792475,-0.3156774108630251,-0.8114178542807617
ACH-001662,-2.6285018366891975,-3.5613338448175167,-3.689023945122105,-3.369255025959416,-2.503611371457035,-2.718686721063536,-3.3360401016902435,-0.6259407782732069,-1.4450063583167476,-2.0001115116662196,-2.1766349324288914,-2.152421188816613,-3.855495750508404,-2.620718687115626
ACH-001664,1.0863036847258059,0.8822188101109798,0.46940174693542147,0.23261632717774894,0.05086985507652403,0.47879403262146586,1.2003061430493198,0.47628515778302927,0.42259926765527933,-0.4328196159459774,0.2869079985502124,-0.3533933768652995,-0.1542929612340591,0.11373424336466885
ACH-001668,0.0414216228466921,-1.5856584690462778,0.043945765410451476,-2.323321943324397,-1.4222638583008775,-1.4058209121047833,-0.6000224491013119,0.22318126162573554,-0.19977054287977208,-1.0829258173195453,-1.5731292347832313,-1.1909610940482958,-1.255296722405196,-0.17528697840200314
ACH-001669,0.7200841163524085,0.8762793224574226,0.7991152784213167,-0.2238283245433894,0.1413122972899531,0.3446206247594749,1.4757607952987042,0.7759167695321877,0.8086312106429444,0.5196659532506445,-0.11216156276773942,-0.1043454387668275,1.0026406374455534,-0.39693632111584093
ACH-001670,1.3078936139630668,0.46184662041375757,0.8981224035551176,0.5281633074570594,0.8932733061611394,0.8246526757579121,1.3854632577733814,0.9237892689427897,0.5629679496366533,0.45100254517445254,0.7429238486679864,0.04784056378003204,0.30625033836003546,0.6311149724262195
ACH-001673,0.8580654985829423,1.730663789689454,1.6582366131568798,0.8587319854359832,-0.06934657987500088,0.5552382611920792,1.3360079152688504,-0.10062997163680493,-0.06003681685502704,-0.48930010105044613,0.32449257156862765,-0.08515025554177924,0.5586100889536992,0.12918665993462125
ACH-001674,0.9972298917610727,0.10106565935112494,0.26392198968646363,0.42088560828326077,-0.09852117848407776,0.14033474276414037,0.9453603134456893,1.0141276039403895,0.4136954563786872,0.5023018491261825,-0.42853956326768783,0.6229775960089048,0.6634261063463054,0.9390893741246742
ACH-001675,-0.8870508744359135,0.7538434824755422,-0.4906835194654123,-0.09217297083936538,0.136743025127202,-0.11197052100978426,-0.29401436594486346,-1.4375273739645449,-0.9222830349373102,-0.9298154108015583,-0.3191273131821344,-0.3762182264641952,0.847533557482298,-1.0034936748062093
ACH-001676,0.20287582157030654,0.4580612165589484,-0.03593893762141234,-0.1806719631428504,0.695997595047907,1.0581682064173397,0.14556384954257984,0.3195516282861156,-0.08954299760362133,0.5643596442108337,-0.2726630407184134,0.1064076481724242,0.846174511407814,-0.04507891024843394
ACH-001677,0.399910155146264,0.2475306309640325,0.7166611129558453,0.1037983570089358,0.7648487084682069,0.3198177603623265,0.8623249488788656,0.6439360584451603,-0.24820406117743685,0.9932657804579232,-0.6357290603662071,-0.4470896531186712,0.3989469216734926,0.3963136790502871
ACH-001683,1.3316346749008683,0.7238353805741937,1.430152080306285,0.07239961515027092,0.3899280220025501,-0.07252261270924672,-0.278560217697974,-1.6410747003886987,0.2597870052135486,0.015004762319883347,0.8753915295819666,-0.4152102109537621,0.5244197186046073,-0.19400436583574848
ACH-001685,0.4198320396826295,1.025237757480939,0.7378693007656794,0.3957181602135375,0.5822517626367398,0.5537352767411331,0.6021521351302537,0.4054963625084631,-0.11661189033239377,1.1515295282785882,0.021900944250523857,0.06976545359790179,1.2412909519755788,-0.08534957020737366
ACH-001687,-2.8010140142441564,-3.2843502017231105,-3.3988168092626703,-3.4410712949594537,-1.9057691335215288,-2.6415333303925843,-2.9633665386490504,-1.5484536464746952,-2.0013428598542755,-1.8351563081851805,-2.2739755170068703,-2.105758668982283,-2.9719349750407176,-1.3972390435494506
ACH-001688,-1.092855664452253,-2.8357660664017845,-1.9021117411960193,-2.8845258717767286,-1.6287489132184934,-2.160446078493277,-2.0878242224190826,-0.6587151586714762,-1.2373001609371272,-1.4150322506049429,-1.3378055758261798,-2.001552543604421,-2.302624396924661,-0.6496861623160459
ACH-001690,-0.8270714985224217,-1.5157381682814317,-1.2611394030713103,-1.8714903446543227,-1.7694309403221622,-1.5186844268150146,-0.5419902059308579,-1.826882549972874,-2.052998800249557,-1.990177248442917,-1.0822411417638114,-1.5767154579216753,-2.0101779149163073,-1.4314225220308274
ACH-001691,-0.9648275484997293,0.17963905568054664,-0.6491830998936134,0.3467255618405991,-0.10532359247630174,-0.024763255037257015,0.0774211103267951,-0.7521815902972384,-0.6557976441785067,-0.2504251256345626,0.49931287263033747,-0.2550244664162576,0.9023153652889303,0.022977178458422218
ACH-001692,0.39318836648505345,-0.12216146664764643,0.4329923178687441,-0.3020313909308417,-0.9746399553841907,-0.994002450371258,0.21247999586207883,-1.3745966437636576,-1.2595333756194553,-1.6419336459052793,-0.33354530215160005,-0.7768641218923182,0.5075906182668012,-0.4235892076590817
ACH-001694,-0.46100521865892596,0.1062753138608032,-0.6867828584733416,-1.0882601146453932,-0.5340412457410867,-0.9185447915102136,-0.3672196789892954,-1.5650254312514067,-1.7157136665744717,-0.8940332377818134,-0.8253272991697088,-0.6985213192457235,-0.48815036428303826,-0.515928980869713
ACH-001695,0.16274657740788945,-0.02578670850849968,0.16626042240557456,-0.9643335510868294,-1.0791886549863905,-0.9303060251548201,0.28532976098178253,-0.974916750835605,-0.4687773303188965,-1.197868587563567,-0.25895076254658983,-0.9313199582014283,0.48988960486454797,-1.008964723774997
ACH-001696,-1.2792092901383392,-2.6406326449722735,-1.6008821009981116,-3.2569936972784297,-2.3317711570283426,-2.495007528405845,-1.9550142326975184,-2.111843568689076,-2.2441088198714714,-2.065823437959674,-2.0586574115646914,-2.730220308058115,-1.8264857341895124,-1.4738037424828363
ACH-001698,-2.7457085129743444,-2.9424815383907097,-3.1169969327199905,-2.8413630243429426,-2.7876179237981247,-2.8720080835301105,-2.323817787397108,-2.5519521310329045,-2.9973727314901213,-3.614384510361739,-2.803819081297944,-3.310249910933871,-4.2119417504192525,-2.6569744914320292
ACH-001699,-0.7340265221398122,-1.1049511096646685,-0.5663799336572947,-1.2611049716707259,-0.714504773808744,-1.4230603066576801,-0.5338039535339073,-1.3935112374581493,-1.7104857121705923,-1.0197222580740908,-0.5389554063839663,-1.1184939101657583,0.059174937404303934,-0.38987853308203857
ACH-001701,-0.9988820888079946,-1.9405032505864235,-0.9731551849999821,-1.6022612735267632,-0.8497524372810696,-1.694330061132269,-0.6629495497622151,-1.227669938185083,-1.4901108210422316,-1.1688156729244574,-0.5955890434759943,-1.6594565354182051,-0.5102228863226222,-0.3353381607065602
ACH-001702,0.2808906603107204,0.32713587895975615,0.43253587618700995,-0.02188753852524919,0.10142439503482281,0.2926244934013769,0.7012894874886341,-0.3658201071735578,-0.19117392301046715,-0.0757054515247935,0.19100630643501895,-0.6182038945114778,0.451930274296068,0.9578910760025798
ACH-001707,-1.4165803824562726,-0.777693660111074,-1.2681136100932875,-1.403729110860419,-0.20654079512377682,-0.7578588237874291,-1.0839923875482806,-0.5774091003448275,-0.9578079862981989,-0.04439621496823387,-1.1681003745510976,-1.2510616076742715,0.03785605329821451,-0.980893504803761
ACH-001709,0.22171406608092278,0.18475740092914694,0.34182669529530124,0.29012933290385556,0.27855471721035524,0.02992226979561749,0.4248386944914232,0.14746544992804883,-0.4885635910840242,0.8459418646046267,-0.8975419813169331,-1.2407828501917593,0.3647370554529855,-0.5845062764459523
ACH-001711,1.6434745174868979,0.9244591117654483,1.0678249442813075,0.6800288119636296,-0.16887472777482476,-0.544659863033259,0.9086097517454068,-0.020279393102964532,0.9108246023499182,-0.3346632755031582,-0.43405290898547244,0.08170288299329999,0.19309494040480013,0.6155243889498812
ACH-001715,0.6154927584506324,0.9175314862219855,0.7055089320495208,0.4773353706526985,0.1515232547078203,0.24250407611288052,1.4570344709153575,-0.16363639474120256,-0.05088161003282221,-0.2339194939904266,-0.06758233093939187,0.24169486167484816,0.3510590672672295,0.1640137926026692
ACH-001719,0.060131651618171245,0.03360868580078437,-0.1667321912566894,-0.383318835347762,-0.13557922586057547,-0.015068832644650254,0.5639503537311785,0.07378083351593039,0.036914369115105386,-0.021495174306311593,0.5599654341100538,-0.29185232316284304,0.14408839806511406,0.32900671020457867
ACH-001735,-0.5578455362681478,-0.14346523064688765,-0.3093137364571688,-0.24750282866609302,0.5779963420546557,0.39673044559291976,0.04781340246559512,0.3121231381547368,-0.61455092897687,0.5970252255003877,-0.6400566777704354,-0.6490398546376581,-0.13555101083755372,0.2675308823738164
ACH-001736,-0.8499677455817631,0.30662586793282437,-0.8330894503968195,-0.039268508491455495,0.47970620770163336,0.1560674645597536,-1.0533974690544343,-0.6670352501268434,-1.3201002833869895,0.379039925884774,-0.2424974406861668,-0.8732321438755991,0.001683710672242579,0.018535815353657836
ACH-001737,0.5791973198130379,0.25610462106767606,0.16563903910461794,-0.42653081877641397,-0.05111588414078959,0.283393267262277,0.33746635323267193,0.883284680724258,0.7240401349455868,0.01699289287722272,-1.4068216213308116,0.07556825282671807,0.19072211963540053,-0.4567572887133892
ACH-001740,0.6879363531478109,0.44407770780787825,1.3978107152628905,0.4634856517964244,0.6868423944872045,0.31844930409326466,1.5355066063846483,0.9247453203777137,0.37786258631409037,0.0666217372206821,0.19209898865180544,0.09053397145559355,0.5951530679001048,0.6227685752242405
ACH-001745,-0.4409347653487029,0.335799637429316,-0.038769369484583815,0.38974720974987587,0.49673078784782737,0.3937172903144164,0.39866786606947935,0.6501503359073691,0.3574099247901561,0.45434338432983645,-0.15957459865672013,-0.23800192588587385,0.034752118778069094,0.7129102811508365
ACH-001750,0.3797854828658995,0.3727116648716621,0.1032151026711261,-0.34212058127572137,-0.08015054583571538,0.003404276831128178,0.600330004265615,-0.03149980791558987,-0.34440659777710064,0.7587126247685181,0.408843143872419,0.4490825665946172,0.7299405667778914,1.1248006151426568
ACH-001765,-0.1259775118693955,0.8680588743137226,0.39362087778163685,-0.19374471652265002,0.20258067403258428,0.12170512266050132,0.591259622413835,0.0017183365807585393,-0.5315340589468369,0.0025653720067603802,-0.2821378340055244,-0.4772072077169141,0.15358019900032094,0.6471795838371646
ACH-001786,-0.3282290008108387,0.37143945895451724,0.5543770897351694,0.15146887544282406,0.824368353209447,0.5494213325984015,0.45889823167209964,-0.25184161936306426,0.048567865592653886,-0.2622382744460863,0.365246129747601,-0.7919495537413098,0.9490610128918815,-0.11686075494625252
ACH-001791,0.03174258947508732,-1.4066106516576045,-1.1101561690881834,-2.5214555919640915,-1.816230911493265,-2.328640424646552,-1.4672900889514167,-1.076565456655437,-0.49649440333228756,-1.7417177506281551,-1.4433336193111195,-2.2349118048710497,-1.8896549313098712,-1.4170737448099766
ACH-001793,0.06596784824541035,0.28175601491013746,-0.5417609402676292,-0.36607320315303904,-0.2714622465381806,-0.007594745515561829,-0.3900659543203319,-1.260777917631627,-1.0610081395215976,-0.6772101397499679,0.35056548155993605,-0.5181675338689089,0.6487098188207665,-0.20108983249468834
ACH-001794,0.24037527784277088,-0.5310070383440082,0.1380264365892244,-0.2641729387608845,0.12069169775911254,0.26649320640430346,-0.20477985956288283,-1.0918376869486088,-0.4302662365975374,-0.11125326218306891,0.7332106442140591,0.3095557689811047,1.295503810868584,-0.48596524404260233
ACH-001795,0.7710515371631731,0.41683243579396034,0.9065492067916284,0.2170418973131434,0.30090735984780137,0.1105123195673646,0.22861012052917118,-0.5700157063878072,-0.343169905660342,0.9472042817995413,0.30091098931748406,0.6536215604695361,1.5919449680430713,0.8828658225011042
ACH-001796,0.41087762866295446,0.3228011449600181,0.28401139269762327,-0.6183715063376087,-0.5344139452770291,-0.24763274081130005,0.531751827961362,-0.3820938152591146,-0.23418321449029955,-0.0966265393178762,-0.16071657343427387,-0.10174150178564947,0.7594828301336914,1.0167379997630752
ACH-001799,-0.7727622595606123,0.5245049717373,-0.8607740906179956,0.1565478834677334,0.26112214188090926,0.288148498157661,-0.38142041537437554,-0.676329369694663,-0.35594889546436537,-0.2768559572871954,-0.07230842773373869,0.08300485785848162,0.22881212810042809,-1.1216395385895812
ACH-001802,0.37054792885850796,0.5494890989231185,0.2624162540814099,-0.22943388035653683,0.7685108287366863,0.12584199919886302,0.35167734145477236,-0.21931401168477416,-0.5294970474232976,-0.25808977566128194,0.02655761957156673,-0.5060482905801268,0.2694596376381465,-0.0031250878810172994
ACH-001804,-0.0002679958683751704,0.36465920890277237,-0.1249476491921363,-0.42482755212223816,0.40013454535723036,0.10567606252812659,-0.627353969146953,-1.608520496945766,-0.9994690375679628,-0.4064941675306371,0.030361255870262283,-0.28771628386317305,0.38129482099707623,-0.4086370320610631
ACH-001814,0.9852605469020241,0.2701761353789217,0.7910438105121962,-0.30652639395082315,0.14238072649623434,0.05711852501542161,0.4959585439090261,-0.26373983376262033,-0.03450239899313967,-0.26185653564177597,0.4591912213970117,0.2903326776025782,0.23409406168538505,-0.3591088281181316
ACH-001819,1.5370633057470793,0.6883375523956206,0.5910606841459998,-0.0341973222979754,0.7561276588029576,0.5989741686426504,0.7973215410046595,-0.22977979645472546,0.5216850868328144,0.36250626392531277,0.4536929306788107,0.44581538181289454,0.954508478090953,0.7326197412779223
ACH-001820,-0.3624422908237619,0.7816413561262028,-0.2246006828413482,1.6992819432692414,1.7769070330656263,1.3910689933322753,0.8808946271483906,0.3661687580931657,0.2790872815014618,0.7666265295815169,0.4376196553119939,0.16120189548434022,0.9293336787288706,0.3469447697743124
ACH-001834,-0.09128051756469474,0.224222134433611,0.08211665949367455,0.17122287077617165,0.5760719355425532,0.5467365994816387,0.15851535664300195,-0.5705175630447452,-0.6163084559322389,-0.4794170272583103,0.6511139068114536,0.2496237198805633,1.0154156405332906,-0.14468361202321925
ACH-001835,-0.14211121028447443,0.32290461314556096,0.25270698534418445,0.028394049193577395,0.4091191585953501,-0.15384975873015744,0.3798923893493189,-0.9320699981225626,-0.7751286876936729,-0.5438354835302887,-0.13471994982826457,-0.5386576651217893,0.8112173340142879,-0.07494014452050062
ACH-001836,0.5137669930324291,0.7664307022802885,0.8658146630113084,-0.14371372793946774,0.5360383669540226,0.3517595198539654,0.3250385696596366,-0.39787524498992016,-0.5854976108166867,0.08295066403883805,-0.044166739112497994,0.1975295497798538,1.362034157628398,0.10803343907626395
ACH-001838,-0.8534221816812978,-0.7767586934878324,-1.157683813791696,-1.6546234947737786,-0.3208683225825152,-0.5556147744649397,-0.13827358047818689,-0.9358654279700441,-0.6406585911570392,-1.999419342521112,-0.6909906477365984,-0.6738489312607012,-1.1350708828349299,-1.1894983107048607
ACH-001839,1.0358565451036783,1.1779364284872345,1.369312430255226,0.3143768932524968,0.6046772609843698,0.5950033406218015,0.6924280390093757,-0.651564047436445,-0.021721633654383954,-0.6500247133215105,1.5035615945962624,-0.7306881545338252,0.10171572372362911,-0.44971702512725886
ACH-001841,0.5812298521436445,0.9506941734104674,0.5213977149625031,-0.5288888140610788,-0.5313848909876406,0.11526889342903353,1.0414518067087102,-0.44089953587108327,-0.353072589324193,-0.8972792115928556,-0.24662318161005053,0.03593667711669732,-0.5258906276333644,-1.00176164851891
ACH-001842,-0.35459232784048245,-0.25946331167903136,-0.14817756421260564,-1.5937954301255188,-0.6718019035963818,0.04962149576326197,0.12029142304418511,-1.1586505747502132,-0.851955666648071,-1.1764771369087794,-0.19312822518366926,-0.9715279820294267,0.5169483105910606,-0.6876952188366086
ACH-001843,0.7267869107839302,-0.12141672935757637,0.4869622581463007,-1.0077760177700914,0.0336732725062556,0.2628090477159704,0.7095922571987061,-0.20847508290444472,0.18939920225200524,-0.5325212430527653,0.033583505816416934,-0.8846019718416773,1.5177364490533052,0.3874795014024981
ACH-001844,0.6388064282820114,0.4464791783618995,0.7799414813669499,0.15008953871168373,-0.18316562450087961,-0.10823364162279685,0.09875544203381947,-0.9059526226854748,-0.5391798404948204,-0.5232660762095845,0.9244180281567048,0.4725403838182485,0.41790418138767205,0.07926994495850803
ACH-001848,-0.5356597901275215,0.1589787584721782,0.0415600514576199,-0.727108270425542,-0.9122416555261281,-0.47675403818778994,-0.20439193535425265,-1.3673098376978163,-0.9218890987818218,-1.1505974659728948,0.13177157253575444,-0.7167407334359435,-0.3283998453337181,-0.6494178672391325
ACH-001849,-0.9854989379891586,-0.29562635429134454,-0.9789748233260396,-1.350330069629812,-0.5490545521590516,-0.6421340832793131,-0.020357311972303088,-0.16256691593827655,-0.40907665776004914,-1.1279685204546794,-0.7046576176414086,-0.7418630393485156,-0.8980296166235024,-0.6698921875184726
ACH-001850,0.7633153599106951,0.5218815579685531,0.2444757870057977,-0.09069136502446154,0.23583990292565765,0.10037531728453072,0.5097247458599519,-0.29945995935142916,-0.061646629356236375,-0.21786767056677764,0.548106315433337,-0.19181444194952182,-0.08150786292527068,0.2561376389539221
ACH-001852,1.4378394516277397,1.26594322179057,0.4603795501383683,0.6634200833542895,-0.3306721451169975,0.09080141972790677,0.5242225103317948,-0.6630673817633062,-0.28975797957299787,-0.6304191720443613,0.1774333855583194,-0.1620992177653675,0.6356177276929548,-0.11161935026723346
ACH-001853,-0.23469241883840336,0.6304828900535248,0.3875093299408518,-0.7545393471865544,0.24258902186735848,0.19504148646146288,-0.13634658852164178,-0.6795690766122617,-0.9694555549142458,-0.37827684936516726,-0.06508741474787721,-0.5271564087106094,0.5275003520518455,0.4219332422126602
ACH-001856,0.7931140862922499,-0.06835351385556379,1.1284552631076235,-0.40389668722659466,-0.4960938330673965,-0.17906151418087457,1.1254621304707058,-0.5399562100949798,-0.002345545249929851,-0.7513862990217146,1.0729813934376575,-1.0066121013831262,0.1364079459721375,-0.18199318077932203
ACH-001857,0.6785784179389256,0.6461223859006404,0.17341617216582306,0.45272240541407166,0.05301268434677449,0.3770713568525612,0.541399687128458,-0.5145835216010781,-0.0958736517091488,0.0629474315279163,0.9196011618154979,-0.32050851669261105,0.6883991746033234,0.2971855701481304
ACH-001858,0.1461151229450714,0.31353956583552844,0.1420781756707921,0.19059211062290257,0.157327831865531,0.08994638884810102,-0.14835665156101785,-0.8473179921580771,-0.9945766740060736,0.0017888652259551996,0.8365538976491735,0.09918077332820918,1.0846879594881655,0.4413247504867274
ACH-001861,0.5939486251960815,0.7671417818512193,1.33701643964379,0.03223234571622998,0.281136184392734,0.1385437790571775,0.8680947185093668,-0.495007473130469,-0.10965346792212288,-0.42333969671725374,0.5752045548241626,-0.4405036393171118,0.4438897463756717,0.11428846256055109
ACH-001862,0.19436900843279084,-0.31178937718867733,0.04342064856160244,-0.29878569380879083,0.04467492323355658,-0.07682694526594164,0.19198019857569462,-1.2148979323849436,-1.0033765249693145,-0.5042854511233236,0.9757411110633781,-0.7686930578756339,-0.17370330330991463,0.67776501694123
ACH-001863,0.22237211388379785,0.0074469836044316375,0.37303144529685706,0.2726783978493577,0.0015117244604056779,-0.1704828802790236,0.7540796087969044,0.042399412658040855,-0.10188845986280602,-0.24313716665676094,0.5689980852817385,0.5386100679150175,-0.22416284304374995,0.4638421022648702
ACH-001864,1.1978715610391104,1.0585446190380297,1.0648146600097237,-0.011044337166269978,0.4080422778690051,0.5642971864320542,1.3947077765924558,-0.8387375502799385,0.08590418481130252,-0.20823286693156556,0.7835201328029292,0.6485967896251569,0.8409060065594409,-0.7981539375147282
ACH-001959,1.1798220686322585,1.119900773556711,1.1979742589210784,-0.03816824882818007,-0.03870751171501807,0.07529344621055639,1.404056454591367,0.5192519468592096,0.8661228382634276,0.36337262990886915,0.2611957793834635,0.17499246899907078,0.9484039741153778,0.28145204423941117
ACH-001960,0.6388766464648155,0.38341517553579246,0.8062545469182749,-0.1487004575915548,0.500634672716276,0.4429287515666994,0.503064692619803,-0.47206325385669645,-0.6784026432324162,-0.2148776238875749,0.6065566153479985,-0.34518756035173953,-0.028618877388931416,0.7605823377398535
ACH-001961,0.8484820510587268,0.5262507782613928,0.6627581550613826,-0.22189408057089574,0.7577323879329867,0.5296415135392096,0.0943056290249012,-1.1383990293524497,-0.8529952515495467,0.3655453691525049,1.4309415156423744,-0.49361110166176536,0.9581025079202731,0.14274341120889805
ACH-001970,-0.9595863882355242,0.5914491316521733,0.39750256759469604,0.7429091009084459,1.2139253637874123,0.7539587947575419,0.9461841970621554,0.5050518086801974,0.2073978445519361,0.044049819251069156,0.3783088729472939,0.3807767441792175,1.3647606787756714,0.33193840720222945
ACH-001972,1.1153386284023554,1.203959058743003,1.3450792139845569,1.2376961780912976,0.45576225687784855,0.015085670011289132,0.7112397186836941,-0.08316261431005056,0.4214911488290435,0.5501920498651859,0.1832502982835294,0.6057901581267103,0.9273845233716029,0.41721896260043234
ACH-001973,-0.7627465110464775,0.45780960380397545,-0.40266563163285624,0.9252067977467899,0.7259968296921551,0.6223376686502194,0.1562208427532591,-0.38606624013055585,-0.4569898889069833,-0.20357752221575098,0.45264806170445254,0.358351788926534,0.83795644444691,-0.109716931183606
ACH-001975,1.4086931064220505,1.8367894968091005,0.9833640206421861,1.9678741091632515,0.5580731179281126,0.3278148830682609,0.8712297822589689,-0.0713137054755696,0.7054593990257891,0.11907662905248037,0.8016737697855375,1.2199255590099338,0.6715462742034067,-0.08668573415820585
ACH-001977,0.16983940259248473,1.1349405117659221,0.8738503210077861,0.5816792664259178,-0.20591470755960645,0.22768094525387284,0.5941186345202103,0.3551256198546986,0.2175231117334669,0.39890475470226283,0.33317880903691643,-0.07442020235315289,0.37413397238310164,1.0115140015909014
ACH-001982,-0.05327082720834918,1.0982940940665034,0.04228423992497998,0.7418067729049385,1.2174885294093594,0.8066439594916639,-0.19283874224716802,-0.6778622437105093,-0.23921776127448302,-0.0704938220574046,0.9601953588302923,0.2146961471755624,0.658067130821975,-0.5279640523289824
ACH-001986,0.24462609797286886,0.5420930643457881,0.5558574109481735,0.6465767656085653,0.10164505782386027,0.011348655618922093,-0.16391260561753923,-0.9804617614418876,-0.07787021147365494,0.2003603879611374,0.43227385127310197,0.309908024462311,0.7512087174908579,0.1642599592059615
ACH-001990,-0.07837911327547098,-0.08744154892986683,-0.03329986959982206,-0.4121994663112913,0.412281478199776,-0.2823315218168548,-0.28259689281311995,-0.6071550318270722,-0.1467498201580716,0.15876530894693777,-0.09833594325999312,0.004368747096577891,0.4890988352083381,-0.5260849587741756
ACH-001991,1.1614825119077599,1.1944208825501235,1.4555203242241253,1.208743945679468,1.2210949651923,0.6632668655082535,1.0646614560079977,0.1367988706716527,0.5516549387217585,0.8628749272584019,0.605964244648194,0.45743478345332644,1.0220267908819034,1.0685806068543127
ACH-001992,-0.4971771138882053,0.2740535844994153,-0.11282154737461086,0.3322928162788955,-0.13012055321862423,0.0890333583000747,0.5944368785948277,-0.527582675207959,-0.5531736442318083,0.49683166179654203,0.8323165742099196,0.09451058003305823,0.7401165969788476,-0.07992761233410672
ACH-001993,-0.426358161447925,-0.47596140546244126,-0.1977670518476995,0.06371299473068595,0.8441837411367585,0.674456758315428,-0.10026935631433334,0.13599133701074767,-0.887147083952144,0.3517226357860931,-0.34292451466679386,-0.6129228391758489,0.5173531849696794,0.6220642138463321
ACH-001997,0.24470932243801757,0.11228188337952397,0.8051910834270625,-0.5408421762711385,0.06547074548541483,-0.08190570478367312,0.9901481237363159,-0.030642995133409567,-0.31081172127236645,-0.49653373776775395,-0.008909729510730519,-0.12217714058820706,0.35247460627783106,0.651860949383797
ACH-001999,0.34368559376006597,1.018673848662158,0.3265864076147805,-0.6351233897047748,0.31314471309168196,-0.11601992412989509,-0.0010377964716851706,-1.6456937655487687,-1.1002727609507432,-0.9071840931188953,-0.060434511081541686,-0.49091689548461437,0.14876904438018923,-0.269909221475304
ACH-002001,0.43412976222885247,0.30994790990122906,0.3547746526065134,0.35963543608428505,0.7458287035062073,0.5661036452470313,1.0082789600515858,0.01784717891152582,-0.033315784275761706,0.25695548530145496,0.15290013804621072,0.022612176614075052,0.39033304982417405,0.3652179106217047
ACH-002002,1.514371813994707,1.132028738120401,0.9307604964611718,0.7787651266786042,0.8126108028189589,0.7592919069245201,1.0846015765390766,-0.046721073733762886,0.5274240393545437,0.025501279187367387,0.5714705072952391,0.39434878743131624,0.9864051657585864,0.23292024541216083
ACH-002003,0.3136485321363739,-0.45124434156203214,0.2331988017346146,0.4235593040093023,0.8262120881523018,0.4251013068113826,0.7562397524923783,0.12461524278410269,0.046813209340580864,0.40897504590031397,0.11294447949865663,-0.03957826673640119,0.31893340181369084,0.529087048018299
ACH-002004,1.4842727706708263,1.0942653851992534,1.2162762330811419,0.5762609974786732,1.1029409273410167,0.9806274535321763,0.8246871010094943,-0.25861570891646135,0.3594275323905308,-0.10887582937368823,1.1465775189393947,0.4329638166186064,1.3051201062680744,-0.13193609273626272
ACH-002005,1.822013179726848,1.1593809595939015,0.8312505417645686,1.8715344673780867,1.13805780687149,0.7629920397309209,1.2320381775008158,0.5999734428259356,0.851101564315375,0.6289735804283644,0.8249874375245978,1.2505665508830486,1.759806780160556,0.42431843803029695
ACH-002014,-0.10313170792211232,0.25598578241950376,0.4569180186497808,-0.29756523901176146,0.286271094040075,0.1728976000771796,0.8207534699368727,-0.08612108729218537,0.23714377132956999,-0.0630791521272683,-0.03862722734053492,-0.22988364541867734,0.3714850744404381,-0.2164609468474964
ACH-002015,0.7928513341771313,0.5557265204538124,0.03452897952171852,-0.2838620846091844,0.8599670784792266,0.7244746279535984,1.002164803563991,-0.6468063975317347,0.22439331956418115,-0.04641111447810871,0.9216851694957316,-1.02855860579851,1.246789680399711,0.16703400751196973
ACH-002016,1.130403187949975,0.4326471440116635,1.057526052429159,0.33522752641281495,1.1107644314433252,0.7634059887837521,0.6090917939533801,-0.6098691533520985,-0.23391694843426059,0.08100068852560813,1.1101878421472025,-0.4143431281240403,0.7747449085305153,0.48091523239918965
ACH-002018,0.7060385206346178,0.6077285128446239,0.6562821990797632,0.7230509862816673,-0.06348095619970068,0.14322743929598766,0.18075451467074538,-0.7455539743282662,-0.319377326084519,0.28665803854049127,0.752981278721974,0.27806871769393854,0.8802808615891456,0.018562223525538823
ACH-002019,-0.1081771927442801,0.19255936440571583,-0.36031320604444106,-0.9707727987167124,-0.4834552576510782,0.17792176082298417,0.674535393445832,-0.3118839898447742,-0.40967017636952985,-0.3487944035205218,0.11417314871458094,-0.03695892343921452,0.24767466236825228,-0.3337189145133516
ACH-002020,0.2792080546218857,-0.22619103709581906,0.33221531653243913,-0.3740644823606923,0.6437517695436334,0.6300518815438784,-0.12611971538938851,-0.5607462465822242,-0.6582935556823785,-0.4310832251831256,0.7202800950506743,-0.8028947578166452,0.8876370668083605,0.5398131096489646
ACH-002021,0.3570454097724572,0.6422399287922504,0.914288362760982,0.6076557220834328,-0.08787717760996122,0.40698968454552864,1.7553392400803047,0.6103747429140131,0.8576083812078628,-0.29443320952286206,-0.3494014220983031,0.29520131930165344,-0.2980590446843617,0.14648740635516816
ACH-002023,-0.9819431100790917,-0.8853874858698746,0.041867572259777934,-0.010873546773351915,0.12141107891822037,-0.09509916366237853,-0.00708480984085208,-0.7333184540191746,-1.2220366587334721,-0.11343158825591065,0.20163545259964408,-0.4361750672976443,-0.029041792543134035,0.10060802992359372
ACH-002024,0.8756595244400068,0.5330843511987465,0.9119585263203301,0.35727984055443174,0.23871597032640995,-0.03392992419526736,-0.2657130995885206,-0.6058008640682724,-0.5739359658317069,0.30782694538888655,0.15510495093584983,-0.4023501449114102,0.9523253078716021,-0.0691276519932123
ACH-002025,-0.3220115791129875,0.27861046360912495,0.016578551755320848,-0.09069918193358459,-0.5218249014529875,-0.05146159615379186,0.4116301102578016,-0.538812246910026,-0.3699445812347396,-0.4777412745251686,0.19986162891153647,-0.7357852836738432,0.2515955802746647,-0.1895068977594552
ACH-002026,-0.06477135616951432,-0.006946274538836977,0.0911895101924356,-0.13062882293156147,-0.06790411931944856,-0.23566502700286243,0.7015869470078725,-0.12249012794399577,-0.034452912415851356,-0.3894635514034541,-0.0223564825498712,-0.10394893903084215,-0.27787878293004753,0.6574072029849535
ACH-002027,-0.20877122128041758,-0.9213233172857591,-0.14954179838309034,-1.3677588159253715,-0.678512148050737,-1.1556448583364352,-0.9888980710672086,-1.3345300948036292,-0.5976618986873649,-0.5386929156158256,-0.48000338261082,-1.0243927169594031,0.022989555353513033,0.22512210596548288
ACH-002029,0.9258945623647378,1.4184062261409296,0.9198575571091883,0.24976486754033508,-0.2552152430641552,0.12107260204352255,1.2918073936736294,0.06146039717380969,-0.028940019689105423,-0.7340512083608157,-0.1351612281118571,-0.18351623348296606,0.25721925816871943,-0.452089733171402
ACH-002030,-1.004280473330807,-1.0851436816220323,-0.5589981020263868,-1.623414704493309,-1.0934275087817278,-1.695418959453485,-1.0657086562301248,-2.3115188991908866,-2.402301970651793,-1.714468145781911,-0.9637730778261955,-2.177861107192599,-1.3665424073931178,-1.3289239650415454
ACH-002033,-0.36312503665178,0.18061200444682735,-0.4971660065504566,-0.5583774967050577,-0.8212341025420073,-0.6442855897786206,-0.46050191813479463,-0.6464945303117151,-0.3225722955646328,-0.5127566440175698,-0.446076148124281,-0.2531028757025182,-0.16102073608576006,-0.7940339528099409
ACH-002035,0.2738837402081098,0.6277825564446788,1.090413444143735,0.8625932074690144,0.8338379039579522,1.0563619080971163,0.7773005472308914,0.671346086086983,0.38348921610526054,0.5874943983056455,0.07462422008827022,0.49436813715242606,0.7917462558467929,0.1700755824785236
ACH-002039,0.12919553487669352,1.1696327307337069,0.3298082850898366,0.42376108061348655,0.5069296656113131,0.40605216295367175,0.9935210417185851,0.03733922734559392,0.4818441896952313,-0.4049726634883203,0.3781799702087575,-0.3584345763081679,-0.5087062019943798,-0.46686376553088826
ACH-002040,0.9696593350375557,2.052073556303712,1.6673582522252217,1.4648057893144755,1.0638178192704606,0.5417668320057272,0.4813148232493989,-0.5298753396967204,0.36881898238537275,-0.1450563485213653,0.3905528836411895,0.29263333867152796,0.3050643397783883,-0.6477084708430391
ACH-002041,0.7846380496928272,1.0309582149169156,-0.050973791456939116,-0.27684319155849324,0.3205969931152774,0.3179855426707414,0.43721275198749454,-1.063389499615325,-0.4712143652503611,-0.27414459083821835,0.6236880488541273,0.03412541182906487,0.7037430835110313,-1.1601350488405078
ACH-002042,-0.35943505210262583,0.35205248756172697,-0.46717758400173864,-0.8687884797567393,-0.6121383442557258,-0.4548708766050246,0.42493386943048134,-0.1081040907065455,-0.40584238450533994,-0.5972394356408623,-0.6769315080174225,0.10854617592413338,-0.382201988995616,-0.4636973844785763
ACH-002043,-0.8423851184739949,-0.8366285893014427,-0.7025500876852727,-2.0406236561841706,-0.631546054830124,-0.9634321823640769,-0.6654167656485971,-1.8899179768074288,-1.512096790190506,-1.5365008704486138,-0.8592844578253919,-2.020596947175858,-0.3721182382919663,-0.9593936149987066
ACH-002044,0.9477536716386259,1.3787507651242488,1.0545564235926483,0.8067919303635274,0.8065992466782261,0.46096036985779726,1.2945067091455758,0.4571234125619084,0.6350448832617704,-0.03918536565784542,0.8348460435980998,0.6257654291318562,1.1214533759263665,-0.36721180670291487
ACH-002045,0.2567819018987474,0.8484859069680464,0.4793639109482677,0.9646418441922313,-0.11037507830791252,0.44603259682271146,1.2201493598692592,0.17779302454402335,0.08109618329955132,-0.7044043911958487,0.4766854992279833,-0.2455888353244931,0.617799157527444,0.12830448973318648
ACH-002046,0.6088218793495118,1.162132409689399,0.8921218335015424,1.174674514061676,0.37340129598995553,0.07807346500205861,0.5156283031863711,-0.11751862763698609,-0.3520345914035592,0.49569084668888347,0.6625833701767845,0.2883476075986448,1.3978762998913854,0.6756384363923401
ACH-002048,-0.1288452438322443,0.3007280330925669,-0.23809483647125645,-0.17018982573942568,-0.2981452154825298,-0.8519533634601268,0.19109552691497594,0.2131912658907374,-0.3668962184841632,0.0718456129290779,-0.25519587820712863,-0.45874179737611753,0.13842684295799706,-0.19953580273239435
ACH-002051,1.0108921671008555,0.9885125629775526,0.5945205695967294,1.0934385290522015,0.4986027874901734,0.4800778087968328,0.16755584657415468,-0.42313151718232067,-0.3738190509063887,1.1604146765733703,0.043386966488150186,0.07194000634109896,0.6828888515935095,1.1112845525794313
ACH-002052,0.8793661241763027,1.641318239999867,1.1173534931563998,0.5006271378025673,0.013673710140091277,0.14584688686530484,1.4188603300354008,0.07394225610447103,0.2079956320836321,-0.15650303069161942,-0.6490956878968557,-0.17024975354020674,0.8950243953058403,0.42071897681117143
ACH-002055,-2.787049360334047,-0.4883943797642999,-1.3233956378682357,-0.2738885281699446,0.24847967046384262,-0.3385467278756666,-0.734767185839307,-0.28374690290770344,-1.0367742980770716,-0.040831720502982005,-1.2628671193069398,-1.347413132632959,-0.09529601011607197,-0.7996436012247496
ACH-002059,-0.41457106309408637,0.5151564176097913,-0.1156427959121662,0.9450507278236764,0.8312968225409914,0.6555410585659256,0.8523062747440935,0.6864792784017126,0.47733586222363705,0.6773922615111818,-0.04767277719617802,-0.26936681215401337,0.5898798734339382,0.3476777162834318
ACH-002060,0.22916779681347826,0.023856378380519294,-0.26835731173804195,0.8013046168601958,0.4602638762442198,0.33905949062263274,0.11689663404732234,0.13531735353017338,0.2386773754527879,0.6145263751742726,-0.3085160552841384,-0.8792273783902295,0.060408083823075276,0.19166732590245222
ACH-002061,0.18365715592123988,0.947544496076443,0.3552820325236773,0.10815005075692899,0.3095543265514943,0.09203260062074342,0.8046416260783288,0.2904286592576607,0.38363549077537,0.33070377431849385,-0.38737253823233053,-0.15291278316168927,0.7176731299557282,0.17751141278951466
ACH-002062,0.4669962111448786,1.0329457846372707,0.904789294438848,0.6795362605651712,0.7200539187929673,0.3044579608079238,0.6026520541514561,-0.09440292666674832,-0.10684082573210829,0.37794628987759726,-0.1255658361582052,-0.12070298306172511,1.1881276096427305,-0.08410363181377446
ACH-002066,0.39055454017472413,0.7490893672547301,0.9281040387166026,0.2935448597789441,0.8076097379925198,0.2493858839984704,1.0408917190021092,0.17866856470393605,0.49557040654739315,-0.11764502142408483,0.1803912615046372,0.7753446785434828,1.0774185124662363,-0.22158621320294875
ACH-002067,-0.10546147835308092,0.7874597744733696,0.40746158695208945,0.9626637955091495,0.8994523364864178,0.6825969402056695,0.6771759035277679,-0.9054859726371053,-0.8454012625986373,0.059830933944878706,0.5778985215893022,-0.706467842257142,-0.037343684693003656,0.8555588490519348
ACH-002069,0.12641758223480776,0.9844087275064626,-0.16669124454076029,0.794799468903858,0.48733267376979256,0.09406923559373315,0.5430842505438633,0.3261716165543118,-0.031146610696248078,0.08554728796104105,0.298795838165192,0.29395895806548755,-0.017465112560186846,0.3919917133237333
ACH-002070,-0.7446123203198258,-0.12291223951708352,-0.7390001281955465,-0.1131294650391993,0.12735757997181626,0.15858524435023785,0.011284861060473772,-0.7213616943724426,-0.5592965069268131,-0.09534864720785435,0.9472310817306584,-0.09300786023517144,0.8345703632224284,0.29881669701261204
ACH-002077,1.2482313689031868,1.3111195711376809,0.8559223902625626,1.0915100418195092,1.2317854696413788,1.5010986330674791,0.57723068019538,0.42845480430198074,0.16021577361280925,1.4897169656177662,-0.1168218031857553,1.1033828686838911,2.4485778158251126,0.5658061148407381
ACH-002080,-0.9408616175474372,-0.2552088560596665,-0.47702682338186203,-0.34722225026563114,-0.16342475148880248,-0.4674728616132926,-0.6738266448605585,-0.8149854290647676,-0.6549839506264041,-0.37267793363801727,-1.1185195133338819,-0.8466898873967371,0.26031703610083146,-0.005319940121622069
ACH-002084,0.8904554386322302,1.323424073864215,1.0094296680647719,0.42783180072784177,0.49301774510328356,0.697497107925101,0.711770334183684,-0.25542283705728774,0.035433770425064515,0.47750844891466926,0.8318003949930113,0.5158184314225089,1.1835412739792108,0.17901780501264586
ACH-002142,0.110235127079234,0.015389460953891054,0.12415063170369639,-0.5387819711615209,-0.5909235324259079,-0.7869536680027474,-0.8230688433998499,-1.8795613908673598,-1.2417758218325226,-1.0844618564375677,0.13400899875938707,-0.45073066781470766,-0.2660986945989009,-0.7416623446099939
ACH-002214,0.42215149439736194,0.8494975026021453,0.5932528147843562,0.5220109398995532,1.1960918761089225,0.7187579913357458,0.8300471903950435,0.5218234068293419,0.3298965755552212,0.11443265009287795,0.29734130685691385,-0.06333721817597096,1.047087801329451,-0.2649779029183549
ACH-002215,0.08981455129192106,-0.2472716570235044,0.4310006002503626,-0.23902879983946834,0.63814679655703,0.25749720418136157,0.43379261769506805,0.6088830098614741,0.011074641144214414,0.2887842116890511,0.15858927514975657,-0.6053267760364267,0.8471000920449661,0.049910964835903016
ACH-002283,-0.21189982017348752,-0.44698580111788144,0.0036159289683870277,-0.7942592665653214,0.31131325099667917,0.3391193734075512,0.4561073661708425,-0.34535426834347716,-0.119123593676427,0.7721870564577147,-0.3655236810592912,0.10368859535452124,0.9264450841766481,0.25266247298781663
ACH-002291,-0.5239289441290805,0.06161572026132822,-0.15927203653986255,-0.6125910810099806,-0.1534864349561323,0.010003865888670527,-0.6598446474037677,-1.385711480016472,-0.8584376759904273,-0.20392610017118187,-0.6163847129417792,-0.8104428462028513,-0.1875928509888496,0.02281416752831844
ACH-002399,-0.16022514554283954,0.06859248771536555,-0.00495928564704444,0.03126364121406847,-0.6362981933697336,0.0883129948221922,0.4583887739611034,-0.8000222619542263,-1.0057351215454202,-0.921261905808534,0.10325245448310873,-0.510703004783851,0.28141830810622576,-0.038789041881076326
ACH-002400,-0.7038552779526431,0.675966582718786,0.327842471231935,0.35897334418568166,0.056335824310242505,0.44598227236313126,0.0009993887118241451,-1.1306967491039823,-0.8370467718976748,-0.9855600756210237,0.1670107964790476,-0.9486146741746494,0.006304597392991079,-0.17651529590227935
ACH-002401,-0.7099394619698501,0.17568494487948688,-0.02110699197327201,-0.852648810958402,-0.6241944348921938,-0.20538562490086965,0.15548111745867238,-1.1359020303212743,-1.03131628798136,-1.8221878639986904,-0.24551863517531974,-1.1929954809796932,-0.6610581192251103,-1.055476401914278
ACH-002433,0.12644232042813136,0.06798578780144292,0.6267035947607549,-0.9821704914927119,-0.22750371480827059,-0.7130328699328662,-0.02096433196700126,-1.3079872338161571,-1.333458340158287,-0.5817177554191817,0.34837281504576556,-0.8342972846249621,-0.04340512156690604,-0.3670328202151798
ACH-002446,1.461941075893859,0.5913398834591206,0.8424517282557459,0.012791571117100747,-0.16786545247692775,-0.7096057515333031,0.5292762038533169,-0.4444357298589824,-0.10143933471520683,-0.5430760512132276,0.6622233300747072,-0.5657146895885761,-0.7457034817502948,-0.4261387910053209
ACH-002458,0.28499985723077453,0.04047002441496739,-0.16864283512900924,-0.1430895863680749,0.00859348397171893,-0.3739589723015689,-0.16807035832404663,-0.30592300399365824,-0.5708975309256761,-0.4068657669623754,0.10046960164262157,-0.6356784414736759,0.41820928356570597,-0.6309445532696528
ACH-002460,-0.4445379188507475,-0.5637180362892874,-0.4640331459297362,-0.47365064006512425,0.47639818058518735,-0.12709643886305455,-0.3879225311319547,-0.5298389939060377,-0.6325887565414019,-0.18908645711793398,0.25888460526875445,-0.27256618584266223,0.8446443424284122,-0.6510910359299137
ACH-002461,0.48936663118140133,0.0020489090731251602,-0.16092536942403146,0.04097228008146333,-0.19975650857111177,-0.22237051551494527,-0.3932874162214028,-0.8585542470819242,-0.7059842529062657,-0.48512190873004035,0.17513720441490072,-0.3344869327081158,-0.6695052523608208,0.4678905613970149
ACH-002462,0.48798304415936583,0.3619905855618846,0.4208790730639349,0.27600433342098707,0.43608831939140114,0.4651178247300301,0.10574124885388775,-0.5171818232875172,-0.5943285834718246,0.35995172334033054,1.2598062162082804,-0.08269421552434167,1.1765286848457226,1.1342369095064586
ACH-002463,-0.08200986821859907,-0.16079829620820496,0.04749535683929057,-0.28693967107577667,0.1414376071838625,-0.2189850315351296,-0.7117293662930234,-1.5373636051533532,-1.4656582631639488,-0.2702227827196435,0.7945126457599545,-0.7653753733348472,0.6368639942097488,0.30979021301823984
ACH-002464,0.003209451537447894,-0.19623660393060638,0.2799150357977524,0.0336141431718382,0.42938004955241693,0.20365747916125937,-0.2086098261898749,-0.7025330256648585,-0.9300933887354226,0.5251526393975676,0.8772015907308187,-0.11049985488394426,1.30615533275592,1.0154050799380798
ACH-002465,-0.5297357495071768,-0.050245501844432716,-0.35880330784940895,-0.054780538401723915,0.17809532634430836,0.027004091583718554,-0.4390107663023216,-1.0049011978645468,-1.1353817668207618,0.3574175398360786,0.9936704456910924,-0.30115409040479857,1.1568282867054318,0.5725887321964441
ACH-002467,-0.26265676239800445,-0.18013706353212108,-0.0017741113783812379,0.31559557362489754,0.40172382955624214,0.03844631565507364,-0.12173195793227914,-0.9417981882739659,-0.960384878488812,0.07977850626527756,1.1337039349183708,-0.2592839301494808,0.7555413798363657,0.5874162163684564
ACH-002470,0.41591814540810434,0.28801219003316436,0.25933704263800317,0.36986190202497415,0.32190944028118007,-0.10692667411935802,0.8184931200749831,0.07613939217515547,0.5069509581390472,-0.20471294728653577,-0.417467253535696,-0.11790608463882456,-0.7762968629946754,-0.335401025962203
ACH-002471,0.5232319419483206,1.0649461983284507,0.6370681380422165,0.4341867159431442,0.6375556467637076,0.13234404476397194,1.053866971856782,0.4126775184850198,-0.42964708950419017,0.12312370375511594,-0.1105531826575269,0.5038022209205026,-0.5189773827391717,0.4575846742532024
ACH-002475,1.192616955698284,2.081992658598893,1.2487048480965568,1.8737431919086969,1.7035699345763424,1.3593715911557829,1.1840573303571265,0.43652871759794526,0.7123492925762418,0.6708436999181828,0.898923099718917,0.2939554575711742,1.1239613735245881,0.5470529858334895
ACH-002478,0.8371621873658421,0.3683779788639553,0.8829886846213221,0.2905534615694719,0.6745475207827802,0.15936832409296192,1.1212672461162931,0.05364794489965735,0.597546948804565,-0.09586748031483483,-0.41466126791037955,-0.7140374380700294,0.21995330993910686,-0.3994364691286816
ACH-002485,-0.35081953231467433,-0.17304854473709547,-0.28542204659129444,-0.5420873530178825,0.2273730839822583,-0.35335693089346887,0.040942893611125186,0.0007900337188237183,-0.3482606543233401,0.36820053600583585,-0.5901333417710907,-0.31881669458653705,0.19156068309544144,-0.5180787953494734
ACH-002486,0.26940964068953166,0.564534009227886,0.9631393431908519,0.5120759977867415,0.7023178637631964,0.28285500805207126,0.7064791708839502,-0.0981510633398244,0.14763911698799909,0.3993447505627529,0.29441063729595796,0.16966211700230627,0.34763093808305146,0.8060962330829327
ACH-002490,0.5581863223456767,0.4962442936746999,1.1525967513516782,0.7033789839916658,0.7541742403928807,0.35665579467940384,0.33171328813820267,-0.4343573561191985,-0.06247181265160284,0.9013067531177774,-0.0022089952128311052,-0.4612384079776074,1.1665532951550959,0.9067446365886453
ACH-002499,1.0062503154470075,0.3574577404229646,0.35950382691417154,0.41388155629115075,-0.3634309394224102,0.28338858530279404,0.8568894464024469,0.7071422579640095,0.6792959856232987,0.9624547483350091,0.4117254297156551,-0.020792867089138203,1.3420086390888162,1.0592420070976136
ACH-002500,-0.7741512514353726,-0.11740777498264238,-0.039130637317099926,-0.12198470347101914,-0.13306224824386953,-0.314175984641841,0.121625699347793,0.3979737433873598,-0.19162906483985548,0.42903140387509026,-1.0642745807220202,-0.6074839615167144,0.31195422343822765,-0.11017602061977427
ACH-002508,-0.1315842644117991,-0.14078578485556825,-0.3372093710964494,-1.0458461096641476,-0.3745559348614643,-0.8370238407366211,0.11384441986343985,-0.9184920229896484,-0.9460181231595381,-0.9502722178833521,-0.06935254850965789,-0.8345730935458713,-0.14650856117538824,-0.29499894015417694
ACH-002510,0.940156813423098,1.4854559029645107,0.6717574700608477,0.6415385046998958,0.8246557696592062,0.21760580374444552,0.6446454250881554,-0.6927567626119614,-0.22536245888249323,-0.13767041878452888,0.9607267023982796,-0.19129509116332294,0.40310195260206405,-0.10523399195496047
ACH-002511,-0.3095536445625111,-0.37470565224423824,-0.34651694876151695,-0.6728645227140694,0.27711493902384193,-0.29304874095916783,-0.3871325217638279,-1.037857604459441,-0.8618324121488053,0.10408902833828813,-0.06225788643266135,-0.27791146906519926,0.898581649140781,0.27599624151876445
ACH-002512,0.7688749548464743,0.714671591956981,0.7406319673614834,0.5495447676319215,0.18736602962546794,0.49826564355711667,0.9242932067381042,-0.13480127573395023,0.44551296185433187,-0.049064667200439824,0.7969881070727447,-0.198984233380983,0.948080757815255,-0.18695599639589497
ACH-002522,-0.7206021958630826,-0.12523114538765479,-0.025818482685126265,0.06164822364901479,0.3154743794258743,0.1914021361098984,-0.41643949299644845,-1.4908376964109626,-1.2415581393635695,-0.02891782689034754,0.6400383922274604,-0.47424867022726164,-0.19434587384393914,-0.1027174821222673
ACH-002523,0.37326275953258914,-0.08261421720874149,0.3543400024096016,-0.12766016602937547,0.033774120632190194,0.12707741200099779,-0.18491801119192391,-0.45897029421288066,-0.22478157525865405,0.7037635180673464,0.539929664232402,-0.03506183129778706,0.871498221315324,0.7650592921562633
ACH-002524,-0.16808415668875543,0.5654048599821453,0.16557394655053762,-0.24660265242419738,0.004980290230955427,-0.47908858184929554,0.07357426144030382,-0.827540918750156,-0.9420014102693262,-0.12682829585719804,-0.16006185701980916,-0.3086112296142749,-0.1752819711367506,0.17202084333474818
ACH-002526,0.6492468718959797,1.330692392668281,1.3846129884731226,0.013179086234238357,0.1057268349324425,-0.21942387701810245,0.5691215842139126,-0.6857529573436514,-0.330541850908031,-0.6616805382015674,-0.0750036973356241,-0.1906105375710213,0.6564769959108128,-0.35930260640241746
ACH-002528,-0.7769888183406658,-1.6123178195743197,-0.5902546247858693,-0.031070728193978416,-0.03947934970296242,-0.049375545371034404,-0.5690560617725664,-1.366121437498354,-0.9496834822972011,-0.7649072346634928,0.4892592955589549,-0.6115719136018058,0.3690627989761269,-0.3384388623257134
ACH-002531,-0.7003528392113038,-0.2873565867943886,-0.3998286800365548,-0.31534885030126963,-0.4819020528870177,-0.30681434937681384,0.23165985671538225,-1.0847664219407869,-0.4856427589435073,-0.7237111158804336,0.5461918160382259,-0.5178920297204348,0.3472628566360426,0.04447136048086292
ACH-002533,-0.9946714288604941,0.7241285990568791,0.8766327750134773,0.6143695289872962,0.9335553120783366,0.3940504728916078,0.5431378942955529,-0.5585095919827304,-0.3588750390072162,-0.47599683660507885,0.6051100170424335,-0.23121733952499202,0.5881330015536474,0.32057749839303495
ACH-002535,0.11172212330759629,0.12298523047137025,0.2737588443565778,-0.7282995788366838,0.058746010525783376,-0.16969437100420284,0.39490719243864114,-0.3618273363021366,0.03478434945099254,-0.5679779945115323,-0.41038833066190916,-0.6121884460172742,0.8744462205186215,-0.9503788852275203
ACH-002538,-0.27306207592112736,0.7102902937823241,0.3689977752438896,-0.284143746337906,0.30897438964169543,-0.2118033337737193,0.6873682064490858,-0.469880277798983,-0.1730091446970033,-0.49712469387180713,-0.268427028203115,-0.157609779553977,0.013679351254062486,-0.4647508421906905
ACH-002544,-0.0579144540175818,0.2871092180828304,0.19660888925630918,0.13636407850009774,0.7795319102223006,0.637769283396083,0.8375763209651833,-0.1918144288795523,-0.3344378033945825,-0.10568312731069322,-0.23389750377377125,-0.7750983608260164,-0.032412198470708996,0.7965699359621015
ACH-002647,0.5197316387866111,1.1577618612816734,-0.07700463722515863,0.3862661820848411,0.44257382784724075,0.028500248490004376,-0.10409001453210426,-1.237617826397972,-0.7562558133782121,-0.323413622769807,1.2086319472589553,-0.08988689896294319,0.2898673715919821,-0.11975190874986283
ACH-002650,0.5929052979376706,-0.06084271236580051,0.3379253029595005,-0.522481103265805,0.16760641627623707,-0.3561356318817078,0.4045608472995835,-0.4565059753360019,0.08524386393645852,0.0929188923078334,0.036777503208906104,-0.31561614805457555,1.0825441955385173,-0.1348615403324959
ACH-002654,0.5955092912742914,1.1281631360124724,1.0271982522571053,0.5299773173172119,0.15020336951211286,0.380821683927555,0.9515729254711245,-0.12162887885929585,0.4353463739580649,-0.3373982943083735,0.6069731979351237,-0.14631511674016967,0.14813283979986266,0.08089590079114006
ACH-002659,-0.7655886042217266,0.4206135038647729,0.10949867689262255,0.24216504393653338,0.43206860877159425,0.05956666888732855,0.23622544299468973,-1.2195074970888675,-0.36763332737153376,-0.6488072494661264,0.040730846575819435,-0.4825600194150138,-0.20928144460789885,-0.21189095884200496
ACH-002660,0.4607037945579572,0.6669325073465976,0.5302223998383022,-0.38486682969236913,-0.2374480493158732,-0.07024319681795418,0.5108829034695621,-0.6685071488502485,0.1092249270697799,-0.8649628335244487,-0.15026863666954438,-0.9316092994844007,-0.21657464015264866,-0.2124958587596034
ACH-002662,0.6337727511360401,1.2040489501727676,1.0604134667383651,0.34112955852916604,0.5931592311990852,-0.07043016720286736,1.1010700653037646,-0.5218288922100197,-0.015276614801745858,-0.649968885798209,0.23375608810307322,-0.5595630956307646,-0.6418541398996859,-0.9422863188203546
ACH-002664,-0.09011266652417083,0.647668634793064,0.31752537375973633,0.6462856052582052,0.4827249563321644,0.5382975966687605,0.5842570955103424,-0.3776339455322567,-0.2112628114081919,0.12934246039822483,-0.14585738669371717,-0.4314089256966577,0.05356206213890852,0.24491120390369298
ACH-002669,0.12559241123784007,0.5122234605132995,0.17003510677325787,-0.26140409668852715,0.04534360241005761,-0.07376222220507649,0.8330460472191135,-0.23645605096785682,-0.1570844679627984,-0.05345505999347562,0.01236476419997154,-0.542761853977763,-0.07730151585793611,-0.4854196607511896
ACH-002672,0.2812037363339579,1.1545652144910188,0.7202121972595464,-0.20934285916400514,0.8114706835442059,0.08895402609268753,0.5182785280230026,-1.0124638308355907,-0.8868086290931022,-0.13470365670627882,0.8250861882778597,0.10447179861701641,0.15940319932626257,0.25830980388904157
ACH-002677,-1.9592823794974323,-0.5930437383154712,-0.5385097872729713,-0.8525568273437578,0.18826484544291294,-0.4357760793203854,-0.45393425991906233,-0.6304805791735129,-1.1104253601073921,-0.12598208399193062,-1.5183497897221736,-1.8133443507173075,-0.8372432592165434,-0.9260940732554727
ACH-002678,-0.18331213898627952,0.541852180934919,0.16999384295400838,0.7496989625958306,0.858766239068274,0.1304985984931064,1.0964187262603569,0.9097433630724915,0.22558596967371158,0.19314685581594482,-0.287756984193438,-0.9385980736722522,-0.4694959614841864,-0.5346233176361173
ACH-002680,0.2158552076426222,0.31411856514093417,0.23841947015949738,0.42261728357713174,0.443764629850032,0.34742579289736625,-0.04948016933856936,-0.867621243864358,-0.7032743782651939,-0.2706160769688385,0.7078546543616258,-0.14637843390501354,0.4328483755902244,0.0945499347477618
ACH-002681,0.35162596939115076,-0.640065589844027,0.14212703803266888,-0.8691906281483917,-0.4711889162946334,-1.0061333168890492,-0.6848882858291321,-1.7635093244429465,-1.1243062233722525,-0.8257505439514593,0.08663647746656461,-1.2080072365832875,-0.43885238993645886,-0.7366302091930388
ACH-002687,-0.05551941198783575,-0.25742803720372437,-0.14283018132086564,-0.9387606442515282,-0.037793038473638074,-0.43408121708785896,-0.5143101622386939,-1.1175021541794667,-0.7545362256752841,-0.29979428384180795,0.14942100634824684,-0.38537476719196756,0.48479284981851867,-0.004754480377164472
ACH-002688,0.7612932658874378,1.2556453305536555,0.9969039808800506,0.6054065884101136,0.21515177988795695,-0.07049865914583253,0.4973223912922251,-1.1145362272220813,-0.28632990664656166,-0.10304420704545122,0.3327693310186077,-0.19097894402757287,0.8683724675800292,-0.3018298363476344
ACH-002690,0.168417771817639,0.5909498830225899,0.43251348593041183,0.1907378149439973,0.4281344409455786,0.1849877316977703,0.418101793735028,-0.5965542385240248,-0.5642249247060167,-0.08314295535647039,0.8393525255600597,-0.32954832397334044,0.4466736796909964,0.6930584367534172
ACH-002693,-0.8664816577569725,0.47881881495197487,-0.29823832879186607,-0.48165709122618355,0.6654624444318891,0.04925450866477471,-0.2938339750630839,-0.8001246610072629,-0.9291444093429976,-0.14526780993103933,-0.44800584630330875,-1.4987697389346473,-0.3982907751219793,-0.19244404002694981
ACH-002705,-1.0463868648769736,-0.9990387130983708,-0.6359806297274704,-0.45363490279897634,0.10276475370427715,-0.17272532687371095,-0.07275483650608228,-0.4306705073183409,-1.0556679904231294,0.15656635039908076,0.8953071484911841,-0.3972918448377674,-0.1679905204289463,0.0657243682919448
ACH-002706,0.2068645653878151,0.004415268348065493,0.38868178139461246,0.023957446727278443,0.791241018958261,0.6261105628577625,0.3368169847664638,0.17906409093729048,0.09704690054074715,0.8987521907199045,1.0556717091344132,-0.30798341107416816,0.5865866910226034,0.17830522579410557
ACH-002708,0.16201087311947124,0.9303653776929676,0.5383002386341793,0.18218545013040996,0.33559154800401514,-0.11526540692896059,0.13572689040660485,-0.9567227172371393,-0.5429483113813581,0.02933957624458727,0.9783581812550814,-0.2923276675918488,0.34778283863905013,-0.03192104082631153
ACH-002709,-0.3096443025762316,0.5042125765076584,-0.06537112389501254,-0.2977343261499521,0.39597740164183426,-0.038398977467858086,-0.0897465189689034,-0.40532765850953734,-0.26482720548439154,-0.46924666176603064,-0.7307314104231462,-0.6985671696875357,-0.02619907709220999,-1.0122810916949767
ACH-002710,0.28636435560606693,0.29152647855181024,0.6047651653141458,-0.27370907856281,0.4664203726802101,0.1529156625050892,-0.10104253171773747,-1.237817412136075,-0.9456099464182675,0.00940231842959456,0.4746384605834531,0.1329641526459172,-0.029488762984340045,0.34575094822275293
ACH-002711,-0.0007432801411635104,-0.22933849481924992,0.02361321436016818,-0.5315314170529896,-0.05268803918209883,-0.20563405290533243,-0.3915189220840423,-0.7991916473538749,-0.45724784327928475,-0.3066071447450459,0.6200105717065424,-0.4616720944311802,0.2918248976017912,-0.01602608351727576
ACH-002778,-0.7271118611410713,-0.6610193550814345,-0.20848787927129794,-1.3637303280043847,-0.8362328522861757,-0.9936098432985507,-0.6721922839437448,-1.335592191121177,-1.682425205166571,-1.3669573295852768,-0.6603571858095219,-1.0102976722307302,-1.552598944758018,-1.3515177297274488
ACH-002780,0.25248335421719864,0.9528182517406971,0.12873070416526783,0.020293705163263842,0.640878033892869,0.11999128769468198,0.11793552414108699,-0.24822945337364966,-0.6688034794633848,0.032596808936455834,-0.22788027296853758,-0.1332991590911509,0.7088490741038517,0.122034152719103
ACH-002782,0.34793871959109945,0.05464272691761901,0.058226755603715374,0.5738502891186696,0.5899373279753539,0.18766583825977964,-0.1562114559704914,-0.8110268059159739,-0.31496086737309414,-0.15239251334856044,0.43733429553822994,-0.12437106382717059,0.13838272509951924,-0.016699594007779206
ACH-002784,0.5882787207590305,-0.20288777082421633,0.2934808648376751,0.7011070798824452,-0.23098583380877888,0.073158851750809,0.07178061310041006,-0.2757588445612696,-0.2037410828575035,0.4051379559025036,0.4548564146287201,0.3421340486704231,0.4123215070670955,0.6380616912599313
ACH-002785,0.016719939401786066,1.0188346836590267,0.886244922530621,-0.1630952485188893,-0.07882126082423671,0.11157303944142555,0.1535069648203335,-0.525139325292049,-0.6129968583749077,0.13090466005627782,-0.12612590534424284,0.35622570535806486,0.6411899629846268,-0.2773026067095561
ACH-002792,0.8202754799338947,0.8100386694746015,1.1416805213402557,0.7538927449342719,0.5285860693075672,0.6630108766330358,0.24017768781862137,-0.11887663753443313,0.3290865839020589,0.7419471767910926,0.8549524694707344,0.7606635822853063,1.209271866793463,0.02419835295628714
ACH-002799,0.9716701234819876,1.3152240472124352,1.6497788593595195,0.06539594322691386,0.6958579948348522,0.5725592192962418,0.4681504583098806,-0.4672520460470979,-0.3634860744357041,0.5938116105493279,0.36770774302389364,0.33114297925934183,0.06960925458000318,-0.004887231516607415
ACH-002800,-0.02174021062034634,0.8470571626977176,0.06209846519781101,0.3351773415020674,0.41471470124522103,0.3470834017943466,-0.25493351823661714,-1.5767962073342365,-1.150759146421175,-0.07414650205710327,0.44043170601437626,-0.8658343288130015,0.2997622074927577,-0.08585725186923528
ACH-002801,0.3230037906020032,0.03707029874195068,-0.18523858887616562,-0.2769025125245138,0.20322245455984972,-0.2432972658005098,-0.046475317188962986,-0.6751763106470761,-0.15151202448986273,0.25234766530335606,0.1236578670516994,-0.45568309438350396,0.2059228147837875,1.0266578152062542
ACH-002806,0.7113636770849322,0.221200698971163,1.0390542203460567,0.08740928805163709,-0.44878216730361487,-0.2520682231610678,-0.05516637233628988,-0.227964348975906,0.4315007264291596,0.6022364663031364,0.29903174449029296,-0.41515458712458053,1.117200280167006,0.029501504739528422
ACH-002834,-0.4890381554052136,-0.5726980067057954,-0.23806688361083622,-0.33678488760356273,0.30399490868023354,0.325427698122002,-0.0848968196548533,-0.754179416587355,-0.8759902178773419,0.8423082002632205,0.1179132625777025,-0.39035514880735567,1.384136356674484,0.6970081093902387
ACH-002847,0.14645474664609895,0.2158942631944751,0.21178806036461373,-0.38560960282701245,-0.3237950287646166,-0.15223541583619427,0.07273601433219898,-0.6363695025951044,-0.245996339046118,0.3604830340878016,0.19340123767531964,-0.05176327488628897,0.8713337980795703,0.7223942018717724
ACH-002922,-0.5415989480865183,-1.2832139763290606,-0.37795180707872933,-1.1973111165854033,-0.5136304599099935,-0.47786599493163673,-0.6323393044978414,-1.2840189566647733,-0.94474133734666,-0.7640553890997211,-0.6466166403315767,-0.9473938478871287,-0.18880072515158103,-1.1620322482313872
ACH-002923,0.767302484544256,-0.08873183147128738,0.352300830067166,-0.5946238625695595,-0.6654578515962545,-0.7830567426865261,0.28031963944793675,-0.9081680578046056,-0.18776856212033682,-1.1439965257069096,-0.6562025555488961,-1.5478332276222209,-0.86332219245001,-1.1484653178666075
ACH-002925,0.07638487395163429,-0.09074892045373172,0.04158702541638215,-1.492993218009521,-0.18489842467791068,-0.5521796774901327,-0.5134382035245595,-0.7501138440814146,-0.3641391204180949,-0.8667243494262205,-0.4010444978748403,-0.8655955800993065,-0.4347104450664873,-1.1095722298504918
ACH-002926,0.6704504767106717,0.8377546304372097,0.6055822307410942,0.26624329344360503,0.5660814534584286,0.11216468649573816,0.07412777204286344,-0.45662732001049444,0.0770205820600518,0.4996855346538727,0.5626509745474935,0.18825584213445495,0.787100980031445,0.37094031078791423
ACH-002928,0.22452788996959033,0.23673490644734196,0.743202482665819,0.8252367147766961,0.6386109014793702,-0.06531774171930307,0.26709225403619063,-0.3858534664156105,-0.5580648831095445,0.11228383369813924,0.3431335592928417,-0.7330644603948678,0.30244894883651313,0.17042195493377876
ACH-003012,-0.7222086465291672,-0.4684185252579755,-0.40494139962174447,-0.6198172069811789,-0.4000441673078314,0.019954612952128747,-0.6965958182753165,0.41429802587051806,-0.45181928878009425,-0.20473911323592014,0.11035728297857811,-0.8801414790495692,-0.5056676288771662,-0.48827492893273855
ACH-003064,-0.8850332879276616,-0.609169014461812,-0.5150083941379328,0.2012636934064153,0.6439427096564687,0.2034408940836289,-0.44534618175779966,-1.5743697985344176,-1.3362017425511983,-0.2831189241119142,0.6527062664196709,-0.572768191602619,0.10460584564119219,0.38576014179040674
ACH-003065,-0.8153085169695825,-0.38379028738408943,-0.2505693299693412,-0.11956814349795222,1.1693634407734295,0.31742971239984347,-0.6550160470420504,-0.9884438927456951,-1.0016650884419267,0.7619734453325535,0.16709456057879327,-1.0676315675299728,0.4870905054598136,0.34234634112202617
ACH-003171,-0.09306672107387873,0.31759642264877896,-0.041705156896512885,-0.04123222663983378,-0.340551312861031,-0.6195990770975859,-0.7535220655846591,-1.4984775847842091,-0.37621626800089586,-0.4459245655256026,0.2630068588280253,-0.03818147234609659,0.22849887855061735,-0.7264098008174711
ACH-003176,-1.087404586393548,-0.42751487014499223,-0.7183111028611537,-0.9386338521993537,-0.9100007243609667,-0.2987937515295195,0.039708239691716496,-0.7733289229236955,-0.6066646139404148,-1.1906774126723447,-0.24519186790472808,-0.9788560368191459,-0.47663338849836806,-0.8953768637714726
ACH-003177,-0.22149264744834796,-0.28772261736304383,0.19312190755552508,-0.5648061281852021,-0.8983508518704497,-0.639079939394146,-0.5912090400945733,-1.7024916303564677,-1.183164694442752,-0.8961909264752084,-0.29142172347671214,-0.8927706606425188,-0.7383227601200177,-0.7462916014539605
ACH-003178,0.9605259882859049,0.8485617672275567,1.2797928220465484,0.40746328179283975,-0.10201030406123968,-0.4696387833470254,0.4121016965006575,-0.832606868521515,-0.07114107940846277,-0.5949328027614806,0.31776110672648383,0.038850336132294494,0.5047557342429501,-1.2010274847712994
ACH-003180,0.6117742790490439,0.1926576034837148,0.3417695777358718,-0.09748943769499002,0.3075862642810744,-0.08308585280260916,0.4727173669795098,-1.2708376029321284,-0.2050500403372352,-1.0248643902968728,0.47655522491945523,-0.6215103260707403,0.0077891250730669805,-0.4392623336796183
ACH-003184,-0.5909932755062299,-0.814785409387707,0.2825343902919025,-1.3663468430575891,-0.70641031295384,-1.39996407243105,-0.9272380744290208,-2.4668569432202174,-1.9731170936263063,-1.146363334431078,-0.7093039015022786,-1.3315815444672285,-0.924989033624377,-1.0070900630663828
ACH-003185,1.3848888054838215,0.17753013996217,1.3916679186612555,-0.35118135819201346,0.0104756696087282,-0.2575090825867816,0.3011469993197667,-0.747624549668658,-0.4534841507431365,-0.1960032625276542,-0.01054585705322493,-0.13237474124604276,-0.09101778448360645,-0.7031892040957324
ACH-003186,-2.7715298230325405,-2.721899940153221,-2.155674591109802,-3.0566413121835665,-2.1364616267060135,-2.6547277876980084,-2.2775639005992225,-2.9488634876067015,-2.4267418845261144,-2.528247283471419,-1.8877931729016173,-2.868566531307846,-2.0368692442149934,-2.209435166926323
ACH-003189,-0.14604937688033642,-0.21853204643145102,-0.3843756347529875,-1.0509301355364988,-0.7173510776689165,-1.0118491778988692,-0.14253512531593604,-2.193126785971701,-1.2313943799910132,-0.8952152659193304,-0.2824213758799717,-2.1534574328171794,-0.6635559811751897,-1.3954421704092093
ACH-003190,-0.6354999020263566,-1.0710642833478259,-0.7040249389364547,-1.6819040585272824,-1.1369580297993136,-1.2529949224581227,-1.1033229300807477,-2.0246933211884572,-1.512178000340655,-0.8352110523952694,-0.8082691227172192,-0.9344210790418875,-1.0170048562080094,-0.8598065368721022
ACH-003191,0.44682613495332413,0.11787193740524773,-0.06424996672447215,-0.8425719089040629,-0.8088000127919754,-0.5972991249985006,-0.554741399357041,-2.111449575164164,-1.3123115717207288,-0.930159085021752,-0.19433584975139337,-0.9201587890356484,-0.47644577369488267,-0.3686060044095595
ACH-003273,-0.9975529898633584,0.22384631297821544,-0.1245455353390999,-0.3842304490883547,0.5043629243773861,0.4580763099645311,0.23649755266694944,0.012842539676450881,-0.043650274160544345,-0.28820865775424337,-0.8045539088149298,-0.8183782665781705,0.9897866111847229,-0.9741826518995179
ACH-003410,-1.41610580269834,-1.5966245075287504,-0.9330522021871525,-1.0828940248545678,-1.3380703595586096,-1.42675240827357,-1.7259305349399507,-2.3986522234000973,-1.6248891108912464,-1.0429479989075372,-1.3596838197733216,-1.9312917582527223,-1.104811345666423,-1.7629473372914581
ACH-003573,0.17163443382105298,0.6289981773634221,0.8797564983254953,1.196527802277013,0.5372738714260159,0.6269409760534301,1.031093661295469,-0.32909117396267,-0.4162199496109886,0.12538214611263174,0.5215634480232856,0.3370119198034969,0.3640472798766495,0.06689015413424523
ACH-003587,0.24966940026643422,0.17838260712277318,0.6753965833310833,0.3893373415449033,-0.04159298875520856,0.2915158925538841,0.5164209077616684,-0.6745041492538743,-0.2775790028710332,0.13413058641349437,0.24659282567653357,0.02847088640802714,-0.0971310221105414,0.2949164784171729
ACH-003590,-0.23761637356074228,0.25723548484342273,-0.013017863964800647,0.16818172194165237,-0.02233865028998938,0.1229302928716936,0.03934156461061242,-0.01050454924349395,-0.3991043303916789,-0.26026492994706796,-0.41275694183661005,-1.0088315194590076,-0.30377245030315353,-0.7346123280895589
