,OXPHOS_CI,OXPHOS_CII_CIII,OXPHOS_CIV_CV,TCA_PYRUVATE,FAO_LIPID,AA_COFACTOR,MITO_RIBOSOME,mtDNA_RNA,PROTEIN_IMPORT,TRANSPORT,REDOX_DETOX,MITO_DYNAMICS,CELL_DEATH,SIGNALING
ACH-000001,0.7820855613132323,-0.7697778543433372,1.6790883293475996,-1.3182035058724897,-0.9908195362911321,0.3642110410501675,-0.7220671437656471,1.7258802911177582,0.0719850936506007,1.2042404748599862,-0.6469132199307621,0.5802522571774352,1.821332933803105,-0.9121907438022119
ACH-000004,0.563910963460964,-0.38699599743344165,-0.4396579828479344,-1.354174632427007,2.506095140866875,0.3104079089039386,0.4221562755860655,0.8349407370310086,0.5247232892615822,-0.6447292391731112,-0.32735245700098464,0.9849645443566749,-0.7103911542262841,-0.5000779955916699
ACH-000005,-0.23563492392662755,-0.7244717222724518,-0.5039347905845811,-1.2354288984283768,1.219000559861291,0.12767820738649763,1.7284753916670186,1.7823408755143695,-0.5948900125892538,0.15316677592629405,0.8791283947342318,1.981892342556979,-0.7108132405665087,-0.2494791554636767
ACH-000007,-0.9485293054079035,1.0610301532876312,1.197012860992676,1.2264218699849672,0.5994502420181473,-0.038462204429422074,0.2404661021981964,0.7830340455976773,-2.143303113384301,0.4537764211155207,-0.10241182606408142,-0.9451686663542641,-0.3871079967252379,-0.4252978898939802
ACH-000009,0.023837802632684105,-0.17901754911625195,-2.4218588657817333,0.4009109986122176,-0.46322153228473667,1.1521498734507156,0.8831742719947888,0.5459459518452852,2.2130653686712156,-0.36946769273384866,0.45446090123884025,0.33728162916261856,-0.7887114802006031,0.2867694029717455
ACH-000011,0.9291913741145178,-1.736129590763338,1.1977912691639836,0.1421630069634984,-0.3996932889650956,0.5993720381958951,-0.05251096598471266,-0.7589715814123053,0.03705712338787295,-0.44944107140132733,0.7285276656515982,0.7854947582270488,-1.328833631164676,-0.20487287634951168
ACH-000012,-0.3441110884833773,-1.1791611717314652,0.4485412644659176,0.6257291831262303,0.15011972879361474,-2.210128610317135,1.884380777826027,0.22603899101576136,0.007642671949857002,-0.917359061901626,-0.0042837199147629955,-1.1392014864337816,0.10594362087605329,0.27887431306962285
ACH-000013,0.6303242766640043,-0.5402196439842545,1.625541220319174,-0.701566092899765,-0.7620939061914571,-1.0823413353752558,-1.9783208772309187,0.6862339260409366,0.32060513147029535,1.6190785069316647,0.38929702030979124,-0.7144460437153791,0.14307102569941316,0.1983379008965572
ACH-000014,0.25408462698091405,0.0003589877894756399,0.5845390418108982,0.4684079041296206,0.28815435334447087,-0.21612058288440103,-1.2715843462387197,1.7435296699888883,0.5332320801869063,0.3213035383250817,0.6657400275489121,-0.1430628637754432,0.7021307353357703,-0.9426155543743235
ACH-000015,-0.47026740498157765,-0.9663150873244186,2.7887097398481533,0.5679312899598288,1.3838920375450814,-0.28940866307875135,0.30635920208536876,1.8206466705091569,-0.2078980681899295,0.31538778490620406,-0.22750810981337924,-0.799142355669044,-0.3275615929964211,-0.21062235431763968
ACH-000017,0.4885178876052765,0.7660227029598303,0.24231325630793368,1.441799161397383,-0.45762887988225126,-0.22611740790731932,0.8949134455746316,-0.6147485868724634,0.40300607021888857,0.09829342130489056,0.12754690619996387,-0.9170279311379579,-0.41452629940165964,0.16728740624578825
ACH-000018,-0.6853779399082415,0.13289420982371336,-1.4830515551145567,1.0216338913898417,-0.6345432375023231,-0.4735722318213961,0.3587874565546871,-0.5790330917126908,1.0305557991895584,1.6615191446681172,-0.14006955968067236,-0.15586294216446253,-0.12161268983520189,0.9646726039970549
ACH-000019,-0.25084014042257835,-0.29681510155498303,1.70424963616446,0.7535887469822566,-0.48895358941232075,0.4020690676893066,0.9741230375979869,-0.1773941164173634,-0.9165244563261556,1.353176536078551,-0.22112460828290148,0.07211750795364077,-0.19412314565993186,-0.5815073861574706
ACH-000021,-1.4538622774147063,1.957131285850031,2.3999688536323385,-2.0297496365084133,0.44378368270307444,-0.24279205462080566,2.5069900562062593,-1.4760425988855943,-1.6630323432484686,-0.013667837613355844,-1.2161416650684627,-0.03230210022918175,0.6342699832637052,-1.2396377108904721
ACH-000022,-0.25297697291115395,0.6941740313255558,0.6832171741357889,1.851725412406078,1.328656574302196,1.091609610115612,-0.588425466332057,-0.18417439655184287,-0.1401099387108012,-0.6919342490629689,-0.25128499667915744,-1.410618402685011,-2.074607694266219,0.7080779550346138
ACH-000023,-1.5447734435123932,1.7707468223251197,-1.3725934402677864,1.2865084980691006,-2.558844007904883,1.7263184900623034,0.6017714931046896,0.5745676041597936,0.658737503481108,0.6640295507212329,-1.4051460539819978,0.4972797347099881,-0.8197350987593562,0.5090593344936741
ACH-000024,-0.31362720283865375,1.673447625019999,0.9412285445036339,-0.38235268724254734,-0.03914003646843403,0.6432788805078946,-1.2907685726446032,-2.130659378259352,2.144852181524962,0.7437788413469687,0.1169310136092991,-1.1537121101406351,-0.7683323006373762,0.1850699929569566
ACH-000025,-0.25114601845830653,1.1819611732536777,-1.049436767196881,0.10509461728189967,-2.1823589264238215,-0.5631460508499394,1.9940240807677636,0.7247816652882721,-1.1842573946896042,0.3216109871386802,-0.03857282711455555,-0.23636484451981393,-0.29134397173072474,-0.41290066804923825
ACH-000026,-1.2297647293369027,-0.8604886586539511,1.1123015530439635,0.7312708787917279,-1.3374790354236112,0.8873635016423845,0.9117280428808925,0.38732065164563934,0.05976820239223079,0.16449856346204547,0.20073917120848636,0.7858389278304875,-0.6312137708346968,0.030865510431879916
ACH-000028,-0.743752070570442,-1.7537453008739639,1.9012900153627268,1.0380744884483892,0.1529076233339612,0.4143582958538401,1.0978555631833677,0.01452276803138035,-0.560833235042571,0.4211739949885351,-0.1262325453958228,-0.11323618242590698,-0.054661523021079225,0.010483335992148757
ACH-000029,-0.04444988082211947,-0.8679866842253994,0.752100091153187,1.6710400766097024,0.7706052970106331,-0.3767593230357345,1.2501712811113774,-1.469839031353927,-1.501288605612609,0.15277998691790995,-0.047324332023755716,-1.0715235219789676,-0.47494721071685303,-0.48802113576195494
ACH-000030,-0.04838144360681647,-0.515963512840296,0.09273266956987786,1.091277893703158,1.797173801142392,-0.5214933932207043,-0.8302336222847762,-0.6785197297589877,1.2283565777868928,-2.144069802709618,0.6977982404294287,-0.5022106552413574,-0.19988387080625217,0.4343772578908255
ACH-000035,-0.24652258646187464,0.9163514437306685,-0.172535786392019,1.080372236464896,0.6844475489601729,-0.24448417022054653,-0.12221121667075455,0.14182392785412215,-0.34096787722246824,-0.7647072278231517,-0.6758260511118764,-0.25174888636064335,1.9194729376024666,0.10794516883249151
ACH-000036,0.2914531353967705,-0.46957366631739905,0.7507254649382128,0.5485378602586011,0.4654108670123079,0.4864326007593271,-1.0791024678943049,-0.9705678998367524,-0.681351311107378,0.22071505215539897,-0.0891653008510525,0.8361976071330236,-0.33511008093866007,-1.106052535216314
ACH-000037,-1.6024377352997288,0.2646451747729717,0.10932855410347962,2.3476575524502064,-0.4528695660322944,-1.2030256757602975,0.11013855440921407,0.19489192200282626,0.45565191083262674,-0.5774936340517473,-1.4611818328459283,0.0275680284370642,0.9818414484634703,-0.4058121377647068
ACH-000039,2.0934993214103272,0.7103712458055501,-1.6435253827367764,0.28778949616986066,0.2943346905861983,-0.26138526193239126,0.5759119130709071,0.9946375647414835,1.0533868811413951,-0.5377452740941306,-1.9308482438877679,-0.32703801563600293,-0.34569467716824714,-0.5584591512096664
ACH-000040,0.2572402766328124,0.5957097069341415,-2.0443931681375394,0.042798997629652884,0.48640046784361113,0.00686628399107953,0.9117089720667477,0.6562456464040702,0.46325668857084046,-0.7576011368000664,-0.12654234672805764,0.5705682753852378,-0.8221084635674125,0.7694841253211296
ACH-000041,0.92252369313917,-0.6592068522472734,-0.8171106844841501,-0.703023905948959,1.500964648299645,1.372572911952964,0.5425858179627286,0.8737752052343919,0.45281249401717516,0.2454942399284306,0.2619723513791021,-0.4842292040727906,-0.26565069641972194,0.6285862780975822
ACH-000042,-0.47843143977284064,-2.28418105148047,-0.7391023180684674,-1.023323264240022,-0.912570654481967,0.34669047924999485,-1.1023572827646004,0.2516407948799003,-0.20143646041850594,-0.5287364051585998,-0.2438344027916916,-1.2260568143207622,-0.8190599296675977,-0.36910114624237395
ACH-000045,1.2865300863744207,1.7881108593790813,0.8834308571925604,-0.5526945602404203,0.1939001954281858,-0.0330546655642137,0.12126798263497023,0.5224907142305167,0.11935607509077295,-0.49883812669941113,-0.8066969174874783,-1.337442058788959,1.410866875525552,-0.7808628960687898
ACH-000048,0.42463115452167344,-0.26811453045843764,-0.7605348733828505,-1.6422000712280758,-0.2914783642614224,-0.11082388201295595,-0.05694640985855921,2.333451227379232,0.0491500811488175,1.064374011260923,1.535881726918957,-0.7642681895956467,-2.160720015432775,1.4745786952830022
ACH-000052,1.1327031706222153,0.2633811157395351,-0.1529679667445692,0.47813524822749387,1.0655387484792793,1.9480355990903224,-0.43389545643092803,0.4687843376332352,0.4352830019948012,-0.2147209774843844,0.17422120624773066,-0.5359198469774658,0.007195075666501471,1.0197987867252558
ACH-000053,0.173140821096116,0.23007795496093816,-0.4708035676627944,0.15267387443469285,1.7194313261977732,0.12527820386946983,-0.7327363576162286,-1.5058873305493534,1.6147433521224392,-1.3843984255807311,0.535230357996576,-0.48375009470014313,1.0010180143141765,0.23662807287967721
ACH-000054,-1.0429589160445252,0.5522477899316869,0.44539945615659116,0.9246431989475994,-0.6162645235868125,-1.3791362046569058,0.4818036744475487,1.1583270165910022,1.6013897290080716,-1.2195824720522759,0.11265818821479547,-0.45471210151655794,0.6464047580944824,0.07877313887552748
ACH-000055,-0.9205355646653042,-1.0006186425070094,-0.42300637671342356,-1.945357582994574,0.28284751733933167,0.7932944989102246,1.827761349737213,-0.31828694083303566,1.8881064036477937,0.5207852509157579,-0.476866245433906,-2.3370288610244687,-0.6408367965562136,-1.226059485143009
ACH-000060,1.2906167594402316,0.2287892537645889,0.1558053174335975,-0.19903381440897935,-2.2234931868081302,0.038503608943457335,-0.059298708801401034,1.255878402905569,0.6048245081958132,0.17962409921047537,-0.650177482800508,-0.2501950571303623,0.8546324019295524,0.32026220758662227
ACH-000067,0.697623088391806,-0.13175834472838546,-0.9797379938700106,1.24512703800009,0.07040764268605738,-0.9924435503256709,-0.8821726098189345,0.3488826254096962,-0.16767733685946037,1.6361796928962558,1.0303204715849519,0.31311813550807477,-0.23477339059876948,-1.1038493249100303
ACH-000070,0.1901450929446679,0.30178608855259786,-0.28175576471664204,0.5441567720671745,-0.9833598169807801,0.37824212263035056,-0.1693526263042451,-0.3311109533653143,0.729914914239321,0.5632061082400095,0.32777162651677866,-1.5221220823236157,-1.4095871035897505,-0.6364938023856725
ACH-000074,0.46790352361267806,0.13012819556886393,-1.2643121534486141,-1.0573667444124848,-0.0543181462795839,1.5282518416314088,1.8560617016961236,0.7829372529735531,-0.2972851057730297,-0.15563391071591556,0.4530173857629433,0.5721289910313859,-1.0636291536788516,-0.19124567809180537
ACH-000075,0.6841402782809279,-0.5475559664722596,0.44217689633604246,-0.5076712897011997,0.867945965777519,0.6464635865850384,0.5572226336504985,-0.23561246595029653,0.4745019842141864,-0.44371719724753117,0.37785478348917334,2.2106867579091896,-1.3564751679910763,-0.9390310645642932
ACH-000076,-0.46960734971255275,-1.5278910901706972,-1.9224974226656157,-0.678489514490359,-0.12162313361896321,1.5319226402627735,0.15243518959730448,-0.5519243014934069,1.544846939204603,-0.9430901295392714,-1.4713570098569548,-0.2448651854400549,0.6623896669236012,1.9956468498487847
ACH-000077,0.6226615010879304,-0.13586261772096617,-2.0428167813300018,-1.0852943301004732,1.2643469639009624,0.3775156683741657,1.1705153744124726,0.9249354025410074,1.243280584557365,-0.11914374092152485,2.2653559766776996,0.11751832841561873,-0.5429065769220205,-0.3906213665391137
ACH-000078,-1.8037602151600307,-0.457417912664935,-0.6846194558669386,0.593781757520925,1.1219486353070895,0.8284292779098891,-1.0463216300422586,-0.7633178973699593,1.0720984861189662,1.224013442292151,-0.4018589693968063,-1.4017974529748045,-0.8639398539238983,0.7321593457136659
ACH-000082,-0.3791140610169211,0.4541654032017642,-1.6819973458646307,0.3686690918012254,0.050086092875317394,-0.15496280009681493,0.3652421723724619,0.4007319792336726,1.558095056481813,-1.3812561063777893,0.05154398272973328,0.2116037457983347,-0.8128492027051769,0.8861552431993842
ACH-000085,0.08512960669986255,0.07338708518050481,0.030875658468722648,0.22668574517147888,0.003769458575582257,0.2994330266396419,0.7863073605429132,1.1560313703608962,-0.9519018571904145,-1.4308192134802558,-0.08895182704186674,0.04017553963050654,-0.8074456259868563,0.25696335045376106
ACH-000086,-0.20350662555018434,2.182680062607817,2.9069947851847022,-1.1786235810923076,-0.3283669199733025,-1.117610410040457,1.3879234186991534,-1.186916741341881,-0.7730222214780542,0.7084498574332782,-0.5608358021975722,-0.032926915104745665,-0.4761310586033507,-2.372208109030499
ACH-000087,0.9084479656414999,-0.9316695989966087,-0.5905262653511951,-0.4890806924112437,0.10436400913472532,1.7084614210465061,0.6489923404986493,0.9351983510450177,0.8976913466322848,0.23083682534721645,-0.3262574070610769,-0.8345140179360184,0.13354547027003788,0.6240568837000549
ACH-000090,1.3414817794678389,0.7378685741594003,0.2580548787697327,0.14828898728590983,-0.2357241541817747,-1.9440685343567612,0.3763529992066409,0.19054903618855645,0.5608865455614744,0.11001392628391275,-0.31492304770491186,-0.6839843566414767,-0.2513316111971093,-2.3664271588554553
ACH-000092,1.8329258464028655,-1.6363051683385286,-0.7119662714237659,1.486052766767669,0.26005981857004834,-0.5110472157746329,0.17575100619307724,0.8024437568514095,-0.171469125170365,-1.0966540044834505,0.018938120235844135,0.7515716303570266,0.30471914179243426,0.9813796500843015
ACH-000093,-1.173605858899966,-0.4438725876666858,1.1047059734601257,-1.1516078667960847,1.2196852921341192,-0.42436930138616324,-0.5764891553733128,0.6117273227969575,0.13013164614265693,0.9466092159978046,1.3496912660621432,-0.15994767084625636,0.6576084286106629,0.8787698785250125
ACH-000094,0.07264166133903624,-0.6614134330042561,0.9452968884175514,-0.44905877264118044,0.5730367886354105,-1.5518205978697395,-0.8599962698107169,0.4643066058698047,-0.03157917179461113,0.15265311929906203,1.9304366745291264,-1.2253764544821975,-0.1606750831510151,0.678367905188669
ACH-000095,-1.1324879117210007,-2.0536235090550115,-0.09716177146787676,-1.6493271359678738,-1.0235689969654338,1.3571835902661442,0.6496041827147425,-0.28813595987195634,0.09939674073502482,0.32503371087161564,-2.902585594215413,-1.4816381001272887,-0.11297701742783034,0.7124630571659637
ACH-000096,-0.10174104592695113,-0.7034397612687104,-0.26738040004693286,0.7533059411767294,-1.068838017333205,0.641779021387137,0.8378702120845342,1.400062456019126,1.9131915769740484,1.3147583373426346,-0.5901887360651296,-0.6384046322929341,0.8315376397217027,0.9448789534396509
ACH-000097,0.09817591674296518,-0.9806948273170043,1.586112519185051,-1.016267168744968,0.13155444126753263,2.1914128204567964,1.3360122576847941,-1.5630862685255977,0.5719266591950174,1.3366995589568866,-0.3381246691074292,0.17498688585052596,0.8192237819696858,-0.2800142439244996
ACH-000098,-1.2652114288936787,-0.5429341964732362,0.43059338105628114,1.1207002519807927,-2.0509233029572993,-2.0513617559278376,0.19312851823770827,0.9149963628466128,1.3168790523719311,0.22254335024476973,0.3761650567262776,0.27798092280877457,1.695336795788402,-0.5648150501948348
ACH-000099,-0.6791176184627058,0.6572012894576541,2.311289806678189,-0.2540610467754574,0.008544795666299098,1.1188582001968832,-1.072700605456972,-0.016540949585588778,0.3568489552195806,-0.2825997000138199,-2.244635229854199,-0.10182681536435852,0.9322445898394668,-0.08391453337722696
ACH-000100,-1.047545640306564,-1.0549215019135734,1.2653858087763934,-0.5839159110055545,0.9204240316222667,-0.3110805996573622,-0.3822698986976448,2.171946625503606,0.5905983265095711,-0.9804939725214674,-0.448575697784211,-0.9760568293973261,-0.4345342564715391,0.2570623076998595
ACH-000101,0.09003419047688895,0.41979066009796223,-0.37850409669057017,1.8323148531770301,-0.9974085398510629,2.1167226597998914,-1.6453361825782227,-0.27972553287335855,-1.1626849679879538,1.743452457099409,-1.6226585744556739,-0.12025860567352922,-0.1263609163449138,0.18863088107078435
ACH-000103,-0.3701958489634587,0.6408101985207081,2.2160778169110613,1.317823462389876,1.5129931942556618,1.168152982812259,-1.180440689137294,-0.13797435391609608,-0.6088551787944927,-0.1336332050672283,-1.553041735465041,-0.12086755801397059,-0.3057793633810981,-0.2603477360300909
ACH-000106,0.3509711111781266,-1.5555211277324656,0.687696647854554,0.20112318425355388,2.067264179734857,1.2662490814029048,0.2229660311272443,-1.8347164113945427,-0.4830063203821708,0.5694879556882033,-0.2745885620204638,0.7966780525584319,1.3241494995849816,-0.4471924980009844
ACH-000108,-0.5757515427654002,-1.3956759656037732,0.1257888270919184,0.08695116098985668,-0.13697583082517661,1.5289438446274066,0.7773329265033924,-1.6048650363350396,1.2131583526790901,0.3298382743044367,0.6965514906551156,0.6263887755145783,-0.04490389960549533,-0.7478221670005282
ACH-000111,0.34836507312290366,-0.46723853444303665,-1.3429886061489944,0.6834827584374292,-0.5755792574164703,-0.4893054657636715,-0.5832823262284479,-0.2111755602986077,0.3531247259830374,0.5339692367005973,-0.19783052514663874,-1.133631580340361,0.34214655155478657,1.7921255541823107
ACH-000113,-2.4527090671947853,-0.15475931384340136,0.6050593798652459,1.715729243374914,-0.8843367275155515,0.45228030906216193,0.7450955359931453,-1.3265815736289532,-0.2068904313104962,0.8101179171139625,1.0444495004515113,-0.7082813915875061,-0.42336446794681254,1.5361556415206958
ACH-000114,0.31373833990975153,-0.5689869130039301,-1.6805969787029198,-0.38020678458841767,0.6641465177395954,2.21127431993484,-1.5637426664603389,-0.9410676296413696,0.0037980076217990063,-0.5490274196968955,-0.6739483648396714,0.2835865539415784,0.3508183266255202,-0.6030375868718313
ACH-000115,-0.354053101714134,1.9684573910107077,0.12749700716569637,1.8203841152585023,-0.1161876483210159,-0.11784593756904985,0.5046640939718213,0.6166351785198831,-1.8658017704704197,0.5074879257439774,-1.0187159257956442,-0.3220563521526268,-0.16157999169136586,0.5396631273424816
ACH-000116,0.28458585507948514,-0.7998899204202915,0.5972063851614854,1.079276290504003,1.2839326736731338,1.2344238276993709,-0.13617250830515673,-0.7004122182869316,-0.21203304815471086,0.8309958932702866,-0.13908966442857337,0.6602813186811414,-0.4680437228827361,0.377106001815394
ACH-000118,1.9890150184696058,-1.5411886354499664,0.1805530032323262,-0.25653084324541375,-0.2974466421217013,0.16450745687855964,0.7242108561023927,0.13110336526286176,0.5395242994301864,-0.9868274628262245,-0.444116158747116,-0.31525724233101293,-0.8570551263184626,-0.9983686556664724
ACH-000120,0.003835306233078188,-1.4872670499607772,-1.5582233323944732,0.3653448785909935,0.5942477621570925,0.25332914021336167,1.6521260749428717,1.949381303739869,-0.5558433813717539,-0.4080579628265115,1.9342963462255094,-0.05905849660354927,0.4664535415439928,0.18376094873268575
ACH-000123,-0.5002443255906052,0.5472856167953889,0.15094598804990975,-0.849875969124527,0.10945810946483016,2.129474928051673,-0.890558790139162,0.4500537829212432,0.9825608035778233,-0.4596271960424536,-3.0838793836680742,0.2904745785442357,-0.3735420039916706,0.9622784189238013
ACH-000124,-1.9203958675436104,-1.6559966457771482,-0.7573617619630857,0.598143695993627,-1.1724463743798426,-0.49765453643832985,0.14051990971696335,-0.8164371166424945,1.3217401239531519,-0.7175681811611889,-0.9519679234215228,-2.0343465350750467,0.8423102990712711,2.019582345762914
ACH-000127,1.1276547016673382,0.14978835991177222,-1.3442268514967117,-1.018404823327444,0.5933389050719814,0.7047568542535526,0.8091789118771997,0.7200539384215371,-1.5316650234414289,1.3376455532988456,0.7540404885439067,-0.060423052737475155,0.5049098647973723,0.995686850113065
ACH-000128,0.4363040517985061,-1.0769748941042565,-0.3200180247576188,0.871250135702582,0.23861503426972183,0.8694641587147435,1.7075590854347187,1.0133020441718525,-3.2326706907409055,1.7601053253029775,0.34314501498577527,-0.8324951395111349,-1.4863827674767311,2.0555190574210345
ACH-000132,0.004876953839414176,0.6258740527914772,-0.23241404514835323,-0.40553285344383094,0.300418478588223,-0.579729363709602,-0.14740256358168188,-1.4918766404875738,-1.2228055798406883,3.004027351233636,-0.943218902835261,-1.8096433910328036,1.0921278523608082,0.6119741235422882
ACH-000133,-0.36771143023773684,-0.9995242564189378,-0.3650166305927647,-0.13210723806036082,-0.14090189214039753,0.20490671226159243,1.4373491547322856,-0.29275212914874826,-0.4865342221252412,1.1696232063587566,-0.5542643658897177,0.7920867799961409,0.41576133046850594,0.4613092389445109
ACH-000137,-2.757644016797318,0.9430673064889719,0.7534760871671,-0.6273660052453434,1.5769880177323419,1.9149541477825194,2.050827180424307,-0.13738677568715416,-0.9218788792301625,0.5040636599732475,-0.8113712391936971,0.2144946820970912,0.046886339508533305,-1.9776110547993349
ACH-000138,0.3299958360602624,-0.7404081292711461,-0.3048415528843255,-1.6988188306001173,0.3243652007994412,1.5933809098156568,-0.15062984573604016,0.6650414575345086,-2.288915107727631,-0.7808194335395603,-0.7467040317148459,1.4699239318921642,0.5590078994835821,-0.5257375719683811
ACH-000139,-0.08262933359335874,-0.5319555588481659,-0.3775213126412535,0.18083740296479092,-1.725039174698421,-1.4336696326641938,-0.2036791289695158,0.31876194412226094,-0.7732484809118377,1.2692670333408338,-0.7513143552263415,-1.2527814228570948,-0.2196808682785023,-1.8852359463401158
ACH-000141,-1.2514642905128055,-0.055526972841270526,0.9576443841980045,-0.3350117215398039,0.8937647288862939,0.8530434333925953,-0.5742669068999479,2.153384778806256,0.7381711445477106,0.6445360717949257,0.9787860006416621,0.47850185571419257,-1.7375074706924238,-1.3868626022937465
ACH-000142,-0.6002004961466808,-0.5364715894626991,0.22953627020072678,0.16184613165959355,0.19302820329038536,-0.575624415449411,-2.0038882515567615,0.5096087571729478,0.026400962451037673,0.4744249201218148,0.2689806210960798,-0.1309132443454906,0.6658279107526828,-1.3072753308631695
ACH-000143,1.1448904261330164,0.4928063731614495,0.36606544967501015,-1.1440905244991806,0.9551900105846232,1.4190413535754154,0.15359978048498577,1.1394237903192246,0.10741571923633454,0.4998405852754636,-0.8155668913656647,0.5869197345837938,-1.0468753772503512,-1.4894570806148943
ACH-000144,-0.336600731815892,-0.19750975619315128,-0.01371804825560218,-0.650925287484662,0.6296435259221482,1.0616081597804057,-0.6867185820548155,0.3751879232035982,0.6611996537449986,1.300847180432589,0.19036452698025727,1.1487743225062654,-0.28204804995820887,-0.04520289854020759
ACH-000145,0.5802738504951114,-0.5683174608167424,0.26040453215404064,0.9176759185708339,2.3780393105432447,0.9350495077263125,0.445245899858519,0.3217527596335663,-0.5959690859881449,-0.7668233248297188,-0.32139012345937834,1.3105990804448933,-0.6254278659643683,-0.3931813803106466
ACH-000146,1.0249359238004072,0.12698960660580413,-0.7579620902796805,-0.6040779961993972,-0.1308687145920736,-0.13951714151177783,-0.06829851948383145,0.3779130780566289,0.6944926461484816,0.9356286775765442,2.2055685495332304,0.9993085063619981,0.0795812535095069,-2.5069941793687383
ACH-000147,0.6603633425681281,-1.5661164718892366,1.5758459527914122,0.5228198816334926,1.5333558918723338,1.394600834310854,0.4461170169614702,0.3615472517444504,-0.9351463331288264,0.050260829177278914,-1.10294807500201,-0.6818851084058198,0.0751030092896007,0.4714758043845489
ACH-000148,-0.09859391194553058,0.3517903721047112,-1.2210201998616603,0.07901973329825326,1.0593611762268944,-0.5568139618792343,-1.662673591151608,0.2331551886952667,-0.1723346010220505,-1.251396871874253,-2.048552818222067,1.418468586019673,0.24797963024578362,0.1689047562472694
ACH-000149,0.2332007181460723,-1.1082264969674693,-0.26347361742866365,1.2615155965126552,0.899970232007882,-0.042768460133527725,-0.20977147671432828,0.9008292082987127,0.33466590078219816,0.5836127364067144,0.558140709147712,0.35725300114333236,1.2491742558401655,-0.7883876721591468
ACH-000151,-0.7131653555659745,-0.903617446229842,0.2698836674115453,0.13913198637004212,-0.38516553353002053,-1.006480659538961,1.287954765570951,1.9183445906383818,-0.4845171256341067,0.03275760277309891,-0.13766022805039324,-0.29987610171245155,-0.552288291282637,0.02899840900556546
ACH-000152,-1.398072606794139,-0.5323000814589567,0.49886702798365284,0.4420202277301619,0.25907062185465035,-0.5652771792933491,0.0674174889310147,-0.9431035130174287,1.4892342134605145,1.49814753808156,-0.5253036661064479,-0.02561211327604355,-0.7179285873656683,-0.7392591511430421
ACH-000153,0.19847009645242897,-0.10790954068617772,-1.3455143370866862,1.3759780700439503,1.4938910328751458,1.4737902760999824,0.6000898642890616,-0.8408903089542784,-0.7320114799667709,-0.2665735609107226,-0.3811576107629598,0.8094778667511561,-0.4891177794119835,1.0203770158388987
ACH-000155,-0.29560609814587296,1.3414290917386722,0.17065399506093792,1.0551702565933334,-0.2536935262896997,-2.1631350935917264,0.029351373397637687,-0.6337563881907755,1.343057984726701,-1.1923413030008936,-0.7711613336733063,-0.295579293291362,0.004199107933171627,0.32090935546841437
ACH-000159,-0.5855259428377401,-0.18781953021467832,-0.5273934221541485,0.953657067370781,0.11262116211298774,-0.4637403593091265,-0.25000985109747204,0.6570664362636146,-0.6065055782720278,0.5680552312250099,0.6977200916339231,-0.16095337827000764,0.5074201367699889,0.5509036890364926
ACH-000160,1.4958521722863503,1.8611470265811532,1.55016107441244,2.3096862955817503,-2.529406740812915,0.2787865703811496,0.9750804970421103,0.6334122356773416,-0.6029125978214489,-0.9263702829962707,-1.1004922913780186,-0.9958711120987259,0.08210949922463749,-0.3522212482718197
ACH-000161,1.0692231842682656,-0.22079957516705037,-0.6823396682664263,1.7859918077266768,-0.7413780877338486,0.9929183804419589,0.21668180612437407,-1.9116354705537528,0.044871636262494914,-0.03832217305821628,0.8562185528526717,-1.1858082041292928,-0.8827648897165178,0.30181697673915536
ACH-000163,-0.046263247403496,0.10072148459897912,-0.6957373162772821,1.5624728523302414,0.6066582488078046,-0.8774912368118645,0.37377088842747247,0.6843785314568203,2.008180509525841,0.020556743778064837,-0.14096755301999028,1.2436609197908868,-1.0646826488469212,0.4191574402448048
ACH-000164,-0.19455534381660763,0.7918711396843706,-0.34126652334858887,0.7935115550113179,-1.5651704521598622,-1.2055237462212212,-0.7076602976175488,0.3061386488028187,2.2062746189359683,0.9841358973228836,-0.8624613384286257,1.0743484572341457,0.17458506205961963,-0.4439101946909718
ACH-000167,-0.07588247877593192,1.3003151648174118,1.003196220431492,-2.2679846131036068,1.1697371607671079,0.5508002031296088,2.1567061632820135,0.037097239197886066,-0.37367711325416986,-0.5011147775206308,0.06352896486984239,0.6068094810670862,-1.1419113199218516,1.1909529287076581
ACH-000168,0.1421298878135277,1.141137324807499,1.3005080609913688,1.1907070135754438,1.1885063870631676,-0.058622686359674624,-0.18929893297851613,-0.44799280553408377,-1.6170500285333076,-0.20658763226094334,1.4059339842711422,0.363591960416888,-1.5011118891450752,1.1331396751262885
ACH-000169,1.1165444247481981,-1.605452015602171,-0.02942180393647835,-0.5361962863340325,0.8785183573659826,-0.22226551533651945,-0.10784548159628557,1.6418446133162914,1.5373927945509265,-0.9659266525103251,0.2778756300215575,-0.7938717082567256,0.6962019454852018,2.149971357740994
ACH-000172,-0.3574787699078518,-0.8363192883527438,0.663155807385444,0.910459204922559,0.6868884348701283,2.2841012281040687,0.6936199440032845,-0.73872773342843,0.2582422255597333,2.0374748353574845,-1.2429215255991508,0.33283493210258597,-0.7382177821054574,-0.46220131834442796
ACH-000174,0.4015234668402333,1.1776481920929884,0.17958460616814245,0.12362147397258182,-0.4956426365090025,0.78931396213237,-0.3051029596872638,1.011800224820249,-0.15765116851588137,0.6926639268726263,-0.3006396004431898,-0.9778185509513808,-1.2500756779035185,0.3723745699896473
ACH-000176,-0.9510131185285008,-0.33458600411008066,1.1511835078375092,-0.16583411137607904,0.32883237657432207,-1.2647989086007614,-0.9359202082086221,0.06511000102318745,0.32961261625103155,0.20781695423300162,-0.26630028165539577,0.8477018712619044,1.310328566129612,-0.20991396868137702
ACH-000178,1.4923747458140115,1.2589882424783168,-3.4018310833926986,1.8140842293704391,-0.2341462810330558,-0.6429083540383053,-0.030127945122706595,0.8422785248938554,0.22001480551904168,0.486764156755789,0.7145762977509877,0.7210352788594069,0.5476772189671335,-0.5801465838443495
ACH-000181,-2.5998675010456216,-0.23739058041995306,0.6425907322755566,-0.048371071576290836,0.39526084628754954,0.7554124538456872,-0.5361433407488249,1.8647584119863638,-1.2527699327727666,-0.06422443367288308,-0.8112830212323585,0.6560624401985607,-1.0798926330223146,-1.7489925148207774
ACH-000182,0.17880389054491738,-0.8994802410174668,-0.4551545999102177,0.2900089958365077,0.8627676747864226,1.5997991935695375,-1.0705502777276523,0.0023089680115883876,-0.00607727541391436,0.3146464605403928,0.31553133878603357,0.30323079943432824,-0.8871212778526278,-0.9873901081350516
ACH-000183,0.2795429011092006,2.1634096328057195,1.104819292382497,-0.6976696886409456,0.6640732707423342,-1.2779181471262075,-0.8975142826770307,0.6613381157398319,1.469033867327425,1.6768350867583457,-0.48598355618857847,-0.7415899984427623,3.985518912144832,-0.619782515648391
ACH-000187,-1.0894981417449485,-0.10149699673054739,0.5464437562710605,1.3741485535540252,-1.0416749760500106,1.4462664560372342,-0.10847860859168212,-0.5341030379299971,0.3285248217724331,0.2186269887443126,-1.0385231431915114,-1.6169213280607948,-0.31849885754468077,1.7626202919543477
ACH-000188,-0.2720808479826623,-1.5088617960055644,-2.011414172895402,0.23731625602288856,-1.2181637330244561,-0.03395242261917413,-0.4764396736381527,-0.5693782846315509,0.6964001453681984,-1.2432079116550256,-0.33342425235036866,-0.8453256301881086,-0.7219938125224014,-1.5290506798900931
ACH-000189,-0.3613257820448684,-0.13774828730241281,-0.7332235284155301,0.20892064859985188,1.8630985812425398,-0.7775585430695037,-0.3044028304695608,0.3403562105186558,-0.7563342918568893,-1.3525113406486813,-0.3180251857239138,0.16341168431284617,0.38301836461835204,0.348442654689981
ACH-000190,0.6919746569858344,0.5792691393694895,-1.9416733294418627,1.9270604992316285,-0.9961232195139956,-0.047485824608349894,0.029990019871658127,-1.3343162363225507,0.41191259378138384,0.08325879026623866,1.653269856583695,2.981707225909109,-0.6434305315668853,-1.6104249620428115
ACH-000191,0.545916158359668,-0.7940545798253392,-0.6647798394893325,-0.6560353435426,0.44607127697000193,0.760205470991206,-1.9263725694080844,1.8832184511402517,0.5364350468480991,0.3970532976470673,0.683086125124122,-0.38881604942953957,-0.15373334437286604,-0.8933672835977147
ACH-000192,-0.42411890205425695,-0.9278983330305427,0.7574708890592765,0.2581973816083018,0.9685099080953372,-0.3338022642684185,-0.46119142411498554,0.35809843860988116,-0.5847793181324329,0.29510886241405593,-0.02418067207519637,0.5528867856457732,-0.24071331084909695,0.8547040487734157
ACH-000195,0.5774604239115428,-2.0616927509770804,-0.002966049994183209,0.8741323166495859,2.4746171256278706,-0.2922377285851556,0.565782641446785,1.0581791939104384,-0.6320922971542338,0.031149467214096695,0.8369485227423258,-0.6819025634398932,-0.07086869825786106,0.3634281603260025
ACH-000197,-1.187123375732492,0.1424040700337913,-0.902268255686533,0.8638650824113394,-0.4633857223678375,1.7256587851165077,0.3433010994779993,-0.2144360632580991,-1.0261544061471848,0.90254994952503,-1.905816083113847,-0.45729468471157875,-1.376487851866939,0.6340912533923175
ACH-000198,-1.2172851001431537,0.4578287863852462,-0.261776603541121,-0.10090965195113555,-0.767255583313839,0.07938208646030465,-0.49093825431026505,1.1878139290828043,-0.0688662674887158,-0.09541156600179529,-0.5020133069481352,-1.012860345776827,-0.8658256359376303,-0.048838386140847685
ACH-000200,-0.29531919248311944,0.25772244697982577,-1.1355857435386867,1.624792065812887,0.6953439970322383,-0.7508239678914366,0.2703394146076614,0.1952230788077465,-1.5185733862602482,1.166666106364879,0.6401104580802925,-0.013742586783901146,0.2055169217227012,0.6110649153391817
ACH-000202,0.8789910248716049,-1.630293427001786,-0.13339914359466012,0.7780484710104945,-0.09830036227814307,0.8622660154523222,0.894757696868161,-0.5152366628046078,1.2682937792335556,1.7581768292631363,-0.8925312694051811,1.3764603743574573,-1.0881170438054006,-0.8175130572874872
ACH-000203,0.31294188876746465,-1.5414030319460197,-0.7828646679623239,0.9787442427870432,-0.17391635989527535,1.8353606939683582,-1.193683473752889,0.8832946301165393,-0.7979527461991697,1.3961052178971665,0.6271393378230059,-0.5740283811820415,-0.4279218038159939,2.280256621571016
ACH-000204,1.0032331757505635,-1.3929987450393173,-0.43791659716007353,-0.006685747987175021,1.227281213249412,1.216910438594577,0.28177735131624204,-2.6207208886731834,2.015260036765651,1.4533368672845814,-0.4326504478707894,-0.1894834023130746,1.0816179793904055,-0.6423341600466087
ACH-000206,-0.2723306652362818,-0.04471970158435032,-2.0612165155349143,1.1198676031701975,-0.12799138900053605,0.37179027486204286,1.0248453606808772,0.01290663416665732,0.24884342514656654,0.20662575057299049,1.628740731642958,-0.6237804256290767,-0.6950465290072528,0.9507815880555608
ACH-000207,2.012537477349607,-0.04183313936050164,-1.2078838041702158,1.5156383046936368,-0.8952664030432391,-0.9747604069944151,1.5524263148167972,-0.21381181161630888,0.8319148121387062,-0.13738539502963348,0.11256985446864973,-0.9760745976520336,-0.8290957559183908,-0.4971017958009473
ACH-000208,0.7831128845471378,-1.4908332941198863,0.7768230617349698,0.8254512678482641,0.5906089341382149,-0.40546040580349735,-0.2843125047082963,1.2566310308999613,-0.542752953908908,-0.38722826372047064,-1.493647004960475,1.0710354157599795,-0.23234862834524353,-2.1685572672971647
ACH-000209,-1.562292782818751,-2.8389151051322568,0.05466935544033931,1.0696627291568297,0.49549843236023206,-0.3834337610658803,-0.2328449383414084,-0.9397134618377582,0.21131134351505063,1.1334658075858004,0.6213344035581286,-2.473171192959953,-1.3863755512754983,1.10654094025644
ACH-000210,-1.1934323754751346,1.1989312008097142,1.2331270832532277,0.48423084987580245,0.9738147722483022,1.3219954537945942,-0.16928384206415728,-0.4911599295006459,-0.4130853050700332,2.0137913652167048,-0.8869706689948578,-2.33532318015402,-1.3507253710998275,1.8844935389811455
ACH-000211,-0.2944289053962677,-1.909859864720921,-1.0745227712116392,-0.5593564292921114,-1.058762181060147,0.5355183723972352,0.7002626704230956,2.012600857837822,0.16478153834264894,-0.43088622865689996,-0.06664654394183375,1.2272440343921234,0.26171674817038415,0.1442925126204159
ACH-000212,0.24864163342468715,1.0930588101688574,-0.7296919564334792,-1.0079899605135867,1.6335381028872964,-0.333880363195768,0.3382363724508983,-0.8231369675640691,0.6738961418641054,0.18488016900652238,-0.8955808412636102,1.3586367605628697,0.3615860103326774,-0.47797322039038687
ACH-000213,-0.4019853786069562,-0.6095418103891913,-0.11255949902914769,0.1502965458918369,-0.6808676574129229,0.9505957225646854,0.41004668152260176,0.22642393662257812,-1.7176256920907902,0.2923234520859377,-0.731875745490204,-0.9311188664376301,-0.15728883141792172,0.3917615915448125
ACH-000215,-0.5457949009994378,-0.13508384388060551,0.003728728359195523,1.2207083556789873,1.2591665678596788,-0.9505152629912168,0.5082343134010989,1.079937619008286,-2.0033618231265575,1.0458261451649964,1.344246330574972,-0.11192713448641639,-0.7374609416411425,0.014271243152438162
ACH-000216,-0.16326498158639455,-1.2449056201151498,-0.46282329210098133,1.1048178435921627,-0.14179127703403527,0.024566540858452984,0.25535235842748527,-0.995790350393116,-1.6588025074755928,0.11298185550673798,-0.9019605585251831,-0.40640911047922124,0.982903338080105,-0.8815068806093819
ACH-000217,-0.859210096549128,1.2566501265115408,-0.8879510767864227,0.03007387812133419,-0.11089466912389338,-0.62003997776965,-0.4349395328487734,1.1631946563179096,-0.9188122547806434,0.2101459723479268,0.38473418570025436,-0.3624746346313603,0.7356242066938231,-0.015196794031272663
ACH-000219,-0.21328150794198036,-1.9060417764457667,-0.13268403442633342,1.125732326228821,-0.9341408978116635,-0.41106058875272855,2.241998271623707,1.0134874032419379,-0.036827979309597046,0.7398044207792736,-0.5918650943686447,-0.7031307517466094,-0.1979067836248581,-0.12414939010319327
ACH-000221,0.7065440546500289,1.794296402265043,-0.07116424873375159,-0.24789038013903683,-0.540775513077665,-0.9087390491145506,0.572949556499485,1.5543003726883733,0.862145034286548,1.182256858160312,-0.9317485662154161,-0.8456457571605555,-0.0031651467401774213,0.21150175891037493
ACH-000222,-2.014405762681993,-0.03797906443820823,1.080294956834903,1.0650660811938386,0.5797482119789522,-0.2124185255869546,-1.7585951255606254,-0.6471438861030544,0.11087967997933663,0.7401750662314355,1.335038159492482,-1.1916588408698492,-0.4609204827869614,1.9105056358416206
ACH-000223,0.6087624048547274,2.110366313689803,-0.3893316516588588,-0.4230601483361265,1.3671290518007613,1.098959451901832,-0.5129153987359341,0.017850494899714697,1.4264470998352223,-0.4618533980418948,0.28069499532285247,-0.9233228721697289,0.6480031128616783,-0.11209444945016886
ACH-000226,0.2127045775619916,1.070631370840147,0.2946315896518191,3.417489834102285,1.4060555375375385,0.2670134434661279,-0.11542433605415951,-1.880496767525125,-1.3379379830903206,-0.2946301135497367,-1.440590948991841,0.5665769473124987,1.0282223673532063,-0.8355764753767194
ACH-000227,0.9245619068904433,-0.1769862304802208,-0.13906589597437954,-0.393059035764835,-1.1080541681595635,0.9080205291469235,-0.9926384087603475,0.16167337068431822,0.7596703324038079,1.2267173319393145,-0.4893831410673685,-1.291687378758072,-0.6361244354025338,-0.036287059260617156
ACH-000228,0.497452561338998,1.2164641427265952,-0.44498809204282613,0.8143298165896942,-0.4576856197286881,2.3203720645938986,-1.3063139366545733,-0.4896241951237141,1.6813968576734744,-0.8405318329328758,-0.5929322087189942,0.36141166108491934,0.015419207703568664,1.1328358662500964
ACH-000231,-0.3948397382785853,-0.8556420570517814,-1.220977320065939,-0.29339347200110444,0.10581727592682084,0.7618090158169517,-1.6327869010046372,-0.08319600561333648,0.8086407254838409,0.95408971859308,-0.7964946603594872,-0.3070879965995369,2.022921890607439,-0.6495315106616745
ACH-000232,0.6314293971505982,-0.8021829906348873,0.2028170308913318,0.3052090836176527,-0.852300022976592,2.3587602076190546,0.39499479566818635,-0.5556078429360858,-1.6556750667896145,1.1411611625422164,-0.6708647709993301,0.4125046913822919,1.0635660464613366,0.16417840050365679
ACH-000233,-0.7569726788846561,0.3168247550947087,-0.35985803076111184,0.26802809423331686,1.631105942712487,0.2812730454408548,-0.4781293901461808,-0.44457086983287974,-1.113674893832964,-0.07074787060059062,0.4290401190797007,-0.498681601745681,0.35116013183789474,0.903434882018165
ACH-000234,-1.2966954639501214,-1.6365467942767222,1.0474858219420562,-0.5984842275667966,-0.2222301122620637,0.6139778631917637,0.6948506854254426,-0.04451428682050465,0.26279361435099635,-0.007066514011427527,1.8645122383417756,0.570741562986869,0.21218541485402398,-0.08245071214766668
ACH-000235,-0.9061559190404749,-1.2330755679132086,0.2747322556275162,0.5757174912581324,-0.27358258110222317,-0.3808896595263656,-0.909330620192816,-0.8720849030785234,0.7242665713243879,0.4988835099822407,1.5966127416187592,-1.1977784333876589,-0.24642928706226466,1.106580000646649
ACH-000237,-1.0509495324506313,0.02097482463593596,-0.6884398493130097,0.8306637891343714,2.2151190472792655,0.5742652363580341,-0.4339568715074279,0.8021827232155079,-1.784857912499639,-0.2925105730977746,-0.05231483012632812,1.1048512087120153,-0.01635754872380959,0.5565780304460992
ACH-000238,-0.6852123522057275,0.3229168238003135,0.8434143008150319,0.5285066050426936,0.17379579141204485,-0.38684112212968386,-0.938688800407421,1.441174888841857,0.1509456586285218,-1.0002459974793751,-0.25104647070314123,0.3512401996469933,0.14065181683632333,-0.18866004587453017
ACH-000239,0.6494077984871794,0.580138930795746,0.5627183112728074,1.4767029444140325,0.9175362133073985,-1.6355541783139458,0.015067636426083435,0.36700149666926934,0.3953517927740851,0.3183008619803515,0.6658754233895258,-0.12027398885391491,-0.16342769051321726,-1.5038681254715585
ACH-000242,0.05695068310907997,1.7275021966780069,-1.0219085055296966,1.4681294039554742,1.8272888991212195,-0.9309790421422461,0.16453385831250816,0.43618268086908957,-0.05620137879854517,0.07438124204039952,1.0041897761147436,-0.7773899849188491,-1.22453490146176,-0.5572063214843908
ACH-000243,-0.26416727672023693,-0.3593352349103934,-0.36461527915362496,0.4558944005766973,0.026608619421272683,-1.2854011819208577,0.3433720836998909,1.1355462130026643,0.8211919119109954,-0.44088796424257914,0.7183533330075553,0.2040002839059419,-0.5206436288030986,-0.24479059566715744
ACH-000244,-0.13463902483744816,-1.0652009572802132,-0.25278921690506234,-0.3476829694970623,1.508448418533622,-0.0384036614324233,-0.9387976902756111,0.979805854135104,-1.132938206123447,-0.2570052254731206,-0.602463523135445,1.789345073526298,-0.595499172963007,0.26380992332410585
ACH-000247,-0.9312502633664145,-0.5640925963437783,1.2931372557577456,-0.3563693202517219,0.07340266608813624,-0.03402899464460198,-0.604772586333724,1.2175395445318502,0.5017333656930685,0.3100822772893327,2.2112679622172675,-1.1662414807272328,0.04086894171621194,-0.5696938938593943
ACH-000248,-0.050829842300238674,-0.47361087518333295,0.7875061850462436,2.466254024411124,0.4704017585225523,-0.261733489022126,1.0509675418177717,0.17247091830594827,0.48755941193707925,-0.8674778589607801,0.6382579761040332,0.5067657411722374,-0.740667858744287,-0.026766457545711556
ACH-000249,0.5469636198401111,-0.6166576422400921,-0.02964114398912167,1.0734757693921837,-0.6563761982256634,0.26485848958129826,-1.5978045729538997,1.289279265995101,0.5826358835432031,-0.6697232521923171,-0.7933103796476332,-0.33672357574170686,1.262229224827648,1.6831818939319332
ACH-000250,1.0633543900300242,-0.6240323813277985,-0.29779860545400466,1.7883789440112277,0.40273451666806814,0.7537593660989111,-0.8231293077632468,0.09813390283106585,0.21523815575401362,0.7820179755336083,1.8156807487635975,1.6530811807769543,-0.6549337997108432,-1.7043812618468677
ACH-000251,0.10151449885848735,0.11757218323581611,-0.6413801571655494,0.5477714124996457,-0.6559875787871088,-1.9376711944930767,1.8139496125489825,-0.39680102339139706,0.21798451128094018,0.4550066039690765,2.2404548999993423,-0.21578638445122728,-0.12457808225697108,-1.377276403515956
ACH-000252,-0.37917569849662974,-0.09673173702803944,0.6469862203584354,-0.09497223642045106,0.5490782953824058,0.39396570897524796,-0.6355715182054927,-1.0897988056448233,2.7821709668125743,0.341855710667942,-0.034412334095977055,-0.9539620324045929,0.5629214430095435,0.3850281103941859
ACH-000253,0.06263559724221833,-0.7799816191274939,0.677889905935379,0.5984818740049015,-0.20982142850228203,-1.0378180374967696,-0.020511632141013657,0.9046145260098184,-1.3553505074781487,1.3408760090915601,-0.4177916459535955,0.17396210640556614,1.6529630365178807,-0.021730134700414717
ACH-000255,-0.3232961575796254,0.45769673530433613,-1.3370089110465118,-0.8156739999481837,-0.6515993822140173,-0.8184611271000846,0.05017105420456835,1.3689753176580335,0.3538776648023365,-0.6874155950823088,-1.720425141964925,0.21927345942625195,0.468573020112019,0.08915290063451271
ACH-000256,0.85822848252154,-0.6702374723000157,-0.21743439921727778,0.33154189555695035,-0.4302591368340905,-0.20149217897991872,-1.864698137035324,-0.25207786611372385,-0.5885234720744525,-1.0445609492021604,-1.5210291649447711,-0.4243835927873798,-1.664454778476942,0.08892801233638961
ACH-000257,0.6203143937276836,-0.5833498663703468,-0.019531879481689628,0.19961926143709408,1.4647283480452629,0.4258272127822092,-1.3480726494370485,0.8747201677506636,0.5081910349907568,0.9583210784385389,-0.3642984879584074,-0.1896733759717205,0.23368945749036987,1.1068692146774242
ACH-000258,-0.43632060194883043,-1.2181540011269583,1.8359760960572418,-0.990946723026133,-0.20980511803272742,0.43322236154584626,-1.3781099886683523,1.1718591796472095,-0.5717401658189087,0.9074735156969053,-0.10741018610798782,0.0745687258571011,1.4089565609846872,1.2541662881938087
ACH-000259,0.5313679708084816,-0.0450910043436096,0.7696422168827417,0.524919492277333,-1.1086992470535708,-1.00992070373824,-1.163833733746532,1.5023170059205275,1.1514582609031319,0.550835150686102,0.11864170566600231,-2.097028029323664,1.3685732292529695,0.927256173571854
ACH-000260,0.802706526860849,-0.5515607718627831,-0.8192372742101468,0.39122278496099605,-0.5394290308669614,-0.5474117923438969,1.591808788420965,0.7054689504797328,-0.6517766210760124,0.8187679270958523,0.8066929821000359,0.3420820988684011,0.6356265106081791,-1.9686186154847591
ACH-000261,0.4278919830132935,-1.1188680344360653,-0.7353917675998012,-0.03326418306112849,1.5237212591154592,-0.23554378522665098,-0.7319292439184921,-0.44883618379523216,2.303071321367067,0.04294320931867379,0.954156037414723,-0.2936413953497669,-0.4627895329398907,-0.041094019839841886
ACH-000262,0.8312139964458316,0.8904212362398447,-1.3548963453787362,0.635315849680685,-0.1381754403650819,-0.11668573247052168,0.8081589034306408,0.4996493098167813,-0.7965514653920349,0.106826992309751,-0.5973758193651066,0.2862935482209641,0.39036435071610587,0.02999163944955492
ACH-000263,-1.1033344459356411,-0.18218447083764153,0.691711144224722,-0.3853067604263194,-1.0316296593955303,0.9301998286235142,-1.70941696553399,0.8992063351771313,0.20810026210021776,0.9480260049536764,-0.5300406799130765,-0.5257302236271282,-0.5313981492290243,-0.182395086637662
ACH-000264,0.22404867934116585,0.9920944849276837,0.9325445760504352,1.176850801021908,1.6326832487883376,-1.2970884199930397,-0.16110149991974287,-0.5593688708063689,-0.4437027982631118,-0.5387796548521242,0.1839307463701227,-1.703293347930314,-2.3014711189614765,0.5786012454079889
ACH-000265,1.4315857905662452,-1.1289773969543917,0.19837583259004865,-2.118561050562606,-0.8392893827429301,0.20404331900242803,-1.1282410553524695,2.240814155347149,0.42386514489434995,0.15324985569952562,-1.1558378465105985,1.2860818729273753,0.7976560188775953,0.6964638611314989
ACH-000266,-1.3040765874789244,-0.1670754674458503,0.8675137187186371,-0.3812300958323254,0.43684332755829053,-0.827832512014633,-0.875669680415914,0.3585941651374669,-0.6883509235148354,1.019913081645649,-0.6847338460901531,-0.31594862706699417,1.2308265443104855,-0.3178738477807509
ACH-000268,-0.4256985467796141,0.9800509243648351,-0.7462567883207832,2.361507303267863,1.4774539523634762,-0.2803427872902485,-1.1201476158592747,1.8474685567188394,0.2921316679284174,0.32862148001576463,1.2804916293818496,-1.3070806199570026,-1.4383099809889006,-1.1237060133082586
ACH-000269,0.4739165355590022,0.9806527785717204,-0.9698117652527828,0.3500682263023309,-0.09245603213566936,-0.8626300049323543,1.1208343445766513,1.8095711804079149,-0.21596053945937002,-0.9916872557243678,0.23595638863459723,-0.08092079804444352,-0.312237539068017,0.05330710018033549
ACH-000271,-0.1890265167742021,0.5599535279146671,1.415749809660684,0.9258780225508142,-0.07719582673403452,0.3445880562163756,0.42794645105463314,-1.1146366117912632,-0.599991907198681,-0.015394996227139817,-1.9667864555600623,-0.5518637325820275,-0.47094706748261517,1.224987920002987
ACH-000272,0.4231886306960003,-0.17123659425058543,-2.321855458978136,0.40709571326638555,0.17833076768741182,-1.0453512411508958,1.6927703149030617,-0.8310298676405532,-1.8162244955051234,-0.9511652605860902,0.6780997500423848,-1.7181357912237911,-2.5744118199484487,0.8638115938105031
ACH-000273,-0.09784203416116835,-0.09928284084601734,0.7324805586222883,0.4950240135580616,-0.8308908547626194,-0.42209953082370716,-0.6284553055405966,-0.8213969314274044,-0.16112298029457447,0.045707699158575685,-0.8219945460065198,-0.7977322251942641,2.2940080851187084,-1.0925873134580184
ACH-000274,0.6729289698478214,0.07187993714731333,-1.2298183882264404,0.8483990688553952,0.5697623241411369,-0.8771893716129654,-0.2777572249211238,-1.7849321811423413,1.7068711176325977,2.4132429802067827,-0.026122946206129486,-1.3172868730100578,1.2624681480026752,-0.4208157187424065
ACH-000276,0.07505509684486077,-1.0246985604751508,0.16781814614377177,0.6352806193404996,1.77771005118706,-1.3308466092292401,-0.6182326418407588,0.8792196954674169,-0.09770508803575109,0.27111747863369834,-0.42030893528474733,0.12155360307793593,0.8331586068524076,1.9799110592692937
ACH-000277,1.0594512120548194,0.8227507978121327,-1.3388915599584732,0.5772115777044436,0.601206041208834,1.3953961872141412,0.24208992704798166,-1.9705891075141095,1.1247084788187822,0.27229928962667715,0.19909628868575938,-0.4137874547545913,-0.20117781006861354,0.28673469077149716
ACH-000278,-0.18814937755015237,-1.230411771302573,-0.5495850959750284,0.5787253725902983,-2.1051163780218527,0.10078504064700079,0.7638721284790416,-1.585262390843786,0.5010891425742421,1.0770570436797113,0.3678352233909844,-0.4613858449108655,-0.36453524503497275,-0.273341433583327
ACH-000279,1.1055651298610192,0.2896389516748621,-0.6407600550026857,-0.7641359002426215,0.46124700856247464,0.43941321658022864,0.6634717093045633,1.5395214006116988,1.0063298908738498,-0.12081106434529913,0.2559543092612502,0.17897916081914617,-0.37299805396985586,-1.3346545277254103
ACH-000280,-1.0047735889927092,-0.5127468740707793,0.6335637395948461,0.4385932675972539,0.8289363316065672,-0.04694415380427856,0.8272437277403565,0.6921385214970323,-0.3953756688739936,-0.3050275613757771,-0.7057168216888445,0.004886341497834292,0.6109784027225784,-0.8154027882656161
ACH-000281,1.1206771547557632,0.3363718885523881,-0.8859199610114161,-0.08927903543681903,0.8882993490575394,0.1623045407487893,0.9767514494455408,-1.2064871203342946,-1.328678920177606,2.085642658424308,-0.1207392075363486,0.35680412341277756,-0.2419045895956582,-2.2167878039223976
ACH-000286,-0.3753161174213013,0.9855635743786756,-0.08946819979732264,-0.31553915065152854,-0.3713143922804743,0.022686668904629753,0.09337681431736464,-0.45737802752783463,-0.9288463056160938,-0.3803352331687278,0.6510350382809591,-2.3918211519042982,-1.4031551335555308,0.2709294151193592
ACH-000288,-0.17389239770388548,0.9183204952441606,-0.3425164380482552,0.4534185949735886,-0.8346389584024887,-1.2260313659453146,-0.16226367678923032,0.6131535468441489,1.0410880574787484,0.7366556128813861,-0.6296327502092331,-0.20763292029372327,-0.1658222100683286,0.04167708264330157
ACH-000290,2.415924657683241,0.7959370806014732,-0.6557948228019681,-1.402376873524921,0.8973257011268458,-0.03368793345251292,0.691269472140587,-0.3138040400182109,-1.1643372370843226,1.5061673131292783,-0.9498437182387652,-0.9612205626332244,0.21212343942579565,3.791839224082389
ACH-000291,1.6691532008180576,0.5499784914286056,0.3422334233966576,-1.1594950474784864,-0.7365821108379028,0.7896622698966949,-0.7197828779068459,-0.2571623351853509,1.0051610042800654,-1.0015525128551959,0.3896282705622396,-0.2641674790760155,0.8347788409657226,0.2659463871389994
ACH-000292,0.17503482875915272,0.5983790667609641,0.35644423526970886,-0.9862994271176129,1.9723436456429266,1.1597940625819767,-0.023788749185446992,0.36447242596542395,-1.2664730259006876,0.007550801163262283,-0.5244600847142736,1.6079951534784107,-1.6453456202689691,0.4509090749750151
ACH-000293,-1.1983958509310884,0.5162893933857298,1.5486668542492261,1.2782856831030798,-0.9717916167282722,-1.1099157802393549,0.6689659681450454,-1.9362631907886192,1.1472450183417207,0.7014408095892903,-0.47205288876832935,-0.1794607766616768,0.26288732249207164,-1.7228538617284492
ACH-000294,1.8753517489736797,-1.3913993468487678,0.40001504512777625,0.6217531588070504,0.8234966035730813,-2.1560685193318845,1.1716247298879978,1.887645419873276,-0.05256365184739058,-1.607134531420567,-0.38025431908516294,-0.3906978281688395,0.38708279466459145,0.10504541503723995
ACH-000295,-0.43087329055618095,0.7947154218803878,-0.27704679371175917,0.22205865654299287,0.2632948013219019,-0.9830205427986903,1.301205243520897,1.2752852396658838,-1.107539109909078,-0.8497113400243624,0.16866151712507754,-0.5227963338717275,-1.3386616584065598,0.13359102552953922
ACH-000296,-0.5029825934847109,-1.0060406335088534,-0.3901005702099435,-0.7669753784987882,-0.5448573390734477,1.4480577285248737,-0.4982770973874827,-0.30889117608189576,0.5071454330124269,0.13499357708590684,-0.1632183848496991,-0.4231105918968182,-0.9793438445655134,0.3209435112600295
ACH-000299,0.08383603484436146,-1.3158838196043499,-0.41178197648834186,0.2874640140757559,-0.6261752876593789,0.9707587644227811,-0.03854040613824949,0.8485322505186476,-0.9824239184857761,0.43385144634564005,-1.289177444130095,-0.5945493188225964,0.7040793170330659,-1.2314789414854996
ACH-000302,0.9943233339215729,1.1745552188522503,-0.9819820207821357,1.1105869126577717,0.26585543342496754,0.40093301319209274,-0.22629524094513276,-1.7615485056619506,-2.323347301004899,0.6764325074958857,-1.8679335622894309,-1.2177238436918456,-0.820758354041947,-1.3009861357171828
ACH-000303,1.1765362097018492,0.4320890100776892,1.1844212372523082,0.9571500667981736,-1.1754601373457851,-1.3635981116015223,0.3144339162520295,0.6783077212247929,0.31603720124988366,-0.4262602857637803,0.39772094036338307,1.515178713126506,-0.14743030638312668,0.08975959035005335
ACH-000304,-0.015675380887575335,-0.9163661314848796,0.7844496078115798,-0.24939161658454315,1.5337108958156638,-0.29118423753695727,-0.03765583654004392,0.29149278343275664,-0.17965983749628903,0.28164700201604626,-1.5674225175848868,-0.11480052442797153,-0.01336301632540156,0.45908016212312436
ACH-000305,0.08207487319954046,-1.560609150470057,-0.7239878694770344,-1.3216964328908412,-0.9853533356092944,0.3965307111563689,-0.6561889806699913,-0.057491586979215546,-0.2062829467950415,-1.1327739220907542,-0.3002061014323369,-1.61700314853237,0.999061446880311,1.1220372006513017
ACH-000307,-1.1108063502348715,-0.41567985126200996,0.9751552344520311,-0.08319838095930626,-0.38604767348371716,-0.9325516482500142,0.5219388251567841,1.2695991040798686,0.30285509153175244,-0.532928399482755,1.0739053790915412,-0.0943976561915606,-0.5916233392525813,0.7710239136693315
ACH-000308,-1.3992495606393835,-0.049475783121070205,-0.16038855026131318,-2.322257371386053,0.30661555170250826,1.6575429507151327,-0.5388871627756799,0.7915995615219847,1.574520550332242,-0.1984836381052963,0.24298848486949853,1.9408408331605302,-0.35581258263885723,0.7838645732201227
ACH-000310,0.5683473213998752,-0.9275515915299818,0.40246879758025556,-0.9567941460687261,0.15010157433380797,-0.29998537865701297,0.9652974542437037,0.5256756183438656,-0.4404513462844905,-0.07412394976395903,-0.3697441229012941,-1.149063676826207,-2.058594099772945,0.6895468549921604
ACH-000311,-0.9354725046405301,1.4068678187451276,0.5563779486892622,0.11555169097939345,0.45730593446655127,1.5885216966401947,-0.23863200215955505,-0.7540331018986345,0.417627174211,-1.8850453887027903,0.21920276681551326,-0.3783598382729883,0.43696792314608857,-0.1534595011174318
ACH-000312,1.2405877833965437,-0.28631929852421417,-0.0038303919808440495,0.27681106878064876,-0.6438372739521415,0.4666028132569587,-0.22574347764819347,0.7328259825018795,0.853791505140648,0.322671331633667,-0.7868408462481996,-0.4436565740120587,-0.28534631242057956,-0.5049490315138951
ACH-000313,-0.5540612698538284,-0.3004464739415598,-0.8548116634102819,0.6115947308670585,-0.09839640809331225,1.1278951539437156,0.1611831920561765,-0.9963689583353883,-0.9292043815509001,2.146938072987222,1.3274452995406307,-0.22580432669302586,0.8759780337054139,0.3444059235054873
ACH-000315,0.19606576931498584,-1.3444740397340704,1.6094800957115811,-0.364874280756293,0.128860718098169,0.4685815734756014,0.5681394403628692,1.5419826046407963,0.12130245088775557,-0.03847835046618701,-0.9940409776288082,0.0017698926123837421,1.4722120025167875,2.302252016664031
ACH-000316,-0.5827506192594545,0.2965865332935897,0.8346806804183357,0.18111254061248253,-0.6699485327586084,-0.36607983462969296,0.3384757156145303,0.6091113485192599,-1.169319893823181,-0.27391499963189403,0.5383129240704152,1.2919255256600513,0.4371678785204705,0.46829095216037037
ACH-000317,1.562095754652359,-0.42503376035930174,0.37008630101768086,-0.022189700979105366,0.8186337433773578,-0.3740588317043008,-0.1619555697877365,-0.4046685602886489,-0.9965160464215957,0.35421829000337385,0.2808277655890298,-0.43609311054611866,0.5288851462046538,0.8541249995051311
ACH-000318,0.7552827317757695,0.5592164683093395,-0.1807822763225574,-0.8758140173838345,-0.16567869924271197,-0.07037850256341249,0.19338803791720055,0.7414268807877403,-0.3038117373429718,-1.4916626478079322,0.26485599375526286,-1.3614027041448857,-1.2890756120619746,-0.34590893838369124
ACH-000319,-0.36723302267759755,1.379334016042062,-0.022892648777470704,-0.4458755074515007,0.9402884330273279,0.9895903788569592,0.7556560037760605,-1.5500902222865713,1.426085261277104,0.850354167477711,0.3388040849636019,-1.3209995381179815,-0.9368610897619152,0.08216362997690385
ACH-000320,0.07859927610150891,-1.0788751191930488,-1.6767790715974147,0.6798279238596646,-0.20264441633979333,0.699510277261759,1.915963147919779,0.120317920556118,0.5812599478780668,-0.4726589868976399,-0.32468852816572175,0.7526314821924839,-1.209177311292243,1.8378653772480764
ACH-000322,-1.338875376762648,0.20469508324770383,0.8646949277365524,0.7559079932912957,-0.8002804201784433,-0.337806440801438,0.7455002887508506,0.4439380702678972,1.9735031583766518,-0.37687175810003876,-0.7338146659514683,-0.6417590574418743,-0.16112650084641209,-0.6327243014916155
ACH-000323,-0.2603039315734738,1.9726431561537112,-1.173019556464857,0.2781617444119964,1.8252993861428926,-1.3325301124740803,-0.5612733076429831,0.7110696488777942,0.5835271142989047,-1.3172371145219535,-0.8078431201107997,-0.6357380154789176,-0.4877432104350947,-0.9773389444350449
ACH-000324,-0.6092077468250459,-0.5667076580073833,-0.35930436103329366,1.1053901969657864,0.5868233285004197,-1.5734792259803938,1.3708827719318217,-0.22344775438652908,0.043438704246170995,-1.066690506687471,0.47000794992225475,0.573398354032214,0.8397458252819301,-0.5923369715693128
ACH-000325,-1.0781442269244021,-0.14796118802468983,1.6054795393295012,0.23106886179484024,2.179901396690363,-0.1538971582860871,-0.6633180378981187,0.46269140885628807,0.8285374907299052,0.4814481442068013,1.6600053201124931,-0.8091170045530827,-0.058211763266957796,-0.16306470413094223
ACH-000326,0.3152425761428346,-0.15971498441400322,-2.774851712128108,0.28732388792039376,-0.3891132138924591,0.960306924923022,-1.176782219759177,1.0141894473175868,0.3269673801596317,-0.2724151322148185,0.1948922742091068,0.22818010107978356,1.7073613523993043,-0.24310718584265428
ACH-000329,-0.6425694770012162,0.3742390705743163,-0.9481505644704369,1.9006192598897977,-0.45440382462602613,-1.7281770424966447,-1.1627899366145742,0.012674995990265808,1.2123480906737862,-0.7962384864444076,0.26402488210790803,-0.967594342927008,-0.1885807587448276,2.031444231702661
ACH-000330,0.25736154355428875,-0.4906509356685462,-0.6024519712741643,0.6033150915645589,0.6137358251969088,0.08880294278688224,0.28399036637791925,-0.4113190496012934,0.13640516353801105,-0.10047128310210793,-0.9129300617428462,-1.9102959384596137,-0.4928903161326257,2.4719180502646645
ACH-000331,0.40455358699351407,-0.4559756848324647,0.8145850182458427,0.07223585733818036,-1.0310382905642497,0.2645634223185659,0.6145620591162743,1.2424403659130423,0.6101888511658161,0.2787702528435657,-0.21413367230489141,-0.4447558709888028,0.8139361067146328,-0.1155756840791048
ACH-000332,1.2479555888017186,-1.4098393946024288,-0.23116217150353063,1.5323755363982086,0.7269717716093823,-0.6956762527386239,0.08948528384402052,0.6077360004484823,-1.0967276966964226,2.5758046481047234,0.14457566909501574,-0.3593118662219967,2.508095636985662,-1.8324910299390567
ACH-000334,1.1484239543062251,-0.8186050468129183,-0.46153162093053146,0.1984213313810031,0.3379104960381566,0.2681953902222545,-0.18637097425978755,1.1466485722159019,-0.33282177180422773,-0.06844062848232192,-1.3843930490082041,0.6387804279945116,0.7207221324159288,1.7280692573875738
ACH-000335,0.8920136831437517,-0.807982347332163,-0.2281546980353978,0.006326715187766896,0.43004366017595536,1.411973139247677,1.1869287546284781,2.0254414437592287,0.6411023194489321,-1.0433467270559378,-0.15620504734491902,0.37956279972310764,-1.2710679861204783,0.4251027830288135
ACH-000336,-1.3602955782398505,0.5998206120315202,-0.17946316673744397,1.0146833077757342,0.031833720432760546,-1.2923979664077054,0.10883473737657373,-0.9804160799817163,-0.4312738283009557,-0.643679054516504,0.6811905370954113,-1.5637742364620089,-0.12762953467969015,0.15934049002327616
ACH-000337,1.3718902034259166,0.3346288953553355,-1.8620855929582356,-0.9822616021779402,-1.1049807072829547,-0.7818915979779836,0.42289214387936697,0.7549059218462992,-1.4282552382584948,0.3498943403915535,0.22516040063262013,-0.6878623091964733,-0.12302489371710214,-0.2064868179774673
ACH-000338,0.4229693300639451,0.9567554419822158,-0.45599605892395983,0.8063503844743709,1.2029952390978935,1.261429740480801,-0.8154726147200467,0.3843737141695999,-1.4978543292177802,-0.5258404889539903,0.0371733133735894,0.7006532529265348,0.5876825635874505,-0.03308355571588167
ACH-000339,-0.4012512978883922,-0.13811108034570593,-1.0346511975227217,1.439394720370754,-2.0909394203916056,-0.54475098888241,1.7769930549787243,-1.0169754271121125,-0.9568815566684427,0.9443888426847826,-0.4896489118892056,-0.05289876299911035,0.20678662488482824,-1.1271436807118438
ACH-000341,-0.681606533116224,-1.2043200967431906,0.7066733765762453,-0.15085922404770155,1.2535408653300733,-0.1293550196631927,0.5142685502282467,1.187524861512603,0.40499725353370375,1.9825595817732942,1.1456301617209501,1.175308667226938,0.06410909949735663,0.02379870346332617
ACH-000343,0.3206390394859219,-1.7848959498638644,-0.22502403300091978,-1.2521012770477666,-0.6249365583576255,0.9301353657179822,1.3583597658105617,-0.2905941872980245,0.39891319860741314,2.4278247049079,-0.22357754151694986,-0.42392975967673696,1.4042805257449347,-1.1333400181033857
ACH-000344,1.431435038758414,-0.0054527267319919095,0.049269073407493445,2.55885618167115,-0.4146127447542222,-0.7430209953890649,-0.7701813473921651,0.10258464237465496,-1.3437064034593451,0.5656256678572086,-0.1156699335065169,-1.0869376931586834,0.579953380962808,0.845574981515915
ACH-000345,0.6174383349210216,-0.5356383177234249,-1.165346651428089,2.0309935204901652,0.1755018781942626,1.620500709187511,-0.7357393243544235,0.9345424735536281,-0.11232417230678532,0.7423401913346579,-0.267689592428695,-1.0849266891051064,-0.6235244741951158,1.586408199740423
ACH-000346,-0.7692289580508461,-1.3395374226880161,0.04989481058085006,-1.0295574573613329,0.8787512805907658,0.7275346058197285,0.04269803323094186,-0.7465268700678993,0.13708456369694075,-0.1651907247186943,-0.2886567821940311,0.21619783465805098,1.0223427641585245,0.7466606528997924
ACH-000348,-0.29853126627716303,1.7607023603971859,-0.603738562479967,-0.297540594248719,0.27940994595301405,2.0002914689039786,-0.6343966866801403,0.7137269036018986,-0.5510543129685752,-0.3275077389816992,-1.5452256264299988,0.32127354965892935,-0.0426558168021503,-0.1601394536080512
ACH-000350,0.4486107977462092,-1.6530756338276682,-0.1502071771015627,0.7330431849653055,0.006630502968471715,0.8656396287078059,-0.7001438318666581,0.6360353835833267,-2.04595317950359,2.0157777899755107,-1.0440240589401282,0.8653728659323152,0.19129534389594097,-1.0365617609502877
ACH-000352,1.6295318893244004,-0.6894330655113625,0.37203921603519474,1.1502880693740498,-1.963137749656765,0.38341494917912633,-0.3855005759129147,-0.9447398301058213,-0.21954114933918914,1.9735459899581596,-0.6485984751917651,0.4998709198321145,0.45557548236167916,-0.5270984745941769
ACH-000354,0.32922070603420733,0.7729137309360854,-0.04620336867031315,0.7538545396606112,1.4700590970421137,0.9500293716912043,0.22736299023037146,1.3032800712492425,-0.3421917920933506,-0.47910653533184905,-0.437670771891592,-1.6876532233966424,0.5548566502875812,-2.4482148758049576
ACH-000355,-0.2497376988447758,-0.5035049422162768,0.26732683186101985,-0.6359050236421842,0.6650124870105952,-1.133726015281412,2.0172257926414336,0.7189720962401118,0.9286590586824115,-0.07356402505636529,-0.24945082239654148,0.5452300933474027,-2.203698804105906,1.3156088896962679
ACH-000356,0.6996677961202505,-0.03553371821564442,-0.02439079390036853,0.49300004827550875,1.878947866163204,-1.246726242309751,2.5132454608600345,1.1069825248003105,-1.1885296073524176,0.5995835595363286,0.1359700058694706,0.4684500658683425,0.558174910734176,-1.769564449781615
ACH-000359,0.9631643528049466,-0.07058866552637856,-1.953389522338906,0.046077792514086766,-0.17633089872421964,-0.32578221816278435,0.9388137578708096,-0.8233746493162047,1.0499548659509799,0.09919810383048028,1.2796012360645364,0.3808983653395909,-0.644986008231865,-0.12569761713618546
ACH-000361,0.42142133195092624,0.1798631441713597,0.6523888629250948,0.4868844183616574,-0.1231107205710999,-1.5610351980559038,-0.2374321533299815,0.798202724673413,-1.0014850971798637,-0.801654198214388,-0.44055014798492587,1.0327363766399744,-0.18501802743460913,-1.259592250836796
ACH-000362,0.6160849798603916,1.6007160247392822,-1.3414318916996988,-0.4942881689432327,-0.039280261142340185,0.4108150156973559,1.7719750118025202,-0.19885316940889017,0.26101699899941494,-1.4900596438831228,0.17972193774174175,-0.959075482600198,-0.9607067917952254,0.7414312518523187
ACH-000363,0.5845798273932664,0.06060396924344033,-0.5306321088318073,-0.9855614031025287,0.8625780547633656,0.8311117314888665,-1.9700440245088344,0.32966038505400497,0.9589120449133017,0.8657233631302141,0.9221062460160211,1.0151234599287515,-0.5995082912339167,-1.2384318104356205
ACH-000364,-1.5816202618728366,0.40955832105186346,0.2808206826129658,1.1958361264845587,-0.4803382397695179,0.5283124047760943,-0.21096319092070673,0.6228884449086126,0.2759982207882609,1.2182083751375918,1.5838474044788233,-1.4887625862993616,0.6657731781305294,-0.26828916228522676
ACH-000365,-0.20648427435135064,0.5043684490013137,0.9653367123052629,0.07299412349633551,-0.701656666427309,-0.053165229638244216,0.3694800677235598,-1.6984079983325235,-0.2669026175958982,1.0885366215475956,-0.7219169897225588,-0.960194699768105,-0.3170383638669191,-0.15900253916482648
ACH-000366,0.27161979901246397,-0.2878320460187573,0.642091235796746,0.3559398430476699,-0.7814485428290466,-1.7796470988238238,0.915355885492166,1.0696787617622825,1.8348795294448152,-0.8545150899663799,0.5886988099273455,-0.6401342637978216,0.1387039888519038,0.8630028967612721
ACH-000367,-0.8647810849873012,-0.6480514651715485,0.4787987470938932,0.650365091178706,-0.7391107055376457,0.12417734537589045,0.489166400105773,-0.3104826160664777,1.3206370616871488,-0.8240136796592142,-1.131754055935454,-0.7629082809957537,0.6777677263506275,0.7221730335282008
ACH-000368,-0.21232587635713426,-0.866530773492759,-0.645497306032382,0.6307098011626978,-0.24830147003676137,-0.5059051225519731,-1.4600273667097092,0.7304661624703762,0.33095703370569396,0.061631065758090936,-0.47617138795991587,1.3426485082766213,0.5337117562237742,-0.4332820571631592
ACH-000370,2.2903292031569142,0.36584563136436926,-0.2648173588238997,1.0236973180957607,0.5516049996014174,0.24309242422976152,-0.31285088405726896,-0.08685595227551822,-1.1022485892387655,1.1005810251222012,1.1299156077021615,-0.9435833029945413,0.3385767866384156,0.2992953477244979
ACH-000371,1.1888624234273912,-0.9798616437569427,1.0641290934082543,0.2551009536286723,-2.663704829972115,-0.33792093050625205,1.3653318290045349,-0.11524317980949783,1.3738610630589636,-0.2754415447585026,-0.7007209283095187,0.46591034402686693,0.8603744813910792,0.5597795178633584
ACH-000373,-0.4690644816867576,1.4500463269699377,0.7248725001395206,0.9569756773162034,-0.5121557359293489,0.9666568174915432,-0.03996983897186946,-0.49914299489248676,-0.6397856733603995,0.6534729370492143,1.2443079193655144,0.20274279924518876,-1.4731725045934108,0.37906328755872387
ACH-000374,-1.1055583549659531,-0.7301854487944288,-0.5582789520198048,-0.1436325464246022,-0.3243760323510978,-0.37806350134532335,0.8878170458444623,2.6283835518995877,-1.2099100554482216,0.2910082867542821,0.07528446440657936,-0.6287713774427107,0.7995407590735533,-0.23582715408518323
ACH-000375,0.21368096924834215,0.02868163689110701,0.13647746220801843,0.8106245419408333,0.8019315462341776,0.8761428583478096,-0.20727522522810107,0.5996699239492307,1.0408196574383224,0.3928393232849393,-2.0626395347707276,-1.5727776902287485,-0.444483781220659,0.8671153451481725
ACH-000376,-0.08903500657692782,-0.01861503726672795,-0.6103480882922045,0.13327985778711063,0.8775499717024842,-2.090576869200159,0.5231498780983442,0.07793383145621792,1.5083485901255997,-0.4729166290624467,1.0560421368821145,0.40949253062464513,-1.437127672383969,0.8266246540713181
ACH-000377,0.8252054425868709,1.4024837589127992,-0.6261763073252934,1.0897396936467587,-1.7141613652245555,-0.11660608075915804,-0.1433497964821019,1.135805083531292,1.7258920063022045,0.6246968864950437,0.6238552288651477,-1.7726776199961691,0.37676952959656457,-0.9230658405777857
ACH-000378,-0.7488313645636194,0.8922640623442595,0.1699326302400113,0.1634802530461506,0.04874586001033786,-0.6878541735208977,-0.6770518918527137,-0.4560620700028078,0.3898878825193072,-0.5843582419977315,0.6526451251214502,0.09244547547259599,-0.6340818124028725,-0.6859629589191132
ACH-000381,0.3666676462456379,-0.34456892132369826,-0.7003128572347503,-0.11860226074673688,0.6792283253686581,-1.3147735186038216,-0.18441469491048437,0.3306927652419184,0.9327318205543951,0.09117342160790977,1.7319038403143054,-1.250388857412555,-1.3140769431524233,-0.034946999759273456
ACH-000383,-0.26194746883858283,-0.08917079034272367,-0.6181678129896584,0.9209300670291571,-0.7296389571253753,-0.24242320542685047,-0.27863491360533404,-0.8800502797762593,1.0382453523710884,0.7921708727947397,0.17595740420891798,-0.36637090055655175,0.2026828591076717,0.3772142371377945
ACH-000385,-0.5589030828985707,1.3769577684157548,0.03510516393252765,0.9054048879472113,-0.41196956782569377,0.7131096871829518,0.5489931817129604,1.0244559637452835,-1.4728232730280622,1.8815082113552437,1.586121874815595,-0.007541391019359616,0.4951615946928395,-2.3300473777848185
ACH-000387,0.20285959885445282,0.03812873090226383,1.2622016998647279,1.4677357123969759,0.6558380982426749,0.2274309360799338,0.20295367856387,-0.7158341267704321,3.2936450402912874,-0.9663051654052323,-1.2871590728134468,-0.032952461768611836,0.46157585066609746,-0.09065526447001361
ACH-000389,-0.6907614749387546,-0.5505603264668832,-0.33257738168823264,-0.33760826659522764,0.8151160979501179,1.407956661696863,-0.6132723249816759,0.28338530728011235,1.7707244807632052,-1.466464166562355,-0.2624447537139674,0.41891775983568696,0.6907733929731564,-1.0158382184015962
ACH-000390,-1.3491942340432952,0.34273891264602885,0.8782199451536182,0.003594864204407445,-0.7920011188217659,1.1242387674187329,-0.420336465190775,1.1313012560051483,-0.9276717042772344,-0.5997370516988715,1.3285530259907643,0.1836039747117107,-0.21905422793079388,-0.6891321105743288
ACH-000391,0.5149703135192946,0.2642682641363665,-1.4261527413434063,-0.23676151819972935,1.0145400402489269,2.061482655881218,-0.2501010752784424,0.15029640104383263,0.6762126656783716,0.2882548046981834,-0.08039206165355513,-1.1783559446402443,0.8247673868812255,0.46625608412822955
ACH-000393,-1.1248396445095774,-0.6608648012630878,0.5790521427903594,0.6500003847260372,-0.23690763695022604,-1.1847584827926498,1.810559585781353,-0.38779261136251403,0.15503254467688007,-0.14213880746049315,-1.4121142385645986,1.0250825522054816,0.5831512616524848,-0.377188921842415
ACH-000395,1.0574435816456986,0.19500105091911982,-0.6185104289869588,-1.5325368946900026,0.0845230684884261,0.6144292789414869,-0.8849957179912956,-0.07648326662338348,1.7570975382448497,0.5944606504840109,0.4821945762699052,1.015021383371021,-0.16552323284819573,1.0638812775862012
ACH-000396,-0.4429861166956949,0.5812066887482185,-0.5379310235507763,1.040408001599443,-1.6601399111404338,-1.0266262007617264,1.7512315019133695,-0.8950920233902341,1.3244623587230715,1.932905246857511,0.4623943013826639,0.04608582964273319,-0.07078182543109111,-0.9445978380129048
ACH-000397,-1.232127641350959,0.5719817209338828,-0.16502442658923697,1.8148877248792048,-1.8274222466454073,1.536470519523247,0.9347586581669098,-1.3193025143926789,-0.38264138880933163,-0.7453307395858104,-2.2774609167486584,1.6600225025466515,-0.827339276591039,-0.46260731871573046
ACH-000398,0.6700665951028778,0.742549350001514,0.7626911038897161,0.08161136174318383,0.008480460958874048,-1.6829734446078748,0.11004918279076023,0.4116408952737418,0.5063578370931765,0.938171834320246,-0.07024127764276306,-2.7226307348057044,2.060244133174302,-0.41116727747940685
ACH-000401,-0.14866356690680088,-0.7005424536957436,0.45403064449204383,0.7654013128269305,0.5224838296119776,-1.5306371538224475,0.16884201605895824,-0.06714156696957124,-0.24483666025948278,0.6296221190923366,0.3143196804040634,-0.788061310053519,-0.504404903723034,0.40702980348266204
ACH-000402,0.020787226568408416,-0.3536559649701957,0.3215946221114243,0.7964858825970231,-1.8375318653948762,-1.098724391081867,0.9540687252629405,1.80977867880411,-0.31713105222816,-0.13274793448202668,-0.1310695293626838,-1.7524846457962224,-0.9635161947744699,0.14767323446693972
ACH-000403,0.5200523134839317,-1.2315007400600462,-0.17989932870750158,0.029642281549548573,-2.0281019014040464,-0.08214293949324468,0.8303910842306758,-0.197602595729093,-1.0571778885329999,1.9317733065002065,-0.5578337365342345,0.04832874188614583,0.9346141181276638,0.2007173994761093
ACH-000404,1.5734465471429833,0.6471458553697246,0.5100843993065799,2.366575870151007,0.6235105446542027,0.5416066030378694,-0.2431425370776442,-0.8888050450135857,1.167757348923585,-0.8029661356543767,-0.4732587502909264,0.472111552584492,-1.8394999919581596,-0.06445957805232816
ACH-000405,-0.22690125515974796,-1.0213251153843714,0.8609211887550844,1.0581046216653565,-0.13490111900499435,0.5237650834667603,1.1778410602379437,0.23743568964903355,-0.6626672097962925,0.269825766883748,-1.066480911457395,0.34550835162290555,0.6663417717457839,-1.1192425265355521
ACH-000406,0.37535477487591346,-0.3481555129443205,0.6738740363423075,1.5269834680310304,2.0260042568667216,0.02971886546912206,0.020079832617394183,-0.17581224040258753,0.7407484507605289,-0.233648316262169,-0.9824130729955864,0.275188506628558,-1.0744913974941388,-0.5572725054240155
ACH-000407,-0.2325707376184942,-0.7556314750408265,0.04156762616873688,0.43481619518253367,-1.508630806268479,-0.43536831689254296,-0.3667177907510767,-0.10678449242187679,-0.7177739177239831,0.44121383170589024,-0.6281214659106091,0.0882646523182767,-0.16474324487267736,0.0050093805113075734
ACH-000408,-0.4978483311525309,0.03883598146125122,1.5753158172099149,-0.08745723616446122,0.9829405705134723,-0.3973843892701895,-1.8787840743289645,-0.44420669757064757,-0.9550371708707983,0.4242818016844826,0.7864101345132828,-0.9865421685968733,-0.046683455854172266,1.4030647383327879
ACH-000410,-0.6306777207925475,-0.8519098766324814,0.33465009407636787,1.555069945111983,1.0055299823774368,-0.7695016801812772,-0.7666969664165588,0.876785882162561,0.7861880554941093,0.26110302503761956,-0.06019238466567219,-0.2915535254422837,0.6235329630315304,0.6367044851610258
ACH-000411,1.0873810848265741,0.5891009665688611,0.09296081038442537,0.501571401465278,-1.4621207467214763,-0.2769697698079709,1.521451605460976,-1.0782881331404115,0.4491468713185826,-0.2922745140671466,0.2135318047005632,0.0009537255281410371,-0.274707581805727,0.6974597867865292
ACH-000414,-1.8177588733632262,1.6017131262380109,1.96319976031971,-1.0481802571133694,-0.634736014404329,0.3694909186729816,0.5711234554469817,-0.6037976822198498,1.249763975221684,0.24864997677168035,1.7516370875918144,-0.6322574592160407,-0.4813716172710865,-1.4841288550097402
ACH-000415,-1.2068230060870142,-0.3320153971716812,-1.4607709775927973,0.5399675755486337,-1.7506590007018132,-0.06911044872678931,-2.1280305881374493,-1.6116269406543475,0.2498940961825962,-1.166561085625781,-1.416640751453601,-2.2609248056946996,-1.6411168508244778,-0.28721957828673006
ACH-000416,-0.20942860839219488,1.404088361548144,1.7165250194618662,-1.5120181668204489,-1.2049246826147066,-1.13962739110093,0.8217070151029527,-0.0946701783094022,-0.6937146676035861,-1.077489432088237,-0.13022979275417756,2.068078156010479,-1.1702907867770855,-1.294276774063973
ACH-000417,1.5727561129857162,-1.193552163728462,-1.6143741953530775,0.5467567148389086,-0.5370590940679252,-1.5651254138661153,0.6703909942418353,0.8430496009392762,0.5493983406051702,-0.5104575193733287,-0.5179991705170328,-2.3519759157540525,1.163223573704889,0.45500675176454847
ACH-000420,-0.8747598507954157,0.04111150881256675,1.338973053977907,-0.7869234583932613,-0.5382521987418702,1.1646157391616672,-0.15886343216762108,-0.03923221369819429,-0.2310527281545936,-0.010874364375261202,0.28254937262544066,-0.18918850002567666,-0.662774837528769,1.5314677756049357
ACH-000421,0.035674979729412734,-0.8015150909389146,-0.17672180818479047,1.2703970619809462,-0.43097719612427926,1.6051702930259208,-0.1972843089653993,1.5710905618296012,-0.8365700335289756,-0.7118140127039573,-0.5735777042057129,1.864206774980804,1.1894108551094893,-1.3835969009542481
ACH-000422,-0.031308713126712594,0.3581250911871287,-1.165643088510315,0.37537446757270854,-0.5966038871702585,-0.5483867510078153,-0.30556895959784897,0.31836850485889573,-0.9305508416063423,0.26424727740124965,0.23479970894978766,0.8468058949087324,0.7092276223504332,1.020492050319093
ACH-000424,1.5393412344231414,-0.8933981717935185,-0.08866082472157777,0.39138069371126677,0.6163692431093931,-0.7447423354304749,2.1418514560213158,0.6686036098105732,1.400930900068685,-0.31311177554205893,-0.7392915756056474,-0.6229814792839039,0.02829670131359194,-1.348402395044527
ACH-000425,1.0354606450704216,0.6209537901849899,0.368458906186838,0.19557356945578733,-0.6721142710607994,0.08600024869312965,0.08010595923227447,2.195243603462707,0.9928578315220626,-0.9058266624461148,-0.6153733884540655,-0.18803826168226115,0.6146497538144553,-1.4329964821759316
ACH-000427,2.3221710275717533,-0.3505586623756414,-1.0914326838200235,-0.08038504004523118,0.7608108908927401,-0.7427056774462857,0.5249569110045865,0.6981123344416301,-0.2792851566003233,-0.3818085727749307,0.5825528826121121,-1.1522841691936865,0.5278702354676039,-0.7689148628150231
ACH-000430,1.4794168379540051,0.21514730168705037,0.058576878689355,0.3756442847971873,1.0704457223667816,-2.705816180034529,-0.5628981809834667,2.1065628288809886,1.228089688583268,-0.8074171009974629,0.5093714613006978,0.3039095198590858,-0.9922074791152459,-1.3328360682032498
ACH-000431,0.4858683674773814,-0.7191491981010605,1.2607988785121453,-0.1008090198831089,0.008757035152578542,0.8621044822953489,-0.7296536178814063,1.1471888404431576,-0.24321204401572982,0.7258743473846803,-1.3030412761042511,0.6898506794905478,-0.7759353527801555,1.781167983418338
ACH-000433,0.03710390680671463,0.1459878551348587,0.8534955471721895,-0.9393466299093127,-1.2286397485019571,1.581135184859304,1.4188661950154475,-1.4930239516781583,0.5097836305828843,-0.13817983502196612,0.17180940679570575,0.5023287563436792,0.7466623205750439,-0.8080120703452159
ACH-000434,0.5311455897679473,2.540495382227867,-0.4550090643759278,-2.01158010867219,-0.23596816845804613,-1.1665936607253615,1.5344430399904292,-1.9968241421715534,0.7635311099028667,0.3630075134338225,-0.016551337914204614,-0.45630804386229407,-1.2133242160045923,0.5894640626639015
ACH-000435,-1.689585044556722,-1.1554525230694566,-0.4746668786698519,-0.9581542722172155,-0.5124116165127977,0.787300955443306,0.10613468547434045,-0.7862718244242498,0.19432359368151567,-1.2479942270483864,-0.29089832753239825,0.12287141952141697,-1.0785928393766966,-0.5397552306797193
ACH-000436,-1.7189525496848381,-1.620318035342198,-1.0955581824968454,-0.3225365301944391,0.10143057697008133,0.6718102449264669,-1.4057824036949789,-0.5050136858898595,-0.7361884600564611,-0.07594528679555522,-0.12413269484821407,0.5831958546745352,-1.3092360778649723,-1.2564624276105403
ACH-000437,0.06842241115030764,0.3864864303750843,-1.3012398341542004,1.5140296362891696,1.078381006355301,0.6144625802636778,-0.7175924300114591,-0.18179053183965815,1.5634700205111096,-0.6454198728953441,0.3110524296688805,0.22753975445447608,0.04362350282892751,0.29929748868998074
ACH-000438,-0.20118420452024885,2.1695195915322167,-0.7219091671066319,0.8972651450108262,-2.055329185954551,0.07371112619344984,1.0260684695547262,0.48973231835518705,0.10285905788334943,0.09922339997600667,2.0546389699790852,0.6737468395881488,-1.561723323999455,-0.7463525710576975
ACH-000441,0.5593768186561959,-0.05507833461942216,0.2029711454585561,0.5570565103713361,-1.2649447054845855,1.122513701451555,0.6580836951339483,-0.346865367071782,0.8069478259811226,1.0744424839111388,-0.00021450025262671272,0.41019247154203897,0.519068227042859,-1.1622097472568436
ACH-000442,-0.9016394938876163,0.35069742617901245,-0.2912356272987466,1.1862764879683028,0.6564489030630801,-0.7960299773626641,-1.5726527268808843,-0.2787710451900185,0.30939200779477544,-0.35234864251187675,-0.26218752611436574,0.10413692992364099,1.68481765535807,0.7275259195601965
ACH-000444,-1.553008458580634,0.15334783456319953,-0.4323591323810111,-0.5710732914296618,-0.7959403177582036,-1.5976412261851194,3.2016628990746536,-0.7466529549576884,1.076229218114668,-0.5917406109988966,-0.23057187737462984,-0.3840935153817867,-0.03446595441548904,-1.1584884243007827
ACH-000445,-0.504612260964765,-0.15202630992611404,-0.7862686752385386,-0.5326053944512062,0.19533203043355654,0.9454403019779603,-1.0225631961226507,1.2120843640891517,-0.6121799716367501,0.22477604359426157,0.7854860678497846,0.07100095599711151,1.5799024042164143,-0.5396989497929248
ACH-000446,0.08843601671403598,0.421603566992758,0.5858678927611781,-0.5301307150987985,1.459474363946111,0.2875451674118444,0.20515912154387844,0.12422750395396091,0.8631535803759969,-1.5211799270342632,0.746680200015101,-0.5365140643775168,-0.31118213214216667,0.09772933250361109
ACH-000448,-1.2271853438193039,0.03300984572104938,-0.0063118239125593886,-0.8069662918990468,1.1382625411000247,0.2561113984645427,1.246957971604076,-0.4726998890998383,-1.2229362138171627,-0.6081605699246996,-0.2951973857996307,-0.08443033231656123,-0.105227376909675,-2.2893534535034314
ACH-000450,0.9086025773563593,0.4675904762544104,0.3628948627976771,0.7397327352041877,0.5662522991934409,0.2701633813532998,0.6633832305025337,0.039435765712656355,1.3285525751387983,-2.1972573142390788,-1.1735648084253467,0.7078312862464029,-0.9277326853123056,-1.3240119450330619
ACH-000452,0.9363043424291702,0.8869835586645063,-1.4646500875846775,-0.5769168690603715,-0.944113279160287,1.9461557748512381,-2.2135234046848264,-0.029598460475078837,0.16399841401156756,1.8658559031153035,-0.3015509167817463,1.7536268735466176,0.35581330179429893,0.35639377139154615
ACH-000454,-0.8075628289894905,0.7650191007218291,0.6358327596181615,0.3369373221037047,-0.7689656966283588,-0.20695271844111382,-0.08842580726810775,0.7511069445680705,-0.8560558291469135,-0.512556765270172,-0.06522818700885465,0.4198452039361082,0.2532129522032578,0.16046559492221352
ACH-000455,0.06664478258841426,-1.2662275226929371,0.10809644782203706,0.7838823286375523,-0.05540313858750527,1.425568769277765,-1.8862095046581127,1.2757032130114705,-1.2706730083030147,0.2001034249203831,-0.5513578049881842,-0.7213452623973337,-1.8272599675138779,-1.2317876732175985
ACH-000456,-0.6271331882675534,-0.01127003449311868,-0.5265555481804367,0.2926796017338489,1.7259743040951112,0.8446194712993287,1.3895874786634446,-0.8282660043048828,-1.7305518940708353,0.09311160563442206,-1.4862143155123315,-0.4345356300234037,0.07791667181795979,-0.4465626797856029
ACH-000458,-0.6295238502381907,0.923383347235026,-1.2188148142192132,0.022873911266972767,0.6401649121633982,-0.8725605942010639,-0.6213442390795643,1.1979349498722718,-0.0687789623067593,-0.6069881193271595,-0.11004550111491856,-1.5084680352421205,2.3697221696484276,-0.651022831641703
ACH-000459,-0.6177445934076239,-1.3448928551852506,0.061453957563761416,-0.32189139084697344,-1.2400106320111044,0.7320836792822755,0.4151530893449398,-0.009469557602745727,0.7051271433638284,0.36926903402567873,0.010561671459577907,1.0056403800019809,2.0368405213480467,-1.2838722557297686
ACH-000460,0.0155978528520243,-0.8245624566593146,1.7845693388320798,0.35351125118802684,-0.7467448486390299,-1.1179354575188438,-0.7346023600828512,0.8197372467993541,-0.9221803292288687,-1.0159863996818523,-1.2083903027848444,1.1773600835620395,-0.39512574557077235,-0.5023709761587941
ACH-000461,-1.4942647363428148,-0.5705673465254515,0.06086399964639842,0.3624460450187021,-0.2898392685054537,0.3413349506999431,0.6679501791023644,2.1490750999758577,1.3286551217431237,-1.6304170159591986,-0.618243985266278,-1.482254419957176,0.6842545896362501,-0.1056728577639637
ACH-000463,-0.10578686111972813,-0.5683918877557722,0.6751315153468207,0.857100532122164,-0.3839024791926399,-0.34711119997643447,0.9225189033246443,0.1696146767216626,1.9680622543228457,-0.7925874403651871,0.31912603266227846,0.3330463664690646,-1.2024025017377336,-1.019395173414387
ACH-000464,-0.45170292793620487,-0.995467446795216,-0.032984387393892076,0.48939082937914075,-0.41037578347609616,0.35212713975563076,-1.2078948613456506,1.1433951587773048,-1.6364983171067182,-0.9155487761338508,-0.6352380044626418,-0.7184334808856652,-0.9855386815200025,1.166139543333115
ACH-000466,0.2002010161361878,0.49416786081524666,-1.3231558464635051,1.6043130987681768,1.133038791013193,0.9075970841610844,-0.08738798477462335,-0.9006804741256367,-0.45466690671557686,-0.7067611253640766,-1.6654610277673068,-0.5402940356305324,0.2216503964408748,0.7916409333191954
ACH-000467,0.9125889490928766,-0.07105329406671924,0.11628915151125917,0.5570028877811618,0.14701817449676036,-1.0831315635470324,-0.9692574050676442,-0.47579533116580236,0.5124232222478249,1.2351912866559145,0.08864259586212349,-0.8608691220809136,0.2715247230734358,-1.22021541422341
ACH-000468,-0.6637648026659931,0.22652218089185014,-1.058086846462154,1.449049510654135,-0.20867197744003424,0.39125301740307,-1.8186912620701965,0.15053301156802684,0.8786846263972277,1.275628875083718,0.21934172978157632,-0.7208793338292381,0.9043013516954751,0.9250216236282938
ACH-000469,-0.09589848546308492,-0.8830408170380323,-0.5651259049494934,-0.37941031007195536,0.5861260745221266,1.1010703541368914,0.23228694173261585,0.8750760077651513,-0.4440979493048542,-0.8355695214225417,-0.1903730754308637,1.7728105496916302,0.5798731414879797,-0.933887000859524
ACH-000470,0.6279110691532673,1.5560567455135788,1.0766725675056452,1.114342666499284,0.6543286794524653,-0.5789953877599845,0.638650946415896,-0.37145593654771075,-0.11803690006337127,-0.5218445509949498,-0.8556271833891206,-1.441695204638332,-0.2546993672543881,-0.32673953500337427
ACH-000471,1.310753831464742,1.2208501345027887,-0.5229727328667676,0.5599728351008282,-0.6079977314517413,-0.1679615633771182,0.4210181228353761,-0.5040700433593577,-0.9485636635409879,1.5425495281039752,1.0809565196098647,-0.0669110977929536,-0.22909199902045196,-0.3282472832077967
ACH-000472,-0.44309194717368483,-0.3177759846928931,-0.6100098933498952,0.39317292568837797,-0.6652238760025466,-0.26405573832445073,-1.062408645122406,-1.3649636763858912,-0.7755304738102842,0.8065926158872885,-0.14723426847522184,-0.10264039049550305,-2.735357746084792,0.7210308092658678
ACH-000473,-1.113604790091886,0.9932118839865157,1.3569047060528672,-0.8212174970321309,0.00012563385498714567,0.7210625884337379,-1.1245875953224982,0.3599187380665961,1.0083482243074826,-0.9342684803732605,0.8573612031209664,1.1752530372907286,-0.6260687385797332,0.1251247487117424
ACH-000475,0.22278552948573294,1.669769305132053,-0.8863707272830598,-0.688838733345144,-0.4658464312809847,0.4154236622208983,-0.9871796975704277,1.4215802313585055,0.3713892312849334,-0.9180228103899453,0.5318936384271367,-0.5771623767565208,-0.7957236763496303,-1.2884700228670347
ACH-000476,-0.5546606580235173,-0.607133829099507,0.5443536131919743,0.6148887523230917,0.3475821811876285,-0.6334550620665781,0.03476813182752579,0.559508602252566,-0.5682562996601899,-0.5788963880466436,0.19679452858999497,-0.6846379914704978,-0.6215168327429332,1.125983880679949
ACH-000477,1.1274549154135174,-1.7697076510563496,0.27649804657700316,2.0090196387810275,0.9946055818551189,1.1417413531138156,-1.3058584749202025,0.5805337154651251,0.20240359186550827,-0.30627062309059894,0.8847489675834546,-0.3860890736490788,-0.47846050262785483,-0.31105254960859907
ACH-000478,0.9219574599748074,-1.954056149279999,-0.46602406914716,1.6415929751884408,-0.17228005199723917,0.24562237682088917,-0.38849372284152794,-0.6294122867679833,-0.027491926626581262,-0.9376528045054707,-1.4171765655420132,1.6601169681180505,-0.11933299890712248,-0.7604692678562807
ACH-000479,1.2600690344208019,-1.4549319115931167,-0.8651660479250315,0.11377794893518821,0.8593077522203174,0.32097451337036464,0.6180746148850711,-1.1884428572673273,-0.05054765245001835,1.4455202621111716,-0.06867376772722275,-0.3162449266179929,-0.4013421661777263,1.397376237950143
ACH-000480,1.510888872505508,0.23201451837209502,-0.955004354928256,-1.6781650223198767,1.0992762390894146,0.9928802425880634,-0.6939102924982801,-0.21732898394978348,2.1856181867245255,-1.083597238592139,0.5297499599929246,-1.0679036851111012,-0.7388682046589584,1.6620660364106667
ACH-000481,-0.06013171859765352,0.6698721790759113,0.01758224596879947,0.808589322510316,0.5266207429264935,0.4247143250012128,0.4280665883609671,0.181608499219393,0.24549211761890824,-1.6162861375152677,-0.11506449390718913,0.4522541662377345,-0.6807422417882322,0.040879373675381005
ACH-000483,-0.18099794963954005,0.6216789904650638,1.5299023254522417,0.9545358248463842,-1.2246863704078452,-0.6611283455844321,-0.5635994907936528,0.06852706494385953,0.09939034498104135,1.406021489504729,-1.5925222397881695,0.7040413391281385,0.6949910000470586,-0.6570295108519656
ACH-000484,-0.007253773428479782,1.9887856340561363,-1.1817319636295736,-0.8398569870467667,1.9240786156651697,1.3385556814856652,0.1796521329412174,0.5388163182069983,0.6191533141799267,-1.9657892370387484,-0.21548296048485147,1.0932861008611272,-0.3652184532153281,-1.618433097179811
ACH-000485,-1.643771079446799,-0.6319314206693135,0.6504193158914663,0.5055065224784628,1.8356685681226919,-0.34315653757145287,-0.2106696628463044,0.7723900057884953,-0.7315072326170509,0.15061758897612507,0.9762364938632717,-0.8311964774893457,0.18901698664091068,-0.7746053265447496
ACH-000486,0.05608155753778303,-0.22665087556934024,-0.2167701058105992,-0.6452840313595705,-0.6883288806430687,2.0256096830701513,0.2325867510954269,-1.2714590444131004,-0.6892727230200433,1.1384501198344783,-0.6535363838158419,-0.9622656397186268,-1.236267911047762,-0.6620581107886491
ACH-000487,0.13433066357910803,-1.085942357768476,-0.6719780269453811,-0.8570118103653759,0.7723466742382938,0.8803218987220661,-0.9974446724403412,-1.5491063062032044,1.4605014460762173,1.0116211438764402,-0.723928273755379,1.2973990741667105,0.6938445700082585,-0.9717963794078611
ACH-000488,0.28645781234020273,-0.052045776059963494,0.0012076855505452346,-0.9115388727438558,-1.6854128094018388,-0.5645476073138949,-0.09847526388947851,-1.0206136193454927,1.0860310178541401,-0.6985458146685306,0.4306412025949596,-0.42053533704408336,0.4453096137544472,-1.2609597937233532
ACH-000489,-0.9855024859361382,-1.6788787335196278,-0.7981786059608318,0.35015206009629496,-0.6903034304695315,0.4254888563231784,-1.1501028969279983,0.07478150890066819,-0.690230020762225,-0.7812038343352435,-0.7938343013826328,-1.7579414134426463,-1.034769744464196,-0.2825821045641669
ACH-000490,0.9550041724892148,0.07297272816134293,0.8888480373575817,1.6628092614488947,0.22537908960995368,-0.06573586030274343,0.0445495129109132,-0.4984172454500595,-0.8459276204300483,0.7847104680429436,0.7345448606675923,-2.123617429111746,-0.23913960972446038,0.48451708981429004
ACH-000491,1.8301303648125653,-3.0941057401288163,0.5261364879208912,0.12327854818999356,0.5831276469868426,-0.7079710851432004,0.056851547693216424,0.1413148799908622,0.6259080712934788,0.7528487935609232,2.1142868461418916,2.041630427107745,-3.0703519994879644,0.6122652512177588
ACH-000493,1.8655950634054095,-0.043747437520760254,-1.8802138159948627,0.960319347982543,-0.5694017576450745,-1.8597198042943883,0.7462681525964528,0.12927774346633286,-0.6723898232052657,0.7815932886985719,-1.1428546261018133,0.10868167460311298,1.5277635697487961,0.15555918257792337
ACH-000495,-0.25394553122149965,-0.31732111386296336,1.0285875864973062,-0.025119350604407075,1.472832093471965,-1.1161048280662254,0.818270157975449,-0.41671998707913865,-0.8944704720718674,0.1361012411071174,0.229672903185792,0.11258136472307254,-0.012525579465805188,0.5985749471737489
ACH-000496,-0.0120646260804111,0.25530795017083846,-1.8477296919365918,0.8677171594605789,1.481549897444561,1.3651053692644262,0.5870081498374834,1.0433224838131812,1.4939292324108322,-2.0133854595040255,0.18073054926513576,1.5629219648717323,-0.7673928295713442,-0.749883119161287
ACH-000498,-1.5259120306234741,-0.2819721162241667,-0.34145204574584626,-0.5633729506534741,-0.0786574372609157,1.0394583949640592,0.8687723653973258,0.5360462204969226,-1.1781577721565009,0.7896059775154741,0.20377466092923796,-0.5302149792472732,-1.437278529267063,-0.8937412994565922
ACH-000499,1.5155417655834282,0.8330100079146605,0.613079692383484,0.1149124968075674,-0.05899507756684835,0.23220535183842797,0.40178706429091443,0.7812816709417211,-0.5255954681566642,-0.6298616897544652,-1.087469260164527,0.9581889510376369,-0.9406383676025326,-0.7631939608196403
ACH-000500,1.1516004915031268,-0.7884097908169453,-0.9843898030505369,0.7082828393295807,0.5777624082029923,-0.251924705537424,0.7783020815848518,1.747879905488629,0.18413209298269714,0.8722417287220045,0.9461147904533544,0.6160881757978137,0.1724040053976494,2.7070688138597854
ACH-000501,0.5648568187397356,-0.7148871977150341,-1.6138231078968617,-0.3380535395515677,-2.242160573378312,-0.9927315292300849,-1.1899713514830665,-0.9532192208601298,-0.028881469473335586,1.9704234811647807,-0.05993388422884924,-2.533987500870767,0.7360677165524148,-0.39316508480487805
ACH-000502,-0.8776761244645078,0.19593857333569595,1.957564263453048,-1.0598810598847115,0.006134896319282491,0.9911622565563153,1.8889223272386602,-1.633778282464901,-0.25444502866147184,-0.5763456830727826,0.5952772943078269,0.38788317872720524,-1.0374844687043403,0.09513722219455571
ACH-000503,0.8495066860894858,0.27336746859484046,-0.6229339814008896,1.2564867011336978,-1.0589786820932356,-0.07037627301036649,-1.2159798820858796,-0.5516174895884756,0.5769106237713298,0.41568316120363225,0.16755209561382728,-0.16870594225521426,-0.7482295023342592,-1.483079515290953
ACH-000504,0.079932007602499,-0.4465867684069266,-0.9472181076353378,0.5567603661512599,0.7872285663206655,-0.017618721220912535,-1.546088030374426,-0.20716462543169198,-0.039644285745635485,1.1379681423267005,1.0493079822919482,0.6582009727453306,0.8220434562201919,-0.040482038636968296
ACH-000505,-0.2553497837730761,-1.8351557429489629,-0.12709931836368013,0.6934235975050731,0.09624195222584876,0.488842555735,0.6339586228831503,1.0471213042543963,-1.1553708536820437,-0.8941433475684671,-0.5525856453382704,0.6586684897932569,0.48408290118333147,0.12797482651421824
ACH-000507,0.823452928839199,0.9131933595365973,1.03031947314809,2.5032524596274555,0.8717564568575074,0.6718320314377072,-0.7782965042182521,0.4877216371524573,-0.9498945331575745,-0.27860151001342276,-0.5926301937013985,-0.35536637615930333,-0.948641628605937,-0.6156748051909395
ACH-000510,-0.46712684328532095,0.4764017694970272,1.615613861861931,0.45653577664077966,0.22577440809741667,0.11658142246213364,-0.2649453631685069,-0.05745297235049638,0.35510637828104624,-0.9640733546853336,-2.461652084365644,0.5109283398109069,-1.3539399656175424,-0.08901759639104477
ACH-000511,-0.29620192921314725,-1.2651111379364535,-2.5646945096935547,0.6583076757836207,-0.07385071544739262,0.06555681069624136,2.157563301987159,-0.9944704445547392,-0.2139311204379381,-0.624310135267564,0.3840456495535608,2.191261442086894,-1.1988156545771382,0.5463845846336759
ACH-000512,-0.15391073456819657,-0.21255454932740753,-1.202946660863825,-0.40642082861550033,0.7567400915389859,-0.12585919672518012,-0.5114438505830767,0.8690308711939618,0.11586576094869303,1.93980740240531,1.4670512667351345,-0.7960688278890612,-0.042124384173406464,-0.6541613162864263
ACH-000514,2.830709846186639,-0.7547123679279188,-0.6239264456529846,0.29495936606510303,-0.4084419960965077,-0.09429281347117315,-1.1461044358912713,-0.7575602615964,0.29338528934253894,1.5612372519953355,-0.06349628089419779,-1.3121857998184876,-0.2303880979140441,3.590429711105464
ACH-000515,-0.06338416863297525,-1.016337507666762,0.6128437151272211,0.7099714614429657,-0.06683706249274893,0.6075966580337082,-0.2795272754973861,0.27376980467399226,-1.0357426766475248,1.824712099921627,-0.1033124449175157,0.698455428495817,-1.2197620076133242,0.18398172296406676
ACH-000516,-1.4710874411204076,-1.0976818287517482,-0.1568263152279738,0.6944006485258604,1.5983275786410505,0.4786492719369546,-0.05975431451788609,-0.06626402782040444,1.376997225683243,0.004637563463943692,1.0024967214127483,1.6904392354919662,1.0604091238536266,0.37462419158247395
ACH-000517,1.4042463121887614,0.047387875824049575,0.3265868358514149,-1.00164168745999,-0.544570333517785,-0.29864587970958306,-1.8303513783930923,0.9995384030246167,-0.0016789640314535286,0.723165603289203,-0.38512882953829713,-0.19431121384306732,2.135322091104341,0.5138140730437221
ACH-000518,0.6866907372746048,1.0349565588209915,0.12705398191126716,1.6161375638417483,1.206216156447499,2.2667010926971045,-1.487657181592116,-0.04405606941019618,1.4194603888611859,-1.1158889655896556,-1.7947516210879575,0.9321617238372629,0.863103791843041,-0.4545540906602336
ACH-000519,2.2281628273802516,0.343087920141815,-0.7562111595874199,0.6574689709501109,0.25388952685282445,-0.754542773247523,0.4664146897130381,1.6844812013008643,-0.2806528081282264,-1.023509901994459,-0.6496894095717736,-0.1672026607302844,-0.7024557602912461,-0.37746440061511605
ACH-000520,-0.3705747653038617,0.6696105468599982,-1.9558702992579184,0.17455004133256335,-1.1967217289923278,-0.10441637318339352,0.4085396086779048,-1.1240691582019178,0.11875526656046863,-0.3929903312506161,0.11258478801665316,0.3940218833988905,0.639482182933382,0.00022302238351264454
ACH-000521,0.00922486877386407,0.3179039195574129,-0.5820321869915419,0.5307886334855393,-0.4642584697116931,1.6607188002286164,-1.1837097632054294,0.9602614250241646,0.489413889536697,-0.8873504563400859,-0.03865327557869388,0.5251441492801284,0.8521920102909639,-1.0281811747179561
ACH-000522,1.184902756233187,1.1092079933920214,-0.021948853410249432,0.8572370803699465,-1.2887776721462427,0.17174993087896234,-1.1121625744374126,1.1174297710105217,0.9314362629416257,-0.6732114317982737,-2.140293842333553,1.7160050647984038,-0.9752550109640691,0.1781814432746333
ACH-000524,-0.10799888229901015,1.2111052788340195,-1.191919956508786,0.7195416418439762,-0.9453376496780169,1.025943912644238,-1.3450808465083701,-0.1132129198858604,-1.0606928692945814,0.7993550319467726,-0.6996244097533266,-0.38462548151110815,-0.8081964567686813,0.07765115784582906
ACH-000525,1.7644147713761253,-1.0118579778013777,0.36676415885228675,0.8897075780641966,1.4295833985166215,-0.6486758239480108,-0.33961453106094014,0.8732308176659831,1.257480667509851,-0.5651602962098778,-1.3587054291336826,-1.9784724044644084,0.049156974603993715,1.0860761421404277
ACH-000527,0.22215643656096695,-2.5227098282015126,-0.3017602278362555,0.4164806558510381,1.9401009186301272,0.6637369203114224,0.06439964226918893,-1.2407007320596086,-0.8787886323839655,-0.4162109054759495,-1.1512251700543825,0.10363397571035232,0.5700904959796419,-0.03752531745466045
ACH-000528,0.9860378913572999,0.6879544915622208,-1.3999227094858033,0.9979299573821945,-0.596409987792601,-0.5736333532119795,0.878393945278331,-1.7417789161423003,0.41915992924027223,0.43477227396417206,-0.43944848516894836,-0.9687040656461828,0.7111434039544928,-0.4505888396963403
ACH-000532,1.9083953953433153,-0.9024193710399865,0.16612858371328215,1.6136155415540885,-0.3977301962806709,-0.09720603018322227,0.23648931752253777,-0.23212666583377678,-0.003084302153931984,-0.713452288304891,0.26313496547842424,-1.170089104178628,-0.7430595125658572,0.06462799244822982
ACH-000533,-0.43328300308461243,1.1753407736153783,0.5360357784572664,-0.16303108768721603,-0.7077763458267671,0.8024945248573521,-0.6129331279020572,0.9103970429804267,0.628602496697431,0.6077842866678685,-2.150285633987205,-1.0500691410912324,0.2620771982740429,1.0763874975290098
ACH-000535,-0.9695434595781905,1.3480264731124199,0.540995538781911,1.3357221417802636,0.6438931018907109,-0.6433239940518307,-1.84661599776458,0.10304571194929643,1.1084126084700978,-1.2674977519848976,0.0025542944073076693,-0.4084851060946372,0.23120584813745165,-0.5534087157253966
ACH-000537,1.350254444385619,-0.43618771883516577,0.581540520728686,0.21225724822504474,2.8722884007873435,-0.8959651104535511,-1.4002954713155875,-0.06520529518114439,-0.3509466588052598,-0.9637907046053655,0.9763820241240608,0.13031348598461112,0.0271758162706782,-0.8679160055629266
ACH-000541,1.2611977533335879,0.801671592752701,0.09622205335523963,-0.9705479225772569,0.8635023005851379,-0.5463665840525832,-0.4487822357824609,-0.29850383990503515,1.6702766613096856,1.2591442219064453,1.346390022106255,-0.031866558431665616,-1.0805404444953643,0.1472726560238807
ACH-000542,-0.3817257225570643,1.002349196474799,-1.7550265013324327,-1.1837181661759197,0.5607792605168985,0.021602436604646363,1.794663849318804,-0.4853321864079304,0.5926621200905043,-1.640446959724855,-1.6459125960852483,0.06168287531266327,0.16760634370005897,0.6524735643191679
ACH-000544,0.6485939935151344,-0.28876485072512287,0.07696652388431406,-0.2193758641279013,-1.8128705376083065,-0.5926526672196014,-1.3910607354436577,-1.9461484564995768,0.4498532225562403,-2.4680190652274807,-0.9847187985973992,-0.8314228283604082,-1.6246823714467074,-1.2203704796163728
ACH-000545,-1.797397067391705,1.2867549157100298,-0.5664257294166929,0.15301896963396136,0.35884740315096425,1.966617262044576,-0.9344813432792743,1.3254734442475988,-1.7755670864740467,0.27318545982905534,-0.8432389990910971,-0.7251517690962445,0.5317074731254755,-0.7472857209745369
ACH-000546,-0.6855721350662999,-0.5928190006207076,1.0488347443048485,0.06980730344738192,1.7016402018723773,0.7606546107127561,0.24996859647385128,0.1043853812050038,-1.8840974797655217,1.9107221121842217,0.006494174423961037,-1.283335565527326,-0.19382391289735218,0.5633404645207383
ACH-000547,-0.37427732424070564,-1.2790294729353173,-0.2734622468346296,-0.396478874394037,0.9232482983115937,-0.19695687406672155,0.12588344193508835,-0.4799722584380598,0.3440102322752323,-0.3144652712371752,-0.4673236102286933,-0.46268709829054905,0.5591027927738154,1.7939607029002227
ACH-000548,-0.05615464814744991,-0.09890677313182544,-1.0954287113618835,0.1711158103340319,0.7833872068243399,0.705486170117399,-1.6180821921946553,2.631994227879764,-1.7532055481286337,1.346910584031988,0.6395363843773583,0.07655540651505995,0.1320503419241124,0.23981759412721304
ACH-000549,-0.001698880081935304,-0.9084726084100087,0.01622101766130049,-0.01143673794482293,2.132529671649236,-0.18877902217154466,-0.6475516559151062,0.009700785155853828,-1.0736272009427845,0.1294254159347823,0.5207843425477859,-0.16210213863745995,-0.027567412544935714,0.023430296960635776
ACH-000550,0.5524785886696468,1.692908138864244,-0.9188863687002141,0.23192686286551759,0.5863037718447057,-1.091562396085509,-1.2542864753269927,0.276325531324486,-0.519980044504555,1.2710801601489468,2.2036231623030407,-0.5136921070080596,-0.05083002866326089,2.005691682971795
ACH-000551,0.7254899634712363,-0.6130992471606606,1.0212835594397454,0.12241801880477998,0.2141030238030822,0.8261136849784708,-1.1571313588657033,0.5246151367550136,-0.1784951817859816,0.8764982622159636,-0.25346642982296974,1.0424540577135384,2.551422253738026,0.8771439393214211
ACH-000552,-0.46035647993840323,0.7280938085169896,-0.6473285445710092,1.3118833205267495,-0.23597091657161529,0.7499829805900442,1.2550017073835882,-0.8104607605111729,-0.9700223902993724,-0.0842081660305004,-0.6827592346077782,-0.11569715546282165,-0.48598517354339427,0.3860083589519409
ACH-000554,1.4353316095479043,-0.007853321253448477,0.10504347228570968,0.5688679833804252,0.39360014975443425,1.3961182041371167,2.454675261412809,-0.7871644093799328,-0.2204090367526809,-0.8077861496464185,0.0008914258316701961,-1.1068980473052348,-0.9342673133553645,-1.0777695217774448
ACH-000556,-0.4879919724076842,0.3632040481347753,-0.2546904380525584,0.42533204033778876,1.0359774931729615,1.0439617334911762,-1.4441152034157807,1.9650416256043177,0.3585867327170625,0.6489359541691778,0.6871316744877782,1.4062664810788599,-0.16504052769748667,0.49500223903639745
ACH-000557,1.148018720662399,0.6136872039899146,1.3553172294088156,-0.001160009898085006,1.1866851609289166,-1.4735905132135025,1.4525407084844613,-0.9304326964704766,0.3495274344911288,1.1713420152806788,0.8695864653587054,-0.6785590271707491,-0.8750344492671789,0.6163707658950267
ACH-000558,-0.41096746954057856,-1.2062665078380246,0.4749599168853609,0.24815368001603336,-1.0503933378644097,0.07610774374431035,-0.04512515131866631,-0.696028754622371,0.4780182561818628,0.1345805190311467,-0.49890014873420085,-0.6318401105035162,0.42270458863912946,1.7353000461610457
ACH-000559,1.7710454761026797,-0.3705129915639107,-0.5387210059092222,-1.9486692972468738,-0.15421804786914714,0.8362551716130443,-0.8138446608747578,0.6334005645276233,0.2337559247684005,1.8154531627954884,0.11509764415138414,-1.129084254576208,0.9154205711821959,1.2867972061115098
ACH-000561,0.08203843758176299,-0.3496151861918151,0.01944549622710529,0.7113941245798192,0.08111428872007241,0.7805878024676953,0.3284217747313555,0.42517000787294884,-1.805752172219677,0.6176483763640598,0.09585956873998175,0.2965553874335333,0.008939525962818176,-1.1800036847041624
ACH-000562,0.6229141558387729,0.16725066607490172,0.7771713330888259,-0.625472156088341,-1.478679006821362,0.8119949299252923,0.3419910691675041,-0.43516573369309003,-0.1773041765898853,0.4686325928707934,-0.008935503839884604,-1.3090954569836308,1.4433520494582441,-0.46921772405595374
ACH-000563,-0.9915150115721905,0.5199915258847884,0.36703252893287547,0.7981345504695474,1.030582677575752,-1.171571388304749,-0.04325272474449273,1.2543751396357323,0.37727920869035103,-1.3795884477965519,-0.6794438461568875,0.18726544109281942,-0.3066929678660509,1.2130374261349761
ACH-000565,-1.4292361914936114,-0.5697710896181636,-1.0759128548299914,0.19488471191087303,-0.5964165616545,1.704912169585216,-1.618108443607055,0.6664798194899362,-1.0110240198778668,0.005703254474349673,0.5008566731689245,0.024000699597707623,-0.5305073750762246,-1.3520076634554583
ACH-000567,0.0642969263008984,-0.014319500258887523,-1.008041578931564,0.1341707219318548,0.40136542813837994,-0.13597835486806287,1.375483304797423,0.9445928359618894,1.3141408126299519,0.4447596542339542,1.1310432431866562,-0.9424424477712326,0.12912560464183562,0.7128136537885599
ACH-000569,1.1226715613673075,0.1031038134923564,-0.008373197885012547,0.27010574093031375,0.4610535281770003,-1.3860198070954184,-0.4873191650253688,0.8337805727443921,0.230932259156588,-1.0818825280197153,0.13653329845772286,0.9440676366662443,0.30177132728201844,1.362555003050313
ACH-000570,-0.30645422350250723,0.2603244504170838,1.6935075147681355,-0.09899968852714094,1.1747516610556514,0.9723240160548067,-0.47173579217210754,0.1967316986235584,-0.3759203808218934,0.9416499007657003,0.3476261046355163,0.4048699284863994,-0.5903716976064077,0.9409504739648705
ACH-000571,-1.4819569148008183,1.2737967202837446,0.34905618335789274,0.5320705257325232,2.093892505145346,-1.7872411473111003,0.5292040401910659,0.2211056463664699,0.03618043892859078,0.4420422479806357,1.8157020846734255,-0.5958398005391328,-0.13641595412404722,-0.8201052873089427
ACH-000573,1.0385058707736243,-0.1140963453390117,-0.8749994971649383,0.9315908655298647,0.5071544704524646,-1.060559801660891,0.6389170318952945,0.8506327938718676,1.4185218891293307,-0.9864242234767271,0.7240835769470062,1.0024836129356507,0.035014421334799005,0.455830530485089
ACH-000576,-1.1317125945151834,-0.17711098294561922,0.11120406574964821,-1.1010929149096613,-0.4713229615483311,0.210234245066748,-0.0003887490210608825,-0.10800109204843686,-0.8332075675762917,0.3958581539167635,0.8567029125502229,0.1494802050236734,-1.468203976781449,-1.062608023795962
ACH-000577,0.02408466780273312,0.01558539049840947,-0.56881874496805,1.7126817572221524,-0.7739163991213782,-1.0366625898237343,-1.9255224454923037,0.3139225388658289,1.2306842454063642,-2.203012971466295,-0.20019462532440366,0.6803475554744259,1.9865220648862887,-1.093688860066166
ACH-000579,0.06952953600654085,1.4507441511549926,0.46292625918649866,-0.11542530060760373,-0.3347267688276395,0.8840576353848745,0.18780863788362548,0.42557024250136427,1.9036822221038618,-0.6045913255939314,0.6159387483410455,1.302119263130525,-1.6210057646687954,-0.019353781592420308
ACH-000580,-0.8755340804345307,0.46148587179047357,0.17449829284230986,-0.9602026737614117,0.4913014426087825,1.1284481724424305,-0.7492208206229046,1.0055566556563076,0.20976118949469622,0.24611955856075182,0.19468295280367828,0.7916897830228555,0.2458814245199283,0.6186367283396396
ACH-000581,-1.0798269245618486,-0.08618596544630985,-0.22185447550326615,2.408156740890953,0.5132798470466786,0.24452226628691265,0.8639305672458054,2.1280065062901805,-1.3568506255931843,0.6424757354838685,1.367769366907233,-0.0010516518297572835,-0.40262858222706155,-1.7784378568245902
ACH-000583,1.0006114626441265,1.1290716200751796,1.115157176276664,-0.13711899316424317,0.08927096226941938,-1.2141584683057138,1.7640522480723528,0.14456303169732554,-0.22333475904374828,-0.27297162934626196,-1.3842510208517294,0.20655359665294018,-0.7547574416027666,-0.5905446056715794
ACH-000584,1.6168326155913118,0.3574466497945814,0.18514090223343288,2.1965250000815386,-0.7548514490483803,-0.1825733559216672,1.110662054387527,-0.596206832713158,0.1487646770880312,1.108368312378168,-0.606838046046706,-0.8879898677632445,1.1129630613242902,-1.9638236407075575
ACH-000585,0.9239312151341852,-0.9065587683862918,-0.003920038464525816,-0.7518893680077751,-0.18984393372649724,-1.094830227664865,0.2788908291885795,-0.041174087632035304,-0.48188472989041087,0.27660021693515396,0.19142042765839468,-0.08895900481085374,0.7489490069143184,-0.6464806962647484
ACH-000587,0.5960346039469505,-0.821930027806616,0.17668217392981955,1.0963548194198551,0.10988522823170524,-0.25619086753366516,0.20355371770532,0.6082422684510328,0.384129957945409,-1.0010485969266014,0.07703054492064296,0.8365777273091317,0.1976721814340826,0.207225844958519
ACH-000588,1.1864890725225299,0.3302179137262631,-0.43710416423035126,-0.3705901408359434,1.0276658721039258,-0.626416821934083,-0.9635001299927018,-0.580905242632707,1.2448548553819916,0.3015421912083697,0.34452415859564617,0.608577184114097,0.5776209189341713,0.6334273285284144
ACH-000589,0.05979010753087832,-0.01964026476684924,1.8595494674097046,0.9199827586984567,0.03651165800850007,2.0983583902652536,-0.4106869536636968,-1.2172927813540413,0.5351847039133397,-0.08396265634194915,1.4908846666506284,-0.11050360084112426,-0.8157463935281198,-0.8231973716677566
ACH-000591,-0.5851787185968659,-0.5896642504719497,0.4408134593242838,1.2050316091491744,-1.3761554870271353,1.3030493230345346,-0.1867438680654382,-0.2544582752389602,0.07276811914266768,0.4350380219900281,0.03624645467181396,1.3801109911041207,0.8405525806571912,-0.924097638377296
ACH-000592,-0.9059399785019007,-1.334759670736968,0.381195447584628,0.5195979366321798,0.5845112349406686,1.0054663589109387,0.1580622275805955,-1.8595944749173139,0.01575929599983482,0.8469410449499004,-1.6147382651995443,0.7082945456960152,1.2819411887558696,0.4214740403357172
ACH-000593,-0.7211591096813647,-0.16475747633619633,1.323317123940606,0.1987406610236246,-0.5834252732493066,0.7742287745693048,-0.37321300102563654,-0.4139954309910123,3.0115900503162907,-0.9185700573686526,2.491267903182622,0.3369824693725415,-0.4749844873912325,-0.31715976274430546
ACH-000595,-0.5085721904185139,-0.8430345940040329,0.4744323860314165,0.284916644918575,1.9361332206423667,-1.2649313225209025,1.4149005280123905,0.23559104021646451,-0.6245439747058764,0.4525090457243695,0.09530173447496468,0.9629555282244403,0.094761490725509,-1.6449299027787603
ACH-000596,-0.9824282201176769,-1.1090522437312846,-0.963677781744218,-0.914420596904596,0.05658678700488523,0.35873732557418525,0.9140696283940142,0.37763376719733904,0.6554239032090903,-0.8810955054277905,-0.12702104570399692,-1.2856554132319353,1.9718175881310611,-0.2952602052608027
ACH-000597,1.5663346707764652,-0.15261337579756581,-0.7543506035149885,-0.9525532182847878,0.735950219625998,1.2058555307148255,0.44012482736941305,0.48298911966651126,1.6499052431220285,0.3219815166703608,0.09122095437634943,-1.6596961227111922,-0.5195663253871124,0.754518616891255
ACH-000599,0.46938346918961676,-0.42906266050760106,-0.583180697832349,1.4334731282063689,-1.2141224029429067,-0.7961428510701991,0.496896297606412,0.6893749869743967,-0.04841232536380929,-1.096130617809437,-0.957743408682193,-1.2044647447008376,1.0410389947457128,0.9272434829824204
ACH-000601,0.014106031030010012,0.32316192391587734,-0.23877235661316396,-0.15257252229502094,-1.533032089094219,0.3531845833164407,1.117941427660324,0.04874329702127247,1.9934410724897629,0.1965105504495838,-0.26228219986758144,-0.19034334278025206,0.14505663723799359,0.1930079735437988
ACH-000602,0.7598960477779875,-0.9835449959435695,-0.3782394824731878,-0.9966872265736862,0.8102638273403809,-0.4351470973439559,0.00952454112485047,1.706445233801542,0.9618277366200679,-0.8870393097927335,0.5480917627965705,0.3231933377504731,0.37408120528676875,0.5040754532360749
ACH-000604,-0.49471482409698286,1.2112688341237126,0.7952829459830083,0.9280556210803133,-0.0198009577591891,0.09908310981095425,1.0930888812407105,-1.2554334598021648,-0.6532438107834335,0.04831845319738539,-1.1533868981453586,-0.03394430125549298,-1.1445461754876138,-0.6837964666998381
ACH-000605,-0.13715305253500445,1.2402244208743554,1.056123764526774,-0.9764013000578784,-0.8048097111882904,2.574481683041362,0.2882879331744359,0.8727827317803091,-2.2127242144822077,-0.35093294816300497,-0.1571487937280846,0.1684522208677868,-1.136377016944024,0.6419207778688588
ACH-000606,-0.35015052159076127,0.7380400330016982,1.2091114625511785,0.6010054398764437,-0.8966427139554699,0.9913567532416286,1.3635558523512301,-0.23350634574879497,0.718792802770949,-1.3504125274786916,-0.9229777729869638,0.31027398443519516,0.8681249960645329,-2.1664779024682486
ACH-000607,-1.0212109295279923,0.13097457927067438,1.7632865454717752,1.9728921991585369,-0.7117465332608522,1.365586322134918,-0.2102966914897513,0.4451089876078905,0.8949703801149357,0.7944028038001888,-1.5837991162407423,-0.6029975809083006,-0.6938509869269838,0.9029741463969664
ACH-000608,-1.001709754382965,-0.0677164872602113,1.0227133778951434,0.29801239761331133,0.00710223841072656,0.047892851075956686,-1.6201467868350903,0.19872621312599936,-0.02143635211697047,0.642182861410174,0.513088440182825,0.4013389634899401,0.11289826902736054,-0.7136492243534849
ACH-000609,-0.24967447499715184,-0.8414161956060592,-0.2456121221188529,0.5081371285788138,0.33489460853756114,-0.08062256291205262,-0.5223036248407957,0.3590320774182198,1.234278432908017,-1.9050599607361876,-0.48194883136625805,0.7177259587708075,1.2250343772478611,0.28727709708261695
ACH-000614,0.3953634823830456,0.2971925426927286,-0.07156966439652523,-1.081278992019424,-0.6707450359994328,2.3700772929017897,-1.3063365031026217,-1.5522418132609523,1.9234386290662882,1.2544648809663383,0.17221568275778268,-0.0014421004208592266,-0.7843501679259147,-0.4157063398541448
ACH-000616,-0.7425583403624308,0.114250054740804,-2.26503371417224,1.395277633068452,-1.0271997892282825,0.3620547372799921,-0.10156687585035265,1.9602377470215722,-1.0634322880664215,0.9446049318741279,-1.1274493609062157,1.7538717713870684,1.5560351973952373,0.6780255923721816
ACH-000618,0.287496950951789,1.2708619881231356,1.1798688727352487,0.4996963852052333,1.2364495140127894,0.45254779973341586,0.15506945756828586,-0.7482536208966797,0.9013893270574963,0.027339086532715218,1.288367778162916,-0.21499316995292186,-1.2368606488625689,1.3149800837417933
ACH-000619,-2.3895741220204556,-1.1852598556495744,0.8248778430984399,0.3979777627793765,-0.1082344477211782,1.1413150734510857,-1.5082398002993844,0.4224824945466818,0.6950306187842122,0.42096300619469634,1.0521934208854684,-0.26816195513221075,-0.9284272379581947,0.4187059426694111
ACH-000620,0.15845298792736282,-0.8260418515192838,0.20345281699367893,1.1706901662817173,0.19633587028945262,1.392490854141177,-0.3662633970043917,-1.7109735982245455,-0.4943791882577957,0.23715005170698822,-1.4358197153839538,0.3178243415027772,0.33316875647480965,-0.29366969445870106
ACH-000621,-0.3892031473116842,1.4707335839308457,1.627814185903743,0.3891120713280332,1.3515993999112443,0.055580575605107325,0.005592676761830128,0.023058193067435777,-0.5520954261547788,-0.20028399581365636,-3.20809116759165,1.6141595419300223,-0.046833622216732394,-0.4216794774182565
ACH-000622,1.685018981469508,-1.4011323867860275,-0.01441600855837991,1.0057554317155661,-0.6024672496139485,0.045553458108989975,-0.20923690287401148,-0.18791524016427757,0.7817552793518415,0.5862392489721966,-0.10326767144032224,-0.4333365164056009,0.9138036474772284,1.878609252135789
ACH-000623,0.7072793204211109,-0.8539204842883396,-1.225212213304231,0.2943105200094369,1.4832207539635127,1.010842395043708,-0.6544424712685818,-1.125736511366418,-0.05340601787007456,1.2956835842026888,1.8722818032394044,0.20584812503948285,-0.37777184552090887,0.13266326000817744
ACH-000624,-1.149583204346793,-1.5026339132395319,0.014318490515054719,-0.5224454259806213,1.1891308535043044,0.20781900183843963,-1.249269414892392,-0.3957327607172755,-1.075380305843816,-0.6575939668569762,0.32305883842859856,-1.4386631002964427,-1.6204662076882648,-0.22712024696357191
ACH-000627,-0.6118113210171396,-1.5171124850035553,-0.49923196007829285,0.7130740893971537,-0.19596914302602797,0.4692741964078184,0.5362493865096949,-1.3922557419917163,0.35444175526827226,0.26409596983087386,-0.7394522863114019,0.564883107839545,0.9845779748825018,-0.6158626087724215
ACH-000630,-0.1509143113723288,-1.11384269623481,-0.7537517984895904,0.9477436882708311,0.8588097123543006,1.0929087028701783,0.8545561931238985,-0.046664825478191375,0.9760012708286698,0.512519918167137,0.012743378868122665,-0.034703393164407396,1.4050524794791783,1.8423096976857058
ACH-000631,-0.5649525073477193,-0.5456975268711922,-0.4250873183921353,-0.14788051905678842,-1.2681065320326708,1.9931638556504179,0.2500095364115648,-0.3557255278337955,0.3426041572295986,-0.8305609566232537,-0.35871282604405275,0.2813243032147544,-0.5867467911209024,1.6647792279798932
ACH-000632,-0.7138271572602425,0.5719133099380261,-0.4909678673491553,-0.6588809588879422,-1.6330596044664216,-1.2349416276056417,0.7370957816344618,0.27715192458126336,1.3407392779058454,1.4528656798240194,1.0602314908572632,-0.9458598284321007,1.7947163647855908,-0.7052201774823583
ACH-000633,0.037135806037057115,-0.5884003498032903,-0.6581230717821869,-0.9671911036195127,0.24133499960320368,2.736274308978655,1.1919367763027828,-1.128760523918182,1.1408517381550145,-0.29591005391676656,0.9476070948864839,1.2629395543912811,-0.6265861067729238,-0.18509801081840113
ACH-000634,1.475144603147946,-0.39935842245840236,0.024757218995886208,-0.12764172276033517,0.12474603822609397,-0.32778873662531216,0.25142608998890076,0.30688676315381175,0.2031539225874701,0.0798200019124811,0.39043142057400154,1.747468838264361,0.36028938272423916,0.5473341303976021
ACH-000637,0.4177954842898142,-0.876791241293451,-0.41855279315083554,-0.8462393860904267,-1.4829627079508132,1.5676343104551627,-1.4099057167311435,-0.6514706164794296,-0.572289810877403,-0.2526268710126857,-1.002245922958441,0.6415752215460889,0.5259159820482581,-0.050922245488819635
ACH-000638,0.6231830663674521,-1.3894386448571774,-1.0876221172709073,-0.3820474967100866,-0.27226368373771415,0.5811537203313735,0.11160041146743725,1.8074004884509018,-2.1775578536664515,0.1104430645511214,0.9949569156485947,1.0217851099777084,-0.1600996785041199,-0.30967997717736845
ACH-000639,2.268640045786767,-0.6494830820423565,-0.7356928113546415,-1.155821162821826,-0.6011982744126392,0.08841552579933722,0.34720279728040065,1.7454325791782257,1.3245803655755533,-1.0513266770576009,0.21857982574074883,0.6248719711063654,-0.07462602965882972,-0.5909552435292612
ACH-000645,0.6967348037979129,0.48923751733782506,-0.4933904348120234,1.3737703387359461,-0.01649005444032771,0.736336068641541,-0.673690505277924,-0.521165051902319,0.572582710843513,-1.1493715531361346,-1.8241992508497762,-0.74979894833581,1.493276595932925,-0.7519603455847234
ACH-000646,-0.1177221953287105,-2.2629802513729276,-0.6003877407230532,-0.36243121185051075,-1.3623257790042211,-0.2219833625222992,-0.7673488494618104,-1.0930026681990699,-1.7766842850456661,-0.27341533235664706,-0.5283213370345246,-2.3613438957595587,-1.946529491019973,-1.8197062763762468
ACH-000647,-0.488228938464463,-1.5627489755048976,1.6223020233776435,0.7795733231789687,-0.36538147228861145,0.6152036225289115,0.22804715456406494,0.0001008810784185766,0.9183757434255029,0.9553347735240555,-0.6287338606219619,-0.09850656728203583,1.07788262916,0.3397246429237333
ACH-000648,0.4103824011428168,0.5935684653600544,1.572164885441895,1.7971903426828342,-1.7458764805413765,-1.1538869411814283,-0.4466757871485457,0.5737799750564146,-0.11222061334144101,0.4807039480545141,0.8164149280880565,-2.583960577957985,-1.1703979161305158,0.06078101958402095
ACH-000649,-0.938040508704724,-0.1412938057715639,-0.8377376066512542,0.005337726278716534,0.24797463371279574,-2.0776771976677657,0.10625533875894407,1.9953439339407526,0.5715454250771504,-0.4620523089955568,0.7984905153038917,1.0383200561235872,0.3399912610809913,-0.11551818476214022
ACH-000651,0.5417054865373483,-0.750055253049915,-0.39049743081912747,-0.13740308217055025,-0.15353741469579696,-0.5735617781183272,2.1632034538835274,1.840591087019402,-0.8748357456496827,0.8106585270419598,1.4399227239558774,0.344928043293065,-1.1351830727069803,-0.6566658085020608
ACH-000652,0.8458219927331467,-0.805211757289385,-0.4368837874891243,0.016510486926466,0.17786032764393964,0.7161018967778042,0.8146981827764082,0.04979801141934587,0.684167714630949,0.9062902284259752,0.5800580304400764,1.1513708327222587,-0.3839555626648696,0.40639386601847965
ACH-000653,0.11654705544270093,2.797098064377949,-0.7650565956649165,1.080642109705822,0.5860486567886352,1.550613194364479,-0.7382469606773093,0.7173562148806989,-0.9289972720728134,-0.7121836070533474,-0.6621672925846767,0.6110011652609415,-0.2525845542335887,0.17857537195003118
ACH-000654,0.3402998611583405,0.7672753922452075,0.6444762651057262,0.8882124737468974,0.1383840348413627,-1.0317332376955761,1.8718084811579823,1.3972942166369484,0.20848299929108635,-1.224815831607984,-1.3527447600878761,0.633586775037786,-0.7950449097177061,-0.5415078354143904
ACH-000655,-0.9874916219531682,0.6948198903054935,-0.8637341907797047,0.870856899033556,-0.706869196092806,-0.6219343847666714,1.0464829303585332,-1.052665997143052,1.193389675471139,0.8534042412204423,0.6497279250685607,-0.6298567757189396,-0.8134134404877056,-0.12948604299292088
ACH-000656,0.1684047624185127,0.7090693794426886,-0.3020242267355249,1.4348376452658722,0.026760568974077668,-0.6825943895482537,0.8882793948934316,-0.6096931752118581,0.328834009853849,-0.5656338175051193,-0.7199861329667578,-1.593767841855396,-0.6094657184031896,0.538669983481366
ACH-000657,0.5134490523092974,0.1666115630614331,0.1375225863760541,-0.11468465011732412,-1.6700851247056787,-0.6801026701972905,-0.1755124393954451,1.5427500845646278,1.8689408526616185,-0.36079316642040393,-0.08507933079444467,-0.6360986985078897,0.23438057102914056,0.6088482643777525
ACH-000660,-0.4020610808319099,-0.22516739072831163,0.31294840120737083,0.21101594060446055,-0.7593398270364514,-0.33860608244534,0.9359226970105099,0.5864701248253851,1.2111135955114822,0.05433237577360861,-0.8928812482575795,0.23022374277353255,0.6087484681623614,0.4543384792342859
ACH-000661,-1.299829934197875,-1.2280028877450586,0.06465105127397368,0.032053300792923956,-0.1980944064803324,1.1576904078071966,0.6979935258777159,0.5691441757614282,-0.08782151950169091,1.752965043704191,2.4612556201920346,-0.16757162979096282,-0.28842085673783824,-0.0666936707123257
ACH-000662,0.5928775005028213,-0.9207193482585299,-0.6061994468482331,0.9816696592562708,-0.1587726691973808,0.8147198838284733,1.7606154231123163,-0.08434286111808292,0.3787792831265507,-1.1595050503094337,-0.7514517623758614,0.004254774778882847,-0.24764559143683612,-1.159763718143779
ACH-000663,-1.6503583247778604,-1.4550744633315296,1.375197340574184,0.8788430388240948,-0.509173326939412,-0.44136430048234815,-0.06643464211400246,-1.7118549695994636,0.3879512148418417,-0.562520667033948,0.15188014805293207,-2.125781920263919,-1.4445605415720768,-0.2492723233966224
ACH-000664,-0.04695549559979502,1.072990218212522,-1.9188122825598843,-0.1697597968281758,-1.0157102074101316,1.9143050954307022,0.3801856219324142,0.7680754638997402,0.6166662978986259,-1.8002705632428893,-0.5998229030998559,1.3052068747939638,0.7093333953158845,-0.4204316276376631
ACH-000665,0.5478701481573182,-2.985456186843029,0.808059784016864,0.6630666442748673,1.1245004272075638,0.2888587471974926,0.5612886422451888,-2.177715913859471,-0.9860077363054718,0.7652953688262464,1.1416478865504933,1.048154997023332,0.20003735302145886,-1.5171312739363947
ACH-000666,-1.122151508067057,-1.301724828361374,1.091632606436675,-0.7274577106060116,-0.8086644175029826,0.36350515092234825,0.36737980333666165,1.0787519822341054,0.04779294945512227,-0.5541365629546579,1.5638297532872945,-0.6933424186068463,-0.7462878960094252,0.37786810862907344
ACH-000667,-1.8182729958976227,-2.1259663533433213,-1.036735018342666,-0.24249506981771882,-0.48183815902378535,-2.0299492468687492,-0.8770674176357002,0.7226130531406801,0.3792276251357932,-0.39069909399293323,0.4540428307419019,-1.4136363022500302,-0.8087624332514352,-1.460462730349932
ACH-000668,-1.0722004391956967,0.6926353189647315,-0.6763949659402964,0.16969409301716995,-1.0158037594236984,0.6834623503467969,-0.08978036731809484,0.5424408890850931,-1.228767573870026,0.6693671440469626,1.4313745640058106,0.31749708984116365,0.5510241193321684,0.48565424348223246
ACH-000671,-1.2853442688090908,-0.9179705096055398,0.668265387951895,-0.0684371437040559,-0.7696768851112689,1.4838003574017962,-0.6983728887223957,0.0672817167009219,1.0936502410114013,-0.8484813408333528,-0.5769874381092859,-1.0333015625387088,-1.7946916884552389,-0.08435496560555682
ACH-000672,-0.16695722537524094,0.4393474191527928,-1.6057918213404263,-0.18451960921952593,-0.6063386065837069,-1.5127513106740442,-0.319957090247579,0.5489348150981409,-0.7267041087683539,-0.2223709126669569,-0.6553369624084895,0.059452636414478933,0.1496045426695485,0.3999785482576094
ACH-000673,-0.15002456295205865,-1.0630202928748766,-1.9549731758723516,0.6921387707943653,1.041345733956344,0.24788847566656808,0.8279377299682621,0.9299120279635937,0.49757813719545163,-1.5525296067834187,-1.5524716452364513,0.1869950756777977,-0.6179603044559528,0.26929003207324387
ACH-000676,0.11869245009981189,1.213997346946646,-0.5613947181466435,1.0421292919490228,-0.2539582912250958,1.3082909960946227,0.19785546161557704,0.4586150941488557,-0.2698807731772865,-0.7521072348427461,-1.605991186114676,0.4565206195154107,-0.8608785067995341,0.31397508108034167
ACH-000677,-0.8260813057416946,0.20061354362100428,0.4908949864592249,0.8492565743435141,-0.13894388419626197,0.8571460524419773,-0.018491768915115368,-0.5702375712216103,0.4754494596245363,0.18227304009897402,-0.847169322206967,0.3750671499899746,0.4004844571211525,0.8173889668056653
ACH-000681,-1.2996126874313974,-0.3367863692992939,0.2759473493563119,-0.9168084271595341,-1.3875294835828724,-0.519145997037445,1.215311356868112,1.0869071769583334,-0.6142829307805431,-0.38188773181278834,1.3260418711910094,0.01415911890875705,-0.41958983765138824,-0.24439646691699715
ACH-000682,0.20676609047938874,0.013912347815479417,-0.5540246432435093,0.6469182087572056,2.312743469849154,0.3688985592402605,-0.43668987989973473,-1.1133412938913188,-0.07944979432231287,0.1832024327791384,-0.029333445790012007,0.016320210092787744,0.13244027647853462,1.2764570645580577
ACH-000683,-0.499180758281417,-0.31096475833574994,-1.0057296653097478,-1.1464726829907261,-0.07988666288264674,0.6493222051258402,1.5425730271774933,0.6712049061650001,-1.9065821556310225,-0.09421405805569594,1.0708143266230572,0.21893899157885943,0.3011634184770703,1.4338184665526295
ACH-000684,1.9357698094736042,0.07123078598706153,0.4815882232893912,-1.3560843207426097,-1.1014018116290707,-1.6502173450698572,0.6701534357954235,-2.009466491444423,0.2677038290643165,-0.5585617173829637,0.2117282152600967,0.004493227376159878,-0.41712585507295846,-1.5526726986641786
ACH-000685,0.7014946620181178,0.96499207293423,0.6258434531838756,0.09807869108734765,-0.6655074528212217,1.4242427690644373,-0.261935020274778,0.08681430861380234,-0.9456010765093821,0.14856045557751477,0.43248284802784354,1.091986979367078,-2.471842511187618,0.2764314365272561
ACH-000688,0.17071684695084297,1.4992170761675243,-1.5155402780035485,0.7433377033835827,-1.0145944735565342,-1.4085039210367116,0.35637131933267535,-0.14848288564025727,0.7582177012627909,-0.40588568687249915,0.6210267388926517,-0.20916356610575917,-0.09633476461095868,-1.4116396225047656
ACH-000693,0.8832658888501435,-0.3643326920211878,-1.7508663450098392,-0.5912684577914876,-2.0904724272478035,-0.10429970009349283,1.9328217061798711,1.9768975260590627,-0.48244070375606535,-0.5961708271504886,-0.5129000606623084,-0.6223774367439575,-0.5031010191193208,0.12728262841052315
ACH-000694,1.2320617753652006,-0.4901607207497145,1.131670753316678,0.07226649331335654,0.023920899277664,0.17133360448725418,-0.1561193261709015,0.4822044634995097,-0.8948353754926152,-0.6141794211995035,0.11983160495442918,-0.3863294085179811,-0.18684801704146384,0.9125857836484874
ACH-000695,0.8859291749471291,0.1479050310190759,1.1100117373360257,-0.24521252172843477,-1.41056725510781,2.001329993784179,-0.2654722527971645,-2.671139595579736,0.9908976720029933,1.8513417419976204,-1.2467393256211663,-0.3397184354771308,0.5087920354091886,0.4842625492841698
ACH-000696,-1.200365531443603,0.8574342172669438,1.2295784645163688,0.016476576752130764,-0.33392287851518904,-0.9994203186999087,0.4332560680750692,0.19082929325563905,1.6607517083669985,-0.9917083290920692,-0.06598162613900695,-0.3205544793511246,-0.7079877150118992,1.0544169729303727
ACH-000697,-0.2416023899168082,-1.092837289419908,1.2622910798076192,0.44277005101128497,1.1104751013523861,0.876182768684999,-0.8632067726274131,-0.2671091737669177,0.4180652924440381,0.05914499641010272,1.0155265872124446,0.8525920704448425,-0.6120155643422206,-0.12246781747392427
ACH-000698,0.33119894575916803,-0.8725498032275433,0.7828748866380618,0.7137520345320885,0.249637002969318,1.8460643156272558,0.026037533976765854,0.02060780625752484,-0.30553970343666587,1.937472593754254,-1.4376698096638567,2.37969576518405,0.27431016776469674,-1.3442610926954717
ACH-000699,-1.0364526867342836,2.7448798289951077,-0.5543832318079537,-0.10020152726187653,0.5255535690692931,-0.7676187270969299,-0.13281344727078845,1.3436994956763375,-0.5589161710277047,0.9205580814793106,0.9213251344778424,0.3514442627124339,-1.5949550843007834,-0.4542117175902119
ACH-000700,0.7421557592921644,0.9172964075140049,-1.4631134779072383,1.3014269173354647,0.9637729162123964,-1.655386508705746,-0.044640639154197484,-0.35361237359642145,1.134262096640176,-0.6180648132364462,0.4596086827963855,0.37824528263102275,-0.12817404872438484,-0.0559567776791503
ACH-000701,0.42837106506439354,1.3524076873644113,-0.7943069103965271,-0.8557025413894142,0.7214338593102426,-0.03681511031764803,1.2170018532981295,-0.6940428417726217,0.499948609144878,-0.9896983082730886,1.8759567148449108,-1.0219040041138803,0.6307082647291552,-1.449731063817034
ACH-000702,-0.13261034103832767,0.025353641877799198,0.28880210436061743,0.41548039176935153,-1.378953839234996,1.7098682742062807,-1.0411622696760807,0.8582304017216785,1.0999144087729025,1.3112273888855324,0.6248609851380811,1.3680985094672367,1.5579133050994698,-3.3671894528491193
ACH-000704,-0.9723591824022456,1.4894511307455816,0.04946324770491614,0.7679704355134329,-0.7963175247485356,-0.47922382044381956,0.7421244355023585,-1.3609295790344418,1.2396759439210319,0.8339560333096339,1.7386541415494414,-0.02410396830312926,-0.5431276044942128,-0.6082040427737763
ACH-000706,0.6047765641890864,1.0907190275616536,0.5659425942567988,1.0270967068762349,-0.3409560039909815,0.2965674867771303,-0.10408818040388654,0.5988972545909528,-1.980384497357713,0.31700721073690374,1.051561986152284,0.06009357754288886,-0.6009463277814192,-0.06023568525264775
ACH-000709,1.6461251946035191,-0.5644390015795465,0.06250301424863292,-0.41918477818697675,0.11680818189272099,-1.7825050467576342,0.7099916654313845,-1.196879996461639,-0.3139234487713721,-0.8465826671046942,-0.6623311887983427,-0.49592722823163976,-0.7754500293972504,-0.8734367134166026
ACH-000711,-0.3771126277279396,0.688609639126508,-0.299084045607588,-0.6470241853769664,0.9965283915890467,0.9928182946239354,-0.5725649734240216,-0.1365109922582324,1.1896422535413116,-1.5181968112285809,0.6338976345492867,0.7747418646292995,0.06718873029834806,-0.3725336047990967
ACH-000713,0.8767530838007456,0.06606595876219672,-0.8304350598450816,1.6594739472193447,-0.9959965278406904,0.21863718079346733,-0.20453824990100936,0.7216086927331443,-2.1127228431640765,1.6895950150412804,0.9618665035090885,1.5240516577306908,1.7300668182952303,-2.023193431359678
ACH-000714,1.0567039102926967,-0.7865039894566235,-0.994884437330258,-0.25237411737779386,-1.9763092982852342,0.11420422663042505,-0.8638056590825128,1.556528205192926,0.4468528053962145,2.523769328202336,1.8040422924393937,1.2314465323095203,0.8067290935855395,-2.162053326987787
ACH-000716,-0.2446508414808134,-0.5923907727490356,1.5184392786239858,-0.7423802137743634,-0.8435734687854748,-1.5079898538946142,0.8923553471403012,0.7677053383753281,0.7600323196243691,1.2175868773166427,0.7296321648940418,-1.9469750263728784,1.7209987046045392,0.8513070960178317
ACH-000717,0.042679926292700954,-2.3972676266761654,0.6350398975248406,0.5586257114693323,2.9006149382856092,0.3844818964549328,0.11490365985148396,0.2753191460799934,-1.0667026847826584,-0.3243590465560035,-0.7760484765929014,1.178608895643916,0.6024272273512985,-1.1063839905853887
ACH-000718,-0.9084012553906784,0.3323305412186167,0.32357338217483916,-0.49595916733292245,-1.5471753184238635,-0.08551717735902589,-2.220656533083395,1.5106194917882687,0.5419758616772089,-0.5177388518760445,1.0351057571948241,-0.8333809563604548,1.200583651601158,0.1029304525333072
ACH-000719,-0.15728163408309778,-0.1121656081618779,0.29168114000146406,-1.7540185577289777,0.3725383866086722,0.004923290218146928,0.6938024058429108,-2.6211610196689805,1.1388068717981708,-0.14563049263727387,-0.5141648305595683,-0.7692232670567288,-1.1274378630377098,-1.0587330135689903
ACH-000720,0.09318681155732725,-0.06623399371084704,0.17263255706189826,-0.04974829943703644,0.7309107304366835,-1.6041135011863847,-1.006786301682446,1.0319975948814686,-0.18012346695851963,1.1262361052949224,0.8284562403487932,-0.9893106348323362,0.7633205831780507,0.9335890990599569
ACH-000721,0.47784555480573687,-0.24636822957267843,0.12552925651661068,-0.010888086887677388,-0.13407886791697324,-0.4624925617470995,0.8541093973197919,0.4326857234330701,0.8414565410113314,-1.2434144590188445,-1.3963855725976366,-0.5035335994810973,-1.3820379384568542,1.2511720200515282
ACH-000722,-0.6949907656374656,1.2385981968290423,1.0725032402893937,2.2301780707582397,0.8046149206098794,-1.0546989773159403,0.34378470974978204,0.3859622114604273,-0.8492059971543133,0.57507392807943,0.6228583510344191,-1.2036431556137923,-1.1867176374788886,-0.8091022608252878
ACH-000724,0.18960541760252084,-0.7906168267516281,-0.15613713374845592,0.5322773864941104,0.19805297919886908,0.6830826150970509,0.2745765836605766,0.06174579857125585,-1.7276801342264998,1.6274873386306667,0.7567801711041885,0.29846961837797775,-0.8025117429874034,-0.9863442709501986
ACH-000725,0.807681894936358,-1.0523715025755862,0.9932528770482362,0.9181216271617956,0.6713743092033639,-0.1717158688158726,0.8034782389615717,0.7136904884014739,-1.2432760253419177,0.1019382434739962,-0.08970434150939698,0.09152696248486954,0.5496643888281068,-0.766447180146264
ACH-000732,0.43486354767781993,-1.8786484912511134,-1.7690669852410452,0.7151293946124337,-0.9169473205453545,1.0073556399445058,-0.7334388525339264,-2.116008286135151,0.4598816839072488,-1.0799455985649784,-1.6878375363255074,-0.4938569613126397,-1.08633020608228,-0.9480914800353252
ACH-000734,-1.6254196500748144,0.9928410611266891,1.2204720760191683,-0.6378708049862725,-0.07505931837009815,1.1325929760357432,1.2114362171340185,0.5233936091339234,0.11909713625805587,-0.2202537218543442,1.1982171317743238,-1.5044205098920156,-1.2293138109628021,0.39650753524609056
ACH-000735,0.07923747262107063,0.7874959954331718,0.5071541857311195,0.6233574454569554,-0.42839223873892046,0.07566515216377244,1.5493123327311533,-1.8086453286365805,0.7537129856626192,0.6552283522197756,-1.0721930761627445,-1.228854233027116,0.9769539021763637,0.16505397222932358
ACH-000736,0.18444660415884626,1.3415877634198645,0.4158226193638697,0.9296025006077137,-0.5044747347963974,-0.9812027294014098,-0.019282284991691045,-0.1541791894951498,0.4354808177578947,-0.20578899866188383,0.4406255583337576,-1.3431560732835914,-0.1438189348476939,1.4164822188069066
ACH-000738,-1.0977289978056306,-0.15227948161502866,-0.2455748589379376,0.05758518627327665,-0.2615283789999987,-0.5932142176787061,0.8241124296606558,0.711827649437777,0.2034923019720878,0.8346415370521982,0.346138557710429,-0.3774127726619352,0.5168447645456586,1.2783659311986122
ACH-000739,-0.8163504946186703,-0.2866107912963617,-1.8420574887995684,-0.1624624220216796,2.1458163671184707,0.9686276243112142,2.0856337921453894,-1.5583825997491687,-0.0679007965677274,0.7955086576994668,1.2661979581657365,-1.7274012885138754,-1.8164976727834277,-0.8957230852778464
ACH-000740,-0.6870934745569269,0.9365793663210157,0.715448207911512,1.7323308631724965,-0.6536808142566569,0.14623890264959977,0.03987930283872244,0.18673892351544952,1.4268591816431733,0.8139569148249449,0.8629358134538387,-0.783844607542018,0.06530287537866807,0.10270991955192009
ACH-000741,0.4830115827403086,-0.6493576129572166,-0.1537251235216947,-0.7176811510640164,1.261274775766957,-0.28400526933965287,-0.11228855294024624,-0.9941946695269842,-0.362501924648155,-0.6139439658944963,-0.3264149528813629,0.2457778689265803,-1.252569001549511,-0.8357324158870564
ACH-000746,-1.5954328890149576,-0.5110381364990542,-2.095765937007462,-1.401391398864643,0.2019495384108493,-0.3353675087863101,1.0898690994542313,-0.2649266612225358,1.305144195244488,1.7319107518683452,0.8577782182145388,-0.18991538745646455,-0.06353899508851427,1.9219316035669998
ACH-000747,-0.7564652043123058,0.8077870617350899,0.9192934663611846,-0.16452637190359215,-0.7358302318118256,-1.187574470965259,-0.06357643993940161,0.9198904207603684,0.2576202316201102,0.5233087662217727,-1.429433195708734,-0.34279294492418244,0.6102319792797137,0.765262302897107
ACH-000748,0.1745553011706435,0.2980374787346604,-2.1822740310324935,0.23485292873713803,0.3255815874587366,0.4047685404693826,0.4901940405165948,-0.4417674472752507,1.0985502318401865,0.4887285229340124,-0.16303387558689117,-0.6019360564326707,1.1663385597610811,0.6442980523600965
ACH-000749,0.18648701475170726,0.2115888714666594,-0.38836140886505327,0.9434614388976564,0.12626575935637943,-0.6890374155634984,0.8140508381189392,0.26231844170965396,0.7290455301586128,0.04684009102182681,-0.5725866991534726,0.05050971207429995,-0.8922032110683384,-0.35333907634181644
ACH-000753,-0.2580296524247606,-0.1566449633076234,-2.1634450453568657,0.03570198370901673,-0.8708475596205562,0.5955093342411586,1.620082418105891,-0.5115902681641191,1.0236607566056322,1.6286011814321033,-0.17716579799363624,-0.12140047543048557,-0.39222685567175086,-1.1747647249134296
ACH-000754,1.1487582130479106,-0.3297353896644065,0.6107416618483326,0.32434668301153974,-1.0473291682394423,-0.023318067149131854,-0.5276072064840868,2.1905134962494692,-1.1515657394618373,0.5331084823459957,0.8576254750186165,0.8433606124149484,-0.23133090076091142,-2.1519046282281757
ACH-000756,1.4196502971327103,-0.1424370946156587,-0.6890586336161079,-0.7316076784042755,0.40186487907106355,-1.2071126551471676,0.46611078640596343,1.0626227094794216,0.06533770261389776,-0.5897185758057045,0.3203695684138334,0.08669083931401986,-0.8253152543655844,-0.7356937051083223
ACH-000757,1.7282712663686903,-0.7538173961395934,0.9643467138876712,0.1727237781807281,-0.6379874231723398,-0.8704509605533222,-0.43963756910763957,0.3277351439573079,0.5355049215637561,0.6846394666590286,-0.17872899065890296,-1.021977073452733,-0.30117475273641753,-0.4314246701143819
ACH-000758,-0.9718491932561385,0.5577562855909111,0.07971623700951153,-1.3490041063204201,0.8064858533106418,-0.2388731994284826,-1.1091165017938553,-0.043162022862153995,2.3468527116688187,-0.5220858201208572,-2.5969767752733866,-0.3737577337448336,3.63489764757855,2.0088762329786785
ACH-000760,0.3421003348459826,0.8028628436021398,1.9494685638479636,1.2890311082682047,0.4022734384935817,-0.6499211435010578,-0.965904117795242,1.5296628224169337,-0.4258953223590036,-0.3969483274552085,-1.1141598110088704,-0.13833668153175613,0.8906918656913163,1.449638628341224
ACH-000762,-1.6862064123244693,0.6152427844958616,0.46462932101058174,-0.08576680271788428,-0.530592113065125,0.8253945512186002,0.9063842839578826,-0.8084243658435201,2.1145066249042865,0.25873601630904,-0.5733354766111939,0.28471960844011773,0.44958100861504907,-0.621083404184782
ACH-000763,1.8060676656601427,0.7367017116715837,-0.8552928912446345,0.4101183060627049,-1.1487996409671732,-0.7211677033460567,-0.5385729041819957,0.43658751635789705,0.8598460392071698,1.306846498543247,1.3955705201539466,-0.1857164129082606,-0.2180977788216881,-1.123576182466737
ACH-000764,-0.09015472464078256,0.3974699183048833,-0.13549401559900853,0.09747263118312778,0.11798284467855209,-1.5147344960030535,-0.12170939698245013,-0.5831239147365299,1.9461815756948073,-1.4020583748264028,-0.8371563969391236,1.2957363404447044,-0.19511183567944695,0.2960706852976101
ACH-000765,-0.27070829279724834,-0.0649598955463076,-0.8237461034774586,0.0847261767352556,0.0739042144673295,-0.10443604221111832,1.7264832891982038,1.0582907013052314,-0.0829339429123696,-0.45814213098865864,-0.8404387378145127,1.0379595567814186,0.34158802875755795,-0.5466023527245176
ACH-000766,-0.7012901736141389,1.5398035005095245,-0.2704515376643726,-0.9461693237731826,0.6515103461217151,0.2802009613100314,-0.8093459222872997,2.166913217416646,-0.589873687127282,-0.6805956482922011,0.7541494147275154,-0.9301295369428145,0.8282712265881732,-0.6152412579138109
ACH-000767,2.756639222066486,0.6251753311306384,-0.7588091612996396,0.9394143649836921,1.240739439768121,-0.43257217211436727,0.3340344384286482,-0.15838051912912648,-1.3285531280540632,1.9743079884236292,-0.5338317313626544,0.7827287732639471,-0.2550954791644753,0.41421783585518485
ACH-000768,-0.4209024029577133,0.4360412244903727,-0.28784739214989935,0.11818428746427005,-1.3490900002820916,-2.139441600093985,-0.3827967204089777,0.6280281999107413,0.3971660169833324,0.3542998573966332,0.4314143603713512,0.34369454090091933,0.5676651498669834,1.3863245919924294
ACH-000769,1.564905963186518,-0.551696826325845,0.20747935873022552,0.2847243762434745,-0.3152321217250355,-0.6212674023728555,0.8158754341671683,-0.0698427325370423,0.5766153436189432,-0.6603228384188276,-0.4097078188174672,-0.5142158314404544,0.11725842678337854,0.668803516923792
ACH-000770,-0.26471933697262184,1.8253596182064655,0.3394841172154002,1.5735766951414112,1.2924852214611886,0.39906958982792873,-2.474863071125335,0.2439789706245689,0.714422716589583,1.433139970136012,0.7193811286898294,-0.4044588274944058,-0.6441568610450017,1.6042078973524188
ACH-000771,-2.106294952307865,-0.6983722360644876,-1.464432711566664,0.7197710772597707,-1.3001339050278051,-0.19352302409642227,-1.8987254970452705,-2.0421285437743224,-0.3897640624840672,0.24317291078535255,-0.8902193543644888,-1.6382910247018658,-0.07673517449700284,-0.6740543093990934
ACH-000773,0.7978230684347277,0.7848206811370226,-1.3770934928488452,0.8275192696909287,-2.4406251106076255,0.37567975865478936,-1.3163534226619067,0.7790237307168892,1.337392620293576,-0.8189547777316961,-0.3677907298537007,0.4558608927678875,0.11061889168423822,-2.0309521038540312
ACH-000774,0.6278564363117534,-1.7435181664268415,-0.4589430650327502,-0.37179866045305154,0.13014622128445974,-0.1512798915195924,-0.7649310501713928,-1.2346619029866701,-0.5633700056897267,-0.7374585775378144,0.25461234035259017,0.3385685458249028,-0.49522789531111683,-1.1443048311765702
ACH-000775,0.690084033641578,0.22442139613696996,-0.6114812276827415,1.1709115227286406,-0.05954861131144908,0.07136669180782464,-0.7429915286553822,-0.5144305122847781,-0.09973146223454983,1.4003430883886192,1.0272825540822133,-0.31497687073830943,-0.21202842359327986,0.6040193298042724
ACH-000776,1.1798278642131015,0.6103405062271504,1.3389273761052367,0.13329257093489985,-0.15171750813388743,-0.19568339533237902,-0.6788151837982749,1.6741162224020087,-2.7560740312960137,0.09788646103317833,0.35046176040535304,-1.1801701504443884,-1.3662585242448986,-0.35151106534451704
ACH-000777,-0.6898790179264294,0.4896169797414954,-0.4977132725761483,-0.7187749205434449,0.7188428068381366,0.5204161451961055,-0.020181631849121705,-1.7218005940625611,-1.9237988035704572,-0.38910929782790754,-1.2493498163461412,-0.8191925892001796,1.3189855328673015,1.6685027006426316
ACH-000778,-0.009988272440290286,-0.3227008378891526,-0.325782263027876,0.04788579018351576,-0.14841330953933954,-1.284188533144146,1.6174252831166942,1.0946196050816974,0.26872407437865803,0.7981802636717016,-0.9152616825093288,0.5105289106328881,1.4797964521564422,0.07577809275598205
ACH-000781,-0.46923661978312503,0.18068648596352788,0.5178131194123169,-0.9537530339741469,-0.8773692599411418,0.5427566366681789,-0.22226720611116108,-0.4604462878252787,1.1788342955093847,-0.13434159829528372,2.5844919581727015,0.06399302579486743,-0.6914972666316537,-0.40834765984899146
ACH-000782,-0.374271939734155,-0.6045631186880687,-0.3838430665875399,1.516958483218564,0.2426887709765638,-0.7061543102824873,0.16723706091980273,0.49982522716184125,-0.07054135182158641,0.21721064204299054,1.0561390623097435,-0.5323902123529355,-1.0189665026212211,0.6525927977869553
ACH-000783,1.0950199292496858,-0.04966844997794961,-0.23403758961502125,-0.2637076453159001,-0.012280369638928526,0.8890965837344593,0.7205728934836031,0.23234821281414178,-0.03287375592166958,1.0766494431256355,0.6396591254573775,0.676641415723653,0.05446610840881733,-0.2981154202943506
ACH-000784,1.2808732745883211,-0.716834753879787,1.3149227805935182,-0.07165578035169197,-0.49737423021877286,0.49093012481079706,-2.947180383482959,-0.12391949020559238,1.3039551806518797,0.23827592984478985,0.13817911611367475,0.5111550301344668,0.3919229262739818,0.2706978788554826
ACH-000785,0.008588950551579941,-0.6337336194410089,0.6230873891825094,-0.8283440964236548,2.1635837310561126,1.535984312944526,-0.6644580653578732,0.5207914573077648,-1.4442095692073127,-0.11835000730746664,0.13975172330965874,0.7116164434788435,-0.016702510696578153,0.05508978676936939
ACH-000787,-0.9451220414667157,0.5980600696490433,-2.4717255004790593,-1.1543578099438525,0.6188083893077327,1.2590673352900805,-0.38885935770794267,1.0317404571614663,0.4225235731194511,-1.203395514442658,-0.3104642445329015,-1.0820162261919888,1.6454500060010602,0.8142536519161143
ACH-000788,-1.0170106437106343,-0.14457281203043007,0.6994308675816279,0.7113590325798722,0.00517374329539656,0.2830209865784115,1.4356477571210189,1.09280944313653,1.1186304984485658,-0.8580989996683573,-0.24481066029934653,-0.05694558803005882,-0.5767005560396264,-0.8181549969421342
ACH-000790,1.7169058761082274,0.19740935400493448,0.37983541710086594,0.7604631967032432,1.1008091367053312,0.3663737204963666,1.6758132085704676,-0.08666187323183756,-0.5117976231455375,0.6296609399755482,-0.750311556225417,0.8393560865736853,-0.9338519613203705,-1.0434138804931505
ACH-000791,-0.7157672344370692,-1.0246375351975967,-0.11015374291158846,0.08790654446579325,-0.5821013121196466,1.1889963683851636,0.24758833813923292,0.7903337720307728,-2.6321384591468786,0.02605748153020473,0.4128369311784845,2.0238635933711286,0.8098707131865108,0.1396562182177338
ACH-000792,-1.5776632625921692,1.2818083400085063,-0.483466681355842,0.33144406770732393,-1.18012749550349,1.439560328139893,-1.706278835306851,1.4849683428385752,0.6720280116339129,-0.30851305191782974,-0.9067212887529285,0.35126679897648155,-0.6605436500064015,0.09007621747689375
ACH-000793,-0.330040184546545,-0.8350939738594926,0.44945990269976965,0.8502125006092099,0.204107422608029,-0.36606747520158117,0.6766918768534965,1.193640211072213,0.17871081262803595,0.18144875300083277,1.6492697884546024,0.7095445525028993,0.5732667649947859,-0.15936673666559847
ACH-000794,-1.0401294989044163,-1.0562816312904229,-1.692880431736272,-0.14138698439439032,-0.6694564410159163,0.49870277272494584,-1.639216374836441,-1.3630008392376103,-0.45716826197269006,-0.9765083395757262,-0.6413227684476517,-1.8088280081655144,0.016231510546756197,0.013122324893856443
ACH-000796,-0.7938773577373419,-0.8059681093955878,-0.587164302312077,1.0004129855035382,-0.9438157168389827,-0.5204174711753771,1.0315786082946936,0.3205881684605667,-0.25803336637886415,0.16107978058152875,0.4540386866506072,-1.3006716620887975,0.9035801107093842,-2.171809378310136
ACH-000798,-0.3444218683762464,-0.004135017819410497,0.30438244391706765,0.30006241073688555,2.052626430194632,-1.0003273311744076,-0.31387187504368524,-2.6891827325382933,0.5631085644262237,-0.17016704314463535,0.4155739103298645,-2.279800092438,0.3344540188579014,0.8550953904266461
ACH-000799,-0.4639215424203487,-1.2386958562477903,1.7897799115514927,1.2255534940831276,2.0447489170982247,-0.7228828416375183,-0.46134961476353453,0.5361237160284148,-1.5927946141700893,-0.4785190172210677,-0.8445671307332581,-0.9228907364718254,-0.4912580747285593,-0.42001226155494736
ACH-000800,0.8330026811503022,1.188902273420771,-1.1130963334837671,0.3561093236988433,-1.0941077519397298,1.1418410242953425,-1.1894096059931172,-0.4540356203575072,-0.33806629265460125,0.3814284646445118,-0.5612575646452693,1.57731712036759,-1.8244056039520906,1.7083260908014006
ACH-000801,0.4403312555960767,0.2849873809230545,2.158978763312389,1.6681081420057962,-0.2780469176264157,0.0776415823225871,-1.1229157248318404,1.245042628497965,-0.7235922826456433,-0.38405339785697207,-1.0785573540720697,1.1195299930928644,0.5664458701954518,0.3163987577783634
ACH-000802,-0.7073614538244193,-0.01241507674704997,1.0991910087837526,-0.5714213567791778,-0.09597476616673019,1.4857100362084585,-1.48394359644687,2.565659512654074,0.10591565258881212,-2.6608859851140982,-0.6776429435855144,-0.03055962064946346,0.6995977699110388,2.2167165754162634
ACH-000804,1.4235017077833236,-0.6188317903682911,-0.25005424798978404,1.6627257199056926,-0.02772017675290727,-2.3967064604718584,-0.41634201094867923,0.24583093502737163,1.6130875285162205,-0.9112774862858605,1.8205723756306924,-0.2761598343786178,-0.29657146396838924,0.8516585146537103
ACH-000805,0.8180352710653305,0.5841789874528696,0.1465450028479024,1.339717696330215,-0.44268695922196916,0.2862638619900836,-1.656745005736601,1.7636577203824373,1.8967050477090335,-0.0312797867526545,0.073065971073424,-0.7819353356175592,-0.18783454160827806,-0.5068336479957639
ACH-000807,-1.3257606465581395,-0.3971477750176076,1.6631163868187975,0.5341602723164733,0.5124456463340953,0.2852351261580781,-0.11913448806242202,-0.5325279189775954,0.8949473589486345,-1.6571765620392054,-0.4594386968805957,0.24534414276202285,-0.8206110734852216,0.49045686501207786
ACH-000809,0.20356896947283187,-1.318523632036415,-0.6244983776263452,-0.13450766284284063,-0.860958277203355,-0.8572922734103532,-0.5256394381353133,2.4278100518036685,0.015048273881891743,-1.8506877652427163,-0.6116024148793497,0.6753766885101015,-0.6704860816143139,-0.44385344778033214
ACH-000810,-0.5503174251809159,0.1490198735638022,0.5752045074139355,0.6515558874385129,-0.9580108497316607,-0.8115007311222363,0.8169450589060996,-0.1639002417267365,1.4694400054878949,1.2072295979245073,1.3247809439818692,-0.5363993136699812,-0.0656308923004297,0.15651454400404258
ACH-000811,0.358016501475645,-1.6263254550054171,-0.5288577460160191,1.1475445944381677,0.23989860340695635,0.23700862245689724,0.1328505531765689,0.09129926566345811,0.34813939052803844,-1.0363687851307726,0.7613099449193887,3.2962219632544514,-0.012774849369346319,0.9747418935314169
ACH-000817,1.313684245346226,1.0173598275359983,0.08936018087537789,0.9708189176178054,-0.015878236556390955,-0.499999407826991,-1.4018807328208407,1.0196215030789497,-0.13132448766428648,-0.96676895751654,1.0304935475986443,2.0599335067151614,-2.1760850427974563,-1.1005100701415231
ACH-000819,-1.5019605301014591,0.9521703666696539,-0.14673838226782518,1.9573546153703847,-0.2728903950644884,-0.29700717814266425,0.9164717309651482,1.2034339188130343,-0.12651935378953819,0.5310471763952981,0.09711214642862537,-0.17299089875655757,0.3009338999875306,-0.585638817179136
ACH-000820,0.4526002681779932,-0.19692250649446438,1.8171917906941342,1.7429606144486696,0.9871860117727049,1.6624451146102888,1.1870026178117437,-1.0172853044885761,-0.19207087545753365,0.04723803733713775,-1.1106496327804183,-0.2410331722247241,0.30323193728593567,-1.283031273869942
ACH-000821,0.5456465965083,0.528443247242272,-0.8581600913159713,0.4197531018924416,-1.4832513937166831,1.164108204964803,-0.7465014972213674,-0.9715510596058747,-0.5112625061935462,1.220435144945337,-0.01271667806427283,1.184711161493724,0.4224469104477975,-1.3934961929628555
ACH-000822,0.5432780278109975,-0.3973345318737429,-1.2242899558799507,0.9593746774892161,1.3303382302207833,0.08764111621793731,-0.5850683451064048,-1.1595231168002411,-1.3495095271442918,-0.08724413419604646,-0.8558826226075921,0.8180840133592248,-0.3965845713623219,-0.28148924202381553
ACH-000823,0.8981546767290487,-0.5993015791171332,1.4417092221128676,-0.7861118468884295,-0.028578784304839813,-0.3647071118809181,-0.003329307379880659,-0.9567936831043697,0.46658584624351446,-0.08624718758320137,-0.9948236069046326,-1.070933306678558,-1.3366052598154399,1.506347051747055
ACH-000824,0.10447561612724754,1.2831833522879184,-1.1402662725373094,0.4667750151857539,0.2125633783336948,0.5413786488521907,1.2124800400051492,0.6612008726063325,-1.5598003666696403,-0.8584137194615012,-0.1408860126097354,-0.07608476930472129,-0.9047851073831555,-1.06064529652428
ACH-000826,-1.209260033443147,-0.13596390105831016,-0.35198570567984805,1.0538312368950074,0.0506045819700729,-0.09077689609962952,1.507373165503531,0.7019402538473833,-1.3070994110354273,-2.0372159781445363,-0.6251691823958008,-2.445874544067162,1.212317714132963,1.8158922738470613
ACH-000827,-0.9155027622907159,-1.0755629169504632,-0.6672851045226927,0.030657622392931044,-0.2635584079125785,-1.0965509264288147,0.05496093579188024,0.5505805817725141,1.3433162130117042,-0.8330852202889674,-0.5340553779187932,-0.9675225188923225,0.915782235489334,1.8008099336408492
ACH-000829,-0.3492398415563189,0.13372079291306177,1.700937721225268,0.6914688327144713,-0.303859866869519,-0.5089660173216916,1.9547668979950008,0.271544633468647,0.0942887786342851,0.1856861648268915,-0.7813558323628582,-0.1349765890089941,0.19446608378377248,-0.16200633534434394
ACH-000831,-0.4073131822255474,1.4449425307918107,0.07013197234065159,0.9997463442903932,1.4437992865374971,-0.7890318544028441,0.5203651640175283,1.4368732677321792,0.2711245761516382,-1.7641547327020726,0.2726903859728339,0.931853587909262,-1.2812870656556323,-0.5888112178755528
ACH-000832,0.0074676131042649575,-0.6954672339412223,-0.02741300813829724,1.96683753222086,-1.3447066584122374,1.3436661745331466,0.25995457092811036,0.04197778671930767,-0.7458511668990009,0.040424385973945674,-0.3450536196758836,0.3299081054137829,0.8212741836447134,0.7523546733098911
ACH-000833,-0.5306829157121541,1.6205968253830805,0.1009262099932402,0.9605894959594524,-1.915245160915305,0.6957113750206114,0.380102460078043,-0.24611805817265495,0.88307909830418,-0.09309174933832494,-0.35015758166192035,-0.6750783988337251,-0.9699332837734772,1.428882393264717
ACH-000834,0.4808107267445215,1.370260465473425,0.10151563359690115,-2.1328129996534346,1.00880298314796,-0.06813280034269004,-0.27358505466520994,-0.9076318680481015,-0.16232633146841335,-0.7436412249241117,2.0796377241567616,-0.4642371040738034,-1.5660849842577833,-0.3376720026479336
ACH-000835,-0.07853688922228179,2.0283518875806723,-0.5464857857705927,0.4877886174928874,-0.8228001509303469,-0.855351516410414,1.3702772699078665,1.0949374080524148,-0.4942249550353036,-1.5860533426666654,-0.4368945066893313,-0.3437293999299684,-0.1530544882876093,0.8360955636943461
ACH-000836,1.050711300576402,-0.8608244260715876,0.2954160229438167,0.0849535029011749,0.4907973031607507,-1.0732539954389115,2.1252597406912437,0.6828883313758467,-0.42423363396583125,0.21273865920977378,0.3154465834336398,0.8235908708130049,-0.42905655735396636,0.6558970379651838
ACH-000837,-0.3162786870611925,0.41764036344832267,-0.8549031506249224,-0.8645523521687941,-1.2521369300076683,-0.020192139447421195,0.40331583860696674,-0.5543433521639156,1.355826131012101,-1.5378101231282488,-0.3070982228954191,-1.1655701542202714,0.18445253254459476,-0.052574212901300016
ACH-000838,0.9612863214001509,0.3123230625908369,-0.052163100470399175,1.2372141083708244,-0.30001823424500845,-1.0167274729921103,0.8175607171702941,-0.2158045272088196,0.46352028944175977,0.09242109524302834,-0.09389858122693324,-1.1641164973938356,-0.053663761704812366,-0.915621099141916
ACH-000839,1.3334463413095579,-0.4980838103818663,-1.71902494780032,-0.4490497984596741,-1.7317709659622822,-0.21943265837535533,-1.4434009057943789,-0.8896563296023794,-0.9915698016031668,-0.2986378652167546,-0.7230967570372797,-1.9008138155469532,-0.5048954818400515,-1.4135536716666917
ACH-000840,0.14074157041486687,-0.572653282377243,-1.123044130182741,-0.2294302627887818,0.0627696471431726,0.38980355035790726,0.15850368538433954,-0.1342931823398325,1.9615180623290454,-0.3611275670906176,-0.9358064299622307,0.13553659429921425,2.269813371502314,-0.7100896008167228
ACH-000841,-0.5064441767187267,-0.08628671150063225,-0.42219799553533677,0.829586106751932,-0.9399228668046612,1.2278202930190063,0.534420142513452,0.25889600247384736,0.636728640718497,-0.42938479860757084,0.2752421134343823,-0.4716191362447522,-0.328831791481375,0.11398771219111649
ACH-000843,1.376384572935108,-0.13313650181519526,-0.5839226650065559,-0.9221932092224819,0.2151349518301313,0.4916467724307358,-0.045274979089795594,1.4841257316363705,1.2334696105211829,-0.029325972806058462,0.4644503645915229,-0.6682882589618527,0.605992430442368,0.3200666779290589
ACH-000845,0.33634424649672456,-0.8047176007315562,-1.3487453184766125,-0.159563832927826,-0.9044910265493569,0.17154595647725301,-0.06372256691768939,1.5664383095172374,-1.3701825422135159,-0.13289655491208519,0.10392376522315919,-0.793181302638977,-0.26733594097840285,-0.7688268588164747
ACH-000846,0.4459775154354018,-0.2847204600873401,-0.765418664412709,0.9750091985336595,0.977539568384646,0.7136337679277104,1.7596747261233465,0.2505121209767008,0.18318109830341878,1.130122495653693,-0.032967719060176794,0.4063344945878817,-0.8743555404064044,1.368810866700387
ACH-000847,0.9362298316389779,0.6524695441567062,-0.46562765862663746,0.39071241332424167,-1.9110344520923366,0.8388660461904253,0.8635639366983388,0.834866999132262,-0.060255554937197524,-0.15300609127961026,-1.0950497095535028,1.0450596561798802,-2.9406665707752775,0.7856473271542073
ACH-000848,0.15872294479347362,-1.0694636112474798,-1.0916193584521,-0.5187700164563805,1.3716593589445156,0.037759864264456294,0.8033818308472884,1.4648366776337456,0.005327849355886201,0.39347875705080804,1.7498386696297323,0.8030742190459498,-0.8875510595908379,-0.34266501360996326
ACH-000849,0.30136314135888864,-0.089172017559696,-0.09225159067267365,-0.15617135572543686,0.10923699676361755,0.013479853724722168,0.22206902090948738,-0.026628261157767147,0.14802864336309687,1.1346688500427637,0.7017669824142476,-0.36988636183445467,0.7412642551991997,-0.0918790123573463
ACH-000851,-1.5741640762990872,0.033514571365221235,0.8464308927392822,-0.2912134476296455,-1.7337677761357484,1.685884416590342,0.44792958406123295,-0.24445194786848307,-1.2750353195675992,0.15275326816978343,1.6260360639485352,-1.1303450155535502,-1.4197718429187773,-1.0869176507480367
ACH-000853,-0.41566376395734367,0.34266856578186167,-0.053716685273506024,-0.7065883460744502,0.5533726716451456,0.08770564445208227,-0.3857774758504883,-0.6223139645628756,1.135565112907462,1.2723327622104235,0.8944794998722674,-0.11093855326589491,-1.0586853263153322,0.9920762852944119
ACH-000855,-1.239263448434193,0.8195568266087232,-0.361803589252235,-0.26890056233682513,-0.12069382370405654,0.12750434652463122,1.459407939919843,0.6638905327487594,-0.28458800241332066,-1.473974093542938,-0.6223734105653608,1.1870535338300587,-0.24722527916066037,0.7777596035608744
ACH-000856,-0.3833373387956525,-0.8592672081849856,-0.13962836368538892,-0.1890190675613424,0.5844393241965965,2.261550661191249,0.5426401352449731,0.30645501218914045,-0.16814893440837425,1.1196011392831353,0.8975043981425416,0.9481329919963697,-1.3126131712926503,1.4447575778285995
ACH-000858,-1.0295186493724207,-0.37758043988734735,-2.2407352247184744,-0.2693501306007924,-0.24693113458578606,-0.13769644870219006,-0.37459605572860305,-0.23616969729671702,-1.2501936442615262,-1.0236001143232227,0.7055310390908631,-2.029239884440149,-1.4722195404336733,-0.9197772511503048
ACH-000859,-1.7810405330882983,0.47887911896622753,0.5494594743154596,1.2856416679874503,-0.3782973275103426,-0.8178187042739951,0.9787183566594878,0.9805097328328359,-1.1846351676310352,0.9727107316938872,1.1604940902262018,0.789256918467294,0.7879858111738964,-0.34408470698892735
ACH-000860,-1.1536336500866267,0.8907372656048805,0.9117943533231206,0.2509619810312873,-0.7561577787427997,-0.3789224554123207,-0.12369727867575031,1.2053220766459547,-0.4349700623628889,-1.2623761327635956,0.01257967470025788,-0.2217592549590021,-0.9010658610479566,0.7211202050073154
ACH-000861,-0.4695245869426102,1.0918293766171718,-1.510536015787748,-0.18032278821191894,0.8563663137979934,-1.3851188413127618,0.9263411205238256,0.7437435059660834,-0.6511105757056295,-0.18070648035246525,0.47492626518006953,1.2330767909423752,0.6080770397852174,-0.7684283336854049
ACH-000862,0.7187521081582025,0.052245689315505675,0.4971802345355066,0.7224976723659176,0.5035054387966821,0.2888432177318949,-0.38305283584042615,0.5446001899609155,0.4249071439358585,-0.5408118029651586,-0.11088248950907016,-0.5367528867169775,1.4159054223689511,0.5215530643214676
ACH-000863,1.405402559303968,0.959933025553413,1.5137979850199106,1.1610629109699337,0.7823839338037417,1.336565814801015,-1.0432813690513538,-2.3076244611680927,0.18602828885284484,0.7083169344910801,0.6427152822136095,0.8387041027356222,0.51777096960252,0.869361669717291
ACH-000864,1.2743880375537149,1.4270655350792643,1.2343685671608469,0.6245112393971433,-0.43767948269296925,1.351774346717015,-2.0188888443274564,0.12826015297979865,-0.713291106228067,0.8248302224505413,-0.6951900343635744,-0.7415348572673686,0.3976587705053935,2.5858261242650946
ACH-000865,-1.0155815042876892,0.8669370289122127,-0.08926133988822543,-1.0838579417427199,-0.7257844650659951,0.9124994889464931,2.4501620201835927,0.36200178939050676,0.964172876181536,-1.425148563070823,-0.7177205433659161,0.9635105986020588,0.533966298112761,-0.08961973527567846
ACH-000866,2.0460306908511217,0.5591711623452412,-1.098651948545888,-0.5700471961695386,1.5499717184864092,-0.4675832003581212,-0.6087049598862155,0.4479366672926051,-0.8904160403417734,2.0577696007334394,0.8280498401591616,-0.48691925779475204,0.018805701617166028,1.192515998272614
ACH-000867,-0.4075361096724504,0.3895964900073459,-0.010531198564801008,1.5770281046305552,3.1622648470016106,1.049970647555528,-1.6469883780609942,0.19435370712452918,-0.18524032493453402,-1.8675389718590976,-1.4593453618138466,0.33704777524003077,-1.0905812767792367,-0.7553758154199185
ACH-000869,-1.7826858979212876,-0.3026648047590632,1.1359014899061461,-0.04417504980430238,0.18537837093368092,-1.583604140021554,-0.4595012172384764,0.15929083639159333,-0.050354993441021144,2.259081846735278,0.3814922599826805,-0.5559659813020867,0.9551553536150539,-0.6374268369440342
ACH-000871,0.33613340129259356,-1.2875183637625511,-0.13198493955284862,1.0755430155522738,0.48251334535328955,0.9634856507150443,0.38310479171174494,1.1208374290609553,-1.2232259649907977,1.467724429747034,-1.3871555722089697,-0.3773953620437343,1.826047717573408,-0.37351158624539427
ACH-000872,0.021995764852691935,-1.6863576069613069,1.1341402808696122,-0.9819724983160139,-0.8806070754744973,0.37522195142699705,0.8719181550920843,0.09456833149121442,-0.809111467877079,0.7647632061306646,0.9258890643231409,-0.12066346550836517,0.33306635240939625,-1.009031159501127
ACH-000873,-0.3063046351349834,-1.7422723039173584,-1.2861193186202815,-1.267592895489578,0.27434936124462167,-0.05429257156038158,-0.9570420198660781,-0.779753651636778,-0.003927018132154893,1.0056759609713721,0.48237438287980144,-1.1052901607323884,-1.8350091243032434,-2.1732733111480846
ACH-000874,-0.13502289514610835,1.2624218879935443,0.294435341845733,0.6302520856297128,0.26420394523779817,-0.12977707896153373,1.3887036423357462,-0.1398831710670509,0.8499357277883623,-1.5490906366098418,0.32287103484111973,-0.7739737023182396,-2.1379022471354867,-1.5370092696974373
ACH-000876,1.0981725579150141,0.9922509710896515,-0.5289090418013835,0.9209238100847863,1.299196553898104,0.734202867749391,0.19912003493306518,-0.9573784032628433,-0.846368309855426,0.6296972253170576,0.8452600867442444,-0.3584299824562799,-0.38958526523845605,-0.8433562516206584
ACH-000878,-0.16309277568426556,-0.1589577910826238,-1.7246363048292452,0.6641984216917681,-0.6359400494276892,0.048358692441134506,0.7450471251485069,0.42413429776287664,-0.5653271058980234,-0.7287735042507799,1.37070177522674,0.3665620810482345,1.0364272461860935,0.4860356963712826
ACH-000879,-0.42167369268147875,-0.9126863389062809,-0.6221840792361499,0.7597685392102952,1.0011111599891949,1.41977715825381,0.5336899823070185,0.15722738076495754,1.099722593388275,0.9959607375860927,0.7337129074859997,0.12024741210998019,-0.0401623264093137,0.7919837250869468
ACH-000880,-1.53710876830075,-0.5772365949467367,0.2633698989230605,0.5823392386544813,0.009957528703814562,-0.3048621796443424,0.09285389879075949,0.8632575993712847,1.3817564450930426,0.09605682880003232,-0.5908609651501097,-1.3274379959611562,0.9218570080944863,1.4575248512165682
ACH-000881,0.40047164513049766,-0.15516671759738182,0.06703381378633065,0.5547337731146685,-0.11526290371847789,-0.8338765884017544,0.6969992036699609,0.9016672860595805,1.403774143031169,-0.15651342382275787,-0.3114800167855742,-0.1026742056338498,0.33499604980773817,-1.0866384491317598
ACH-000882,0.5480636249988291,-0.01413366437132006,0.42372537891656764,1.210159222109335,1.0029567048126047,0.9351820994237745,0.09648570890320257,0.5365296526599982,0.2867265150854859,-1.243915614047928,-0.9359658745399705,0.427032292579911,-1.5246043975371124,0.49479557123925094
ACH-000884,-0.0698149544819975,1.608795670971685,-1.5510086050574723,0.3577161898206515,0.9306355475112474,1.5830089941220975,0.3957221313403092,-0.4217512855874591,0.20200007500541492,0.9552240431217827,-0.6756350371891612,0.42796257401181836,-1.5882961642873594,-1.002103390615248
ACH-000885,-0.5865655768516004,0.6894155913403403,-0.0008212187309817078,0.6572498133152849,1.0676686451517476,1.7508571134655024,-1.0751504508386285,-1.4545162035188715,1.502373997476406,0.2849070663213561,0.44018981895387743,0.6596289138564072,-0.6739576580209936,0.3151898107649976
ACH-000886,-0.456357852328192,0.5771133786907003,-0.30189249845761496,0.2702005771913274,-0.6565975232035153,-0.3482816085967558,0.5456900086925656,-0.38520724754860397,-0.6885606194180519,0.11343668063337566,0.6035137602230471,0.26057641276537075,0.6577337600354265,0.18737011156202804
ACH-000887,-0.5636006123808406,-1.2399660780616948,0.010211668735051397,-0.8827194630972817,-1.134655847845576,0.5431848608304044,1.69824417563048,0.1276534935026739,0.47332653498500266,-1.1398567502398556,1.0138268133794706,-1.93511047142296,0.5281825155587545,-1.3018023530920164
ACH-000888,-0.10464391655591206,0.42958964226747637,0.7947529672842162,-0.12063552038377559,0.3907521770458109,-0.19749425313793104,-1.9949117104861416,0.4890028115445766,-0.05265411696506357,0.6525961183844871,2.039245265133237,0.16001823493047493,-0.8300154743140042,-0.004210060091754275
ACH-000889,1.5789193146650102,-0.9685745846776997,0.9656791650597825,0.46458529403450255,-0.971351837658645,0.6101593157851211,0.45913725742571215,0.9131761588856686,1.5339052807479285,-0.6885828614370102,-0.11564223208010646,0.008565536354775905,0.7090721529876929,0.14447205441884692
ACH-000890,-1.320488354919417,0.6178252493857098,0.6095127946796385,0.3332149584001169,0.4406082371203255,-1.597756589193308,-0.12370543432464748,0.5166555271062355,0.7246109686103447,-0.7311764498079384,-0.842227174998765,0.5678593495098149,-0.041353991967964666,1.1741285586461645
ACH-000894,0.45733251711995787,1.699669228281592,-0.1045272784310023,-1.8332650176114438,-1.0575440019270363,-0.4102758884935438,1.2307647436924911,-2.0839171243500565,-0.0794008231761717,0.5463936958862691,1.7588299354806327,-1.12437792476342,0.16729133678482286,0.11240207817313638
ACH-000896,-0.08603740791541163,-0.8845088451145408,0.7560187500780494,1.0420122996498613,0.07634814888758422,-0.6028453562059793,1.126115140100779,-2.0266827522917388,0.7817620938503723,0.3813521328799334,-0.8243287141293214,-1.8319808728437423,0.7300213890956708,1.3698031961901445
ACH-000898,-1.7756251025986842,-0.41443946065623993,0.32821957083061615,-0.2257299030061846,0.9192729110724183,0.9019073354729805,0.8152906282031465,-0.8269266983719832,-0.5396369723552598,0.948098555960529,0.4919287994870027,-2.2448865434732177,0.2292716152429097,0.5147793416752514
ACH-000899,-0.9164714967039376,-1.50543080741954,1.0538238753844993,0.08036036226112914,-0.7117172868773377,1.9406032073075021,1.4419057311584578,-0.5122732965993448,1.563712384970548,-0.08774538833615017,-0.42136553210179634,0.9944882089943065,0.018710670623383805,-1.6486090546066003
ACH-000900,-1.0699817455317022,-0.647805096815974,0.9518044227438905,-1.4655745391588575,-1.2085663135414444,0.35670458308514486,-0.6275676720193539,0.9815003891302307,1.5701850196739218,-1.2249011603050324,-0.8756092010874291,0.723970899574792,-2.5062840614814927,0.36971389787362186
ACH-000901,-0.6893879419506429,-0.8668184702345911,-0.4751867616234807,0.6469881262209098,-1.5484658139278984,-1.2328819556145667,-0.6607444148825995,0.8204517476391047,2.152591344430419,-0.6405205698001479,-1.24658993742038,-0.24859986092497527,1.2705536006047302,-0.01931281205493354
ACH-000903,-0.01868186403278094,0.9091698672167541,1.765914793971878,2.1472710593861786,0.5310761860735236,-0.9846239723796338,-1.5665755969829849,-0.2867848083501669,1.900638141719445,0.647021760588638,1.3301438268551715,-0.0883857185075514,-0.9004701883785058,-0.586956851337475
ACH-000905,0.38370105429644746,-0.5344381629937764,-0.549301176026167,0.7406135016999318,0.8319847851016995,-3.1987407150639626,1.5342668228464007,1.219708976371351,-0.14631985868116335,-0.24957293689511048,1.1467948517322644,-0.11879904031345555,0.855801050808372,-0.4280373205934418
ACH-000906,-1.4053100355049675,0.4851595880178546,-0.30611803180425606,0.5819428306459243,0.5477633828252537,-0.5646859727787483,0.12602922863378677,-0.2803147183679506,0.6427787915108066,-1.3546801891509277,-0.6766641958327956,0.0317519698970778,-1.409558777337964,0.1490352469460487
ACH-000907,-0.03138044473132112,0.3893998405770994,-1.0393035088650135,0.4290344269505842,-0.207204014626327,0.06024812240687315,-1.5389343593369824,-1.268273859056659,-0.2709194854170293,0.6509570367209986,-0.1654911836518637,0.42142398872333237,0.3961480301202506,-1.0378166307244499
ACH-000910,0.7660797010496715,0.16794357312697034,-0.04003024866028271,0.9826672614959827,-1.0053415379620447,-0.7198804811095955,0.570947641986873,0.8193606305809331,0.31374398188915886,0.5838821474695594,1.4768266674757038,0.21656137738922712,-0.469999158597049,-0.5148853143448798
ACH-000911,1.266174684772588,-0.08672748104294502,-0.960600966342753,0.054531302121928284,-0.09343199338075722,-1.354159516332741,0.5739749913452383,-0.9866689188360093,0.913179079665837,-0.90923864721919,-0.9193488198462776,-0.9889839097710516,0.16172414685269026,-1.6936971395875313
ACH-000912,-0.6733854710196603,-1.4479769046580684,-0.9894311971652452,-0.5757213450633428,-1.0767747022932384,-0.906814444706542,-0.056942263035431685,1.2003996288511842,2.5619677255946556,-0.028384438179052354,0.04016375986208471,0.21146701578817323,1.6524602164877435,0.3555582481953087
ACH-000913,-0.4974345276075831,0.23760203966850402,-1.8170852101060626,0.10198632689867236,-0.26108249364819525,-0.9823439312380696,0.3886017821412762,0.6771937594061403,-0.1721949526525867,0.23327847281176828,0.7169400239344911,1.2259777177422633,0.9499072092259521,0.24436545882819755
ACH-000914,0.3738690587576503,-0.9823031360939438,0.9391252316394266,0.23298610902481115,-0.6859503905013056,-1.0934765338173391,1.317471773845865,1.2082668651965858,0.32151006027727763,-0.23920264008368688,-0.6436424063363392,0.07938617885177328,0.17425315827792298,1.2779967184728438
ACH-000915,0.16486508848141765,-1.2617977544284982,0.8987901008466186,0.2571742240915566,0.05594701988727375,-0.14642808260476767,-0.4028471455820569,0.5341664998305431,0.29024914543194297,-0.18883960506701084,1.1524062133429338,0.7350729976377274,-1.217287162194052,0.648300329963453
ACH-000916,0.7001671693249882,-1.43106084532079,0.22747867224888677,-1.00873209677545,1.8549110281856016,2.045559459112269,-1.0964887864774078,-0.08535594314811255,-0.7375809630444459,0.5808147040884271,1.821146947345,1.4270761243912111,-0.34021328235896503,-0.6969203643147324
ACH-000917,-0.2927814034193021,0.8147188605160548,2.116639348275678,-0.5878972593018922,-1.6288588290682562,-0.1257854478769625,0.580206147539142,0.732299243450266,-0.17361995413307643,-0.19067407294684816,-0.8100805902143606,0.22671567268291934,0.8753557663286501,-0.3372104076186649
ACH-000919,-0.05371129296084353,0.8826875307811327,1.5470776313286532,-0.220981698741175,0.7490277288035,1.2411905111503703,-0.6090737509972218,0.19535337496331703,0.25821949066721794,0.701376407630178,1.7351351450001362,-0.960033492078273,-0.9627586435288658,0.7481949896604374
ACH-000920,-0.4513171939089911,-0.13173141162591998,-0.31175847450087935,-0.7144545839352685,-0.4377731309325267,1.5783540151837268,-0.8933957907502494,0.15503958731970566,-0.9648423334035313,2.40616087915868,-2.0948777746437357,-0.6804537419781677,0.9384392044200043,1.224640839238034
ACH-000921,-0.11335182304977562,0.3205647447996054,-0.06374210401482128,-0.030992584170281227,-0.205019949585795,-0.8053819285581193,0.12355103475827667,-0.1634781132695147,1.387842892255443,-0.771043211108615,-1.2793723836229398,-0.3626033306663767,1.190947213320151,0.614217343115509
ACH-000922,0.9421723003800979,0.055588834456164395,-0.8747104623350054,1.3960127828863544,0.14508164704994161,-0.21698323063244968,0.09092934587188528,-1.0817943150913112,1.3680674892224505,0.10937834373752335,0.6053754017213545,-2.2926287507192504,-0.14981554735154007,-0.08823526119023943
ACH-000924,0.9682772728773511,1.7142258250733498,0.04630378547212962,0.9332448629479881,-0.7139857910777155,0.1752130699483441,-0.8484243443835525,1.1101324008289073,0.24319856906578202,-1.6960882277621572,0.4284687903205346,1.8483343604615987,-1.4978971896302569,-1.0868586693527134
ACH-000926,0.8479760419297387,1.8101074264378725,-0.0459168289925207,0.8644498800797501,0.4558064946992117,0.7295961040377706,-0.6379836025097794,-0.338687992417166,-0.33572982361294623,-1.5977859392257752,-0.8799830864025122,-0.22637588947238155,0.04786045831188374,-0.09562547436225537
ACH-000928,0.03567421267116228,1.2159365894428165,1.6913983449878147,1.5349729029847758,1.8642981150894113,-0.19185458981961542,-1.108814805037702,-0.9499962976479934,-0.5450352145386154,0.8149655880386012,0.0999503304383661,-0.6422988361085964,0.23143153344389625,1.6411582030799305
ACH-000929,-0.131438502554056,-1.03856194588593,0.8558458758290797,-0.6586319355278136,-0.48378913110517274,1.2677313828690986,-0.4700814198070677,-0.19408774423877476,-0.06501349433905686,-0.0668856272643336,0.9697451631621276,-0.676946919790396,0.048901777998498874,0.2329821509226418
ACH-000932,-0.15986075276610026,1.1662746169637321,0.19610792200602986,1.9535412576207507,0.10847699122763983,-0.5619969541676049,0.21009707048622647,-0.04377624037896017,0.7390474773528404,0.985574731153249,-0.9990756074955172,0.25578362246504366,-1.853812969319244,0.023518859714866686
ACH-000934,0.41901885353680074,0.19284665914231744,0.06934359106576643,0.721679580506112,0.01663675031950509,0.1571775331206999,0.4457226136481909,0.9994727438170407,0.7644022687004305,0.2084479938271002,0.8106027356339848,-0.7018219501790002,0.9267443935706363,0.18958743266863526
ACH-000935,0.06153424983794252,0.4162424859988216,0.7442569782988385,0.7257908077170192,-0.6966376954435204,-1.4616635557373936,-0.0031426300366797035,-0.9148832340736419,0.13854126335536243,-0.09798907953633945,-2.1176850172039248,0.20784275159197096,0.0641324221475058,1.759432314938714
ACH-000936,-0.8046090024091918,-1.6959858792824458,-0.4423456231986425,1.1365338737576771,1.2677868644297943,1.4004239460738845,0.05571584624889149,-0.21230808831084125,-0.2867258706356113,0.0574526230883517,-0.2257882510599807,-1.1482624931859506,0.4441134657137403,1.3658593035871633
ACH-000937,-0.761111424827408,0.9403964108483136,-0.4360128931098964,1.5214389414899945,-0.5350591674800043,1.633953398648618,-1.6990318488053386,0.23892920124843142,-2.3133270269378032,1.1473072759441212,-1.3260693848620473,-0.11823499834826075,-0.07184923773032294,0.978069345392917
ACH-000938,-0.667220463464293,-0.7580204416823016,-0.9015768233666023,0.09329085695942857,1.7924551740383108,1.1869040157535948,0.3929198041449538,0.32232295967839236,-1.6566864384814945,1.0256450791873526,-0.7028142742824787,-0.5101017208555821,-0.5142048190279528,1.066114317560107
ACH-000939,-1.0180488200730533,-0.6651351442674717,-0.023098969193164887,1.359942386767848,-0.5981145165083298,-0.13962471175057456,0.18503786205312198,1.6194628561263842,1.5450642715653107,-1.1409495185731924,-0.7712207400432248,-0.30620186118330067,1.3602513159884713,0.6908070849668706
ACH-000941,0.15825834217855336,0.6674477417247839,-1.2928807483429394,0.5173856686405897,-0.24694719721450498,1.688503260197828,-0.11675433046199664,-0.1931932332321699,-0.7148509121256755,0.525915446639851,1.4601108228989828,-0.899816982382258,-2.784002934152336,0.8608906483674151
ACH-000943,0.11361019339863247,-0.060647580970167314,0.8166482861830604,-2.922074085328175,-1.6231552319766342,-0.35392235825090645,0.46782764668236276,1.5549652192157881,0.08517434681818287,1.1944585105375056,-1.4134068150316852,1.250516142232992,-0.44684944429303625,-1.9523844070693366
ACH-000944,1.0228738740580061,-0.5184983642108041,1.0373872433228324,0.6236833797951414,-0.6739209900533365,-0.40954527790698747,0.42963070331467995,0.4900009128343556,0.16487617657023365,-0.4870196431286434,-0.505642111143945,0.6026198302104777,0.4629584606391895,0.10970717439731209
ACH-000945,0.11093812145746315,2.004219362091596,-1.4422657288249345,0.36113014317500447,0.47901705707856984,0.7797531672965758,0.6648983840063195,-0.2185948764789403,-1.9698536673457931,0.6965614662326634,-1.5941818597136423,0.152636689615468,1.4860622792892009,-2.2250895054230426
ACH-000946,-0.8767305735860437,-0.0617256383734413,-0.39126821691153246,-0.9750892901410058,0.11431316366053082,-1.0628298595161252,0.0391118614075664,1.491514164184334,0.8502056977986979,0.06856869622399356,1.9208056040736556,-1.307620245658724,0.6153135094419561,-0.47666480485992374
ACH-000947,0.06544512967607488,0.3025193219875276,0.7745009578126013,1.7056102111595515,1.4628748857155336,1.4177335709170469,0.6023320913059156,-0.31076095095163153,1.9525865343892799,0.7335057749582505,-0.1438415917359127,-0.033956097933666475,0.049388348598265505,0.026211831385149178
ACH-000948,-1.708519869752192,0.6833238322919397,0.8856951020336326,-0.06436143227081574,0.6852625699490873,2.0731321620865937,0.04742474011790349,-1.2854107091458717,0.8334450025777222,1.9033799194622838,1.1280425969111147,0.2280553038955244,-0.4028129224075526,-0.25348324642995845
ACH-000950,-0.9436266280400596,0.29316466639090333,1.0694285532052892,0.41701190666876886,0.7680970568908321,1.0139794492621284,-0.26132114798865697,0.5787238979507344,0.7306189654757291,-0.7625260902691181,-0.37057337295163223,-0.08772504955875579,-1.2884306568862776,1.1345314169041554
ACH-000953,0.5931252292212957,-0.5685354867840093,0.3195861814120623,0.02836649396762886,-0.8579288600373418,-0.0025991429987837975,1.1100423359615892,1.147231441689794,0.5574178094461992,0.16504075393533296,-0.778094717857031,0.6952104565385339,-0.22217062274326024,0.5107060331203069
ACH-000956,-0.7297859638792732,-0.1699910414940128,1.0886583402592749,1.4820788671201586,0.41031721418073,1.3350595433684938,1.2103933386785977,0.5150930482952506,0.3134015219603112,1.324975696409589,-0.24685820367979658,0.7064368916679461,-0.4956213224002449,0.5645642122844323
ACH-000957,-1.0054951660587148,-0.09505189405629817,-0.2507462394379293,1.1257608881932433,1.474903608904775,1.7785316676487144,1.0496178991006182,0.3929527876853315,-0.04579337843797023,-0.2609458600172193,0.4541916863361332,0.30086200791308093,-0.6395682699917922,-0.013675131342281904
ACH-000958,-1.9162452247036699,-0.9696818494632427,-2.216873165320872,-1.4380063677914883,-1.1551560273485455,1.926364293120694,1.1349855480512228,1.8288941230245035,0.9694928484274024,0.9826910425450769,1.1820476079867315,0.2889115696485531,0.7842953147346629,-1.1317217639384993
ACH-000959,-0.5603822937841294,0.21736484212546334,0.9332123362050982,0.7609004684471544,2.0292824130036333,1.2725490197495646,1.083925946477243,0.8208359263016062,0.9018613138910405,-1.577227396452818,0.3189809687488544,0.7159334173101756,-0.6154862207535222,0.17098873062531203
ACH-000960,0.830068758443157,-0.13438222732005667,0.2028687586310078,0.9161762944036861,0.8894609698586736,-0.5935323340722114,0.5662969997230468,0.1334198782310648,1.774816032770188,-0.24169154831623738,-0.1686796761265834,-1.2427218343035948,-0.4220032729012451,1.0729678148337083
ACH-000961,-0.5798667928845492,-0.08776285714147833,0.2818852714530919,-0.5759151404243518,0.8764936461120144,0.5316297675719047,-0.06437344976843005,-0.08005516149534674,0.3003305915989608,2.7773708411934366,1.930412449118289,-0.38571298293521,-0.6973934898333493,-0.34559987413471954
ACH-000962,0.3932241049664633,-0.533572397055794,-0.014204543964791776,-0.30254117173892925,0.6943558052088586,1.3380924208369491,-0.5288328624905495,-0.018236413339308737,0.36428529452616937,1.4596138381778885,0.9754332062279453,0.9612713426735945,-1.326613042025784,-0.6740778377479337
ACH-000963,0.08870080407200981,-0.7490234125690609,0.8926872723040025,0.9001068070298665,1.1537241581846884,0.22626741166009784,-0.4084569541440709,1.9175098889453377,0.8440423283736945,-0.1796358353006103,0.1926413029177573,-0.5931076957744875,0.050252003546093015,-1.8374462248520163
ACH-000965,0.6735676338034181,0.6814291469802626,-0.3092926987768666,0.11845116045259871,0.9732764062164223,0.8819072025149339,-0.6055853244575629,0.9335176228756243,-0.3576917489999661,-0.8361070111534024,0.3913624183181108,0.8050406600062731,0.11228775482365401,-0.8333425118501475
ACH-000966,-0.30962909716870135,-0.06944295895178648,-0.1457845153105874,0.6574617219351828,-0.9561097455672221,-0.119157181708865,-0.16575600652492212,1.078891730478755,0.6266623674804036,-0.2110794129868342,0.7307587840763878,-0.9227148461846235,-0.674481789832543,0.4683538800726242
ACH-000968,-1.0485214624876982,0.8455224228589052,1.945593142555255,0.15620554040003515,-0.5941636985345404,-0.45514648852959483,-0.3907541598501194,0.3699233321518758,0.15830375857559734,1.831860798908805,1.0698196930679071,-1.480202828539164,-0.2548993588256038,0.20982298991458503
ACH-000969,-1.5282714413035672,2.3302932097777402,0.8810800198791506,-2.108120360187813,0.9621272483560528,0.5420652642776851,0.32316409513471545,-0.6382413328105055,-0.08120370941115677,0.8260608233599442,-0.2670846908688898,0.45638412945349827,-1.5892339233922765,-0.15654199569651026
ACH-000970,-0.34563812176281766,-0.3640324223485332,-0.43276899244806377,1.0016819159075367,-1.7864541653821056,1.2301101254843905,-0.2636602881182525,0.7426512543585193,-0.040288635883450837,-0.634406724222106,-1.9640616503484873,0.5605106671496883,0.7556600906334763,1.1196050304548522
ACH-000971,-0.5352578586237869,-0.6696623851909536,-1.8226976083287705,-1.106289679223872,-1.2094078077480344,-0.5895184808727975,1.9493351383468194,2.1956762781657093,1.209489442760361,1.0162269037693563,1.5310009233904287,0.19968092820234548,0.07252924748720152,0.6804487335259568
ACH-000972,1.2028545801019328,-1.2715546302263523,-0.7610414850789103,-1.5129671837024876,0.24956852392035334,0.5983342379296416,1.0579014097790655,-0.41869248382487295,1.4301721295357812,0.03548944376703921,0.24084236390543734,-1.9931873688752553,-0.740304216379301,-0.8242259067362309
ACH-000973,0.6889042508560709,2.3151284143056556,-1.2174174368542212,1.909756081922907,-0.15452303589433286,-0.09198314507931644,-0.14615748701721432,1.060785052185981,1.2811267439088818,0.019283626319351987,-1.3550052196442424,-0.414771194534885,-0.4005624436326818,1.5865489556311794
ACH-000974,0.3493543824353259,-0.05052452233651606,-0.26690897096215155,-1.8460468584201102,0.7998110974048362,1.032606542407215,0.43039889682281884,-1.479242638877262,0.23622942302475228,-0.05119604527200763,0.1211827957320267,0.36994814453560376,0.3967274863596788,0.9077706210729861
ACH-000975,-0.40777279855370335,-0.5282854517400853,0.5863245122273378,4.752920944866162,-1.743028044237703,0.7809910115682842,-1.5506719738853774,-0.10012129237118923,-0.5719963127752254,-0.7217008827738683,-2.0684899377929122,-1.2623410622445643,-0.19367519436691868,0.20140538541775532
ACH-000976,0.650010002405767,1.5555562140275585,1.278211748170956,-0.2788444310166583,-2.027264471150261,-0.7139283148986134,0.5773123771676345,-0.8488773556484688,0.9180959111000337,0.14940385084703803,-0.5530339990422671,-0.715220243965715,-0.4513307200822739,-1.394693244768547
ACH-000977,-0.8816686319775584,-0.21849907175167627,1.317652603436912,0.5080683676086463,1.7905020067013657,0.9809232383674946,1.1244503714923695,-1.3772928207506687,1.7461370250024464,1.5133110046470473,0.3783616562249648,0.7212946048801482,-0.8328891148411682,-0.1630676457840163
ACH-000978,1.323067666891091,-0.13571828857651397,-0.7190394564213752,-0.20953466331085296,-1.015216041488129,1.1454826340293296,-0.7977979990582661,1.1192773365463706,0.9835981920559306,1.5979459730505714,0.4361622959412624,-0.11125731368545885,0.13548031995057835,-0.9640268588917579
ACH-000979,-0.7866033538132859,0.12974393350666763,-0.1952756659173704,-0.8324103875229184,-2.191841242239161,-0.9304005826563445,-1.5333887669806585,-1.538323375035684,0.36484663291432,0.23863674166423204,2.0946909065592636,-2.1089016022879172,-1.1937494988487367,-0.7074153551665248
ACH-000980,0.23737366461520934,0.6094923011693224,0.7225128434834202,-0.9949059120260333,1.4242249772497897,-1.7805916745861123,-1.2053931142602115,0.9236486531038971,1.098843442722736,1.7663391420734198,1.0893141901527286,1.8459319952508848,-0.2803776003556032,1.4771471961145783
ACH-000981,0.2997643291199497,0.8467698502498526,0.6270911085952404,1.888236098253557,-0.05170355098003599,1.133288320919778,0.7628773939364341,-0.3628839098020793,-1.0913421951808582,-0.5794866699047061,-2.3558208465002495,-0.12681805822605313,0.5807322069399902,0.6619076702728147
ACH-000983,1.8822305612891694,-0.3289059340649189,-0.09109456291667113,0.5274948697316474,-0.6468392231307625,2.0120533256274356,-0.06633201199650085,-0.9122105819515752,0.7621075655584747,0.2213057519314055,0.7167443796469644,-0.16195212294023165,0.8413561183806119,-0.2648483332315297
ACH-000984,-0.5077175711589073,0.44121273041775094,-1.698641801755874,-0.06465288931770737,1.315256195283402,-0.20912419099853627,0.9035230890548838,1.8852347121934039,1.2944103778180471,0.47068004844103556,-0.4764020911722804,-0.2139578263950517,2.0721722120807975,0.15822474176294296
ACH-000985,-0.7677149493237456,1.0446434580655766,-0.08064158977929718,-0.4533387567969639,-0.07211166757942891,1.292525271526279,-0.6117808002103794,1.445344470408639,-1.0903840134645268,0.9319555426954519,1.3932478639586168,0.28807643761265217,-0.3689081649222475,0.29814632849378647
ACH-000986,0.4438042061515443,0.7720655033451843,1.794086272132882,1.0104875887881297,0.4417980008568827,-1.3080359297075104,0.20786451879217413,0.7044075934639521,0.04415852193773098,-2.448942823380732,0.13807686898326513,-0.07108681363156007,-0.21275180244547456,-0.24845892444119796
ACH-000988,0.4392883447213101,0.04050531330182944,-0.5867441437482497,1.3364915995063855,-0.7977699580259003,-0.0478655321767286,0.043321969586254054,-0.8721111787763921,1.145973036192069,0.6309997540816311,0.7760481468054198,-0.2212398291144761,0.02483531603712021,-0.13011388722233774
ACH-000991,-0.9761892131550602,-0.49504219866731786,-0.32856268358697194,-1.449044754588598,1.9468939576618067,1.5198906982476994,0.6312637969947998,0.6540284589504134,0.6981684827165973,-0.614191312917048,0.662084990576863,-0.3412262607685298,1.3043354181433129,1.9786636488656626
ACH-000993,-0.7711532403527386,-1.4158699604149783,-0.928000965577746,0.24806077558358045,-0.7392045428807025,-1.783463788817615,-1.4280382807858547,0.4566349900129926,-1.5326019217767972,0.1425115233413195,0.7536839751856168,-1.3319256015076406,0.22226467029978988,-0.907442216959308
ACH-000994,0.23310324367328059,-0.09569975570379771,-0.42587563342181745,-0.11012265964000806,0.5384203943199379,1.1369984474043948,-0.599482890312236,0.854289967746209,1.2880640148555387,1.219253975599371,0.3784235865231614,0.012829393640312424,0.2043470215461579,-0.15899630193777706
ACH-000995,-0.24380032137403057,0.7129519134423887,-2.531810502816621,0.015289400680300626,-0.42066537933031745,2.8872479131002207,0.6111751390501309,-1.0060403317521358,0.0002491199044939678,1.8255853342944308,-0.5515370494533999,-0.8349415889781843,0.2748971069653281,0.7092117157000954
ACH-000996,0.31392280036134895,-1.6558059333975848,0.4297620945581745,-0.14532255431653024,0.9233601477657593,0.3563951975128536,-0.012484117452228244,0.8863020440969206,-1.2806762980180768,0.646652112000796,0.05604687493287062,1.0450255935842203,-1.5332676992506378,-0.8391712939964997
ACH-000997,0.23754688467885884,0.3910083055992824,-2.545596451102064,0.5887948487950485,-0.29702108232909813,0.15298720018211234,2.4810458002387326,-0.4777542238998884,0.6945734190608778,0.46374291075727897,-0.11839524555074586,0.8689120426371109,-0.1801352540300715,1.9148315060787966
ACH-001001,-0.7104900426581464,1.0676420726280251,-0.23077417389569338,-0.8296368973836683,-2.2236668392926005,1.3118179618414505,3.1535944894856036,0.0348651357669491,-0.9618211399782124,-0.5633269198064959,-1.1051810485084075,-0.9567735238939449,0.9019631739124739,-0.13337635647251142
ACH-001016,-1.1432797656182507,1.3455262599405826,-0.8688540990185444,-0.8713045673678287,0.025485115496017667,-2.686961415613053,-0.7345198215157167,1.8549458485991732,0.6686277189603432,-1.0588318614872505,-0.30755297480147054,0.5166461457825755,1.4616328552662046,-0.4079584139038048
ACH-001020,-0.3382887699560387,1.8092813996469546,-0.09969387734697689,-1.7261126385797938,0.1416776760835124,-1.7433642500000306,2.562647331378285,0.1591160816729998,1.3986389515769857,0.6510370044666617,0.8874448961430779,-2.5225571855740916,-1.158259269108548,-0.26523103439942
ACH-001021,-0.5528732785578818,-0.6309703716984573,-0.41331101361319483,-2.7020163219434137,0.8043259213708568,1.5016594405776447,1.5255850049338306,-2.5825511398660357,2.2865686693341916,0.8963206273281582,1.102283173869935,-2.190618590363862,0.4300918434084547,-1.5875315752390031
ACH-001028,0.6888366844123706,1.1291142262457943,1.4941724872171356,-1.2642072307065577,1.3783057581019273,-0.45297609238260406,0.8085912401509374,-2.4136930230953886,-1.0901395872395414,-1.8142832226112324,-2.339285710582285,-1.622134689440585,-1.631755739041997,-0.7212159142161305
ACH-001029,0.529372045214407,-1.5505212088799663,1.3002606347873262,-1.0897101900063317,-0.4664056825365083,1.7725752301418125,-0.26565168399464495,0.5843769042592951,0.8460952127253965,0.7069293613983904,-0.3259326107513827,-0.4503832857707473,0.6091549816288357,1.709894904213129
ACH-001031,-0.25559668489747933,-0.06439107631370415,1.787853740716338,-1.274848510624839,-1.8494811506671356,0.6977374097863671,0.5026935126385291,-0.7783541011507922,0.877700440824227,0.6528171718290569,-1.04129579247037,-0.9539052648444505,-0.1509855284479763,1.2282802892370104
ACH-001033,1.377127706990422,1.3736186202927905,-0.7945962557417195,-0.6194040487903836,0.2514836226424842,0.6392545174018032,-0.42442784697608477,-0.036020670039219514,1.332099872670155,-0.5227391367449816,-0.42143858468853257,0.25833941249840464,-0.6200324259393301,1.1108989813557983
ACH-001036,-0.32106331121999787,0.9424956620803598,-0.7900241368338515,-1.1583389669518966,-0.4015619895032461,-1.544089267617913,0.4641483574814034,0.6034979945001606,-0.8800737900535164,-2.12361271130241,-0.13713692524945958,1.5017065858118064,-0.25282293537129913,0.7607229390210419
ACH-001038,-0.5875513054411613,1.684524279047844,0.6138932604592449,-1.4982154602300017,0.5272486041664921,-0.5810533139859292,-0.3725479123487036,0.7210938339675549,0.640361823210664,2.4150838742346092,1.530279159083895,0.307650273594905,-0.7177406601050199,-0.8894817705531661
ACH-001041,0.5263556175589147,-0.9107818903024485,-0.6492679308135354,-2.128378363948823,-0.4112145177933644,0.6112773481260091,1.3431504580367435,1.3804986283505403,-1.1239007213502779,1.2105507360423107,0.6144098485519615,0.4249956554996404,0.5811990545830653,-0.2906197816761931
ACH-001048,-0.05071486287293499,-0.5967826403640344,-0.5844461580270515,1.6309584324633732,0.39373503805618765,-1.2795832094962127,1.0367311668471317,-1.0506617347407308,-0.09135093274457629,0.07961822830201411,0.019394396212668603,-0.15099622815589347,1.5370168431997333,0.7887118159712292
ACH-001050,-1.8375212392557787,0.0753484969553901,0.5759898877500624,-0.3566764990219815,-0.08849799163297936,-0.21910774815954415,1.4053211139271253,0.35512262768997405,-0.13795795728428006,-1.1438817330437157,-1.5441956203849505,-0.9541052436770587,0.6188150661676151,0.38996444935992997
ACH-001053,-0.78591131751378,0.5301882429396325,-0.21315663544582739,-1.9371222831995947,0.8443565240785031,-0.03174655589684684,-1.725033078553379,0.6615860437370839,0.5052627632813831,0.36129108435282403,-0.08163322794118846,-0.8424830890914655,-1.7513307411046803,-0.5831351760531669
ACH-001054,-0.34763589106163784,0.8458018268983105,1.4101992201883329,-2.4280230119630435,-2.287040956211389,0.2222674727711861,-0.6126636889431701,-0.40732357998406876,0.4840550068084475,0.4070002201952314,0.4132069046308703,0.002943047697802121,-1.1620745970341628,0.02400653670112701
ACH-001061,0.8830756059824233,-0.22077051722720398,-1.9533538376791726,-0.19770428178175276,0.868834984139362,-0.5330047136545067,1.7477372805295064,-0.5672407354490714,-0.7186826574715389,-0.4310766375959969,1.874277199290516,1.1396253645419532,-0.29389742303364486,1.1656660265551633
ACH-001067,-0.14151997777847933,0.4736126857070243,-0.3549516114025072,0.31758421889015603,-0.9983009021289985,-0.3460984121976464,0.11533265137760051,0.5390172964844467,2.0149254180151535,-1.0604303663250796,-2.0041836187315534,-1.254356355634742,2.022916721860094,-0.2547064326491935
ACH-001075,-1.1996228235964408,-0.33260146013259223,-0.22389145227648033,-0.7313031927394759,0.9260536865091833,-0.7610886510169447,-0.5617381795187831,-1.029787153535831,-0.4251795983625868,0.659445425531016,0.0885071135643585,-2.648099474516035,-0.8640646046546759,0.20895216925098128
ACH-001096,0.023846113121061465,-0.05187905718921794,0.1179281916405074,-1.0530912933087715,-1.9507220258868483,-0.4328022249257456,1.0700240720508194,1.517909542417535,-0.881464470385637,0.035708139720379936,1.8673230915013488,0.644452318058314,-1.855134467649446,-0.44005223734103005
ACH-001098,-1.5928401109493735,0.9126291266723987,0.4834989677925248,-1.4748163171631035,1.4223553395156305,-1.3597363491955996,-1.1125067161883218,1.5009224814417361,-1.9420837169789809,0.7191184953870224,1.5005061964091317,1.0281131286687484,-0.14290117899750845,0.09851211482998924
ACH-001099,1.4367748843288426,-0.1913140107629113,-0.04186357215065251,2.721322328535608,1.3943353726635017,2.112533657723959,-1.0319257242189348,0.17698077375180746,1.5011003723965177,0.25745798277223486,-1.2344126899380805,-0.577874922372709,-0.5726085949342508,-0.3758657541858296
ACH-001111,1.9196190427237094,1.5823265424299202,1.4803289493196934,-0.3338219866988848,0.3464689970965078,-1.9492226124926668,0.4157741183748492,-0.0399549120322631,0.056556250119734995,-1.530410119767934,1.0105266477417405,-1.60887149731956,0.3651205114480567,-0.03559089044054322
ACH-001119,-0.5030381797437274,0.2418195675027887,-1.9406078720174955,-2.185300314422383,1.0441102073189252,-0.26963810039424246,-0.5626348534422524,-1.2243404423313393,-0.966568498673529,-0.06210140800596124,0.0016520752048622734,1.639745104296989,0.03864600902774017,-0.4089836596987759
ACH-001128,1.2132372204433506,-1.1615932840940395,-1.8444976394258403,1.2244154303204762,0.9469023509725776,0.8564285085417804,0.8831367528852662,-0.1477580041006934,1.717386071907009,-0.5116348514247354,-1.3261452291060019,0.2890613959134177,0.11529730736336659,1.255378392083907
ACH-001129,0.45123677995854333,0.9138096966234681,0.425045887087951,0.7908980858346714,0.1539055868518989,-0.33534327317746165,-1.2797742056526216,-0.16944475341026477,-0.3538337044868017,0.5637939826775441,1.0847691994809106,0.5415693661590707,0.19223634950650162,-0.029784619820919504
ACH-001134,-0.07957474295970386,0.5565178444735852,1.552545203717213,-2.4112101770348935,3.299440996930556,-0.3692824683108,-1.3062425885185331,-1.4138355844610129,0.5093823781676189,-1.757187849271809,1.048353971186452,0.26305182850904,-0.47035685903870694,-1.1555406425874652
ACH-001145,-0.7887625020701713,-0.04481807004174428,0.07324185352472895,-1.0746127068537221,0.4274315816400432,0.02994217430261161,1.1392524508542836,0.21647933184684526,1.7631583049456903,1.3036957255082278,1.758826080351659,0.487372261164541,-0.6784596852869452,0.07239605592666572
ACH-001151,0.3225112545247862,1.915925144548858,-2.0130697301294975,0.054811118002752526,0.07688992673777112,0.4982015449373967,0.33178672552818145,-0.1548024486881922,-0.8306324068896265,-0.4911100279700215,2.597132581343258,0.3859779076192356,0.8827743559840419,-0.8719830670335817
ACH-001163,0.15019479563207686,-0.020076476949881166,0.7878237873025317,-1.4159325192570045,-0.6298777505453826,-0.3133315378372523,0.738805187656537,-0.9619944074283292,2.4070106101221347,1.0602603744426065,-1.2177589326730616,-1.4521847080625818,1.7914149292694814,0.9221266240267786
ACH-001164,0.4443156298031697,-0.25331667636931804,0.8541269175548112,0.2515566007088422,0.49559619008152594,-1.2305822366890817,-0.05923057902781617,-1.0744006364847805,0.15102218869722625,-0.22684759095989854,-0.3083411377679346,-1.851936118291522,0.12417416521070908,-0.044473700524303085
ACH-001172,-0.2729289947940831,1.1049824419669816,0.7695902212018298,-0.16399464755193033,-0.15306383657217346,-0.6525357069758617,0.05205768674406798,0.7761355912263108,-1.076726129605573,0.6188979172434043,1.8658295545913803,0.6037940368466052,1.5158385930672655,-0.35193651004095033
ACH-001183,-0.8320047155547324,0.5528067974772645,1.5614480035856109,-1.016060290709273,-0.4966841797922281,0.4451592179492324,-1.5089968936435159,1.386427348594672,-0.12642324001468472,-0.5272672767710308,0.7404382701957444,2.436443352175289,-0.9824818357395105,-1.4201075679740256
ACH-001184,-0.17513089948314456,0.08071749861275002,-0.0702434770890497,-1.2028425505376747,-0.5796242160609295,-0.36326160182430184,1.5510297728484599,0.9676484362136145,-1.6213262270464874,-0.11273459195296805,0.0924249689818815,0.0804195041243925,-1.8845621086630244,0.9443728281030042
ACH-001188,-1.7196708620477223,-0.22787201754676162,0.7027839031727836,0.1824038133516062,0.29563098106557406,0.12119278104287859,-0.3416468045499682,0.5455768507574801,-1.231543968508805,0.17277730863282545,-0.5697156635330087,1.1625700132360393,0.2585606328827486,-0.12017715227631517
ACH-001190,0.26186602637110307,-2.365572722768039,0.9141988721006942,-1.1162976939315274,-2.177761168767088,0.408312858630883,0.2835977344629335,1.5591204404299481,0.7520806399008918,0.46018887429811095,-0.3206543065111072,1.505042056493957,0.9275719834562365,-1.7999499055007437
ACH-001192,0.03579679265591505,-0.051460141781947966,0.745883759249544,-0.7510941319190432,0.9456893916122215,-1.0520171075824853,-0.01271126948284402,2.629801737205138,-0.6253150368582039,-0.1610344088270407,-0.30447156688510424,0.43127231867229293,-1.3851082719379815,0.7239164855257609
ACH-001193,0.3295789882511661,-1.6235152527632941,-0.2588298940810252,0.4068007313826987,-0.42333745618602003,1.5118025089539568,-1.0765217479050988,2.38634769636275,-0.3990919011231265,0.7291579002628981,-0.8738568157565718,0.9485183225910756,-0.5516260742469499,0.2390212060015517
ACH-001194,-0.8306832857989565,1.1774473831140593,0.20143439664503793,-0.28251421664218107,-1.3419256442645202,-1.0758468814738305,-0.911524646762259,1.6469194438898458,-1.0567585528101053,-0.05307743445928693,0.624674967565239,2.312673052109558,0.48005061602101085,-0.6574583555781862
ACH-001196,0.8716520136132584,-0.10565787896666157,0.22434542249200987,-0.8803653637445727,-1.0986136371762756,-1.857886473502138,0.729779302634834,0.5870801649732338,0.7617850750824672,0.6985311594453577,1.95458266681078,-0.6682629880819803,-0.21924901418408335,0.2920102097550846
ACH-001197,-0.1712096104042728,-0.044936724696958474,0.6091229530719783,0.396418898326131,0.7790458675142852,0.7334682208208997,1.126697191804228,-0.19215121084566275,-2.157750706156511,-0.2719998968556015,-0.12089777065842951,2.106921922221891,-0.43569146849450635,0.016482079005341026
ACH-001205,2.0821752704648193,-0.4300927766815745,-0.2504316523917946,-0.9785343985474302,-0.7810507626449548,0.5633610569333529,0.2346240036698822,-0.6776893338672851,-1.0662356804973268,0.014978310504785406,0.3882636494098891,-0.24260155202367434,-1.2515771908295727,-0.3659324018245374
ACH-001211,0.4462912145597916,-1.6411213454857452,-0.746882827747571,1.025863609381082,-0.11955470346722251,1.1602893586052803,0.560744941055321,-0.4546599868423869,2.4862011628037792,0.831880857314836,-0.6181494259642621,-1.345671072409471,-0.7839311068141721,0.7542170966676275
ACH-001227,-0.30488293742967304,1.6846656408935639,2.9167372642566463,-0.9054742557148554,1.5231979438163923,-0.42937120587614763,-0.7680183069251685,1.4191786868543117,0.02111007921762302,1.4448409417723629,1.8041105885753508,0.3556668467617558,-0.0341114201720832,-0.5113819130891004
ACH-001228,-0.4633512028655738,1.375235421361454,1.8795813004857915,-1.6012664279435558,0.8372567866942915,-0.05830242578025741,0.13747402296343997,0.8305905050117909,-0.6949553839954801,1.1067639678407295,1.2619621033831154,1.0161096082378467,-0.933918094316412,1.0586600627076643
ACH-001229,2.012922682466988,0.32286088436881144,-0.5129951424884446,-2.547624482146599,0.6398202989232926,-0.12439069384318424,0.15725043391941604,0.8139781767451439,-0.759552420338029,0.29823972495827233,1.3466816022845867,0.100685689545888,0.9988830132214708,-0.3284804407474994
ACH-001232,-0.8160117323190963,-0.06170356315001722,-0.7352925135873654,0.4503776574897009,-0.7793896299059347,-0.08260109808120562,0.34211022016033804,-0.8508528551625254,-1.0636149519068916,1.1200722593388808,0.8464614656355067,0.6316454352464024,1.217806855284584,-0.7027167145597394
ACH-001239,0.3988859165278574,-0.8880414981229362,1.80678947825851,-1.3806577047534438,3.101961162655445,1.0780231084871454,-0.04924455170043836,0.9281034482529025,-1.1496029365660871,-0.06623070821132643,-0.44058250210190186,-0.08879739940080518,-0.39607444110151485,2.232728726594056
ACH-001270,0.31837917677393707,0.8391125664153319,0.5739004964710234,1.4776787928496513,-0.3585599856502593,0.23333965020163602,1.141174037981656,0.1494971598512151,-1.0799093810202691,-0.31651721718856146,-0.7556694111532486,0.04412007568522867,1.2456244273485184,0.2879351217629769
ACH-001274,-0.7710116374710457,-0.23490160091200424,-0.3659384270981875,-0.2162048904929474,0.9917281845447256,0.42163242264995576,1.4720036927406233,-0.7115529834773124,-0.4286385271840015,-0.4049912433634188,1.7145398692921439,0.6022433947367597,0.877416977725203,0.706216894046129
ACH-001275,0.44743053825168644,0.8840112102296326,0.3933439173169989,-0.6266818946593572,2.335038058282884,-0.31363943330920213,-0.5760975606959335,0.6351394214977041,0.25428697126876854,-1.6509166758633125,-0.9633369203881739,0.1252287012765094,1.0134792377839241,1.3698231921386204
ACH-001277,-0.48571822843848356,2.0589511667306266,-0.5417064320505997,-1.15453114898615,-0.03604469209611006,1.1248412290237593,0.4889359824321448,1.3110116616947212,-0.9840418528709789,0.2956391264423421,0.8670543330456315,1.437133574393089,-1.3586709275708297,0.36484199932504807
ACH-001278,0.40724644201049875,-0.2741793637759003,0.548171277883926,-1.2695886049166132,0.2680637290272371,0.6780811267950034,-0.7786124889863608,1.5632589702249498,-0.6835115654912626,0.7092055716872128,0.2884160182832782,0.23512615321241742,-0.3151031057018676,0.7512772845933512
ACH-001279,-1.6501266094838252,1.228825014567467,0.1529174998890734,-1.0640932858011978,-0.7928382351290147,1.3769504064963696,-0.36574759392891526,1.0979250301512944,-0.30744895401395395,0.41205366703636925,-1.8245830926777806,0.7777008724047144,0.18251467139477734,0.7363380481975504
ACH-001280,2.0847794423016195,0.4786095293673773,0.4864078802825696,-1.2223074364732438,-0.10401273375167913,0.5145095328611561,-0.4846206308294589,-0.29346797689365123,0.4425925382265997,2.3385563550705943,-1.3908244406791561,-0.03471451761759628,1.4567240932455938,-0.3774990103802281
ACH-001283,0.6132561594255963,0.6061641369397686,0.43777343012216313,-1.3505250988739643,0.360913970741939,-1.599157666637906,1.8934709775483536,-0.36767774659756225,-0.3411566937455425,-1.2473592740054606,-0.3351613468174614,-0.6122687378287051,-1.4484301752653639,0.5288324761031732
ACH-001289,0.0584440441695762,-0.14894272168561562,1.8862358422161805,-2.304326652567381,0.1498495606744166,0.04804387567920862,0.456601820215144,-1.0655890407974633,0.7720306429893078,1.7430752937860599,1.6746152253677804,-0.05586271234671178,-0.5108322634236191,0.8130150815059677
ACH-001295,1.0078599020037105,-0.9059612081235118,0.5551378715159344,0.9857176817625285,-0.4946897240619492,-1.0011517218651256,0.4100737668753893,2.0363883935149523,0.7837016522291081,-0.9003318257344197,-1.192331244610296,-0.8717185057583405,-0.9539875221788204,0.7138901534918314
ACH-001300,-0.994878499493491,1.3520042454960468,0.7296586996368457,-1.3512938686032723,0.1829005551664803,-1.2387367694339586,-0.13863978888819034,0.34083892118616516,-0.578217137280548,-0.04478563443005458,1.2507606741053365,-0.0412969334524508,-1.8036528411344914,1.721187130744054
ACH-001301,0.1481136791789586,-0.6842258662326995,0.14171001617916967,-0.9440430930134298,1.165106895579819,-1.3376004248885431,1.2907058591094438,-0.14981078233106213,0.15799095588242942,-0.16794848026694723,0.5155914316664003,1.4611039034516053,-0.8157443694515525,-0.26672061149890314
ACH-001302,0.09382557828520988,1.0926489973757378,0.36218066559626666,-1.3448369781898233,-0.4238547550740204,-0.07279075608108088,0.4689088949265709,0.3737469509215382,-0.47999485287524796,0.7820541203482867,0.03880746578688539,-0.261925291225923,-0.2392178253780056,-0.028627921722032146
ACH-001303,-0.8494599141421811,1.0307648988939047,1.2992853190674631,-0.27180170204682275,-1.333250492725115,0.4401443263608168,0.16797139249980697,-0.4004262948167515,-0.12350533032593047,-0.7031099609962922,-0.8678093030140774,-0.5113078633224065,-0.11851095298030032,0.5601876719666685
ACH-001306,0.4418329874548801,0.07888291654319624,0.3628956153965494,1.0322162664962118,-1.1428576519162603,-0.11295856165881833,-0.3677163264806458,-0.46924342759620724,0.2458579176479568,-1.3445245006732407,0.0165268990147441,0.2835429712750609,-0.2570889035865136,0.29599036360938347
ACH-001307,0.48238209485834194,-0.06390811790393562,-0.4290302777149268,0.3484937716628496,-0.7810798415020889,-1.8873133306094114,0.4243377092472472,0.7891576120502991,0.7232860750249404,-0.8104838239008642,-0.16863058134863068,-0.3711635519196172,-0.08617345487307336,0.5581161151854466
ACH-001310,-0.667397090068514,0.3815831050465345,0.029718123026875164,-0.5838705736106966,0.567820759538179,0.20224853035320606,0.87694235537477,-0.4913473615694509,-0.45706100115686255,1.0074177446105699,-0.5897862119713924,-0.03965004863086436,1.312108772583266,1.8117809852708398
ACH-001318,1.3185498248520495,-2.0524591473735785,1.3919300139451771,-0.3172208197162118,-1.4530904759963994,1.040553047644118,-0.9141405430667267,-0.3172105083369276,1.2182731145517027,1.0826636852909068,0.4257403498114991,0.8109077408123782,-0.7026021901357477,-0.20530567762280863
ACH-001322,0.9175505447614959,0.5510071215402884,0.7783320600187053,-0.2825743932223939,1.656416192710878,1.6142604527249051,0.4040868628834937,0.3228781363374019,-0.9212792189234722,0.44715038939481133,0.6593384808026751,0.8892026878744884,0.7783866967370621,0.15902051189030045
ACH-001328,0.7952502533880718,-0.18461275838739674,-1.451966863401943,-2.3255617287333212,-1.20442058512161,1.5018271192308517,1.0668328631980881,-0.02726279132726077,-1.447281193585325,-1.72793549367077,1.7311590057938286,-0.5013672954415883,0.4641982106878013,-1.0009466468928478
ACH-001329,1.6963586967157938,-0.36372412727558806,-0.09448321377586094,-0.3035944697445227,-0.12998004243280215,-0.2578283957018904,0.055071779650087756,-0.1780179460625522,-1.0976290536853628,-0.019362697771619933,1.1672332760914887,0.53427731377309,-0.35557620307073945,-0.5122987858018528
ACH-001332,1.1579149197635166,1.046532636390444,2.0840044651884004,-0.2574110588260707,-1.3425913688466342,-0.35084495695709883,0.6878901320315398,0.1821602250660986,0.11236900030186922,-0.15130032075685954,0.16599582875524463,-0.9958754375956742,-0.34472392516467476,0.5789110660180473
ACH-001333,0.4747024409522717,0.051580044898653934,0.9627697535013915,-1.069788386869403,0.22254004494404728,0.18840942543101644,0.6769512802000645,1.0996944526327113,2.028505304333952,-1.4527791201183364,-2.620755900094831,0.9208426899109552,-1.915844609583035,1.9117910430340388
ACH-001334,-1.1018114644029682,1.654828152587605,-1.9022174721302108,-0.6312248602320125,0.3686606704077952,-0.343711387554444,-2.0057706843752277,-0.20778091397646567,0.49226992547474857,0.007056811020733766,0.24754628297332842,0.46362451903077145,0.7215435907314255,-0.6387857366376966
ACH-001335,-0.34388171076715063,0.3725377297484196,-0.5559816274852507,0.9451985834281297,1.2567487240926092,-0.7651737973417748,1.0460575447212912,-0.7012804087941796,-0.9580905236453265,1.6202238540389926,1.1981389294523341,-0.5996863905048091,0.14537980167493156,-1.32542356204408
ACH-001336,1.286651095828928,-0.5067011377414833,-1.6643615803869443,0.0817441840713568,-0.8281309792324211,-0.4825137190330529,-0.7104863807533035,-1.0220130484691314,-2.1957039413333583,0.2137463610312779,-1.0992119036446912,-0.9829234196604358,-1.3771974832855909,0.0584574914475013
ACH-001338,-2.375519255368811,0.04771045209773896,-0.2118305619549637,0.2312322050193585,-1.5231893025458643,0.46960729404963114,-0.5706921260152419,-0.023999318108443204,2.9591615473928923,0.018185478527715546,-0.27986560779778097,0.7809280057337625,-0.5806221606460094,-0.10675714914716283
ACH-001340,1.2508997834234619,0.45723773105348775,2.0102018074038845,-0.6670492094426916,-1.2429293716277472,0.04094135205347061,1.2986032246288857,-0.15846159013782296,-1.4794974149953684,0.38682496363364055,-0.34111912622065,0.3170378149094475,2.029584543317622,-1.2276164009109043
ACH-001341,0.37325497103967664,-0.9827410206640769,0.954742834972535,0.6527436718481743,-0.19883929194487027,1.3823949271597533,-0.5488562723012198,0.3371900096915055,0.8324538310431472,-0.19621777785140762,-1.5501203973471913,0.5753518729759918,1.294541531997634,-1.4346139455515692
ACH-001344,0.33355238056188596,-0.44603134790305304,-0.6345436033359126,1.3171702599597908,0.4652524115542546,0.9843042480293632,1.0479284720985549,-1.6563026164032209,-1.8556989117258038,-1.9466906993668218,-1.898068017642102,0.2867535642939336,0.5040765253680767,0.3608241521203088
ACH-001345,1.0758584143190815,1.8092038774592758,1.353952559518846,-0.4910882176512508,1.5493239488869892,-0.31643718343876437,0.2793359869390862,-0.37317375216037624,1.4069459444929713,-0.8987469252874946,0.08560147367096761,0.7761143401925185,0.17075966271556495,-0.6335013560188579
ACH-001346,0.1734494360400876,0.3553213614432195,-0.19261196441615652,-1.1594588084668627,0.008657718498710632,1.8276514113268703,0.33472444710700805,0.35889388418540374,-0.21662678799981572,0.22317210039945945,0.580790676133648,0.43201431019685355,0.3026505293328668,-0.5776686755085325
ACH-001347,0.491799232594656,-0.1642681902960814,-1.181425811541536,-0.6534497491508189,1.1455945772326726,-0.3440714596082225,-0.3207922854900375,1.6815611020673655,-1.7712913714579388,-0.2161147110450498,0.620899755704154,0.22784196746391985,0.022437826111854162,0.4695856007883579
ACH-001349,-0.8935648092472793,0.4644115666357454,1.5403814051944125,-2.0590879902507027,-1.9528778835990355,0.5217262136279377,0.7928153924071635,0.4439083867645624,0.38503878305357825,-1.2143098683102886,-0.1290682440069263,-1.159805559839917,-1.685137784832513,-1.7699442565575372
ACH-001353,-0.7200346170209403,-0.18858123691602516,0.6991094629648721,-0.6740092421977127,1.3829690802383927,0.4007429281953439,0.4793364008244797,-1.3049725484351449,-1.2487899593370482,-2.5905566354110428,-1.2678116802228065,0.20382806402097486,0.39664734155500375,0.2072789777778238
ACH-001354,1.0860335314630363,0.7305800522928865,1.7065367526743795,0.6655331340331843,1.2783838963067897,-1.1357505446496674,-0.47330451626511233,1.4807977545921251,-0.9197930405986128,-0.24836524807166746,-1.0741403810761505,2.265848537804725,0.3409038656292673,0.11389336006935881
ACH-001356,-0.010824075060120205,-1.978277095486938,0.1953088057025332,-0.49623201001624717,0.3012182481990784,0.4021775235354773,0.04199609675847091,0.0017401554615178551,-0.05646171506756007,-0.07959186827608533,-0.32490553804290256,1.0544891926664437,1.3705837865017203,0.6969226895539328
ACH-001360,-0.51229597659371,-0.6648901699759052,1.232670164845209,0.5229053269248037,0.4236404328388348,0.4670621741699249,1.2163974607950683,1.716985810616905,0.5177513249312461,-1.164738603083835,0.39805551266429257,-0.958174765039773,0.3767458340029746,-2.075146499643708
ACH-001366,0.0287078590005669,1.0437888737003855,0.5858535117696065,-0.9416875243283434,-1.4713729784533558,0.9682811491503104,-0.8713656308695386,0.6344014384258454,-0.7615921178348397,-0.30070902065537364,-1.7873104702650815,-0.4126079746747641,0.4059445200381243,0.4628406917297779
ACH-001367,0.4694481824302775,-0.05899655786341538,1.531327615945365,-0.58866524779191,-0.7619930014506949,-0.2283206494535592,1.0192525195300728,0.16249932990846858,0.5909058104187329,-0.44656644537393547,-0.9327833992500882,-0.0026560459822444885,1.202678600456445,0.2744869719084523
ACH-001368,0.5520169604502759,2.4345015842754054,-1.8381967125580085,-0.1050775525553699,0.3448574954282545,-0.7330549000881128,0.1335038070415396,-1.078211088538017,0.7118807557817064,0.330627344041689,-0.5081338466408819,1.8698045490542317,-1.7349023313212957,-0.21810742289432436
ACH-001370,1.2935621355680265,-0.7076515254250024,-2.051076844126847,-0.6157077649512462,0.9489570222738188,-0.5565607982988262,-1.0375817313551596,1.7132747785445168,-1.4352997269246806,-1.4942203912337941,-0.5172024398940452,-1.1358687185247034,-1.0260619279833938,0.1354965500684318
ACH-001374,-0.418719976649509,-0.2258427403644697,-0.009275453269447917,-1.2080070854173215,-0.9504571585885667,1.5094744562488547,0.8447535865468857,0.27434125055702574,0.27666627712917413,-0.670356988391345,0.18767154687059595,1.1984432708825616,-1.5039103524608572,2.01541288813315
ACH-001375,0.6601963314590572,2.0009947434843767,-0.23179159915522668,0.5159521242658935,0.23189804611940887,0.9495131766836856,2.3999843198142186,-0.722693488489965,-1.3084975993535037,-0.9341664579854786,-1.9607734908539385,2.8469052623943814,-0.5865919694596393,0.5281396870797276
ACH-001376,-0.4254432266580379,-0.3919335723912316,1.508609978060019,-0.3740066962071659,0.45006180215093106,-0.4346009386064438,-0.2702245855011933,-1.7210007079876226,0.2687719259970952,-1.1497098720130565,-1.4671575539872619,-1.0236509718713058,0.3062263452117892,-0.7323707188036126
ACH-001377,0.3278838869545379,0.5456059790138732,1.6991204803730675,-1.8681117598427646,-0.4529508723826998,0.8935811852192999,0.8501338404743899,-0.566572382198144,0.6898689252157235,0.6970039361771809,2.072621536882761,1.2157281929451325,-0.6197427207760362,-2.245887301079944
ACH-001379,-0.4886885838909803,-0.27053769168476716,0.19815271478410076,0.05231840924164091,0.9197151447912084,0.6447269103968061,0.5790391613013213,-0.8640658466922658,0.3837564849934993,-1.4386345743006437,-0.8705554266119037,0.16139839812735296,0.6303267153801427,-0.19891723669410571
ACH-001380,1.3176538857920677,-0.5577405740261299,-0.17742337588465887,-0.5949027582484662,-0.40907332182322664,-0.10107573320249762,0.6427365072153417,-0.5437778679081686,-0.8389701226270765,0.3237413020739984,0.625053684872539,1.1508509032346477,-2.3457934806990557,-0.07779658452087314
ACH-001382,1.5997762043861086,0.08139791704439465,1.4984283506829146,-0.7109517356159621,0.2072352788081022,-0.6525691335600123,-0.33092129666148223,-1.8151405487352097,-0.07817192589138823,0.9367054560789706,1.5484438903773012,0.3538921582249113,0.033481688422307476,0.07445314054701115
ACH-001385,-1.043347837723284,-0.309946291851425,-0.14823079246906334,-0.575385105163092,-0.24116660181311286,-0.8178755680311306,-0.04221213304144869,0.017390501150526535,-0.26907772357953896,1.7440827831808288,-0.3152627539022639,-0.49940681834951833,-0.6419457723843834,2.246348633049038
ACH-001386,0.4170237253537922,1.2160364127254255,1.2602166944121695,0.8964512381355456,0.808431999573859,-0.3667065610514849,-0.17153402322005004,0.037248889131511254,-1.1211152465754082,0.979280927050449,-1.4520847735198341,0.12856756601820082,0.29563482411053393,-0.08163439638909376
ACH-001388,-2.597971177657915,-2.339412788306526,-2.48215486542287,1.0975619903114222,-2.267736527299951,-2.653964226394049,-2.5312333224522146,-2.475632650650213,-3.526144040957782,-2.0816640131740747,-1.5142299857847707,-2.5672068891525024,-4.016771755508565,-3.0917402841418795
ACH-001389,-0.2683533452274351,0.10228689472413144,-0.8121274793301098,-0.6563403223056887,-1.3449067027960204,1.0831022084543036,0.6778376493166582,-0.23279749570731945,0.03172887147003114,-0.08742920853767838,-1.7563167131864295,1.2449116376441645,-0.5726920717129685,0.21918159541226973
ACH-001390,0.6450238737568189,0.8473844586827082,0.3830970387341288,-1.2066393819974508,-0.5755617504302035,-0.5488474622138363,-0.03997139927188402,-0.2225827718975813,0.6421008517297329,-1.028196478563602,-0.4042988096515562,-0.5960104718348437,-0.3668339838213362,0.1699056247946701
ACH-001391,-2.0065903670155585,1.1231094356154605,-1.2899292965982438,-2.0683045508386098,-0.6178670192173443,-0.05434498338429729,-0.3959971025399004,0.4362579787218126,0.5884404141398827,-0.5090236116270888,-0.5162646542031435,1.5653840971337896,0.452287741324474,-0.5727823194066979
ACH-001392,0.25897289570258986,-0.580049157022578,0.5781836570348801,-0.38990931079184626,-0.5474975932447174,-0.9141247922062453,-2.1869672757621035,-0.4176194981192227,0.1284734288486679,-0.3669016411002005,-1.2298223264725132,-1.4670385222766702,0.5693917593334649,0.4419000021646527
ACH-001393,-0.9690455386955827,1.612329324566289,-0.5087363872447443,0.033732207120039666,0.5046998424694565,-1.6398958638365728,-1.3706096172828255,-1.3434064672135564,1.0726459968088908,0.7748695208177508,1.788040857844004,1.0582480448072293,0.5451096058199936,-0.2550989080749227
ACH-001394,0.4472062109382017,-0.12988556829289372,-0.6570321637249302,-1.914301278106595,-1.4180218179647104,-0.5144494059877941,-0.16569003318605457,0.556110474599968,-0.6102742793658146,-0.717734983853857,0.05354336767611027,-0.2467543556119548,0.6240383630030785,-0.6843130927716641
ACH-001396,2.0470991149301425,0.40768113984281196,1.499882051574499,-1.3693726747794586,-0.25071202120308084,-0.986562791206002,-0.461546473995246,1.077241554813526,-0.8045702226088047,0.8125454979818195,0.3166749258767974,1.1472871246627596,-0.0060138122399699245,-1.0948563455332394
ACH-001398,1.7498148776724152,1.5913315152781262,1.0040781176362732,0.10581658893459647,2.0590022416859077,-0.38462558683983,-0.7458558544730955,-0.5925593202566786,-0.8194256721042824,-0.4501191650371463,0.9395454975997823,0.8412228694493652,-1.0771000293004933,0.5652183424910943
ACH-001399,1.8512985950091103,-0.8468046779039274,-0.40783647516150523,-0.6628282904536104,-0.908289234726959,-0.2549442967160238,0.3719586800257705,1.0148334751407422,-0.9605897762072902,-2.1699060446831004,-0.6072813171195622,0.4591336391147635,1.1888929753680906,0.725116553793272
ACH-001400,-1.5874023246267874,-2.1779531057070143,-0.9954220543550851,-0.516048439474316,-0.6346128317178116,-0.8969205187123865,-2.3350932655374583,-1.3271935565059303,-2.6416947150189976,-2.7054699294611693,-1.0555027706270963,-2.891781284358783,-2.989179479588762,-1.6906332485967055
ACH-001401,0.9207900741330383,0.7069021388130845,-0.04700485639119276,-1.4492487076107852,-0.7859799983317173,1.0817479554539209,-0.08667220518609067,-0.3737905695033379,0.9903618598948063,1.204628281299064,-0.20870220214997343,1.106641025766061,-0.9045610532804027,-0.0855436127812516
ACH-001402,-0.3706587541885347,-0.3294969586517977,-0.45896142103309456,1.4285692908974184,-0.14990782011984016,-2.0407177160958843,0.25372481268666236,0.16956690937050317,-0.13668287298215806,1.0721518937847774,-0.2767754529393198,1.699339037194115,0.1092207881054403,0.7812459411303749
ACH-001403,-0.2550418465525549,2.111938370350616,0.31507981944458924,-0.7232808915527618,-0.13613444666481417,-0.885454649988859,-1.1441186618225383,0.3117423575979112,-0.9169448535803232,1.6968717406236384,-0.18129693047418763,0.025396439871540544,1.837105675037133,0.10008651448429406
ACH-001407,-2.2030577015456903,1.9375791368676953,-0.06029490730202631,0.8582407087247039,-0.6915064961765648,-1.2989486379942747,0.04949049262926747,0.9255125974606986,0.08044179447616454,0.133326442262153,-1.049719258654989,0.4387649046439605,0.3628123586549076,0.3618709266756071
ACH-001408,1.064660335576449,-0.9160387426736347,-0.26713325091469853,-0.7982675750318218,0.13145299482374737,-0.4464535204233464,-0.2647006651536828,0.013858801791001981,-0.8675793347425264,-0.13091768771230297,0.8309414824836618,0.013883121994723772,2.8243183638162384,0.29703626812018735
ACH-001409,1.757186644841566,-0.999607215929635,1.397415766883705,-0.6963842511773964,-0.16385108747559857,-0.31035206492679973,-0.09835067383554615,-0.20698057940139059,0.16688353670167697,-0.47123939899475886,-0.4002859038499757,1.9956201142495897,-0.7098481526566283,-1.2284149755101081
ACH-001411,1.7747055102700813,-0.478218485309093,-0.34874721813269516,-1.1844604193649675,0.2709028554679302,-0.22288626121639993,-0.3815194063432468,-0.20518097415551034,-1.6446308693916007,-0.0022573335433603045,0.7087760242879928,-0.9939787212511872,-0.5857142480375499,-0.598642054037779
ACH-001412,-1.2444519222890027,-1.6774444226521201,0.6369330468201624,0.5571162041894233,0.8040258065749091,-0.1507117150836277,1.3783516674069505,-0.12838292662358844,-0.5474214773391349,0.22957052189350222,-0.48731699428015457,1.2078569502177177,0.7882529260576628,-0.9821276327872364
ACH-001413,0.9967909917757475,0.5456311330606316,-0.8493527398154229,-0.6155667707858303,-0.11128781937538937,-0.7346064650014555,1.43171029632341,-0.6837756835765619,-0.8334023711116806,-0.27999675899601967,-1.3679429763511832,0.7850035569350218,0.761912686722464,0.6879342661841871
ACH-001414,-1.2507651241829858,0.7359000837354192,0.26255093263613816,-2.6610019864719794,-2.1099978126805445,0.4425001769400771,1.4847694188769278,-0.14843063149068964,-0.4651834328840542,-2.1679096861275835,-1.2037515049584266,-1.071271385682081,0.12933705075831006,1.1924385263939086
ACH-001415,0.7202268760826273,-0.7028625664915429,-0.5617364445577497,0.9134713809240851,0.8261107295926179,0.09644909638792869,-0.30685851332856134,-0.641719248735906,0.7953107720006602,-0.27715367599104057,-0.18719727062894395,-1.1945507669633872,2.035436165405742,0.9943389835484344
ACH-001416,-0.49329417324315034,-0.3201195797444581,1.8073034388103566,0.6877048799807222,2.4795814516175367,0.5489565468363788,-0.24280818622173456,-1.9235344919309771,-0.32576925524879874,0.05132431249961354,-0.7241127159565163,0.6756406754276505,0.25818390485633885,-0.10446912278456584
ACH-001418,0.3313772378796851,0.6365639322133384,-0.10497072229782364,-0.48155002491566257,-0.8644998055543518,0.4207715694674665,2.469434695864045,-0.8822868378015124,-1.624075746812227,-0.16561701488670758,-0.41548678551245843,-0.6305985361390436,0.8575335520829549,0.16869148803383485
ACH-001419,-0.18368591091694472,0.2677632145150297,1.3745453041772344,-0.9697108099794268,-0.8110077018478742,0.2051324735479523,0.034500756831096185,0.05464332704386092,1.7224202909858553,-1.1782978118426766,1.7558384709218946,-1.4390561750757984,0.23290721072971185,-0.6102652170058994
ACH-001421,0.9250428919231731,-0.30026007732927334,-0.05976638056458367,-0.23181883345026652,0.3590459900137134,0.4677543565129973,0.4367646723734635,0.6246749179394355,-0.33212390209721326,2.0410596794599685,0.40067887237389727,-2.196744835364279,-0.5072136393484078,1.2126086200041426
ACH-001422,1.512901540181183,0.484264322325195,-0.05432415979340072,-0.05685878881742568,-0.439839040501157,-0.9207565387856782,0.8361415029652061,-0.8407401079610619,-0.9374655418470496,0.11104827130353136,-1.3664600321337967,-0.6871389086295187,0.9801211539016718,-0.135093823925272
ACH-001428,-0.3648357277134006,1.0965423125899165,-0.4576979637900511,-0.2666253724266919,-1.6403526325604132,0.25583540487968737,-0.6760409727132166,-0.06953255064381296,1.4713551700196106,2.3277109306955226,3.008977842308553,0.24472269532507981,-0.16982831574900872,-1.1484928542613666
ACH-001430,0.5348912843914921,-0.3426039103310371,-0.014546617825060067,-0.5059993810729086,0.22003253640543213,0.38393507454702036,0.6111970110929745,0.14046288887610614,-0.785027617651113,0.6757618401151817,-0.6984376398146084,-0.7387431704613648,-0.695819838414973,0.1300953275186327
ACH-001431,0.3817308767521738,0.9488315256129475,2.7394629862754325,-0.43046256196818594,0.7642969883895973,0.09222918984198361,-0.9048238848909237,1.0070814859509258,0.011921696867081123,-0.4200673317188648,-2.1993215519727456,-1.9467332751520086,-0.784772851136588,1.1329405875202263
ACH-001433,-0.5417897831120508,-0.3464664009026371,0.18464143953036657,-0.29262266233880085,-0.7862002518596456,-0.06512210122054048,-1.9603135456457315,-1.1857822944856797,0.8539017480593976,2.2129568928982155,-1.0171936691146297,-0.6870580621703005,1.037247269462148,-0.2886418588847426
ACH-001442,1.1007359622471078,0.18797144299879315,-0.19325967496858454,-1.18472053754249,-1.7536162984686365,1.0702295259711194,1.1433791110282268,-0.9297415165640068,-0.8253239421270806,-2.396126234057487,-0.6413993315675702,-1.5124000023086555,1.4194027350948846,-0.7796593780608152
ACH-001443,-0.2019831793573876,1.3998831947072023,-1.0899761514329551,-0.27504863933989676,-0.8191446954586645,0.6122126120008,0.5393218133944461,-0.6458941812581079,-0.5403011645641002,-1.62006067955783,-1.9261358282248844,1.2975829054366996,-1.152942916527611,0.48937888934997975
ACH-001450,-1.504863447015064,2.429945357160767,0.11243878672243882,-0.48333226886702263,-2.4022029902507676,0.8944936903213084,1.7082158406588506,-1.7977129519006099,0.9781176225996318,-0.6770115057215818,-1.6991042385027295,-1.9551140269587939,-0.7790170254194103,1.4420479217090993
ACH-001451,1.4590197647863332,-2.1081629228813314,-0.18756375549100687,-0.09979486322655685,0.5309379208129039,-0.2468134820008481,-0.9410571914537428,0.8136003274991305,0.46960248350213163,0.24438101862366823,-0.12831711783059582,0.1007384686356224,1.1553255405600518,0.13134385466020027
ACH-001453,1.4101618100076156,0.35536222844622045,-2.317213871541016,-1.0024426428296511,-0.350958245352256,0.6770407203876045,0.3281551525393758,1.0279134346929621,0.7773916504719052,-0.46928512576605924,-0.5778635540363904,0.5901514724091493,1.7964682201910733,0.7684883646466888
ACH-001454,0.7042463565410506,0.5936262502275107,-0.2926764911598993,-0.20862941811428556,0.015846545108812903,-0.217185481758294,-0.9638079087361654,0.09812352814846431,-1.4338692863867761,-0.0083158351945278,-0.6558247411322506,0.16437630437490397,1.6834715244545946,1.7231609225577609
ACH-001458,-0.07376157221054418,1.8223726423524562,1.2490095378037793,-0.9564690384200111,0.5744173367646,0.04427582677120146,-1.017066507885773,-0.8869203219782416,-0.7979713215911025,-0.06282129500337692,1.2118162327315753,-1.002098835122085,-1.3354066032973693,1.2089934258396884
ACH-001459,1.2892875857011927,1.2104765618553794,0.3619260706786393,-0.7852610835141113,0.6559665267562658,-0.3943139930553287,-1.482824455618547,-0.9983713910492092,-0.017762819158969222,0.23690600429794645,0.5841529526129213,-1.3418114062746418,-0.4780812742594164,-1.2452813753403145
ACH-001460,0.9033608437144971,0.5867297435064395,0.9506116396357263,-0.11234923997307499,0.9609213330683593,-0.8212494362819585,-0.5373391407882313,-0.5139784685498877,0.14991811772821267,-0.9249705333879015,1.226149631069556,0.2866089756022742,-0.4398300644341742,-0.6338048188317759
ACH-001461,1.5835116870607344,0.21678864425953917,1.3021450264541592,-1.4466195955164187,-0.7704307481168472,-0.10898608000943465,-0.4574242907331109,-0.6957176033432522,0.08363687954340053,-1.372807781363103,0.6180940108455668,0.0009494971475305684,-1.0981828224629027,-0.9135047724146407
ACH-001465,-0.5291672341398138,0.2636878114746107,1.0559372123394322,-0.47705521013346097,-0.410802648581962,0.40326698413351564,-1.1494079436749323,-0.45892697610322253,-0.8221105690446047,1.1714284085655073,-0.6788326036691947,0.7575566735742957,0.3312165927769543,-1.3152716227324261
ACH-001481,1.3025457307364738,0.7865845120721477,-0.5830957103245638,1.2989348111483738,0.42091537749437474,1.1897520157828845,0.5496266372084987,-1.3639966993048978,0.3488445650191923,-0.779190079666182,0.4152423608533763,0.7510763281150259,0.16909889266900377,-1.4074982066376047
ACH-001484,-0.13456439948440804,-0.7890809786430407,0.3018695744592337,-0.5773801223404414,0.7645485028892434,-0.2998961064731661,0.13779042045659812,-1.0975191108006381,-0.3393085263460091,-1.1044611816074668,-0.4605784322609769,0.9081927956151291,1.5337236541332826,0.751110893942713
ACH-001494,-0.06438321873594118,0.12941856742960872,0.5093949884666995,0.05821353372375018,1.1046163120286532,0.17486882199679338,0.4487843713769613,-2.3920015878591117,-1.0014312014895157,-1.0189323406141293,-0.6004332906046302,-1.3590077319747882,-0.29578131813559494,0.3439658131455434
ACH-001495,0.35983914987322835,-0.6983872406078181,0.9691695907283723,-0.8980072785906895,-1.98155013860325,0.5264549337730715,2.5453455852963396,-0.6017133400593628,-0.4814125606633647,-0.7184706844789499,0.3354751932228373,1.7099241231960942,0.18853005349152854,-2.4973774153146304
ACH-001496,-0.5427409219980598,0.6509624449377807,0.29943661125418475,-0.17194553441975638,-1.0636424320481825,1.1877942485375452,-0.18447249870596705,-0.5735546804352061,0.7761176102736466,-1.0656938265501985,0.17308574379099065,1.573817502949868,1.2259273873320151,-1.1221545580640724
ACH-001497,-1.6696326007127398,1.5162280668835044,0.7381150872995816,-1.7587280855683487,0.3314229220194092,-1.6110434742073412,-0.03367632379164216,-2.255523795634984,0.7808799153798603,0.27250694681241827,1.9077676528633816,-0.1526218991691609,0.24556888018364595,-0.5815382351973847
ACH-001498,-1.3514807404372196,0.20532537233869205,0.750273955042344,-0.5380718196991127,-0.04825564106782047,-2.259446988931981,-0.017310516934301388,-0.7452539711616188,-0.4915909987163308,1.229823054216892,-0.27339577079868277,-1.00727973529791,0.8587910254157212,0.37645433445756077
ACH-001500,-1.0051942844974995,0.7293741418608315,1.1880915524694937,0.9606190571194623,-1.0136149148240128,0.26070425086200627,0.1744334306440687,-0.4061403566593568,-0.4609144871170797,0.43036082386589625,-0.5834887538834393,0.08705482267301133,0.5357169978909937,-0.09850057823859151
ACH-001502,0.5266147139243252,-2.1473896368002676,1.8161469450620613,-0.6686208501728553,-0.7803068088221824,-0.8899412844835272,-1.595040452283342,-0.3041007661138924,1.71558581602737,-0.8313289578253404,-0.16248178779046593,0.6827518299161287,-0.4039723227419834,-0.9937027193985751
ACH-001508,0.08748119464389742,0.40275144325571466,0.08600706995575916,1.4167106990088838,0.2958797351335633,1.3061734548441923,-0.7235947834628031,-0.010165387732767225,0.15195191315218218,1.3351848682223673,-0.8650913234661761,0.9712603800815464,1.2457306371612284,1.0114500848904284
ACH-001509,0.3170775309744297,-0.09302678709846447,-1.064457179679844,-2.436122153405107,0.300909671600913,0.44866745009656783,-1.184421977203047,2.0496549225832155,-0.6319832262763594,-0.1910061736577552,0.9416633330919475,-0.8520092648903681,-0.5029743275384457,-0.5871043770029728
ACH-001510,0.5940750775197076,-0.7627285396833418,-0.6258141376753783,-1.0537179454276733,-1.1325967184052637,-0.7867887543082565,0.3625986080663507,-0.07416226051826755,0.3126054660261159,-1.217990762630446,-1.2196932572479793,-0.9808321134641506,0.3941233196931804,-1.8559706704621672
ACH-001511,0.8588251488757863,0.10392825110559789,1.2087147302418102,-0.3059793307224048,1.3321137852086615,0.06740609709306794,0.7589545282663002,-0.21830760380012193,-0.36530379608050423,-1.013928028138097,-0.322384825670143,-0.003942063231519693,0.46647116647428066,0.6940519466175479
ACH-001513,-2.570412455233678,0.1415467533235032,-0.7346728118690865,-0.9695208379880897,-1.9675532729518743,0.39733883345712917,0.9531076093224966,-1.4543950559766907,-1.4355686584150276,1.4610991393171995,1.3964890319525178,-0.22019177850744834,-1.964467702357306,0.27250576219114303
ACH-001515,-1.0792820771664446,0.9467937661358987,0.9365056298540234,0.46107671783568577,0.47930724156361015,-1.2782010993379274,-0.04232384551296446,0.2571184664142188,-0.1166587213776432,0.626445759191681,0.9461741147299634,0.2123163309482339,0.41399467982763155,0.6859334941594272
ACH-001517,2.425197183238215,-0.34664532042059953,1.4286356529481576,-1.1194376963698776,-0.40306613687167486,-0.691621954376343,-0.08437093200313152,0.20541484446853792,1.1629893232069013,-0.376873264371101,0.9262622317236326,-1.8460083864921721,0.04294289861356438,-0.45088313052424767
ACH-001518,-0.2674452883373911,2.400965808640978,-2.052051753265594,-2.129162896060685,0.6009323543760281,0.23621111675560819,-1.9195292096900058,0.0016432371007333592,0.3463076585575469,-0.3822611312410129,0.7843319846591383,0.31855102341375696,0.7042169429568207,0.7754670249988124
ACH-001520,0.827298065573947,-1.476332231529634,1.0298031759227921,-1.084225333622928,0.3984732364702178,-0.10057211950345517,-0.9882980697411666,-0.0779896396645768,-0.17880551545077103,-2.209860513684723,-0.02588282958106582,-0.0027111492879942733,-1.2209830504079344,0.004500953944843809
ACH-001521,-0.7566033236542095,-1.2299953943904631,2.112791421494193,0.061114884915873156,-1.1660436197138218,0.6649776217142385,2.237210353582888,2.394784044220396,-0.7868563849628928,-2.175532997014828,2.1585456077408245,-0.6205261350308215,-0.7363558780447921,-0.20453638955987363
ACH-001522,1.4225792168363731,0.5477895043234633,0.2894108449546888,0.5456735473971356,-0.026703312573439452,0.6003712092020678,-0.3359394441265425,-1.5107298435778345,-0.06989341994765623,0.4203868310289544,-0.7096038500501283,0.8529411453572546,-0.35262363497146937,-0.45837076138165417
ACH-001523,0.3120310630439222,1.101548043138491,1.0176443088562415,0.059011046163243354,1.2580848045272504,-0.1558902269184722,-1.3068744393808303,-0.50903255570377,-2.2576319211602125,-1.3987245679272622,0.21389265785652717,-1.1345965026741933,1.2085311406347485,2.197021849207666
ACH-001524,0.047960692936765435,0.8055400834037598,-1.2422000007249077,-1.0672003316334717,1.261438212854819,0.4448899628341215,0.8121674277608643,-0.858480965209921,-1.7079348242038497,-0.145030576567372,1.4249195376686605,-1.9421208948726056,2.5822218433172455,-0.9526240849450385
ACH-001525,0.46415208108919587,0.9932533692777216,-0.5696575034184619,-0.5211474394713485,-1.9212735359469082,-0.0560736026777136,-0.7238786664067053,0.8838663379555175,-0.8770198347390804,-1.1365044119386005,-0.15867682889819404,-0.7324527229181534,-0.37065211301794687,-0.5512997169053363
ACH-001526,1.5081114788416259,0.35930042912506294,1.6699863506018735,-1.0563550014608312,-0.7316034589545518,0.7698659014594658,-0.9162581832499721,0.07415672491073592,-0.6203113658674178,0.4385859139251199,-0.19907315854821395,-0.9611215759500223,0.9120403635823128,0.7393771436018791
ACH-001528,-2.4241940911196806,-0.7386820782475063,0.18733077280378005,-0.1051872814301639,-0.5389300774731092,0.27478882675749156,0.5417745683798945,-0.6993227076716769,-1.1650180121709888,-0.6042013223221155,0.5801185863779167,0.2134128018662994,-0.4442946961141889,1.0308424393046844
ACH-001529,1.5096309602575706,0.9892153356439847,1.2047374663235109,-0.8464222160962042,-1.1251648309712934,0.545967159860472,0.6516048151782059,-0.9368657472685498,-0.1443225916451426,-1.4712356759012628,-1.516754756695244,-0.318537695920896,-1.5516156683599645,0.22859187014307036
ACH-001530,-0.36172621724225645,0.4808344454802644,1.2311463435936443,-0.293089453654594,-0.5857615166705668,-0.4230749834222693,1.4704201158053223,0.07167012075042288,-1.252285697908494,-1.4880622221141955,-1.406364980111603,-0.0745530235841639,-0.448020967706813,0.7861782537981278
ACH-001532,-0.3711859295738525,0.8855573558752111,1.4420690477518519,-3.1579650495971343,-0.8815984417992564,1.1298323858218382,0.36275071538400555,-0.3721460002685839,1.9163824831958947,0.5556390417926158,-0.3119248626879415,-1.2166719468062421,0.10136542614896539,0.5520795448857101
ACH-001533,0.6434314758720284,-0.4421668514466219,-0.06446516818868657,-0.7530305414301719,-0.09852850208291138,-0.23619478601232524,-0.7173957907711752,0.5011929820893407,-0.42391313055940194,-1.1243620907364085,-1.2137511010747042,-1.438495185108611,-0.8954813653998807,0.9398117854867623
ACH-001536,0.19306301995758554,1.0599116848801942,1.8258818200547027,-2.3436625916504954,0.415661425275217,-0.10069092122359702,-1.4649198186028909,-0.8908053723137821,2.9955402295290066,-1.269464377257926,-1.0582782121706213,-0.9063436511850606,-0.11142855036380042,-1.1079288418783997
ACH-001538,-1.043571630427677,-0.2937113617802824,-0.043603734501633844,-0.5197526300597195,-0.13462215722813675,-0.0838550045048866,1.0416188700669133,-0.47755465595158936,-0.8131210866049091,0.7319447289556719,0.11500279421961913,0.7782300383442804,0.47464942917938097,-1.0082722660341552
ACH-001539,0.15686122901650715,0.6821555772350976,3.352628618014549,-0.05315216437995955,0.9737506895502854,-0.5761417538120411,-0.0167214754658773,-2.1419073909651414,-0.7391791359730542,-0.2842965537891227,0.6673985482854912,0.7819143285724871,-0.05872602972355054,0.660549242995744
ACH-001542,0.5864792238328932,0.9207912399631918,1.2516431933800392,-0.6188142642916707,-1.4803647811846867,-0.3210482228683266,0.4698671576144645,-0.03465306394414784,-0.5121558707501326,-1.655161536597402,1.0504812458234583,0.1374836385228152,-0.9857737654622105,0.0614312422124682
ACH-001543,1.5195948087608369,-1.5444249291696774,0.3852811961466454,-1.9192724475435239,-0.10752888876318312,0.30577220579086234,0.6619619504212525,0.14931490421956542,-1.1182023069225018,-0.5467814797658046,0.5378958397973643,0.05577109921421542,-0.3888402953609943,0.7022436459989291
ACH-001547,0.23458727583703803,-0.7726099085043677,-0.1414750387155517,-0.8717986132828598,0.7979319519612338,0.8441715983845745,1.0710449392189474,-0.9017902397541977,-0.6211675225640056,-0.01620667978185592,1.242335454016122,-0.3701666467152876,-1.2022171330113822,1.4753301680626656
ACH-001548,0.19381795068804658,-0.5095871496657137,-0.9920114792006262,-1.8546624035665504,-0.2403322038431351,-0.07818376989867568,2.572563483672991,-0.7956394979365342,0.5242623078858888,-1.4838935734980898,0.762252253094968,-0.038576599173193366,-0.16919437224022094,0.8979148128792264
ACH-001549,-0.2380764248521513,0.4948613632160043,1.116357853257992,0.09362143178979798,-1.7453441101393032,0.1874043549007854,-1.9156805617293695,-1.3982386102566817,0.7662823551345157,0.5501789050817816,-1.3453013568323322,0.6132831949025714,1.2864660961830252,2.1253631008342224
ACH-001550,-0.663233001889613,0.2597830541467258,-1.3173259139312352,-0.6292988724223678,1.001748108710069,0.10702434077947041,-0.2533465204725509,-0.7863438862454362,0.011829277763251104,-0.03250123667444859,1.204488234851029,0.0338361923206323,1.3121065122155127,1.844466334632352
ACH-001551,-0.7797029461869448,1.7282508853520224,0.796633964535426,-0.3163804625071195,-0.7464219596378724,0.8392546610901558,-0.3475118771436784,0.3920074645468929,-1.1192572052473977,-0.5872922262958653,-2.8108465959353848,-0.10050625895509986,1.2895090549821204,-0.26600259940488874
ACH-001552,-1.179846105175637,0.5247265076562803,-0.03107108249765394,0.9141235832055258,-1.395666647468945,-0.6696131383832475,-0.3882553916072066,-1.2676907780060112,0.10505033691828583,0.17044024663905863,1.6144581230636006,0.530804783320583,-2.000528725640818,1.0515787293824022
ACH-001554,-0.7470124582965172,0.3726672913614631,1.1703263641685504,0.03849430253801702,-0.38180604826946574,-0.5609813841283423,-0.8452675873468383,0.5993887896430624,0.7841409090242106,0.8722438477222629,-0.38153141047584294,0.1936469224891187,-1.0521513949622485,-0.12484412278389014
ACH-001555,-1.2211428594599796,0.1485635753398119,-0.3716618055898629,0.61232075419086,0.8087012759297719,-0.5609084035353966,-1.0991836500482086,0.030653960144145374,-0.5694876361731193,-1.7569246439407766,-1.634248699017421,0.8697969511246876,1.392273496783337,-0.37349411699897855
ACH-001556,-1.1257919036095014,-0.9316652102217764,0.19646720846159643,-1.4880753187405815,-1.1252598458260086,0.35334429072000273,-0.7737459676477981,1.4834605996433272,1.4047132812660743,-0.18983775828840938,0.024597525575259387,0.5090020359093832,1.2593269921699317,-0.5574469834394209
ACH-001557,0.006924756472198668,-0.7802468898440329,-0.8974905211227693,-1.5350363249423753,0.42427267667743673,-0.9254743692875195,-1.2418973709368057,-1.2197531856460155,1.968791272024544,0.5837542062148875,2.4032053550021177,2.220594128358657,-1.973829460311764,-0.7648452085961283
ACH-001558,-0.4684944113668745,-0.663008276897951,-1.295810875472965,-0.43899542482085396,1.9576823260236706,-0.7934859649803716,0.1835473591648101,-0.2786304560306657,-0.3577073779937123,-0.019136294310098972,0.21319983341626317,0.2296034900371535,0.14424922268737067,0.536182058801519
ACH-001559,0.26293821556782043,1.0421718694802076,-0.043967232849935214,0.07759983465037011,-0.10453221165643597,-1.8131782809108468,0.05445571738307076,0.1832497816243009,-0.699827328429213,-0.07192250778018121,-0.0299745590911868,-0.2167292514531684,0.8380552193467204,0.11815655839744181
ACH-001560,-0.5457551576136747,-0.6208785646789646,0.17640417824397017,-0.21217187536601323,-0.0750181713120148,0.2516706195774588,-0.4052075339799398,0.16176823867181606,-0.831279452989,-0.5173100551220897,-1.2584406592360695,0.8214756790182995,0.3044012451650801,-0.02378431925722629
ACH-001562,-0.6839084229416372,-1.0631750053085434,-0.6408840580138785,-0.6616171048705058,0.924492006818147,1.7250177280705457,1.310945846548102,-0.9043682060714979,-0.40326525620587983,0.4987826847753993,-0.057154411566940226,-0.10167492936588565,-0.13458841331147095,-0.8768113620545662
ACH-001563,-1.5449272310950453,0.7961269519127053,-0.15195676783728307,-0.550211698847729,-0.6731946479374009,-2.594631245852324,-0.8962000304591425,-0.872073491462742,-0.28098277493793433,0.6527265117784687,1.6049688226606613,-1.0207305869607177,-1.0783443953195853,1.4472717889737001
ACH-001566,1.9751385485605983,0.4308541606890891,1.0191525580685252,-1.649190499892149,-0.2428305654054391,-0.5006133378966394,0.3049091842941099,-0.5881251673193223,-0.1288490056219056,-0.3117422328271756,0.7596988732954659,1.6053861948111086,-0.3548754269615182,-0.9097358521352715
ACH-001567,-0.9523464682692898,-0.15440485624287106,0.7884215288433924,-0.714769387612644,-0.2575311883028823,-1.628709999330692,0.8886827364118215,-0.002848893846226713,-0.715486744830032,-0.25996937873895126,1.1646440454375353,-1.1718479111395377,-0.5959575658507958,1.0808301954854056
ACH-001568,2.261876035716879,-1.4333339478993272,1.6368406515338536,-1.0337041593916223,1.0422550028387965,-1.4594470221672105,-2.3555465537537907,-0.34682167138387593,1.1808969661332382,-1.7261575007449408,-0.22476311124183862,-0.8087692266036072,-0.8747940043486416,-1.037853646433713
ACH-001570,0.3058484791648981,0.0036352519586719772,2.180271429162999,-1.3320482774292182,-0.8066597418980331,0.32998609562963216,0.042006420985213455,0.6003206176004361,-0.01417227203867957,0.9774017109558554,0.5352937723265712,0.83616909980424,0.2870916203629468,-1.4396832087353115
ACH-001574,1.0704836641260158,-0.1784825895583688,1.9466920130925918,-1.023313773088817,-0.7297594874807389,-0.9321432455229601,-0.32858230425103974,-0.35510993152617376,-0.30269661527280467,-1.8200895141615274,0.15358591065420318,-1.6216895650103436,-0.9996601027216612,0.9097200347763635
ACH-001577,-2.0457930751583397,-0.28741398783311756,0.3763345239496578,-1.0621336949543727,0.2160380541985862,-0.140754887074056,-0.14563789701560179,-2.097826828314048,-2.418108041972643,-0.28108637953550053,-1.279435090586449,-1.2153452381137995,0.5681746836637193,-0.004903732167774421
ACH-001578,-0.5290806018724239,-1.1745500053447087,-0.8470339297758751,-2.0100213936502587,1.2554744037191015,0.18877992223991535,0.4978263969569175,0.7904648446514462,0.8525176422882724,-1.110559795580136,-0.2826508071420138,1.8285309658598998,-0.7215869872536412,1.3968034066869188
ACH-001603,-1.5182499054537095,-0.18177027252944475,-1.0841501984729593,0.10964136635986979,-1.0455247308194267,-0.3952915020633418,0.8420492856644294,-0.7432282574256345,-0.7594373654279581,0.28667472787505854,-1.0357434427284768,0.6607000716137862,-1.5860181742329005,-0.22056947694270065
ACH-001605,0.15486008059569117,0.9290984983371958,-0.7075156657532807,0.996953023583243,-0.296571519719886,-0.4061341897113507,-0.24327123933808886,-1.3937606186392286,-0.3269627322593619,2.1780756208289214,1.301170291453989,1.2968498741906678,-1.1491231805405722,-1.5160916945923346
ACH-001606,-0.06654964684107471,0.4686225325018679,0.06185228963507463,-0.587045546200984,-0.5903743734756416,-0.7467275967511026,-1.0808606703582633,-0.72631944995641,0.41911908314690044,0.4955528915811153,1.8501724008847031,0.9643518888878275,-0.6545764315037087,-0.06010227030060357
ACH-001607,-1.216673607272658,0.5434723478016118,0.2400654282600527,1.195932560405652,0.0794818670232736,-1.2451075081103768,0.8845727079711735,0.34424093286222857,-1.006507180894788,0.32809238939432456,-0.2997594999500869,-1.0988658828280677,0.4172493316859656,1.6128283813920947
ACH-001608,1.5630149313462258,2.4618764175506387,0.33892667044736646,-1.3410169047699958,0.8654493584810774,-0.32233358890158126,-0.06517214258369758,-0.24999456843563467,-0.1419006297377266,-1.419234744655366,-0.3339557687311292,0.5187915263519939,-0.5305650225086159,0.4629567278526026
ACH-001609,0.031169135425355154,1.554119164556744,-1.409327720331664,-0.8011374009373914,-0.6143061151174306,0.42468581952909057,0.990126199671192,-1.4898632124912707,0.24202955977800614,-1.4087326129721074,-0.26170943498896615,0.5725158691650093,0.6882962493905085,-0.30992539297602667
ACH-001610,-0.4053496584778832,0.8680725809413994,1.283401155444647,-0.8556456880225208,-0.3325827168675791,-0.19267625406351827,0.06656080788734513,0.7852997620982742,-0.6659715621003081,-1.3662650458892682,0.2681046984375799,-0.05329613918949295,-0.37213105518078476,2.6478134267976374
ACH-001611,0.26384198231042516,0.06561655106922741,-0.34794515596124914,-0.0820481344382236,-0.24263745741336856,1.4874438836117854,0.8774495974828207,-1.879907630630289,0.04335915974976772,-0.8958243710752762,-1.2682454481434338,0.7033232728316211,0.1042830474561913,1.0204616563405413
ACH-001613,-1.2964436493362899,-0.7594741784834708,0.5179739816271998,-0.25463468258494015,-1.562320927639807,-1.0581636405319483,-0.30530967763843453,-1.9230886195804997,-0.9427240546017971,0.9424545125065347,-1.1693143720386339,-0.5044681984214067,0.8639278923344699,0.15879821793385057
ACH-001616,-2.05241167370353,-1.054401227952702,-0.12313288829568836,-1.7147306151331319,0.10188896628426045,0.13626978905925077,-1.017743736730731,-0.09110925162601125,-0.054455324394957746,-0.24583974583085125,0.9726519252263913,0.0027021559813146774,-0.7559200425942066,0.7892186781648919
ACH-001618,1.153864079269938,1.1131238160084,1.5076799390494129,-1.588038205502264,-1.4501247528187435,0.9038494682979357,0.9424151597626128,0.5374855034468572,0.394508252901058,-1.9541604600919888,-0.6290230349766905,-0.17548254589118878,0.34196202938273795,0.07969319572954281
ACH-001619,1.0345388780427305,0.26779490713212023,0.8406227095782092,-0.6728824312592414,-0.28058333073589437,-0.22573290317661523,0.3921533847694477,0.1369887996654865,-0.661198317791966,0.19714982213978482,0.49099501073122587,1.163242562672939,-0.8736828324466952,-0.4193802853111478
ACH-001622,1.0714785489394496,-0.11239953104402334,0.7032755504954877,0.7160172483779784,-0.518315772536102,-0.44429364537685684,-0.8435177296296453,-1.481795123104869,0.8465828498778779,-0.7430344345590246,0.39550987914506336,-0.7470480724771815,0.2635879392401316,-0.32696765783119724
ACH-001623,1.207822553495944,0.981548307424479,-1.5039330533111284,0.03858245834958846,1.3719101781852054,0.48682565939935163,-1.1841356033398351,0.9731141268070854,-1.3002296984317914,-0.2510678114189754,0.6663285339794442,1.1762276285375055,0.45494311045246294,0.6313628412232596
ACH-001624,2.804669567545708,1.8745546087647305,1.979252440766343,-1.066833415037646,-0.6040079755669204,1.1459137567388655,-1.3651044153263168,-1.3360646042378017,0.02238320563549663,-0.6722202412327734,-2.2022091670753987,-1.4083011464924238,1.4911936878350476,0.564101173270632
ACH-001625,-0.46263207417283175,0.20214995356498924,0.6626412579131163,-0.09562406695129383,-0.840596316720154,-1.8808096799395149,1.0722960180799102,0.5192660723106843,1.2953442963716506,-0.5317352866624065,1.9519157136026792,1.9361245897275765,-0.17256474273447125,0.15987238021717262
ACH-001626,0.0899009596995614,-0.21665354617218324,0.9361869586664892,0.23246451895605116,0.29015749931900275,-0.5293551876274227,-0.13554252419695217,0.28506110918057237,-1.3294659446808645,1.8075382342233515,0.8869021375789591,0.3382855523050311,1.3840248664806714,-0.7437897308783737
ACH-001627,-0.762589224386865,-0.5262884808211172,0.5132526485076578,-0.9141376028453331,0.35359762610718126,0.2800185050083431,-0.8571246640488283,1.4430463211428524,-0.6184095512711519,-1.7868654684982672,-0.331457085295975,0.04250011337969867,-1.07440133699341,-0.04767217895451393
ACH-001628,0.23306408881292828,-0.07153990878962173,-0.17502209091727172,0.48292977248428437,0.9711475806580628,0.8893514774590585,2.80545570613201,-0.6106210120959692,-0.589728944185892,-2.2039101977146878,0.018916591494979117,0.8913619231890534,-0.9711754996591527,1.5686909045164068
ACH-001630,3.5424308538620113,-1.4392052121317016,1.1095547719455903,-0.47949124161030204,0.04724903700603024,-1.7705206593243048,-0.021578542777419014,0.7978766517244895,-0.7628932935641988,-0.8027544264595327,0.6483062520216916,-0.5992887694272073,1.562388947930837,-0.25914220615535366
ACH-001632,2.399650928039201,-0.8990935940731349,0.8727193011981085,-1.5840681796423937,-1.6040191144973182,-0.34512449898766256,-0.944645734480518,-0.2868047854566962,0.04090369551034519,-1.2602544849642876,-0.7365190565227402,-1.3994293308844195,0.8453496152147635,-1.0589019569469775
ACH-001634,1.7099545269604657,-1.3367928702750087,1.7358767898857401,-0.42811353611957437,-0.15998600960538473,-0.6390114314708659,0.1865715652814094,-1.0874455297131023,0.6335004946161911,-1.4452090183623156,-1.1992884404887107,-2.3956258573530778,-0.1803725025145178,1.3572448209074448
ACH-001641,-0.05145023402329923,-0.8769850231385147,1.509050031072865,0.5582962497808811,0.31402298421147495,-0.20829233978227202,1.5416907584692356,0.3750874210962833,1.2632615050161777,-0.6484273654794449,1.5463340257382898,0.2718762867991454,0.09894123764871021,-0.6991464524147144
ACH-001642,0.2703480303000489,-2.3053795280766756,-0.30611003926879016,0.7332326310705485,-0.4369346885846071,1.326741251435153,-2.516018119756525,0.9311058334317439,-0.6888506532065533,-3.29292536726263,-0.3077632983447111,0.7354943348178118,-2.8452909200235683,-1.6505270127945872
ACH-001645,-2.0500626515840064,-1.2185391121028954,-0.7099897744323583,0.33856025786193067,0.20949852561184107,-0.6217659395605382,1.2964594416495632,-1.6140267971885052,-0.25262807277098825,-0.3058894560680728,-0.12224579579372523,0.8229130362920376,-1.527482043045921,-0.0834171744276368
ACH-001647,-0.4697456785388091,0.36157841117268197,-1.0336732280118626,-1.0017671826302965,-0.29614511836827967,-1.0227988303627225,-0.667406630749372,0.2708480920586163,-1.5307782955659883,-0.7330207004281265,-0.42391605024590967,0.3714641889397653,0.6364980764040863,0.22646815274424612
ACH-001648,-0.4310370074605318,-1.5185633551742748,-0.21225927179825088,-0.640403626741931,0.3328680039385808,0.2605833156095967,-1.02744105500796,-0.34111993223008813,-0.1628692011958,-0.8069521045554887,0.7337767583583406,1.4288181754336005,1.087630666374501,0.2963087481182463
ACH-001649,-0.31880784642498977,-1.2423545002071108,-0.5260425090892367,-0.5125672885159571,0.4472654796675065,0.37944627062630065,-0.9622029728165652,0.3042392171379976,-0.17811731112603554,-0.7423708672324749,0.6494485275039462,0.31287996194099504,0.14535283550478867,1.2506517102939332
ACH-001650,-0.38070053239812973,1.852697946222864,1.3679414173351956,1.288720282471734,-1.2376619560286624,0.06904249162356742,0.014932714252153869,-0.3844861307982812,-0.39325412434402723,0.5143235678627218,0.18459818975436096,1.1755536684284833,-0.05269859350741806,0.34940511107816874
ACH-001651,1.011765959879455,0.5330079511367776,0.378521281445255,-0.7454231809053766,0.20059617097860963,-1.1958894702138079,1.5564188413233662,-0.8948622360886949,0.7429897733421603,-1.7576049337522164,-0.23829470617710344,0.1026437739782749,-0.8683264726558699,-0.05155058830061572
ACH-001652,0.8441582813120131,-0.98197942965706,0.6370732300123433,-0.4288226744726608,0.14956593442976943,-0.17586828060195936,0.9723335817140186,-1.4974019582846243,-0.05405467117566531,-0.36947019059967556,-0.5642442170935817,-0.7285094899501492,0.5431936333532832,-0.12973179959329603
ACH-001653,0.5516494005717463,0.399197012910975,-0.7028290057221883,-0.925174578473247,-0.19735319797953008,-0.388207725204181,-2.06917954166729,-1.8258565031953464,1.4214648526308098,1.0376865823621289,-0.6781556118788314,-1.1457899570276597,1.3559533246714341,-1.354461918395763
ACH-001654,0.7710305626229916,-0.4098118782829888,0.06264569275625886,-0.8172769096058731,1.0788665067192453,-1.0901161568140632,-0.5192646838679013,0.3756276095371748,-0.025530185094969217,-1.517666745531344,1.0823888877817398,1.4787844055823975,0.0479716553771219,0.8069489137020905
ACH-001655,1.9929660700655383,-0.30774136832429394,0.9927291550123549,-0.24821422247041305,0.16265944587728814,-0.8711782929030122,-1.0986044420237508,-0.017725653829211114,-0.7057933107025032,-1.1972943549610364,-1.5702108266763015,0.15243269546157762,0.5186675427968935,0.04095138908626032
ACH-001656,0.09389211320036879,-0.8981496655950796,0.9980908143174354,0.8757934390956079,-0.8488474042866327,0.6201091250638601,1.3110366056679048,0.6344690046314513,-0.23750992520695083,0.2837782500872233,-0.36221305228626793,0.792739265139395,-0.4092224971088265,-2.3269538558576555
ACH-001662,-0.2792751670806934,-1.4892629137846234,-0.9578825477447926,0.12998667961249027,-0.02977651488979664,0.7073164755715604,-2.0963002363354124,1.7444707704760123,-0.07760900510827132,-1.4298066250325836,0.1948639240216558,-1.910631053597168,-2.7167462977334997,-2.879079292138077
ACH-001664,1.475825835353282,0.859764376746307,-1.1534229863102847,-0.6282567264174871,-0.5957327110776117,0.10215560944957938,1.6358910872634582,-0.19401551536600167,-0.18802491725836573,-0.9538402895882598,-0.013387660437315286,-0.11247720130548426,-0.09716143157738202,0.5237078853358156
ACH-001668,1.2837545130875152,-2.8299787350507253,3.138060217933215,-1.580881381380182,-0.9352723214114965,-0.18937535947815123,-1.4873819065609994,1.743112361981592,0.29549377522412085,-2.015567647691752,-0.3220728358864053,-0.43385475461721545,-1.365239909932008,0.9916967649419047
ACH-001669,-0.3747490513125746,1.2527178231480285,0.15696906206031283,-1.9608767535888714,0.2731323717572995,0.5091658434268157,0.4561876721378346,0.3211574419920184,0.8686409144735942,-0.017706596590923926,0.25625973688635817,1.1941586950339236,1.4739210631465098,-0.8214885888672845
ACH-001670,0.5544227510693738,-0.5570702954299901,0.4255547678318527,-1.848673805073521,0.26824444959370125,1.4787542567088527,1.8505437014552386,1.2761633707238569,-0.5874613969113718,-0.4091770096332848,1.436073165058734,1.2126988602876883,-1.2170662185595358,0.46851608988280036
ACH-001673,-0.911982414891559,1.7061745774300765,1.4151508459783133,0.45646650131921107,-1.423303471892544,1.3318685731626168,1.5203895630418207,0.3961726180440887,-1.2428085181318271,-0.5864830889560334,-0.7142391022773227,0.122913444314962,0.8184730943593064,0.42306000514909425
ACH-001674,1.5657293702656017,-0.1355824490593107,-1.1268842166282667,-0.5558749571120637,-1.788811468301233,-1.470275319195998,0.5759738324685391,1.594950746668931,-0.868682082859056,0.03184782812946571,1.2270318478628666,-0.13391208602407814,-0.37947469517980514,0.8665697063231865
ACH-001675,-1.439238457801985,0.9393520659626206,-1.2149712509498436,-0.2906231714441768,2.059921107633646,-0.42746140890325296,-0.7012228779743698,-0.8022877903758414,1.293017111277903,-0.28555601653574897,-1.4385024131209487,1.486445766576567,2.162780230052979,-1.7451694864242546
ACH-001676,0.2847067119043819,-0.17221330246571137,-0.4149040118434717,-0.7131114009538341,-0.5156791413958137,2.852560219013064,0.4144977292434838,0.47750191066702663,0.29900785506035443,1.9543249237534157,-1.9646519945027243,1.6848348341040504,-0.1610829925014572,-0.5928439603582213
ACH-001677,-0.445657171754644,-0.15745652571278154,0.6210232944024011,-0.15963687540392338,-0.06876886184793259,-0.8188208574162138,1.5188461725075486,0.10831513103397879,-1.9811223564027978,0.9732675789284849,-0.12395413706710595,-0.08929042476735909,-0.08971476866364819,1.0938183968978459
ACH-001683,0.3738773203594881,0.3784283512457737,1.121801574682698,-0.8909745710822211,0.9279126583613175,-1.3904974560865184,-1.6434866666154637,-2.968033647530806,2.457905309228591,1.0385173602618676,1.775996480982706,-0.1016391747126527,0.6725858391744929,-0.21526013307126313
ACH-001685,0.1742414901503837,0.4535769133303586,-0.3474342309697982,-1.0561589294041764,-1.0614351832002427,0.8000993595515593,-0.16870724340373794,0.19943788481157404,-0.9891067569179018,1.762628779293957,1.062412789109351,0.8055428857129544,1.4040786313796094,-0.4941728961131952
ACH-001687,0.20025823875222998,-1.201099216379081,-1.4916945469306726,-1.0068502732467923,0.6031316863521705,-0.8657810438075514,-2.4163159761444772,0.3253866908203757,-0.9339749458718818,-1.6021194072140426,-1.016543769522221,-1.0992408276011054,-1.9167155786847905,-0.7849472998964662
ACH-001688,1.3244730665386555,-0.9710054635158155,-0.46309529728391463,-0.8384439671085766,1.0364511757439376,-0.532423989114871,-2.0731360405559522,1.1812418921534968,-0.7205662179782288,-1.6921568584827067,0.17652490191762002,-1.7521658666013833,-2.008565476235014,0.48566045924261064
ACH-001690,1.4127790581111663,-1.7142252853792617,0.13702693219362094,-1.215890570196018,-1.2231818392200546,-0.645172008947286,0.2130496712813742,-0.5393418829495158,-1.5006753982962535,-0.8835876545788311,0.4570795724166793,0.5716269781555471,-0.9796308486252144,-0.8625516794310916
ACH-001691,-2.2199834102570737,0.6296098978425296,-1.0212882307238005,0.8710593001245398,-0.35744037465044487,-1.1388594524182403,-0.4247930197042755,-0.02329561240278422,0.7416884439795216,0.7273860518622656,0.4136126721917226,1.3552691455788348,1.3157849074715746,0.21399986608925456
ACH-001692,1.065400019667823,0.584266589522981,1.165306804906222,1.081443397129674,0.02549859608754423,-1.1623082992785714,0.08912456529153721,-0.3181176754618022,-0.9897166170752206,-2.037463721042602,-0.942653119390754,-0.29649312716121295,1.7737714086330578,0.6756780473683378
ACH-001694,0.42882921777134586,2.044117055105985,-0.5656322927405053,-0.7876662596608395,-0.0015747813307317297,0.06480863106203975,-0.806276077358997,-0.4858668819625722,-1.4866026362573472,0.5385433191783708,-0.6992623081867987,0.05672732385402535,0.948363189115478,0.20032145932963066
ACH-001695,0.5174815528620708,1.0527346427364606,0.07497594829182877,-0.7108830831123908,0.14794550648782265,0.06667442810702082,1.3726381691280114,-0.833124703220687,0.7654366481509268,-0.21237540810051844,0.4897650966847741,-0.830320205084989,1.629085876545318,-1.2778844323616836
ACH-001696,1.218240329492785,-1.012198407182822,0.5917689340155945,-1.2834582936997447,-0.5696201554779962,-0.1817267750909643,-0.7086195565616509,-0.8774671037862897,-0.9512814947195782,-0.7594903460122249,-1.067056658876576,-1.5426757305801941,-0.2564860716586737,-0.45460167076043967
ACH-001698,0.1350122447891583,-1.6546462849828665,-0.905438918347377,0.5875154739733529,-2.113563151323473,-0.8956078306535304,-1.0025655375602196,-0.7483945779604653,-1.3483780080747283,-3.1430241058334873,-1.8547705136756651,-1.881931775246873,-3.164983116422942,-1.4843732087668278
ACH-001699,0.8679618456907809,-0.4780437908044863,0.7162231530430263,-0.5583374357586153,0.7598381118907513,-2.242335938024803,-0.692297253573038,0.06853251776749648,-1.0175703814232755,0.3764483439741601,0.6693075444144272,-1.3687210121273925,1.5125900259957428,0.7446512365419021
ACH-001701,0.41366088549564506,-1.7207311686255211,0.5631271578790172,-0.704527092220006,1.153171971737785,-1.3017963629909213,-0.010572364666079182,-0.11744636610029947,-0.2595053420186524,-0.30015591748278114,1.3833714849098608,-1.1905803366052403,0.9856956345388542,0.9548263134079388
ACH-001702,-0.6675434225323513,0.5016978472547362,0.07393965668738964,0.16942076231023456,-0.08717603085963542,1.051055425476373,0.9749047719508939,-0.5584158636493032,-0.39378618867760773,-0.7271023097231983,0.38380009283680006,-0.27476244816212186,0.030543785596883782,1.5678609384107323
ACH-001707,-0.18862367902256563,-1.106963189903416,-1.5996416944687217,-1.6301905183764507,0.31311145088895276,0.3701090488487355,-0.9576554409672835,-0.7249556838538973,-0.38483160516775794,0.2892200291258877,0.7568619290198757,0.07555699171019008,0.7203120940273899,-1.0601348149354815
ACH-001709,-0.22452708853581146,0.2387347308338005,0.20592521401099992,-0.49241896384988654,-0.3236143100858919,-0.047515130203485925,0.9897934082242422,-0.6913737488905396,-1.5778978011404943,1.8058173827440944,-0.5636040180092872,-1.1481885511543881,0.4312556221138895,-0.9390912553408478
ACH-001711,2.599031207364631,0.9459361521478827,0.7569108397633943,0.010372386978761186,-0.6902918155613371,-1.4492516677175626,1.2351906224500255,-1.1266039342255632,0.7878011164712966,-1.7996470361224743,-2.0921719598363056,-0.9904199880049038,-0.4854799488791127,1.6450712557169707
ACH-001715,-0.6995925567329037,0.1908673810095025,-0.29927076270638164,0.2079362057761585,-0.41717847158502674,-0.39480927168395535,1.9923069910176245,-0.6429924788015536,-0.8023666278128077,-0.9611641236093662,-1.0903940482456025,0.574713558524842,0.35061738454463304,0.16035784222168686
ACH-001719,0.28955598489089196,0.5564780616478773,-1.4641385500023438,-0.3010460414927283,-0.6190821653804056,-0.034224731171464164,0.1287848083987552,0.644627056021311,-0.1769805737426265,-0.04011662533075446,1.5144195923492139,-0.49101651378893085,0.4703114825224896,0.760134198399539
ACH-001735,-1.2607594203767472,-0.8920702406759619,-1.1013045912635202,-0.23012091585116282,0.7445347328331396,-0.11757525117600058,0.40158432623006574,0.09339913307018767,-1.3683441853066522,0.11322949918061227,0.7826785090395995,0.8395524861067185,-0.7648008753983524,1.1641437890625463
ACH-001736,-0.8547808782208184,1.2046102264282288,-1.3204858196930644,0.34399310405623423,0.6820655305120039,-0.45868871799211663,-1.7651218937607873,-0.6830758134342747,-1.904604995795645,0.4293591775800238,0.997089859313849,0.35172505438587964,-0.4018893021242919,0.9908009396336128
ACH-001737,1.0693130607419181,0.5512779606945826,-0.5813818187831252,-0.7518191912923771,-0.2988339619313102,1.844589497529762,0.3720256906320585,0.3284126323008858,0.5989252570544996,-1.5847641465337776,-2.011410761441994,0.28229993414168386,0.8868882315244564,-0.368117136300417
ACH-001740,-0.22470581134047204,-0.2766319586097311,1.7948297051984932,-1.145080902624984,0.6238314656479457,-0.8816184696222591,1.9421057727533833,1.3891236109141643,-0.7804299849409004,-0.4066835297685253,1.2488579580486125,-0.4061478636685657,-0.6678905532531177,0.7897052985551692
ACH-001745,-0.975152886371968,0.08025381456591926,-0.3351940144937032,-0.26115051048130716,-0.5851958292852713,0.12180544996303988,-0.3394588030938103,1.0298930507618742,0.689712256914079,0.5880622628344984,0.7762931970134155,-0.9265298637888961,-1.069231035425993,0.9000443435769305
ACH-001750,0.8914457444085557,0.3814718708712691,-1.51740820139611,-1.689794963927392,-0.8965752594846644,-0.21047746283455757,-0.07249801567059833,0.5734995735555444,-1.1283175214305894,1.4173184669083474,2.075039431322536,1.2745084552401766,0.28564495532185014,1.2709708397206505
ACH-001765,-0.6208872134496348,1.232440774356262,0.3632384905375976,-1.3614482633251317,-0.9056624324796939,-0.19546011742155128,0.1945636955466684,0.7452129816440762,-1.3860261344343083,0.2756313538800668,-0.10682320233345988,-1.0107373016554138,-0.5342761676124018,1.3031158005008219
ACH-001786,-2.7538936638805813,-0.13408473141587182,0.16323600157144919,0.02438065972852429,1.3151377673718534,-0.770394378605757,0.9118656418325503,-1.1270913154652227,0.6926142270918163,-0.25299030126353644,-0.10876695717153481,-0.698835798161394,1.44062716291866,0.12992653258592596
ACH-001791,1.5361358843363673,0.7290253977637833,0.4531426199287868,-0.015076784728071738,-0.2679115967226,-0.4928179907184365,-2.225120768100452,-0.05662914175949022,1.3498495804998671,-1.8182854164977282,-0.5796268427822434,-3.006888221979697,-1.0321352942626378,-1.1217415390428767
ACH-001793,0.24532054503725706,0.5939269165901443,-2.204976553020853,-0.3011169693190998,0.14106492383992017,0.536193521421596,-0.4332155772237014,-0.6278010068346896,-0.5815737457757894,-0.7179129204591956,0.06875047499052687,-0.3006937105717187,1.8283942234953467,-0.19347677386059056
ACH-001794,0.31186868796602474,-1.4164377741537741,0.46054797311830564,-0.09026605562440937,1.377161361369777,1.0323163776184217,0.6821287817429398,-1.2617100209446361,0.324968344768322,0.1424951174478713,-0.1584125590852456,0.5919150942338085,2.2758128256240955,-1.4954098684884207
ACH-001795,0.19879836325285816,0.11455516217077912,1.291576864041501,0.05643670935695963,1.295923735468894,-0.542672677782464,0.37061402731111115,-0.6727079356037752,-0.750219745970063,1.6748203784378857,-0.8130074456721916,-0.4801955515778136,2.8296349003620342,0.5407005829376923
ACH-001796,-0.47045987889676,1.7677791443394473,-0.5827444188232612,-0.9206532589316029,-0.8481017640479863,0.15972342507427217,1.0267689627133474,-0.5102345366983725,-0.6283786371239444,-0.3122548296786103,-0.7808325199012316,-1.109733960339617,0.4411558480515807,1.9572607708439191
ACH-001799,-2.0045151018083742,0.12169250149951216,-2.3896541039576946,0.18217171037076788,0.3549452912505764,1.2353307882718603,-1.033639785942914,-0.24109717548641094,1.1988517827872165,0.1978508593236065,-0.5747354365535802,0.9746929512347691,0.13106380992012218,-2.374929607492243
ACH-001802,1.1383030467760737,-0.1119985303442826,0.4053396093531373,-0.5692679574813002,2.2746307748374037,0.3382959271347703,-0.3011908334229523,0.653243192310373,-1.0523145251275885,-0.9051852367948146,-0.1899840703450836,0.9118774691072948,-0.03167915253834069,-0.21146029366268385
ACH-001804,-0.9665551756389819,0.9917290934818015,-1.9298358896417904,-0.21872425063375192,0.7558790322670293,0.423205820582065,-0.8418894814037481,-1.4187955069976972,-0.08561071509281915,-0.08189062375239876,-1.3585103854183365,1.1480060290551606,0.5890224499343889,-0.7149780220159031
ACH-001814,-0.32762025206531087,0.3666400634444365,0.8420407247538717,0.14100229311107246,1.0678251927690814,0.48847008954648846,0.5575346910250087,-0.2835704846865112,-0.32433961566067643,-1.0471009225689059,-0.6033682192928508,1.7303248021829594,-0.0691765172716095,-0.9069376943436782
ACH-001819,1.4213503276655626,-0.09642840567623931,-0.8824500097368734,-2.983151396241151,1.2947914998841759,0.8574672585359564,0.5429056863868057,-1.1158228263658598,1.0450008751414375,0.2270980040269517,0.6094984010437132,1.36078472690134,0.5323109799187209,1.1342564014504812
ACH-001820,-1.2534531178663306,-0.702866721998779,-1.015071665897745,1.087402238056733,0.6866608488346257,0.07547782850505691,0.17236273431435178,0.24799098209879308,0.4070842878505188,0.5783281586283792,-0.7897523672184387,1.2185034963229369,-0.12645396311912993,-0.17140632321606225
ACH-001834,-0.49883376030612914,-0.5691567433532778,-1.2028344541682343,0.38048455495312444,0.6180532936197797,0.398212996697816,-1.2029605904418206,0.7739462183005126,-0.2751230543715185,-0.5260984765075165,-0.11237722372629752,1.5428154701617398,1.1057792523415784,-0.32399251492707043
ACH-001835,-1.4217840350935078,-0.13538145480559285,-0.6388054895077396,1.129552443756205,1.0120449448271955,-1.0279192756736302,0.25352114809920595,-0.498131758514092,-0.6911923436261362,-0.27619534308093746,-0.9705453255203839,0.4415641146906247,0.7984841862155131,0.21688698870868392
ACH-001836,0.05825538848647005,-0.5265292655784698,0.23229439578718752,0.17071690942523796,1.636682397631432,-0.0928324425963112,-0.2653037623212253,0.5834029397624675,-1.1520643826627026,0.5513892803823247,-1.262887208736102,0.6057857586328211,2.2343523017861604,-0.14032228696058274
ACH-001838,1.0515168449711074,-0.9154451971888686,-1.2601763920962739,-1.3023167402157343,1.2424437464335505,0.35221302698316237,-1.4216781557322948,0.40371644490114444,1.1875986833090477,-2.7682835490885624,-1.036739346764519,0.18997667796600848,-0.4979009893464363,-0.707324136733889
ACH-001839,0.5942584646739433,0.976837196607171,0.21145275846702227,-0.40867609397351023,-0.21495911496865053,1.173952713927149,0.3346369506889969,-0.4084937954652539,0.34461301760166724,0.17355077828544915,2.4344774753860117,0.8140649235461613,-1.5361116074769654,-0.6245587873752748
ACH-001841,0.22053538841341158,1.7338477606752891,-0.43492462488793854,-1.691471925735489,-1.509972054611216,1.1282338251307016,0.011933220393077655,0.6911103783046729,-0.6687774001777587,-0.14700288561267494,-0.5235040747698071,0.8770016352149395,-0.17829576336947922,-1.5477125559280915
ACH-001842,-0.2498137890680582,-0.3004243446231148,0.7527741815754213,-0.7947002195691036,-0.8372560553763542,3.1328517256507116,0.13805352691212033,-0.8503067729959333,-0.16614211601296167,-1.0462287585649526,-1.664486660221822,-0.8100585044617044,1.652709189123459,-0.4390718836665055
ACH-001843,1.4889574399431027,-1.3725016355219926,-0.3182439912083089,-1.0862563783302999,-0.4978957927902221,1.0193097821741655,0.08249811993019172,0.03536923647915418,1.665173086520511,-0.758089857467662,-1.2555548053773404,-0.9864928747990092,1.828947537407569,1.4499179168619776
ACH-001844,1.0786442895563237,-0.7313358297583847,0.7271126559235526,1.0265298348195713,-0.1661276347855925,-0.0876607953408696,-0.3663686273743841,-0.3026651684659948,-0.7990168208295643,-0.2923100745964325,0.8347997141006946,1.1407917272363057,-0.07286396409859303,0.3825673589534486
ACH-001848,-0.401960283179703,0.8547377929789349,0.8808179691072013,0.5892059091861231,-0.8264876642341286,0.7658671171632644,-0.9485719219708834,-0.7018333591261423,-0.5462149689078907,-0.7409759141034538,-0.5186521061558853,-0.20547774696542734,0.399019819307289,-0.3822157419530603
ACH-001849,-1.177295445610834,-0.6741509624297277,-0.884763412362072,-0.7415102042454753,-0.9148481422875252,-0.751087040422858,-1.0078800942003536,1.5010414374460155,0.9041217597930321,-0.8499286711263004,-0.6296793256200922,-0.8145296848205359,-0.3341980542395013,-0.19571127672319058
ACH-001850,0.13745464416150643,0.15674402808111737,-1.3396495476062265,0.43470581683755277,0.7689798430457614,-1.2797454540254523,-0.36182130312227373,-0.0023400818232064175,0.7041416860054458,0.29334394696309446,-0.4686810543339077,-0.11593457130724531,-0.9284196107610934,1.0429703961109063
ACH-001852,1.909941134752535,1.1203906137820967,-1.5240889064048717,0.6887325852629402,-0.9976318810031047,0.6712635724934951,-0.27804925750071835,-0.043064649027965446,-0.454620893666901,-0.48955272549604284,-0.04097888315164755,0.3893495333298587,1.2490425607750169,-0.014845160855773485
ACH-001853,-1.6114673487230802,1.0128876120787118,0.30553594583792404,-0.8807894054007573,0.1590117010734199,-0.09596682044876674,-1.0205549452806513,0.13647502436493417,-1.4116472745269248,-1.3476698718938591,-1.365348382443956,0.25164455688546994,1.9517272378652615,1.869670720504036
ACH-001856,-0.403302741226034,-1.0054634798048803,0.9316200276027594,0.618856981931315,-1.2948850584789562,-0.37181674937439035,3.035405936903842,-1.095725836100602,0.09834325145655695,-0.001125274464567236,1.43117601653935,-0.6124911011268631,-1.2168309097878351,0.2601494664572152
ACH-001857,1.9531192139170896,-0.36125414604917583,-1.6048854017213174,0.8295718306825314,-1.0739805664812878,0.07676096864203708,0.23290626218807875,-0.6333368900584043,0.15358863881265625,1.2676997526812137,1.2014896623127185,-0.07241000679828115,-0.5199919245089609,0.6305948213825598
ACH-001858,-0.28472381899827875,-0.6407077439504656,-0.6388072006664004,1.3570816648560868,-0.37573891007566745,-1.0224705831355663,-0.6715349176354958,0.044858382433916065,-1.7692197757789727,0.7865527390075087,0.0347973045829686,0.9708737307140047,0.46021572359802687,0.9085397006968905
ACH-001861,-1.388952939706417,-0.33354830796588214,1.3833597362391838,0.13787617941567762,-0.03191462955900689,-0.4558089760593197,0.4654963240749774,-0.13854107837948498,0.46187883612465563,-0.1199722870536246,-0.16774143895845559,0.2036590399212547,0.5508297039896257,0.5263545182025257
ACH-001862,0.8471240952281349,-0.4797488337963214,-1.0548888752940266,-0.26018992918114353,0.06182224111177383,-0.8549653026434344,0.942270665221675,-1.611713250250344,-0.5293038733149932,-0.30173692934498364,0.8462776410606814,0.6612001851827797,-1.2394891044455298,1.137896573841874
ACH-001863,0.9016299372485139,-1.2749080055768454,0.14512150996678136,0.4999146860748496,0.25689904039747485,-0.9474966071323427,0.529469447301007,0.9398567235808168,-0.46156296584577833,-0.03571732758840067,1.0937935089718587,0.07022357051185477,-0.38925252188612197,1.1869602198243736
ACH-001864,0.1931601230196366,-0.5485812381583537,0.4922750224566428,0.35554248758970425,0.8801364804699455,0.9194474572492206,1.7088024170816123,-1.5298508610752248,0.32663909673722885,0.5182697926459696,-0.5420064120691898,2.4653156583983313,0.13523072098604574,-2.304726040544863
ACH-001959,0.18180224600440692,0.9929278620671582,0.19744733332829842,-1.1029143210385322,-1.2803216030220506,-1.6183222979620362,0.4377945685571314,0.7921250007906426,1.2316218355681203,1.503926941020557,-0.7052231772422266,0.6253164420894354,-1.1937929304776767,0.464192764903243
ACH-001960,0.0030039602482791823,-0.1667376324247723,0.861775351957342,-1.125378531107038,0.47995139274100296,0.8699998197005117,0.09702870397565017,0.09830184174959598,-1.2427423741141923,0.2384981126186119,0.08364358234420535,-0.3855421556716835,-0.6020788134286773,2.364632187843004
ACH-001961,0.9522122723742977,-0.07687511072885858,-1.201425100228777,-1.3074178511676153,1.839089339741463,-0.940947521732896,-1.1313203565167944,-0.5858287996630288,-0.4207381126445676,2.691592417009199,2.197687203962702,0.031477570277320475,0.9462067806712643,0.1330529901810711
ACH-001970,-3.4749452986773393,-0.41589026814064783,0.8072133030686485,-0.3514910087978266,0.4580062296493988,0.10561343280619219,-0.46963229949616286,1.8234333390685125,0.18435606788495995,-1.1439382969060812,-0.8036611594303379,1.241988234070969,0.5410914184625497,0.6486485231429283
ACH-001972,0.763569089043362,0.7632165685685836,0.4412895108756786,0.6679719594482149,-1.2731688477000658,-1.4194678014417714,-0.2917327241819528,-0.5913547575572007,-0.40134064207653086,1.0599652033096836,-0.9893042250218838,0.993941115219896,-1.0773503981992583,0.6820921831534326
ACH-001973,-1.6704294655802558,-0.7292689476175529,-1.7994825492208828,-0.5242956257284929,-0.011020147471688412,0.12814356642136202,-1.1837373713441435,0.5921955907599835,-0.2748288464724776,-0.7473101805595485,-0.15712828402312215,1.8843849843212541,0.6030171896458233,-0.09542558135954102
ACH-001975,1.1953931899665569,1.5250485791111563,-0.9446464756446089,1.8953929943349377,-0.4541391521812093,-0.3990197947136083,-0.09942576266527858,-0.8290916549312739,0.07442018336483124,-0.3514651628275221,-0.5737691727059996,1.5011465290317212,-1.2126770768719786,-0.5593847194067911
ACH-001977,-0.48286857500963537,1.6164906059412456,1.2954139458191767,-0.3909982502701756,-1.6302953612016784,0.34041080055442297,-0.7117623424011952,1.160258679254129,-1.3921773772254766,1.1331325679419797,1.0007172867236007,-0.19452134998288223,-1.060086613593975,1.4395167633120054
ACH-001982,-0.13330234021600668,0.4113997873822644,-1.5845480601115778,-0.14257344414242965,1.470053806714898,0.8419172820641844,-1.7840136279467957,-0.6530025919760089,0.3665781613259386,0.17055495481642777,0.6457451151080436,0.8715285988022308,-0.4470900694897417,-1.048644848404372
ACH-001986,0.5304751218555956,0.3919132541208774,0.0826209777848477,-0.48954160458471346,-1.617700568864387,0.1571000925623668,-1.0431727254131837,-2.0169460356616864,0.20896154700410718,1.1539850144095187,0.6093298432979303,0.6269192477223325,-0.24967914780241868,0.5865884174889636
ACH-001990,-0.9376425310973501,-0.03809660754435939,-0.728818832585185,-1.1005080011109223,-0.2540977990421145,-1.1691708761573583,-1.436012672326605,-0.6353491619631221,0.6971609621622409,1.6248283078385037,-0.2723224179774926,0.06496433390669346,-0.372723425865283,-0.8862178648382811
ACH-001991,-0.5471259261508753,1.0810246272715323,0.3882727057645221,-0.7668781964709201,0.9071474583674543,-0.9719792494880789,-0.4452721264354203,0.11035205259831359,0.4028312922039742,0.9115700165577043,0.44706704039514267,1.2863747588439605,0.22729991938741337,1.768124573446505
ACH-001992,-2.1347090062539404,-0.07027863422519076,-0.6334717626970235,0.7575047791329164,-0.6211740150650777,-0.5461211509523911,0.6312722531082992,-0.9781788864568465,-1.9327866969119776,2.627485839661221,1.1905167502235374,0.24888430331777295,1.1446858719918993,-1.1067608226377943
ACH-001993,-0.7325333124234876,-2.4066330337931006,-0.26251025995346366,-0.19061339008116232,-0.14241906814625635,0.9163664054509344,-0.024591718721998775,0.3056703288656053,-1.6436633149376072,-0.8521310931822756,0.7236214708315173,1.0425740909861734,0.5716549292400318,2.04923898467474
ACH-001997,-0.27131201273434613,0.6931936523532874,1.0122999304080402,-1.5682330167358853,0.42435958995716266,0.18525810189961026,1.1126994633698866,0.24612106231157077,-0.46789921968796794,-1.5869584159058052,-1.66767416850515,0.373724788630561,0.9182552564518273,0.9246929217164992
ACH-001999,-0.0014587039104664572,2.214050604415471,0.41951300148273113,-0.7106397068320409,1.9921190364021153,0.18555837434278497,0.5242366977702531,-2.149906496229561,-0.8739020821627866,-1.0315747827398911,-1.2909067964360612,-0.07984041985665381,1.5666915465124807,0.9764207461924442
ACH-002001,-1.1705260811354095,-1.2415086232877017,-0.8253263050629359,-0.33637055640405233,0.7825343172928595,0.0786362391841823,2.320459220504963,-0.9541294480790863,-0.8874235417379448,0.2212942590159374,-0.3808691761577839,0.3584897795971299,-0.6872357991480879,0.8382219210860881
ACH-002002,0.40949547157136307,-0.6008702033223987,-0.8452705219602734,-0.20680805510882042,1.2101413320448284,-0.061703138009919056,1.133761289293859,-1.0471363861654917,0.5468048956505078,-0.7583851206261852,-1.233791579855807,0.405389431918003,0.865787800180385,0.4965755395920254
ACH-002003,-0.7715867834868779,-2.715808882779074,-0.417739138914615,0.04345162082788263,0.8411002997720584,-0.3666568245006283,1.8252953559565515,-0.7558572474704898,-0.31760734651947914,0.4211032014523722,-0.3229321810488987,-0.09897445036428602,-0.7129867850285327,1.1713205866503018
ACH-002004,1.0865854944176165,-0.7816926194470654,1.1113028252283095,-1.180916467838244,0.9882607503432983,1.0433174319267797,-0.9626519699926526,-0.11849361719756603,0.5744896930420013,-0.9518958072693098,0.02176412979381134,2.233970243409197,0.3677740676170349,-0.4007160337853513
ACH-002005,2.0379640809848474,0.6169707102983484,-0.6626060958880643,1.8651211760691442,0.4296822982537928,-0.5186156495065322,0.7866913599461701,0.37444765182160755,-0.6006726744466534,0.00033286968365787566,-1.389549602816036,0.670196052522133,1.4162450273474931,-0.05876316013121038
ACH-002014,-1.609690470158227,-1.3778158130653093,0.7536415429708081,-0.47629165514320065,-0.6112905953303053,0.9328166365371069,0.9495866104979276,0.3372382496156631,1.2192215505916815,-1.0114501321697718,-1.8331454853655864,1.3622166996410192,-0.3831286522367813,-1.3528060597149576
ACH-002015,-0.05110195748500321,0.9262228178164368,-2.6492636271510914,-0.12436676172535724,0.9687643830998263,1.0777571693106744,2.3668228629461874,-2.4016785663514764,1.6745998791171235,-0.5252414178865069,0.5288096726432294,-0.986543046093658,0.5744043661584605,-0.4603217670119654
ACH-002016,1.2629248347426494,-1.1652914285847962,0.8166456177555905,0.7257743886457328,2.1400208740705096,1.1325430303810002,1.6011047612943743,-1.2547025600131432,-0.5232864283224828,-0.904864212477986,0.6215562159441905,-0.04844077298572603,-0.7387545653894381,0.10172782371502805
ACH-002018,0.44979102394940473,2.4901950353584024,0.05896053986551479,1.4106651671995143,-2.514776889388173,0.6305848766715219,-0.4085325662978916,-0.40669857765685946,-0.4154267735336308,0.6011880871515183,-0.8675684290425116,1.7307171822023661,-0.5929375238912651,-1.0994025865561607
ACH-002019,-0.23459210604978092,-0.3963383959184528,-1.273944624244876,-2.014656070915499,-0.417746391758982,1.04831247325837,0.6310869173205148,-0.17736185231293636,0.5951285686147971,0.010351274951924184,0.17216874447304906,0.6736971947883725,1.0047494497227871,-0.5253370753639158
ACH-002020,0.21291828183099246,-1.0121124541374562,0.24297888478795499,-0.9887210451830403,1.8277595251324634,2.0541763565692186,-0.9490720310276055,-0.4050650896337461,0.9756730244830895,-1.1261110646910264,0.6715491828702909,-0.9848180412771644,1.1886722618529555,1.561686897488675
ACH-002021,-0.5136573264942981,-1.6100884323315254,0.931944861190153,-0.46059491218267623,-1.001936740369191,-0.15464098896074316,1.6340821096323523,0.25193016778099764,0.4641225841652095,-1.0505273470607892,-0.7143005088897015,1.4443224230711473,-0.11212000173497612,-0.08297613369865552
ACH-002023,-1.579821415625577,-0.7164483364522973,1.1239198521214973,0.4486742564337624,0.3652118593691963,-0.8134859120665553,-0.841070054381808,0.22747813639589295,-0.7226116378853293,0.9493519982153529,-0.11799004020671218,0.4345218467485001,0.8315855962497654,-0.152133546845536
ACH-002024,1.7115999288291421,0.49956778274462055,1.275450841274009,0.1641256500737971,-1.3345327590033687,-0.6192615920578834,-2.603922162357257,-0.14107103202991866,-1.3837178934412855,1.6882800254241468,-2.025901302198855,0.7072680311235701,1.014220231023857,-0.0026795796217037155
ACH-002025,0.0011246920861292817,-0.9056219195980947,-0.18569896782782652,-1.00749292856251,-1.87950715223367,-0.36121044869807056,-0.3785294423077022,-0.4166375167236532,-0.23070824620361433,-0.0031359109501902078,1.08680405351382,0.5290220952819378,1.1269066512464452,0.2726144523774074
ACH-002026,-1.044145689422828,-0.5533034861667482,-0.5401411930826836,-0.5600236077485334,0.1018965774465551,-1.5405389460716554,0.8389285410275107,-0.045120225726391607,-0.5044982959813755,-0.9498298761392159,0.769267915040938,1.2671877756408292,0.4588870500062801,1.2918195579854068
ACH-002027,0.38529843186051305,-1.0463983980630591,0.7448041005936369,-0.8229126407839442,1.8197887583948016,-1.4270982882698242,-1.3774418745927972,-1.715302396859864,0.42512417880394754,-0.27523233079518794,0.2454691022265842,-1.485047054293376,1.4452491527237856,0.9604462450818425
ACH-002029,-0.40451514455517873,2.4163020330788956,-0.19431281362395153,-0.22973226711368486,-1.0477198321271304,0.2591013000720879,0.8595799057877297,0.8095327775288425,0.0002541030398336835,-0.49974825509406967,-1.0172076756099122,1.3183537294265415,0.3116808911241988,-0.5355503360150204
ACH-002030,1.265821826912302,-0.9945277074393757,0.9092464512124072,-0.7734263665095449,0.5110416349660666,-2.0133336160370634,-0.8174534361530295,-1.00258552283061,-1.4923360868241033,0.07126747532204189,-0.22605487998049165,-1.0657377337290355,0.05911612636980331,-0.5625636385483553
ACH-002033,2.0359888422926753,1.0029367704403294,-0.6057758860087341,-1.2562582900023387,-1.0812546541176213,0.2926868759108405,-2.62186129976532,0.19498854084854547,0.42138907157929484,0.8717464680860306,-0.13715886839493457,-1.0055942122451889,0.039834504039858686,-1.2808307319866425
ACH-002035,-0.9187740155299842,-1.1866218305790845,1.2127203822381913,0.2280981161899433,1.2347688455201395,0.7296718395636447,-0.582072502311786,0.754635772585866,0.09276375802942492,-0.30289023174080576,-1.6668542124615646,2.4335113198545195,0.9350582572345753,-0.6794050397765815
ACH-002039,-1.5492083597397794,1.4070941120617304,-0.9868567141015604,-1.7356353426407034,0.6890080009377962,-0.2312838494486884,-0.47171425649852977,0.25609867464365477,1.6400462436881595,-0.11223341903932808,0.9306770096301472,0.3865502069120834,-0.29865306544297066,-0.5806963579286255
ACH-002040,0.3726541054919864,1.2707069284802803,2.3927687242022997,0.9281782027248503,1.4233952085154031,0.11215893658017707,-0.8545676946420943,-1.0855706067696012,0.5885116962796623,-0.5152507368413913,-1.39086014537421,1.6831124104566337,-0.3923335361295846,-1.577974711291952
ACH-002041,1.6558125318052133,0.6129985081457331,-1.4991320558492185,-1.6693986851484008,1.6168883563068852,0.8095678518258046,0.33639443897517474,-1.5241106526666037,-0.5162655464754451,1.4114247266707396,0.8670182613059435,1.3586666559598677,1.0752800188320584,-2.368045348290114
ACH-002042,-0.5090843894465077,1.0843610402537207,-0.3088242138253322,-1.198262958535509,-0.7176670896259836,0.4363225164845889,0.9959360945989487,0.597437320602399,-0.44508025336879115,0.009747113093590366,-1.383625074150682,2.1465938502257598,-0.5136304605366465,-0.45438811838778154
ACH-002043,0.6240554344964769,-0.6931137774657223,0.0007496102800101104,-1.5689339186940423,0.6411277649439278,0.24426161772641414,0.8681892478586134,-1.89242870688157,0.13739076745762013,-0.23621726086299485,-0.2910687266240697,-1.171929986502752,-0.030835867239404575,0.06756092268506973
ACH-002044,-0.5158622049128685,0.9195509964987367,0.3301134816556583,-0.17397112504241202,-0.06719519418623485,-1.484895423722803,0.7609869120121827,1.01248414255409,1.5322850861460258,1.0305340200233746,1.5530894399361233,1.8414457286690564,-0.06277366701550244,-1.2233879254098872
ACH-002045,-1.5139593986361481,2.1124691465358008,-0.5626116583653109,1.10857181214475,-0.9777877113721889,0.15890855081213737,0.7355501710964485,0.8680932685101735,0.5517696243686231,-0.9282905437148238,1.489567722058108,0.8061362425511264,-0.09190353456438792,0.8242841211556527
ACH-002046,-1.6270232750295817,1.464046096055172,0.49750986155469246,1.2775795942847121,-0.005600731814673055,-1.9833682189624513,-0.6658215401129471,0.6856438219109051,-1.771810723830536,0.5969003149664533,-0.6380896368631015,1.448698575414034,1.976263312429389,0.3016397230342446
ACH-002048,-0.4621126166869363,0.9645550595174389,-1.6055516282978612,-0.5743284708965507,-0.23948458302450476,-2.4499805343656367,-0.17324351265492208,1.4220033484654255,-0.9260945134366866,1.0516541099176648,2.0246369995544624,-0.153509948092203,-0.8149161047913629,-0.604454558385479
ACH-002051,1.0661742811036037,2.379549932887058,-0.9062351031157809,-0.5673041813075539,-0.8063344380062302,-0.3336026113168964,-2.0292204438324895,-1.3604180938494197,-1.1295175445197434,2.177382723804609,-0.16070237809944246,0.38289928852394584,-0.7886348383207121,1.542122091658126
ACH-002052,-0.11694810994080725,1.8520842596110711,0.6466144059614886,-1.1483608346755096,-1.1683659931118993,-0.2949626337658323,0.4732258584064057,-0.859585114169683,-0.6261544284540154,-0.6196619555440156,-1.7191657013162116,0.489588555703548,-1.0012026578538749,1.0288400741840031
ACH-002055,-3.9512234392986056,-0.658226789530576,-0.2025993732783253,0.11188090298162727,-0.969834972497428,-1.2007501163094159,-1.1078850648720686,0.18632672503770095,-0.40334490444076077,0.09704913876413179,-0.15782280855228906,-0.2118037712843039,0.10355154014782987,-0.5997473971019867
ACH-002059,-1.6755577724243178,-0.004687161206723235,-1.008926929871843,0.7505801583491408,0.41668992025011536,-1.2633734594628716,-0.18775092717756559,0.05877270540472491,1.0323520756263849,-0.008532152377325686,1.0229132982836506,-0.24047688192551223,-0.2444714106208348,1.11255601513114
ACH-002060,0.9935534590051472,-1.4305072639921184,-1.1497465916400151,1.1161638541903307,-1.9664492083376643,-1.5346488634655717,-0.49553326379327367,-1.2594808996626112,0.7476545335330237,1.8867736970388156,0.5161626219366388,-1.8035950295544738,-0.19397781987905433,1.0179794241316549
ACH-002061,-0.6334159601398771,0.12549880403913466,0.5133190215231775,-0.6401358560336905,-1.3687945440000806,-1.7476362076527874,-0.7650607799709828,0.07332576264501824,0.7034186897552828,0.6475140764020556,0.4137688206989481,0.031065307278978823,1.8669099110198004,0.7594163612580203
ACH-002062,0.6309577370557409,0.010912852322218199,0.9265589407249607,-0.4565354596871422,-0.4924648112149865,-0.6879369823444447,-0.3493641200690681,-0.4349882200481308,-0.6185194722107076,-0.022300159712170503,0.9052703203760651,1.3045832903726087,1.4054695902013261,0.14429025317402752
ACH-002066,-1.4064405393597927,1.0732740971683556,0.4519800429986061,1.9759854190128197,2.1550086096063588,-0.49355090125798634,0.6446760270927706,0.056414044032000364,0.5498322278333122,-2.1253145337811192,-1.5202839642711308,1.257528830431749,1.4800936245971255,-1.4985325799561389
ACH-002067,-0.6102966200918981,-0.4235678285179307,0.17561041514923964,-0.6005761709137523,0.6108126104627227,0.23193398877088983,0.3217083546400718,-1.198417387477489,-0.9470412796978449,0.24763980477724615,0.7833151978959191,-0.6865747595275488,-0.3726556503342305,1.711804200566865
ACH-002069,-0.575688404922139,0.9162532237643045,-1.7561442803748586,0.10614789932450153,-0.5528318915491095,-1.2525913424616515,-0.6881178875275832,1.0978821204803708,-0.17131336538384045,-0.2058390008116353,1.5192226529725092,0.8124524313973658,-0.673160075856875,0.4499423316483235
ACH-002070,-1.8809167120470067,-0.674618953952838,-2.3209679245797945,-1.0289939504423813,-0.24531060198125212,0.01101353291331316,-0.23963398562122226,-0.376041424988245,0.15849801483736078,-0.5573419228614849,1.2503924568738347,0.5904287015253887,2.6222147366971966,0.12959998058124916
ACH-002077,1.6912471131166338,0.4602520345140548,-0.4724215738040782,-0.22306723439274886,-0.301058002777457,2.470179693936443,-0.6770672595692381,-0.31496900275557155,-1.1898924614347706,1.6362972904130937,-2.509368555366444,2.4473303662925057,1.7633238734997285,-0.49667536685135744
ACH-002080,-1.2140452116910028,-0.639189941593797,0.4522952790917907,-0.4373003701939504,-1.3147970275599516,0.0829593276663325,-2.185935205981727,-0.4063754618364276,0.696721770800215,-0.7447267073182963,-1.1086881386120329,-0.8867277830380101,-0.055390581484357375,0.10467342396563738
ACH-002084,-0.3971983183813073,0.8800573010241035,0.11668038747494577,-1.1987706413538175,-1.1639352618768473,1.781185310798542,-0.5750476170637157,-0.29179737503752906,-0.5888343112007202,1.0164999279608382,0.09151006745267821,1.8925401434231237,0.29495932235990135,-0.023556176340354215
ACH-002142,-0.8623426971664634,1.1162441241008947,0.21523673195608325,1.0061595243422292,-0.37304530246417544,-1.228944108211714,-1.448064362326739,-1.313311489551676,-0.6107067092627929,-1.4255067462283029,0.03512436948460657,1.36053455974033,-0.616019266549653,-0.6309393614310711
ACH-002214,-0.31099958786583387,0.3231194433223215,-0.18076481309662484,-1.374706531960563,0.9238086233832896,-0.08605727412053621,-0.0706902568052975,0.5698696306393791,0.31455205299049616,-1.0344428094796703,0.8896860800863761,1.8301656913989905,0.627691282583539,-0.09755034931719746
ACH-002215,-0.2529965437111876,-1.690360727997175,0.8934472065751727,-2.7038409443788396,-0.1622955413441214,-0.3024819813483008,-1.9155362651732153,2.1051688884533633,0.43859787236952763,-0.42704823864103547,2.6292969166337,1.857520335542148,1.06564177800791,0.6430949105804076
ACH-002283,0.3439129804981781,-2.379007785939111,-1.219567872681116,-2.4380160657774654,-0.5912298487043748,0.5866799451470639,-0.4117404026866571,-0.5293659858843334,0.6986873713235097,1.8522777073255012,0.6739884215853422,1.9305282488959992,1.9019076343083552,-0.8345642510086442
ACH-002291,-0.8055023186196832,-1.566490335738772,0.7021351459837674,-1.700522893037988,-1.1711454397447019,0.19864546235846814,-2.467210023730841,-1.354265153033225,0.759623689471405,0.45516062177790334,-0.012839683392209955,1.3392106976575724,-0.9792910074692651,0.7465498727562135
ACH-002399,-0.113310732950166,-0.9141640465617605,0.04275256200410926,0.06118704521218798,-1.9214621600170123,0.3105125566491169,0.2734291428855661,0.12624191226422557,-1.4261104674452367,-1.4886190648065327,-0.28866725150277905,0.8214983611595494,1.1125437731181063,0.45648109380721874
ACH-002400,-1.603744396350255,0.26993880996614156,0.9141876279388987,-0.0953570566708993,0.1555506110093654,0.9418416692314464,-0.9244741834554782,-0.5094727766532988,-0.20941084079837813,-1.6885919894248267,-0.34484777862753413,0.6962933808020851,0.8612432940437922,0.3260707800968076
ACH-002401,-1.2518257450641617,0.19031640582914955,0.8244909913232633,-0.8744954476884115,-0.23894714107926818,0.31515354834043396,0.28242662479116254,-0.18981458454494315,-0.7773662395826054,-2.3567440243766256,0.03415187110575101,0.29913428244808843,0.22821997031771407,-0.6472471906658811
ACH-002433,-0.9781180932989509,-0.08442733774379765,1.635630581000526,-1.0507135883672774,0.5437361047249519,-0.9478193065760676,0.37114271347460503,-0.8231005963483209,-2.059616670972564,-0.09484570522151017,1.2664590787360381,0.41602025553044547,-0.06311001065943772,-0.25609074701855683
ACH-002446,3.2032817301190843,2.1776151136787973,-0.13869943769213613,-0.2789617227046476,-0.015281182930051526,-1.9252080436943304,-0.3007027682177636,-0.8127935123279589,-0.7592754443897884,0.1712210680372784,1.3564347526749516,0.07545837322328462,-0.8220322036754857,-0.37378818905962163
ACH-002458,0.9495723983280219,0.519038243218382,-0.8548041785629749,0.3819208757067175,0.14376205597607936,-0.7182008862200626,0.14950890621032592,0.42491643572975624,-1.747954910148144,-0.15791601381994008,-0.6288357156451245,-1.47192007448646,0.9525672591221668,-0.864729155783656
ACH-002460,-0.13384140667229902,-0.7871627610307578,-0.4194398976125367,-0.27678142689745416,0.9735968679853061,-0.5075767302737911,-0.2622978080931868,0.053407069325117254,-1.0012419473701655,0.3347771440505858,0.06195083490470895,-0.3795978708798938,1.393578679866269,-1.2458155253606908
ACH-002461,1.3378877698958593,1.1806596224528052,-1.1934231586766384,0.8199336063504713,-0.9842531915312142,0.1998454263209912,-0.746819176166595,-1.2847081423257338,-1.5474427887139532,-0.9343405852229909,-0.6788094550295739,-1.3714940199166166,-1.681708489950849,2.4139600659642055
ACH-002462,-0.3193280975115362,0.06695621334341706,-0.8761009040349965,0.4579782817147839,-0.24867377025658777,-0.4321157682190137,0.08263766508123362,0.2735434287676321,-0.6642481538364662,-0.06954691527629393,0.8309350000423411,-0.5094295282716307,1.1473965469194736,1.4667310921487917
ACH-002463,-0.4887422154739178,0.041024755598521666,-0.3369963673816744,0.22172313613649372,0.7266715282287665,-1.0146490303470552,-0.5793790516563746,-0.851772952312109,-1.4021894149849914,-0.3175421352260383,0.5917872266462653,-0.6729647757620141,0.4572726009943513,0.46705270105143626
ACH-002464,-0.9878332298138237,-0.8569272086200259,0.13291363235341216,0.3817348721153159,-0.393384677387231,-0.36423550574837943,-0.26831182113328284,0.3464786379694249,-1.297555885338556,0.7019768522164053,0.22763957608608765,-0.21672541277279786,1.8395865559407292,1.0860961041444432
ACH-002465,-1.3908602317260368,-0.24677091403732776,-1.170786817517068,0.2668333789210025,-0.14656731866698783,-1.2491532505072553,-0.7605169854115568,0.1754660426146924,-0.9167920629157812,1.163431362224353,1.4603141776539073,0.11507033426776014,1.0352609819674576,0.3251797111503484
ACH-002467,-0.9560604114040877,-0.6412101140093954,-0.45111690620116374,0.9340281920174328,0.19462980639010855,-1.5439620984904938,-0.37261422946080863,0.12370513640877892,-0.883674035811327,-0.04748499991141996,1.394397944443852,0.1419914215962141,0.5132000140636522,0.5064007886157134
ACH-002470,0.12668362679111086,-1.2853108238748503,0.42532254948331666,0.46575644360266055,-0.5612610763053713,-1.2908558677322672,0.11856137916633228,-0.15693734942115833,1.6229185758154439,-0.23740916577900542,0.2307079499006531,-0.2679904392555888,-1.653846538846874,-0.5421654318236109
ACH-002471,-0.12981895341246777,0.4312354265747231,-0.047835931286472275,-0.4883305057046479,0.10432884228264555,-1.0121567444528263,1.1084976310981416,0.8270528054108869,-2.414345612988481,-0.15765746538629816,-0.7830114492586082,0.5129293983947792,-1.4589477617967206,0.7399550146637803
ACH-002475,-0.10823121801144205,1.379241536364259,0.682151569783563,0.754817437259562,-0.12964651287523077,-0.2269233022458336,-0.11110662709772637,-0.6160318009251662,0.1388350662183721,0.4342416280587314,1.8383761151547757,1.7368120970716403,-0.20324631690175254,1.0053671715127541
ACH-002478,0.4179453062846864,0.5132310225799475,0.3077605749326839,-0.921899925251819,0.4368118473722921,-1.1233361110270754,1.2883777227517874,-1.615485506799446,0.9551721613741209,-0.7811254357669679,0.14428970733025717,-0.14942928958771096,-0.04242691985948929,0.16014698862656954
ACH-002485,-0.19461485060964506,0.05900381139856024,-0.9697491353240116,-1.3458672665187337,0.2870810894793758,-1.3726071332190257,-0.7264871428292882,0.05111730516887905,-0.2858621898515362,0.7522754297615253,1.382117583974819,0.3431659780998757,0.20934407870940266,-0.42946309068554844
ACH-002486,-1.5908708210857092,-0.47332365400916854,1.5319860040779183,-0.04055627762813647,1.681321249401098,-1.1328478155221484,0.003841619514122151,-0.09929706646580413,0.1983682648810802,0.008565700839784314,-0.4585418625517232,1.038370648586648,0.08379779545568877,1.5807346735733434
ACH-002490,0.24187492219097964,-0.5577234497841975,0.9678163884532774,-0.9184136186793653,0.9411021657073606,-1.1299916103873977,-1.0161844375009201,-1.946571520400139,0.36522580762080836,1.4970180281204526,-0.6560954395720968,-0.2211298000311058,0.32097074832873734,1.2634646962877185
ACH-002499,1.8901003422170157,0.7384762673845667,-1.5387314600049016,-0.9309955141972366,-1.782457794846871,-0.04453996544469261,1.5743309612542011,0.2872853211247461,-0.1608328428544967,1.3941751517228027,0.34000690840521797,-1.02799341197443,1.7172093880551056,1.2696070240449466
ACH-002500,-1.456145628782045,-0.4776441586061664,0.948669323729154,-0.2288766074875189,-0.8533882350374419,-1.2510561152792374,-0.30184058561737576,0.4895075759467419,-0.3781561905520705,0.2663315220411965,-0.12923725688027093,-0.5281775791364917,0.19944527959293673,0.5034212559232345
ACH-002508,-1.043639968218121,-0.5116596927154096,-1.8594284158106056,-1.0563446206031755,-0.4379731460187521,-1.865970233548969,-0.0943286788598037,-0.5128660184379105,-0.8303645787070908,-1.1559939487118986,-0.6336598451990411,-0.9704911204125176,0.029775614238569927,0.9281833301209391
ACH-002510,0.7963694603483514,1.5740766972676656,-1.3494873768525437,-1.2929738013656171,1.2776602893098699,-0.589932304565203,0.38805802620172225,-1.2910147679793853,-1.0886196550566618,0.1859825202479071,1.405291137869593,1.2133242880596997,-1.284079387681405,0.1873225557792545
ACH-002511,-0.5670372988830377,-0.632725944833757,-0.8926468318708263,-0.9156185648600118,0.6105083854740395,-0.8276677108538338,-0.3230442058530379,-1.537530660511492,-0.8653479066845362,1.0008085774842734,-0.29438055242166894,-0.8256743727890586,1.3568019332962384,1.177954963818497
ACH-002512,0.23608004183782405,-0.37538041139867834,0.18817916968753945,-0.583124860500063,-1.2152456477271885,0.3915660413962649,0.31454696554738537,-0.6370282563442456,0.8036827673965671,0.32468035113284216,0.8887940541340345,-0.7407393952996753,0.6075802701558501,-0.23647583963015603
ACH-002522,-0.769988836813135,-1.6408652925591722,-0.32476173842543027,0.34725609005582647,0.5476108182734157,-1.5781731531265117,-1.6360011640994072,-2.3247371748871246,-0.7262002698967767,0.5502732309477961,0.5840888883076528,1.8567381838926933,-0.37500250909826877,-0.15471289214897332
ACH-002523,0.12997155948849012,-0.20675359967781806,0.9006032798510665,-0.8610000681383324,-0.06784746008545207,0.16387240425116306,0.54506086231492,-1.115821535282815,-0.8343801511361734,1.538024028576359,0.016866400117427932,0.5861637632879741,0.3695368873921457,1.6155090365230933
ACH-002524,-0.5799441328428816,1.3796649374717704,-0.815102500206307,-0.0896798817145015,0.9333185931343901,-1.4355634022273125,-1.1368775906637756,0.07387016535575479,-1.2817495547499103,0.1570631338314827,-0.050163447651635745,0.3997343529469224,-0.09014060495742321,0.8291434339393151
ACH-002526,0.059389231238146704,0.9644777300276441,2.3526959020648577,-1.1624535032594927,1.3031435767687933,-1.7278788193092307,-0.6448704706111198,-0.9121790107796937,-0.5402837345523726,-1.012718922181819,-0.7617823478636914,0.4080096954233816,0.8061343642759714,-0.23340932109385099
ACH-002528,0.18672783099886797,-2.614572275189387,-0.44277254178322156,0.8140536192663466,-0.40530488537192894,0.040946912732628876,-0.4594922828376304,-0.9779335879359705,-0.10600254322249654,-0.8065177204920927,0.5033414463677923,1.1463187569585642,0.36997723646337344,-0.49281522353143287
ACH-002531,-2.403486878736478,-0.022528333233016375,-1.2906043356738484,-0.9965822943452841,-0.37090875466389356,-0.5388111358755748,-1.00712220201756,-1.808022923642896,1.2596461058112285,-0.9183249429584601,1.4267211575512568,-0.3228023047983065,2.03649223489628,0.5072727005096016
ACH-002533,-2.203341606725389,-0.7436049847039553,2.362971885789661,0.7363167184104031,0.8318938905561009,-0.5664776880791074,-0.14057776959673698,-0.0028925285748383693,-0.12623532843761887,-1.2423069647490481,0.2580653258124309,0.964580614734652,-0.1855543721768503,0.8358485317424514
ACH-002535,-0.36266629003093187,-0.12444003450945283,-0.24985856799226236,-0.4690134877598405,-0.10841721772599981,-0.44477037152392906,-0.4036884271801066,-0.3154646299153227,0.5749695936758072,-0.6850497209441175,-1.6813732754812853,1.2144206500628274,2.183270244509339,-2.0537738358902464
ACH-002538,-1.6718857954106647,-0.29788438093658953,0.5723714832243458,-1.0681883317574195,0.030360985606907247,-2.2573080920104145,-1.0796489157024127,-0.015484217167984224,0.5301240295161742,-0.35329383257636776,-0.5967288822555074,1.6185792531853918,0.9265447441354216,-0.4546481989890476
ACH-002544,-0.31726513939468676,-1.3171787276927318,0.05648234473647439,-0.9977736636641764,0.4476896995720412,0.3130489435653569,-0.1954954295982666,-0.7891832579564061,-0.18802946853124877,-0.7885583198355474,-0.5467349727795012,2.2049835644613887,-0.8146831365778051,2.057460657976913
ACH-002647,1.1948947927940734,1.3138574069401547,-2.16009117852449,-0.012204486774211692,0.9768746103413019,-1.580029841338292,-1.8126598130824416,-0.5519879055156496,-0.1891437967403136,1.0187400561911797,0.9445708252258866,0.4337766350414786,0.008709292304075392,0.17378202695744868
ACH-002650,1.012142869024111,0.026000125705738317,-0.5287438495396852,-1.6183570991866967,1.9264525899686291,-0.9518620987572679,-0.007831296417664798,-1.6087056820917889,0.7090766804759653,0.3826703276092819,0.16641427868763167,-0.3379625443521916,2.385517497918922,-0.49520834981173295
ACH-002654,-0.42394568159670676,0.26861164687468764,0.7074302766515422,-0.6116865376132617,-0.98263829291126,-0.38561924042933315,-0.15078385688965495,-0.5702870849030824,0.9319849181847986,-0.5728443716224592,0.5398290457684565,0.7460207533893812,0.43421715093013713,0.7305025728053848
ACH-002659,-2.141249714220252,-0.26600448159984796,-0.6042753505851138,-1.1716771846971599,0.2098924533143865,-1.0495406875760445,-1.3944983337857835,-2.0149315936879884,1.5627807691426505,-0.41588061160601286,0.8131207886253814,1.4230210202617297,-0.036453817643758234,0.664801909857576
ACH-002660,0.7414949973457734,1.036173327638484,-0.570796614900981,-1.0798529774294483,-0.37690642305906635,0.8126093291739888,-0.2156198945849885,-1.6216681500858388,0.8676127204273112,-1.6599351515356122,-0.8882481011879959,-0.09273181664087708,1.1385573190623688,0.6891192090500355
ACH-002662,0.7435173992637449,1.2231634141824075,0.09413518300648065,-0.1072531911199525,0.567526329101555,-1.8518577398121983,-0.2811682901374668,-0.8151865550515515,-0.13404192121195324,-0.14425395370250832,0.23014735894921248,0.41499967972890367,-0.309283693841642,-1.4897708973259476
ACH-002664,-0.6173058097567622,0.22790906202013747,-0.4089656355180642,0.42691247923209663,0.44795457137356337,-0.3732188399749875,-0.17675670413997005,-1.122446309626467,-0.49130375009253474,0.32553097470326353,-1.7997524582719886,0.4725865031525042,1.1546786448920328,0.7686960480734158
ACH-002669,0.24005106876530347,0.4924731130295912,-0.5625167870551904,-0.8881801053523787,-1.0924633376108204,-1.3144341113327134,-0.6009078939777027,-0.10630313476677836,-0.33096910527314544,1.4947169879906788,0.08122735685659825,-0.024536493144968908,0.4531986582746348,-0.72865591120453
ACH-002672,-0.8062840756700272,0.9082079692887585,0.11197025022821874,0.23164958128250457,1.489358747823089,-1.0785114269725578,0.588993133468581,-1.1562185662523377,-0.9790691744952262,0.48775616478059935,1.2582473218875863,0.7968675806807164,0.3246303243981192,1.5391234575290687
ACH-002677,-2.7580261840123845,-1.699792549379047,0.7002909823700133,-0.6931402901332512,-0.675319314876281,-1.7655298807193818,-1.3632845411903776,-0.4989347907663759,-0.275140317408211,0.328212015168174,-0.14589293084002583,0.20342281208196902,-0.9624523422735953,-0.5383553174603621
ACH-002678,-0.40675833407055045,0.5176486088340307,-1.1401007672257784,0.16020182355354465,0.554417573977777,-2.2264028527075572,-0.010821103067589172,1.5270662698262316,-0.3125386419190414,-0.3322088928447941,1.3539623787559887,0.40420254958422414,-1.1093923933199747,-0.5412452003366686
ACH-002680,-0.9468771579361068,-0.8446438654695175,0.32054523771662236,-0.11881729020661454,-1.2053053214384195,0.48189059641818754,-1.936493661625937,-0.040862481593361095,-0.3422643117389,-1.0462715667488713,0.44256054542789525,2.0491054674590554,-0.01574206806266141,-0.09536091803172551
ACH-002681,-0.5901585776585963,-0.10827622739672153,0.34891745056575246,-0.14649470112200585,-0.24827268509596195,-1.6637928728650624,-0.8482294335869677,-1.9735099905005267,-0.49383317066199633,-0.49793874514271474,0.7799127283238562,-0.18177202374883256,-0.9900729869115986,-1.10316446805859
ACH-002687,0.6297117669396486,0.37058790263502367,0.36272744969642245,-1.0766373678584122,-0.3797383468128975,0.9602642308558025,-0.8640583747354353,-0.4162003259216718,-0.05920570253455025,-0.7613374031435994,-0.3344686758393747,0.7481413681486211,-0.39242728184815157,-0.30932510729511603
ACH-002688,-1.1962282230882457,0.6812251219684299,0.6615646823148691,1.436299299068241,-0.39008421362208434,-0.26136444262779746,0.13100035251242015,-1.5035723912822774,0.1954393175283858,0.15019778924702984,-0.10980103786081126,1.2741765773300595,1.20089802020383,-0.9282975663895038
ACH-002690,-1.0803626213018744,0.4192220402151446,-0.46096303667362787,0.3635208785375727,0.703880823072777,-0.9309318776262492,0.4685362328552043,-0.5795729469221029,-0.6626455057476135,-0.3440028414265716,1.377455563898994,-0.986474820786892,1.21650981385525,1.2061937821306419
ACH-002693,-1.0444724686492053,0.48560080966570973,-0.4665783416090262,-0.2114012247323703,1.1009128306963059,-1.1005570078033886,-0.8206066580410276,-0.5979857881424689,-0.6846047284693796,0.3507395675038183,0.29378418405493145,-0.9661584219503817,-1.1376504881051421,-0.4206434596112027
ACH-002705,-0.708721344344505,-2.5239463476604165,0.31737336910297986,-0.281369396227194,0.450021523453197,-1.325654303056935,0.3745917294933347,-0.3449208012660956,-1.5974712514692144,1.5334385606765184,1.7548088432088793,0.09067842740368959,0.6107897000876339,0.027866983950027756
ACH-002706,-0.44073345927510105,-1.50357777790369,-0.14987414853509617,-1.14411327137954,1.049122295216618,-0.7709312345618664,0.3955425670387993,-0.7041363802463934,0.6592089269853174,2.8487208249672453,1.0956092508272042,0.1843443767014567,0.43489780177246107,-0.4068143944308284
ACH-002708,-0.9389892658038181,1.0945685626402597,0.20106527750753472,-0.05311529419447323,0.5012925746534223,-0.9062250958170235,-0.5657550234126651,-0.5517109367704782,-0.32494652914086153,0.803775678319402,1.7385723246492286,0.7339679814075855,-0.2554010118746217,-0.3689632325122922
ACH-002709,0.48737037859462,-0.04414197877125097,-0.37475501473453665,-1.532445007184785,-0.05258819936152924,-1.3738543915306545,-1.554129787034409,-0.6101020888406506,0.44198670243642574,-0.02809302484242546,-0.9642978063215546,-0.09635394981938804,0.41435508123628845,-1.1704617803909436
ACH-002710,0.1932815104038154,1.602727971285809,-0.16043750553404845,-0.5452203071147379,0.6069571227472912,0.2640178847416404,-0.5464152462175599,-1.457328544585781,-1.7055135556677359,-0.039942988685005544,0.3762246028924918,1.5632462102641578,-0.606040893316755,0.2191899196795076
ACH-002711,-0.4883543642324272,-0.1772233227515531,0.11683904295285898,-0.6025266590229615,0.3397054296630666,-0.4917135844001472,-0.10781171298833192,-0.5765137853505682,1.2206518522633005,0.9664763097274874,1.1299031236113533,0.9216877487327058,-0.2108131923620348,0.6384844429105464
ACH-002778,0.2051218397873177,-0.6638144748731092,0.9073246450209178,-0.3351985512774526,-0.42512769624732705,0.9097884791541943,-1.3029957462149517,0.04985230565171773,-2.0629425961114523,-2.0370996264767482,-1.3350914958182885,0.9381081608164844,-0.6622175421118024,-1.4841429353154347
ACH-002780,-0.5863052004782091,1.0140661861314315,-0.060620318885793105,-1.1616531756986723,0.3099282068258793,-0.1487390322095045,-0.989906851114446,0.5434418103957119,-1.1694755504869934,0.13541836663963785,-0.7733641278188603,0.8630157950227779,-0.671176546584863,0.2515821875609907
ACH-002782,0.6459241373823734,-0.7572558081768147,-0.6730951365682744,2.227518844755346,0.5478082446581367,-0.7288283262610307,-1.137046881392465,-0.453809616706237,0.5282535643742391,-0.42237021257938107,0.25502456283099584,0.582080111531608,0.4819538967336951,-0.45550940847533394
ACH-002784,0.3805906153564901,-0.9054237650536938,-0.1124186012497507,1.380924281638971,-1.1752625748650425,-0.53356195497422,-1.1358512649216375,0.33852450010665097,-0.042107288404087694,0.4838662766524537,1.1054271367570325,1.0781706997511575,0.18001159202927,0.40625000088456037
ACH-002785,-2.3836749762886673,1.1299436427285736,1.7037763841168387,-0.7380779892939485,-0.8416784365927971,0.4164634848182238,-0.8458062016771604,0.5144360208475851,-1.082006968456856,0.5795475839550673,-1.0348249047122529,2.3129950025981945,0.7466128465795775,-1.1535076564634827
ACH-002792,0.009499562099095053,0.2829782672990837,1.4843874530472372,0.48166594627321385,-0.14225800088006896,0.9573610764324919,-0.4977516325749944,-0.02203936972756976,0.46124755278432494,1.415374055221052,0.9985748582322539,1.2490650179079665,0.5788397957182495,-1.1901136446130645
ACH-002799,-0.5962309218398507,2.063348999171499,1.5009331609874452,-1.0679289697619259,1.5851433988374557,0.4578735912663024,-0.30023745312854966,-0.46942787276212916,-1.2805286215626341,1.5907058267175465,0.44056936125244106,0.9735330807846199,0.4449201736510512,-1.1085923672652966
ACH-002800,-0.4699512164340772,1.9711773977273523,-1.1127632378247088,1.0394910194870814,0.3841168307781045,1.6325093820902177,-0.5480337901947292,-2.1699018845030746,-1.2524303501000014,0.5577295055029925,1.0137434652798814,-0.1663297213686532,0.10407967466666962,-0.5420374551185715
ACH-002801,0.2171618732455517,0.7773235543558402,-2.4502832401920203,0.6251456921323071,1.1404510707942448,-0.7971735252616671,1.4707711822973621,-1.967338515607201,0.1117058127580533,-0.25158523992647214,-0.3813699783508243,-1.6318946299091002,2.7970258948867377,1.301747539130785
ACH-002806,0.01110542573444524,1.2970416226287247,1.9445576020206692,0.004325005792275152,-0.9987606496072969,0.016721583535772813,-1.042691294015767,-0.5340325974748267,0.9190775755684889,1.2767764313721262,-0.37291873568466255,-2.044969408567714,1.6515666766127561,-0.9387909191801704
ACH-002834,0.3713054774553929,-1.7213392711630815,-0.2268253209722701,-1.3855820825648437,0.058872510462513176,0.3938907895979323,-0.43081353852763393,-0.7160161767095713,-0.5349243116593012,2.73440801058746,-0.06439550230584143,-2.105146452372316,3.6054069303335448,0.7345762314226191
ACH-002847,-0.17644260041914703,1.2112491118183577,-0.5251484550082035,-1.2554978862569113,-1.6864333233409465,-0.6886143226001089,-0.5620021986436363,-1.2539219389167455,-0.1668358035311065,1.847352868659806,0.46925249603383434,-2.5760787262331575,1.47365441756654,2.2794337014719033
ACH-002922,0.9865866879957929,-1.5188675954678554,0.3849815164418197,-0.09398016614503708,0.1428346282854447,1.0778759399814173,-1.0832453569441367,-1.0526994348567384,-0.27359273033190495,-0.8405850403437328,0.6418701045471864,-0.010476982522692259,-0.03490658259144332,-2.2003235493618707
ACH-002923,1.9013077996715695,0.6095490937063971,-0.6146355191824724,-0.47886436911183183,-1.298681458286517,-1.4430853169146887,0.0036016034411229425,-1.0898838648243765,0.27282992809798007,-1.486875621916854,0.6984040708680499,-1.0062652460906596,-1.7657633349819817,-1.666620257146175
ACH-002925,1.2585916067874703,1.129446390423762,0.7401876957383562,-2.632472190771038,0.31737096264081266,1.500063476677485,-0.496014509087599,0.33284083326385583,0.7506056466398701,-1.624188422002058,-1.486733685138692,0.12331057471404766,-1.7970376813405664,-2.140684447449695
ACH-002926,1.0167070455230922,0.09713635723261323,0.9534902887859888,-0.8813625921025485,0.4644238257298592,-0.535535017640922,-1.2522952139387888,0.4813285525177603,1.2822327217730038,0.7820876350535843,0.03966024463853626,1.0874723739492977,0.850517195151555,-0.3923029035099487
ACH-002928,0.2549405202901019,0.3314300382206697,-0.03498529233358348,1.6622885310048994,0.48588603550692083,-1.79058990758365,-1.2924327524027683,0.2771275516108658,-1.4229293050896883,0.3364689369691798,-0.5981791723085202,-0.9882741207567767,0.05547310700492048,0.6914882544362604
ACH-003012,0.5728015545830926,-0.015891520100875068,-0.31593817286967174,-0.9301665259792807,-0.47388925975498847,0.7901282075412633,-2.258486031224422,2.2586680804261023,-0.7011500759403441,-0.09080006840401045,1.2051479812529826,-0.5669861921982725,-0.0609212024960259,-0.7959277440822183
ACH-003064,-1.0481246393297443,-2.3554345862160377,-1.017485685020655,1.3680595804301634,1.9840113097010088,-1.0418897613533797,-0.3522623890313255,-1.6030210347530252,-0.6743252760438418,-0.6766480323644679,0.8516252704894253,0.9694160459432646,0.13251197269069656,0.8195200232933191
ACH-003065,0.14694739428889503,-1.7034630502389385,-0.31483802593014554,-0.7610845226371581,1.1985635026326071,-1.120138059668482,-1.2145988288200067,-1.2466091525307217,-0.5039054972001362,2.194842368954088,0.38783374989730235,-1.7668914316942759,0.1303228200415229,0.39744939417621555
ACH-003171,-0.693979829603228,0.595961705176141,-0.3204567003873783,0.26697170362155487,-1.099777422824057,-0.895925099549347,-2.131458207487129,-1.13554633754365,1.6006351366707245,-0.0026091839507553167,0.8369658758614633,2.250912861288531,0.6425532939986368,-1.330372099456438
ACH-003176,-1.7149283920282024,-1.3299638209529314,-1.14559812157346,-0.830703477257626,-1.5104127666325156,0.4353791020192202,0.11121165818766339,-0.23196491278178846,0.700750986218663,-1.8540748431773675,1.1231231084400484,0.057734045099374666,0.33577560201724066,-0.9736397306281034
ACH-003177,-0.1662239527131628,-0.32605831342097447,0.6597103761568563,0.5032352048330331,-1.3292023854580237,-0.7800172546849216,-1.4968836751155992,-0.887326861578513,-0.5082230633296355,-0.40818999706643516,0.275671768643389,1.2239898878701239,-1.3978658392587582,-0.8434662073089372
ACH-003178,-0.17075607332903334,1.5140810832567586,0.6497578218319824,2.256373736293069,-0.8792895838786066,-2.167159754658183,-0.9093905732719487,-0.299926589948392,0.6167523559963238,-0.4640984100765518,0.10844597697621343,0.481880175481168,1.9800929826211173,-2.364508067559733
ACH-003180,1.8947760857474025,-0.27721715066522695,-0.6898124135491307,-0.2460829483231515,0.6418877711548739,-0.5684803255037871,-0.46752281267724455,-1.1609657363566688,1.092630066089775,-1.5822571463432409,0.5280322287607162,0.8635537461184231,-0.18214321778372272,-0.4069097417300844
ACH-003184,-0.19285029591815211,-0.03238992026442221,2.047074235955329,-0.8141279846696563,-0.38612795087815394,-1.241961112420638,-1.1313354642743347,-1.5930180838206356,-1.6747802214107796,-0.02763420126177405,-0.5188753745024365,0.3156491786965459,-0.8951573209005348,-0.8247309588610614
ACH-003185,1.13778055857805,0.5631761405741024,1.535312780658487,-0.7965334138160892,-0.9203524986373782,-0.6797376013933503,-0.6511656663281354,-0.2079580307307142,-0.7925556532219343,0.7999849737426821,0.8893579673170019,1.0477983175894612,-0.10384686869490393,-1.3291356484493664
ACH-003186,-0.44642650896959535,-2.5744578562778737,0.19961785363267587,-0.38145676326322747,-1.2494081737037506,-1.141127262429939,-2.3430717506615895,-1.3659433096340718,-0.1294510840790928,-1.9573671897655447,-0.03528698774097993,-0.5442537642743667,-1.2208068776697931,-1.9631755614648434
ACH-003189,-0.18207705543301367,-0.37311300563516836,-1.2951638990035443,0.34828037261159234,-0.2137750867533753,-1.0133522535679444,0.6402416380099234,-2.4288430190603836,-0.14826184176545387,0.6218537674494391,0.5668979771266667,-0.28909460271476045,-0.3750527845950968,-2.0485086786661406
ACH-003190,1.155694741789775,-1.4461923896529292,0.6258255835586871,-1.1790771583254216,-1.598636028292383,-0.09294356987909946,-1.0253480901883874,-1.5043597550412866,-0.6130503952602739,0.4377621717291638,-0.5230389272803061,-0.05146038422500179,-0.869462404082046,-0.7640811323260452
ACH-003191,1.367122148905131,0.8834916109768849,-0.46696066860573154,-1.5786381831354055,-2.1466397035766036,0.32380199673357046,-1.8151328328264948,-1.6647761415205284,-0.35650535345161694,-0.43785249710894897,0.32501348152247617,0.0952684314626602,0.5974014279135796,0.22180350811361482
ACH-003273,-1.7737810950431652,-1.916439874880495,0.2017492011449889,-0.9255940989603482,-0.486225861498453,-0.05672416398397675,-1.3845113758641023,0.1519155154902357,1.470524030065045,-0.33087472825667635,-1.2438714566593803,0.25333669963332556,1.9592960084704243,-1.7523274853120219
ACH-003410,-1.8409300399515582,-2.620137823536802,-0.10586035524030678,2.0072618581917854,-1.4876951470971749,-1.3140059199018388,-0.9520103895058882,-2.4835805089100376,0.5477325758915028,0.6176541449862746,-1.1238646483191486,-1.18731448724729,-0.7876243607123824,-2.2021309896523538
ACH-003573,-0.39190642098188655,-0.7391537247586004,0.1480425598979475,2.5023726623133316,-0.5358337126861893,-0.7720345277589026,0.5020143165702002,-0.23409969010715367,-1.1407353719104925,0.01783785987792923,-0.37456571119973986,0.5583872405172204,1.0199622512825457,-0.4242350566549976
ACH-003587,-0.7148613800688992,-0.3350440864119617,0.8963672353530562,1.4187534201248528,-1.2657030165803786,0.20062287372858273,0.018415430819261534,-1.0282294855855312,-0.1152009494978258,0.32451815541678736,-0.3468899786891906,0.4215655108766025,-0.1579990009747074,0.2739655378750221
ACH-003590,-0.7362246312580263,0.5093491161239203,-0.6139205695509603,0.008329971035008628,-1.2815283038315344,-0.560923016151195,-0.5373830237460229,0.06904417337890628,-0.5208689161041005,-0.5985614142414831,1.0070483952424274,0.1818717824961974,-1.1549314825425123,-0.3642295557363711
