,OXPHOS_vs_TCA_balance,FAO_vs_TCA_preference,Fusion_vs_Fission_balance,OXPHOS_Assembly_Stress,mtDNA_TCR_ratio,mtDNA_TCR_balance,BCL2_prosurvival_vs_prodeath,BCL2_prosurvival,BCL2_prodeath,Mitophagy_vs_Biogenesis
ACH-000001,0.6634401486199513,-0.030572974389298735,0.9121096963343889,0.13079522190141354,0.4131416997919451,-0.3779185416740842,0.2347308786252408,0.11525911402984053,-0.11947176459540028,-0.6881266789090832
ACH-000004,0.4928838291226091,1.8703911753268259,0.7313814443835017,0.15867037622389,0.541281724481792,-0.3031674266797449,-0.17322064257534686,-0.08120574365791491,0.09201489891743196,-0.46761626698496617
ACH-000005,0.08076255252351316,1.3356950072760267,1.0223479482618691,0.43193713638236597,0.9015654556184625,-0.09687708693031327,0.37758074110296513,0.3584908200058971,-0.019089921097068047,-0.6576262774468101
ACH-000007,-0.4990567600661355,-0.22388411177466827,0.08580215471671959,-0.0944884710331122,-1.962621366308434,0.3422338567521489,0.0632922075388482,-0.17907182242070085,-0.24236402995954906,-1.667775585532717
ACH-000009,-0.8619799211682986,-0.5414131104810093,0.5431581397927296,0.24348148073644682,1.0432856049976016,0.03264831921060807,0.5055236137614716,0.1418273924666977,-0.36369622129477386,-1.5760648916128694
ACH-000011,-0.00948394135003433,-0.14179064954459736,-0.37020606111937027,-0.36241273826159415,0.8478617424039632,0.06298404174912375,-0.3649133625908453,-0.2596989495912104,0.10521441299963487,0.25693069583842304
ACH-000012,-0.2937758865440008,-0.6863343435216085,-0.16405831215866412,0.41406273719338504,-10.0,0.4334765109870836,0.5769315989369771,0.3464638737000841,-0.230467725236893,-0.6745392252574177
ACH-000013,0.458821549281649,-0.21352764453581552,0.6605039495432087,-0.2716554031570543,-2.8173474149429367,-0.5421371115183664,0.19851541499935316,-0.16412943337191477,-0.3626448483712679,0.003618214081476556
ACH-000014,-0.15022650713335228,-0.16594368822854216,-0.08359606741860642,0.08207382137300992,0.28500517927886004,-0.2921439514444286,-0.10922508292807176,0.17616280404291235,0.2853878869709841,0.2835732350983897
ACH-000015,-0.2166034471134084,-0.2151078510145924,0.5813106045016246,0.06614559557515326,0.566281279620243,-0.40592669950223625,-0.004856551841547874,-0.49745815107923386,-0.492601599237686,-0.922666601714796
ACH-000017,-0.274791005635887,-1.1410081093111812,0.3791392288104446,-0.454368441640634,-0.3575872482745608,0.1131841936538914,0.18156838469943878,-0.21768009739639896,-0.39924848209583774,-1.4228701600171973
ACH-000018,-1.0915649901675364,-0.8721973413060822,0.47203272271266783,0.17922927969550473,0.09931685541908557,-0.49811749132366356,0.11356835776510676,0.6365137100277732,0.5229453522626665,-0.13468593326412126
ACH-000019,-0.111463431765631,-0.7194407088725574,0.3474274836864383,-0.13996809438015434,0.521443744389187,-0.12547637136378953,0.7709783554540536,0.3497488281258926,-0.421229527328161,-0.837080387808053
ACH-000021,1.6778438380726812,0.6378247666844828,0.09033506398558629,0.2991351469892582,-0.5538287747251585,-0.17528406614791991,-0.2845737590201766,-0.3590341356723321,-0.07446037665215549,-0.08848040659708312
ACH-000022,-0.5093885934695717,0.07290629624673706,-0.025132395033183597,-0.4671729184978703,2.559856517777464,-0.14537595204176704,-0.3009836164616804,-0.7459954884356355,-0.44501187197395503,-0.6536516234481431
ACH-000023,-0.6090973625954099,-1.3754069506003819,0.4502846631143682,0.19917344259493772,0.6930936212935473,-0.22927988272015698,-0.28697668204915483,-0.0837157739933975,0.20326090805575733,-0.18462864479686636
ACH-000024,0.7436943230266875,0.39454951400319105,-0.761725606517661,-0.09876722240886959,-6.326391004200242,-0.22667958701582447,0.4577575451919929,-0.1753465963439464,-0.6331041415359393,-0.7447503046952892
ACH-000025,-0.14404635089455375,-0.9551511114145617,1.2324869555064017,0.25547791191939945,1.582702846444091,0.10045526519403011,0.15343004481838587,0.26227677469741045,0.10884672987902458,-1.098424402385106
ACH-000026,-0.5991186481538073,-0.8117605294672396,-0.30459712471877387,0.021494118433012604,0.7197714667213375,-0.1162899831074593,0.2781914943524281,0.6444192558769011,0.36622776152447295,-0.7797690317355064
ACH-000028,-0.6068036844416409,-0.5265457997464819,-0.038309060952014806,-0.2960275224809627,0.43117549199346605,-0.037676648037813974,-0.10108915591999658,-0.11704159821917345,-0.01595244229917688,-0.6110361664869466
ACH-000029,-0.6974507680626796,-0.5426808742031568,-0.1244552543593194,0.43464627512505805,-0.20677343943988002,0.4610025829935034,0.18960571820654004,-0.06159795657715343,-0.2512036747836935,0.012182521533372334
ACH-000030,-0.596105437767239,-0.1378674408195385,-0.24575955114678277,0.01784429911391032,0.2595685425876904,0.2869115581214047,-0.5370334771506798,-0.5168913435115201,0.02014213363915973,-0.23852944848345364
ACH-000035,-0.5092970171127331,-0.553062915909394,0.49787677698992255,0.09265014071593689,0.8889858406493125,-0.021089135937541997,-0.6352610803737103,-0.3968824080242155,0.23837867234949486,0.07353555606976947
ACH-000036,-0.3640544823985461,-0.11275993610347579,-0.8614700370311514,-0.15440772499582744,0.9440107891332628,0.03558829454553014,-0.5437762980807597,-0.3685116641519881,0.17526463392877162,2.1045337927850265
ACH-000037,-0.816622965832557,-1.0732516471926883,0.11851352802689974,-0.002189753815764417,2.102705423755136,-0.1716303156502574,-0.18827419271167664,0.03315337012563463,0.22142756283731127,0.8108669610329869
ACH-000039,0.5813078669005409,-0.3469404010737858,0.7350418434420277,-0.061058030278207165,0.6217006193365023,-0.29228034393903835,-0.4313625801745683,-0.5186466988907369,-0.08728411871616862,-0.6407181280525693
ACH-000040,-0.5265609365118938,-0.3374585848711698,0.385307706214401,0.4287552153048414,0.5500958591147831,-0.2879672189147772,-0.04008782329558491,0.3936662991343606,0.4337541224299455,-0.1428073780426138
ACH-000041,0.07556172827252683,0.45121494765796594,-0.6282804022771364,-0.08740210969613989,0.4654799489724244,-0.48619830711579426,-0.3750014712658868,-0.6264476403684587,-0.2514461691025719,0.1625202549402479
ACH-000042,-0.2013627633199837,0.5472872201587378,0.4662466116042225,-0.1810815253412913,1.3905942908683107,-0.28164976621923343,0.08751363287650715,-0.49258190426967774,-0.5800955371461849,0.6428707856191693
ACH-000045,1.2113584365473644,0.8707429364924217,-1.1786680029540955,-0.23474738551639945,0.1705737420042319,-0.21187103749512315,-0.8423509582399902,-0.37363961449992045,0.4687113437400697,-0.5755557423663565
ACH-000048,0.22856424360382627,0.13568016458847665,-0.0511272820913258,0.02285255056252769,0.7166832491397765,-0.18366284053126114,-0.05568370922312316,-0.5590728409290895,-0.5033891317059663,-0.6350713003407672
ACH-000052,-0.01060030508427745,-0.0029998074311498035,0.33279561280796294,-0.11467352381461807,0.4531489696338646,-0.28739399926440073,-0.21505336869953406,-0.18730336036326242,0.027750008336271653,0.47569140952113687
ACH-000053,0.09515457333080644,0.8506050795290303,-0.24236445377310187,-0.020473256576098886,1.1172338232043506,-0.02284795813869553,1.4631647302530046,1.2578693991535084,-0.20529533109949624,-0.11704798097644584
ACH-000054,-0.048599845233085304,-0.9090705801511413,0.9058877023894244,0.23443674429984113,0.8259066526217058,-0.07920167547922802,-0.03867185853891597,0.6316467498785775,0.6703186084174935,-0.47860662447606983
ACH-000055,0.25768753165074904,0.6464795062925008,0.39483844280484215,0.1307082917400179,0.5711608263037321,-0.19478299903285495,-0.10980255014737919,-0.26121853940414985,-0.15141598925677066,-1.1032968666790153
ACH-000060,0.3993771671008406,-0.8955183392662109,-0.6306529436320731,0.009874161831642608,0.7456999651637847,-0.08923582209446129,-0.2661362593781288,-0.13376450422006164,0.13237175515806715,-1.2433194247538504
ACH-000067,-0.9921388066834343,-0.7759045462343692,0.6194935330473219,0.14515629017011666,-0.3940111857884646,-0.3169689901705051,0.012611582519657577,-0.06993916039586713,-0.08255074291552471,0.5886373422131383
ACH-000070,0.13236335013833433,-0.1845970213212929,-0.27491701416489445,-0.36901977384705903,-0.2171327758452087,-0.6313045799966174,-0.1335916903970618,-0.5224674569221168,-0.388875766525055,-1.3104452514473806
ACH-000074,0.3572753931604329,1.011953010497523,0.2786103786809012,0.11987171160032424,1.0158372056376863,0.009588440857162372,-0.4342182919359139,-0.46685165671842166,-0.03263336478250779,-1.0810548180366724
ACH-000075,0.08937380609765344,0.036394597906330595,0.0690644247932708,0.054380610290677006,1.871934958432399,0.05577537910757395,0.11291759116457754,0.21389585416362172,0.10097826299904418,0.4173274951434215
ACH-000076,-0.450702197779729,1.0694866240252099,0.2721899931128943,0.4745552216028429,3.07606396228535,0.212815205424091,-0.14022025477486705,-0.14603763794474706,-0.005817383169880003,0.15973834218439004
ACH-000077,0.19497504396500745,0.9282457217790483,0.5598599360084532,0.16464865897090875,0.6932640774998917,-0.28973421184408343,-0.5809732625143351,-0.35875065842672477,0.22222260408761033,-1.700460090267912
ACH-000078,-1.0553927248245065,0.38970106319157494,-1.1164917129052958,0.28058975655272234,7.276662863189283,-0.2840811854769271,-0.29815795071311535,-0.28890536851840354,0.009252582194711787,1.0122844660707513
ACH-000082,-0.20329472818872366,-0.3859926838400223,0.3760739366240935,0.2683729434698504,0.24244861620018174,-0.6195966337811101,0.09427981023920332,0.3418011622507994,0.24752135201159606,-0.5896684834845182
ACH-000085,-0.003958614403605912,0.029364119802675698,0.589173040891067,-0.3101395326421235,-7.160828699226458,0.08575187190069844,0.21906838887693048,0.08216290270129432,-0.13690548617563614,-0.7543343782087613
ACH-000086,1.7498711161695764,-0.13096528129216312,-0.464431995359715,0.1911023311775527,1.7203363346676417,-0.07850457413167619,-1.0121059352171615,-0.4910378914462209,0.5210680437709406,-0.44985739394099433
ACH-000087,0.10471883495444148,-0.03032339524038692,-0.01461250429258032,-0.04121362859432068,0.5001692219612849,-0.5361585608101055,-0.177331233550559,-0.3404306991153775,-0.1630994655648185,-0.70764558788978
ACH-000090,1.1353194429361193,0.04111424921208129,1.2485499541105518,-0.40624843313617476,1.9425389747681483,-0.2529068506729786,-0.06941226120804989,-0.34929936479975815,-0.27988710359170826,0.32844378530041024
ACH-000092,-0.9283502269963444,-0.8010216132679924,0.5055760815759576,0.08983099449391377,2.433679550156056,0.12390844970444258,-0.42146207268770836,-0.3874436103914743,0.03401846229623408,-0.026500111263371984
ACH-000093,-0.13031715675778519,0.7644935212721925,-0.5833185592625632,-0.10647615051029798,0.5883829997169383,0.08339145248222447,-0.4200877241150852,0.1892645961933043,0.6093523203083895,0.3339710402838044
ACH-000094,0.054892300615681885,0.34915163945173117,0.5438376179438351,-0.30177798892356594,0.5891224351640483,0.22028305243578178,0.06776485113381694,0.17176382850933314,0.1039989773755162,0.11903954742699036
ACH-000095,-0.10204298591659,0.4676811594097115,-0.03375063532483058,0.20124273615047605,0.5980858364050841,0.09586177331603152,-0.13774615530574952,-0.47997153095104605,-0.34222537564529654,0.512301753220344
ACH-000096,-0.9817001070364815,-0.9981012021332107,0.16401434416778626,0.5170220924910788,0.9651177018684842,-0.03776846526742772,0.03050125380689736,0.17785330213134992,0.14735204832445256,-1.0743023621668415
ACH-000097,0.44765893604768203,0.22591538430702207,0.47952056796551235,-0.1825443224335046,0.4803896631786207,-0.17664518060629783,0.34514362687131545,0.3619147439232034,0.01677111705188796,-0.02786836962165906
ACH-000098,-0.853857660730087,-1.4524360448699907,1.0931042770524984,0.34861761426408333,0.7819185066965668,-0.0945935465758393,0.1010035977226015,0.32174268019649876,0.22073908247389726,0.4960268049330837
ACH-000099,0.6976246656816747,0.07841596740876278,-1.1215931414949587,0.06584543304358703,-0.34686339833520846,-0.22227509122024522,0.02516679998153486,0.019115535251337423,-0.006051264730197437,0.24105490769672872
ACH-000100,0.107770083142329,0.49202750447711396,1.1117925618792859,-0.14910916210134886,0.10252037504931563,-0.7842154234166907,0.24710905419318663,-0.13734070069506843,-0.38444975488825506,-0.22743375558261675
ACH-000101,-0.8635014200484556,-0.46704054491044755,-0.15981414873092784,-0.04001877900792816,-0.2770932013596051,-0.5357610181906449,-0.9285600006585113,-0.7010777406034384,0.22748226005507283,0.591354972077267
ACH-000103,-0.13318650114184838,0.04202165693038562,-0.2807027839803278,-0.3454379374940815,0.5798020468403344,0.1420604016095801,0.37656941040349057,0.1175842723855354,-0.2589851380179552,0.04011139212970227
ACH-000106,-0.21266509345002843,1.1344050563385375,1.4317343088172674,-0.03159838341526236,0.20245684766602715,0.19351717382456346,0.6540870075085761,1.4266311356886365,0.7725441281800605,-0.42591322477701643
ACH-000108,-0.4603786792471584,0.056625176385529274,0.09569549014951499,0.06128945042531868,0.5213046118889406,0.20096947830703793,-0.423298168372747,-0.20149509117699022,0.22180307719575676,0.4529687079707847
ACH-000111,-1.000754585738938,-0.7038111042693662,0.5837743891831456,-0.16349701583299592,-3.5650166358221576,-0.3049344590790608,-0.14295642997011085,-0.14174386041263004,0.0012125695574808097,0.2416390102089766
ACH-000113,-1.1813096323477579,0.013234594899429408,-0.16336339836307842,0.2899354359463477,0.9950194928960187,-0.00046147934750592756,-0.2181699804291928,-0.1386276914851393,0.07954228894405352,-0.09708693027328594
ACH-000114,-0.3827081962603013,0.8502225020663148,0.10361426197948254,-0.008689408661663789,0.8367014210179392,0.15355695771450217,0.4576618557425955,0.40308063601220273,-0.05458121973039276,1.120307014870845
ACH-000115,-0.550354209928585,-0.639650587638019,-0.4312463157309512,0.0770799814462213,0.12706257915801986,-0.47908345454006995,0.36756168028947744,-0.2962622746192235,-0.6638239549087009,-0.6769474548862365
ACH-000116,-0.7402022288214303,-0.07355055495374685,0.738879521010183,-0.10334709199616181,-0.0005566334823361381,-0.21204339626609384,0.15517826100648463,0.4157587454701376,0.26058048446365295,0.36500886011976363
ACH-000118,0.39440215812882506,0.03145172667965515,0.2520031874073325,-0.051736178553295334,-5.957590433463661,-0.2835290001185055,0.6705479816906734,-0.01254344344121644,-0.6830914251318899,-0.8351922078451394
ACH-000120,-0.8862373212550361,-0.03487232221827408,-0.4221008410602643,0.5170699635924744,1.015448332214832,0.010591738911200577,-0.34979615529340197,-0.2261151369424223,0.12368101835097968,-1.1937582861465061
ACH-000123,0.3221302212188068,0.3053069319082263,0.22450571524675464,0.11804687770626068,0.671842270259296,-0.09391385670577829,-0.12349406101784338,-0.23336163997566084,-0.10986757895781746,-0.08527890370853944
ACH-000124,-0.9168863009862409,-0.10223454091993434,-0.4947103714888105,0.10020250429781319,6.762945975090836,-0.2857743126709624,-0.2280451371764361,0.26889388308161244,0.49693902025804854,-0.17669574549775113
ACH-000127,-0.13788077692389444,0.5397628648548393,-0.5992287205664059,0.2822590630042159,0.8833760812329765,-0.04615304138028531,0.041491448256044894,0.3341227498755809,0.292631301619536,-0.04466102932464441
ACH-000128,-1.1858259631052621,-0.43375459017584356,1.1796680039949337,0.2390352185297293,0.3673034025184009,-0.37783888765327656,0.28779053683949957,-0.1650701492090651,-0.45286068604856466,0.009605939153697618
ACH-000132,0.03901869598340036,0.1886914238470945,0.6436113908675317,0.20132050449356625,0.9124827698256324,0.037394527356774065,0.14838285515920396,-0.021613717827945144,-0.1699965729871491,0.7309382687367503
ACH-000133,-0.4469977880807634,-0.06953167946312871,-0.04336473028231924,0.25716667376816416,0.11125659434472789,-0.4556414242770976,0.07910435898067436,0.5593924777480755,0.4802881187674012,0.19927530503529212
ACH-000137,-0.2721247182247598,0.6391020511413579,0.7318965433293192,0.33970078332291576,0.5637791781645309,-0.14135547335699766,-0.17551347759783023,-0.08904649963798532,0.08646697795984491,-0.5815294815154739
ACH-000138,0.2748746444971985,1.1251114903855974,0.32859596680909653,-0.12135134089735933,1.3100663432813664,-0.14079823902693483,-0.09715479883398542,0.2778287339650795,0.37498353279906493,0.8195864820864678
ACH-000139,0.0040893283791631485,-0.4070492684011808,-0.04146572440656038,-0.4168728794223933,1.058364858717547,-0.03969503693143872,-0.5698217494622947,-0.35088827212109397,0.21893347734120072,0.19256468690159684
ACH-000141,0.1624515252797607,0.5741607315527529,1.1130853442767135,-0.050494342064397374,1.1113424813604043,0.02685167593398846,0.46667818997413035,0.18734273741401058,-0.27933545256011977,-0.994134486763906
ACH-000142,-0.4071073804206739,0.17762819443882372,0.6533151696030844,-0.2371186846417896,3.4534985051568157,-0.43369967842066454,-0.06444263750666554,0.05339301634458386,0.1178356538512494,1.011360068343883
ACH-000143,0.7363187550572812,0.35917645600631304,0.7129714045333053,0.03553543259328229,1.0566557466886646,0.034355533539323635,-0.036306868669890247,-0.4882858976106691,-0.45197902894077885,-1.0476243384754247
ACH-000144,-0.39355218273521303,0.42387712918702347,0.5812347561127457,-0.1444201126590418,0.2615828320470748,-0.4786019954607118,-0.2845758032330734,-0.1755378703552259,0.10903793287784755,-0.3388986164241185
ACH-000145,-0.36046465331333505,0.48960356162276775,0.6150279487340863,0.17283873765422286,0.5903090517784049,-0.05059576937454986,-0.08999943098410265,0.17395940474861624,0.2639588357327189,0.8309560540732195
ACH-000146,0.4546190186438277,0.7562719347100937,-0.20836973083308202,-0.12173897898179392,0.7238308742823225,-0.08201310106870482,-0.008154788332084249,0.012119053673712799,0.020273842005797047,-1.7590998311548596
ACH-000147,-0.21346304301135538,0.24731185091150876,1.1978592317326122,-0.08146821246677735,0.5455766077017827,-0.15511819863698056,0.3650455942075097,-0.251939364340404,-0.6169849585479137,-0.1673718332955373
ACH-000148,-0.4229097552202667,0.29378239428681663,0.7707545415582143,-0.03451198688583479,1.3124337461450857,-0.17890812309009452,-0.8281859436000097,-0.4310381288116215,0.39714781478838823,2.2292633520276066
ACH-000149,-0.6263871495487445,-0.15294365438253527,0.28729072441262293,0.30269633227331544,0.5768598131240442,-0.1869315469458946,-0.3688018227569291,0.10162880617682754,0.4704306289337566,0.29373792648670904
ACH-000151,-0.11555235251115026,0.03998635601124789,-0.55673577830196,0.19258970452635293,0.4958877802492963,-0.5130369557871528,0.4602643863496141,0.21713843592132606,-0.24312595042828805,-1.7230354013071778
ACH-000152,-0.6968114829694216,-0.42008808051569113,0.5766814236523522,0.13719888144671524,0.5319308060751685,-0.07553047939290874,-0.08867476244798676,-0.01357273372093828,0.07510202872704848,0.2103196966407175
ACH-000153,-1.2294226922497171,-0.13680082532147042,-0.17354485019068322,0.3263788800256898,0.3386101453998915,-0.07392605220671258,-0.2970301961613344,0.3188455680926757,0.6158757642540101,0.253619173966795
ACH-000155,0.21394769458672286,-0.6691611207914187,-0.2785642006134432,-0.374098902893789,1.2698394261078823,-0.059749100409620365,-0.32184765770149654,0.10758380797676285,0.4294314656782594,-1.2020144609115093
ACH-000159,-1.1501609798451677,-0.21993179761190507,0.05587851842371826,0.041164055691593315,-4.460700063383103,-0.38980934725451055,0.177962269142379,0.6970982447496347,0.5191359756072557,0.9407122289950063
ACH-000160,0.061608465161705483,-1.9588592475453728,0.4697095010168289,-0.4977265332944422,1.5291563631756708,0.13954791930090488,-1.1628048507981306,-1.0022306630654996,0.1605741877326309,-0.6561197748261577
ACH-000161,-0.7707423032658081,-1.2073737386626269,0.3212344497902907,-0.35106212336163495,0.43024787141098486,0.12666580571828373,-0.04602632753653523,-0.015442037915155438,0.030584289621379792,-0.23907973671685745
ACH-000163,-0.5939783033331234,-0.4862055599313302,0.9026204608588585,0.30815018194909133,0.5396882201498503,-0.1740008982034318,-0.07237133644145208,-0.01563760548326847,0.056733730958183605,-0.44640925198666015
ACH-000164,-0.1389065424166518,-1.1977734275970167,1.4825321989814806,-0.17485102071886705,0.3020900433587034,-0.3450253073708195,0.11465269277013491,-0.029604179642753924,-0.14425687241288884,-0.7158120701756847
ACH-000167,1.5103227447847842,1.352225512294695,0.6179239479519988,0.03246436706875544,1.3070587825578825,0.16125837751088423,-0.04786473830969454,0.23926887741321953,0.28713361572291407,-1.8667206522878135
ACH-000168,-0.029005563352393182,0.6273254513929915,-0.6967566952557861,-0.21554669491430684,-3.4804723681920375,-0.19260057305099648,-0.2823197101261309,-0.4016976474559028,-0.11937793732977192,-0.5581469632735472
ACH-000169,-0.11620443225193887,0.13698848836492727,0.4393565180839037,-0.023545380648871544,0.6157152304918483,-0.30601274176999005,-0.003481446112938966,-0.0011445065904241991,0.002336939522514767,-0.6910897049665194
ACH-000172,-0.6188676483322982,-0.025054163573408894,-0.07328629750049359,-0.005670737596367902,1.16959813859859,0.01895867160304525,0.23941232177945296,0.00991579581208608,-0.2294965259673669,0.45271544231410893
ACH-000174,-0.15613388216244223,-0.4765988074811259,0.23199500606834844,0.24334513843275996,0.4951530251463664,-0.2757126791689577,0.7445769069000927,0.5725806329711174,-0.1719962739289753,-0.5123133976753476
ACH-000176,-0.12221011627938358,-0.23743475144346984,-0.46193117041542775,0.043886974398038195,-0.4541191724446743,-0.19064956429515817,-0.6823516640827518,-0.4194345802733652,0.26291708380938655,0.4632971076271625
ACH-000178,-0.8514038188348492,-0.8950258177446657,-0.13530982592743263,-0.1118406242914815,2.790166887273154,0.26212444890367975,0.5490471626311428,0.5147695565826731,-0.0342776060484697,-0.5766235535400095
ACH-000181,-0.2138827033505839,0.8641189705684726,0.00023296797594450636,0.3099070913207457,1.3980420157288853,-0.1935620450121509,0.4339846422024147,-0.16506862932862654,-0.5990532715310413,0.8405839152937122
ACH-000182,-0.8804319110491385,0.5662469487425985,1.4098231334686215,-0.06677028072173019,0.9389102381027308,0.029019754081528293,0.275055508233907,0.2728636803722544,-0.0021918278616526177,0.47903340747730816
ACH-000183,0.8925165316596981,0.39898896166298614,0.8429132828680272,-0.17300170054568575,1.1990867739572542,0.11058849767292656,-0.16374094058113525,0.3664781425952554,0.5302190831763907,-0.34484904300011254
ACH-000187,-0.9547461755452618,-1.167957520165463,0.02577097187126781,0.42427895334108645,0.6525684909152053,-0.23710319086857173,-0.17227738320219685,-0.10256308446989829,0.06971429873229856,-0.05871384248142186
ACH-000188,-0.1877144688433834,0.3075359310085046,1.2860103768291389,-0.6183627584224314,1.0908634550184029,-0.12061225746078263,-0.47115488673485145,-0.7477865400914439,-0.2766316533565924,1.3202078368338843
ACH-000189,-0.6811739447748756,0.9515446427665597,-1.1571334062837186,-0.12419770162908139,1.182223093740184,-0.09220124088715131,-0.2221630475914042,0.29021607043876524,0.5123791180301694,1.1125596517711713
ACH-000190,-0.5817346324611478,-0.4001924505859678,0.8690682581977704,-0.06337729592097102,5.053176266774779,0.1178797785583604,0.9328735434425771,0.7303971403899486,-0.2024764030526285,0.3373800050357678
ACH-000191,-0.36564073046319473,0.30130703232014394,1.1177881896330741,0.23550541323841295,-1.3792671463846058,0.2009704166176492,0.12386905856482106,-0.1587726481815579,-0.28264170674637895,0.22115878312906856
ACH-000192,-0.24732192873657033,0.13806876763896636,0.8362238997891046,-0.056368344515829144,0.09671336302882844,-0.1358248282201776,-0.09290803124326869,-0.4886383136440777,-0.39573028240080904,0.27281093353543195
ACH-000195,-0.6706389142524585,1.216760959268971,0.8613876610509021,0.2531296443672705,1.0246861702393473,0.009992997089249,-0.1849461250177043,-0.15505824795656092,0.02988787706114337,-0.39608517812811656
ACH-000197,-0.7580702689084663,0.11796390402580845,-0.7336820654320722,0.21507838708859814,-0.08691451907620244,-0.997288662924742,0.3033776565843101,-0.05561958707591859,-0.35899724366022867,-0.7511498202856519
ACH-000198,-0.06417279599310888,0.6900475240027771,-0.5060421787160017,0.3047135387709031,0.3385665235378371,-0.19172235245324373,-0.32915127527299953,-0.49346961988938814,-0.1643183446163886,-1.1139533843888856
ACH-000200,-1.3986210329894797,-0.6921358087155327,-0.09995988379708087,0.16682327253469698,-0.1474353905817657,-0.22172612829407679,0.2356056633110611,0.520550576963844,0.2849449136527829,0.043452920791775075
ACH-000202,-0.6771869371896656,-0.5402472434013901,0.6281826217591504,0.2356490926326642,0.9757501322807385,-0.01668154121068266,0.6945747220439313,0.27541761334734255,-0.41915710869658873,-0.6569621131821533
ACH-000203,-1.099708473904633,-0.29479016720258366,-0.5053572205210364,0.43983017620542364,0.2564377372315263,-0.6560275750022668,0.47700342134325113,0.4269753020043952,-0.05002811933885592,0.530084151196596
ACH-000204,-0.036263911775718013,0.7157195804436258,-0.3064844618488927,0.29082860885356343,1.6482566537452268,0.05484796334783815,-0.32766312688170884,0.10192281130786304,0.42958593818957186,-0.2995305919510564
ACH-000206,-0.9663811166966148,-0.2620837836378057,0.06751662495723477,0.09795245978056497,1.0870358402851834,0.046582946760350796,0.8335778998793792,0.9922475351438989,0.15866963526451955,-1.5768099412374896
ACH-000207,0.1224329005507844,-0.8126562109538289,1.0072128420831263,-0.01691213204382544,0.36967992915782955,0.32033083396646217,-0.33738918697462483,-0.39052698645690775,-0.0531377994822829,-1.1419244525790804
ACH-000208,-0.40640216669145496,-0.29556101018027664,0.07716541823299647,0.3358494160372689,0.40001045241919425,-0.12900240966281654,0.1414119569809461,0.3412980366399427,0.19988607965899657,0.3495570714770756
ACH-000209,-0.9668830475754915,0.41227852029796946,-0.38249888679625765,-0.3828703328355826,1.0018552194188668,-0.001389582304954784,0.7821936222566443,0.4417292302612131,-0.3404643919954312,0.7423197893373291
ACH-000210,-0.13002262539808765,0.09936593565581597,-0.7502640951493758,0.05122964687628996,-0.3171661465747812,-0.4621452791854507,-0.33458930452923474,-0.48525289359100904,-0.15066358906177427,0.5965648738059892
ACH-000211,-0.7389349848532947,-0.3482684693950392,0.5511399087403348,0.29781324902599754,0.8587162770367766,-0.09128950171276562,0.14137147062713226,0.03008420882959087,-0.11128726179754139,-0.5612706531422196
ACH-000212,0.3485751057635155,0.5697068555473573,-0.42520364949315564,0.07477549901538538,-1.3001130624418753,0.27681382964547974,-0.24083328698495762,-0.07959306275477238,0.16124022423018525,0.5556264181500583
ACH-000213,-0.3203508221905128,0.12459674158399733,0.44804040760304575,-0.16246185930998464,2.074920657298688,-0.22743911742177292,-0.7507263653917802,-0.6105255960687765,0.14020076932300357,-0.020328677311747922
ACH-000215,-1.1262628047792476,-0.37357511497523854,0.29585497698349617,0.17684667863408238,0.13419018635968932,-0.3503367113288029,0.283618025771342,0.13764321153210468,-0.14597481423923733,0.1829364347029625
ACH-000216,-0.8642068831472585,-0.08635976824346933,0.2963635374049511,0.16499991246847323,1.4506699931055729,-0.11191735464409366,0.22000560014794276,0.015409510474682152,-0.20459608967326062,0.3101074282306993
ACH-000217,-0.37824548092278454,-0.11710474078772692,-1.0791371302643444,0.19392378787186104,-0.22043035965199487,-0.20216282578877956,0.22366420763349387,0.22795041803566365,0.004286210402169786,0.5341010772966093
ACH-000219,-0.7976576323653722,-0.8042520052083131,0.03500272695114992,0.3323708512513984,0.7847547358022204,-0.15220717364525038,0.4101705837907024,0.3448395450504355,-0.0653310387402669,-1.2928775147533627
ACH-000221,0.41190284083982415,-0.6594953600514248,-0.33622390051224904,0.2991978100246009,0.7188978823655656,-0.33079050785219055,0.16257656977803098,-0.22990429654759487,-0.39248086632562584,-1.903339437142755
ACH-000222,-0.860650227680722,0.05105651164461733,-0.43885737352791776,-0.3426988232810297,0.9658982359003292,0.02211257463777816,0.0175758305950433,0.0526322068199518,0.0350563762249085,0.5619702239764381
ACH-000223,0.3712799186818746,0.3035388673279472,1.3289987086123765,-0.10578575449324701,1.4174973613995667,0.05797562596324807,-0.4637405137385071,-0.22153910024874524,0.2422014134897619,-0.34452114835360476
ACH-000226,-0.9481663231847449,-0.41743240172841645,-0.16999158459197594,0.15084322208984163,0.019888090045823894,0.3291201690989667,0.9134772861093865,0.8911441430526594,-0.02233314305672702,-0.02870301968602562
ACH-000227,0.4418651723017143,-0.2826254732211217,-0.911010292596903,-0.024057561188480514,0.0840717164479753,-0.4512682127453163,0.11735297657354195,0.028555946941814736,-0.08879702963172721,-0.08739709044209021
ACH-000228,0.022613141321261993,-0.14800075653905675,1.5997151796199924,-0.006037921102660687,0.6963488139552465,0.15910480937347787,0.0784655956457875,0.10318431202581982,0.024718716380032306,0.6404573408488643
ACH-000231,-0.8204213622502098,0.11164468785793721,1.1817438045195068,-0.09932140923357052,-9.395140289877773,-0.31437940516376056,-0.38816023107206776,0.00971389493532071,0.3978741260073885,2.006845387094256
ACH-000232,-0.6150489140665265,-0.3551067160279424,0.14435125134422866,0.32977209706394967,0.5339428913436246,0.02974643581403892,-0.3396368540037809,-0.24833915330816358,0.09129770069561732,1.2861034739028538
ACH-000233,-0.42398831848959373,0.9519950891084071,-1.0716868260463563,0.35760713019261703,0.45466535033678046,0.1294880359499129,1.040133213023236,0.8146578846629999,-0.225475328360236,0.6399038720563195
ACH-000234,-0.5667383706602963,0.2883626820871928,-0.11573363212027339,0.20246026112132223,1.3401727049515253,-0.05118670369520317,-0.7964380305287424,-0.21360467831572655,0.5828333522130159,0.44074768624356087
ACH-000235,-0.6883567852782926,-0.12382958401049515,-0.518237450790868,-0.29711776973317827,1.0492777811849736,-0.025902477081174324,-0.0863341741461594,-0.013911225417274686,0.07242294872888472,0.12025919092429682
ACH-000237,-0.9993555642017776,0.4753829061112097,-0.07128720120077481,0.39543971533396016,1.1520251270122863,-0.021889154534435185,-0.3841771859138722,-0.06373609208981593,0.3204410938240562,1.571309483781743
ACH-000238,0.130061136285517,0.18201023052230753,0.05037434478685815,-0.014923557898850748,0.7353386450222773,0.17456142892417453,-0.46328375732767785,-0.3211863759239918,0.14209738140368605,0.5695401851892113
ACH-000239,-0.3636651144504063,-0.4572193558182447,0.9071547225320569,-0.25374917280813025,0.304213181900389,-0.360466333661446,-0.646938579615952,-0.5254013757161775,0.12153720389977447,-0.9749823145046184
ACH-000242,-0.7398579698926493,-0.169882965861474,0.3005417137710675,-0.28310332542039707,0.9499896458038998,-0.00897827779879748,0.41909938468660235,0.27349277098353686,-0.14560661370306552,-0.8324457807577395
ACH-000243,-0.32004033602682364,-0.325847637201092,0.24072168692642054,0.04904596153794345,-2.356345496588126,0.4365364295593434,-0.13955345643121497,-0.024686575135399392,0.11486688129581557,-1.3875681531972432
ACH-000244,-0.5770547360626781,0.3892751510217508,0.2680609214218318,0.427939461360687,-0.7681088253991567,-0.2556676069213541,-0.002280107443105986,0.08407265772158884,0.08635276516469483,0.5566311058093006
ACH-000247,-0.3195273105962624,0.21402229704281373,-0.2985033345333863,-0.02586386072940361,-1.910187373152593,0.11236433510301487,0.2331407264430414,0.046776671582386964,-0.18636405486065444,-0.7747874060550143
ACH-000248,-1.0041986230576994,-1.2911328157148056,0.9266539602523421,-0.39714525336828355,1.5855847426208098,0.13465187739295237,-0.12256431406245374,-0.25569263989356106,-0.1331283258311073,-1.269536416022551
ACH-000249,-0.8131781108681554,-0.7235172967404715,0.5434453799699615,-0.14461779197487118,1.001276052990839,0.0003018407487812014,0.1515089786067594,0.048094694248517776,-0.10341428435824164,-0.8786175356322449
ACH-000250,-1.1033866372685297,-0.4724187744806442,-0.40708837517871466,-0.1474410720875148,-0.5832358174201413,-0.2410968658593667,0.09828805805582255,0.13551816270576605,0.03723010464994351,0.8897727867211737
ACH-000251,-0.20550958131309327,-1.0306514112191818,0.299720928424806,0.2903939900249667,1.283110320243428,0.08264485017611523,0.004283853229933909,-0.13796163290056346,-0.14224548613049737,-1.3249324664121507
ACH-000252,-0.1645216016231858,0.0847560713111879,-0.8783367392737119,0.036670922481593454,5.151790692135214,0.2004864630603968,0.07421272644881292,-0.060705689693104456,-0.13491841614191738,-1.558397640036413
ACH-000253,-0.5678964391922077,-0.38221819198277507,0.3695909818305884,0.006695743350182609,0.11178439920023361,-0.3943713830328507,0.09970349564686459,0.033678718405314,-0.06602477724155059,-0.6902276200828191
ACH-000255,0.10744492539802647,0.01082270231372695,1.103563048236443,0.1853459093112125,0.10418645966849785,-0.4725197281225954,-0.3066703043166234,0.04853622679941046,0.35520653111603384,0.3798201773963199
ACH-000256,0.14342493640040826,-0.026307334181384867,0.06590587972685313,-0.4777513709282974,0.911105219608086,0.09250770086055238,0.6986182130106658,-0.39982090635506806,-1.098439119365734,0.6515986297148573
ACH-000257,-0.6703955371279343,-0.07360162636648537,0.5389463973675493,0.4904536914344946,0.7967242667866352,-0.1527589855159791,-0.45371456116494746,-0.014999233947217316,0.43871532721773016,0.6518535764030428
ACH-000258,0.06269529966367042,0.16530809658069645,-0.7816980018687554,-0.07435946783775342,-1.1141989478580572,-0.45181112161647496,0.8752791855364659,0.617104854770413,-0.2581743307660529,-0.4235039779100469
ACH-000259,0.19534075375771048,-0.7687348350622234,0.401034333975155,-0.17453253722348472,0.4236333890801821,-0.45962457352109143,-0.188326591322728,-0.07639220211793608,0.1119343892047919,-0.3585837381108759
ACH-000260,0.09452834136150974,-0.36133158771775364,0.7246505230842167,-0.07174929480051494,0.8077359029266182,-0.055261504126663835,0.01353269552173575,-0.2329792278954963,-0.24651192341723205,-0.671363172860906
ACH-000261,-0.5360835176771284,0.04954349384058654,0.059460949832957244,0.09660719761538697,0.9124432202292841,-0.02314779356809793,-0.27835873454128607,-0.27328971163146426,0.0050690229098218015,0.19897787427743202
ACH-000262,-0.3921634761323057,-0.36356765852606454,-0.26430960168991846,0.07316125658301291,-7.708409876901227,0.11040787987065465,-0.5210491003181685,-0.15479177915173364,0.36625732116643483,-0.3256477930600895
ACH-000263,-0.04525377391416008,0.7627192173066552,-0.018428989419759234,-0.06045677512445152,0.10983123079187895,-0.31344888123480136,-0.02864235862410769,-0.43571204290782023,-0.40706968428371254,-0.5704335724638288
ACH-000264,-0.04665292236991303,-0.33932515009779135,-0.30147660156346584,-0.3777068028514581,-4.70142068964885,-0.06261118763511889,0.24818291100126244,-0.5195968169753439,-0.7677797279766063,-1.2054463157220874
ACH-000265,0.5719391520342325,0.2530346978331249,0.4692045939300611,-0.05782089837119234,0.8424031145908495,-0.051880660292317415,0.5795982288933046,0.18605339639093305,-0.3935448325023715,0.1084489746791564
ACH-000266,-0.15431926333014312,0.46877324220152417,0.16626005925233,-0.030008326205591795,1.2991101464219295,-0.10583232904965317,-0.42215823496471616,0.06539862780081238,0.4875568627655285,0.8015775810669289
ACH-000268,-0.7790210106760874,-0.14857170763772443,-0.19225173622449138,-0.1574689371891547,-1.9822515500045832,0.1900657099988835,0.15284945383726017,-0.4798141326842121,-0.6326635865214723,-1.4565303468649315
ACH-000269,-0.23002559586018317,-0.6484752717720308,0.5958897274657278,0.34058991119159615,0.7341177469870082,-0.17617918992387338,0.1028957501088168,0.6257866236555352,0.5228908735467184,-0.4879766409254425
ACH-000271,0.19485227625944065,-0.055657047450469274,-1.1050508192843627,0.15666219548954258,0.3175625865504759,-0.16243295557055812,-0.6932528977101812,-0.5598501977763399,0.13340269993384124,-0.9034316210762454
ACH-000272,-0.4948221052106948,0.21201286586399243,-0.4861760258032366,-0.09190981934226905,0.7434171551210971,0.23380736193386875,0.22345604637159594,-0.4030915979642102,-0.6265476443358061,0.05990673907317434
ACH-000273,-0.20978177236858367,-0.45289767152324945,0.9515465915512018,-0.27012129254641304,1.70627812888639,-0.21659859847352897,-0.5889209874772801,-0.254968329527402,0.333952657949878,1.09319189693054
ACH-000274,-0.4624086540778979,-0.3009928874727872,0.5009437486367776,-0.10489515819800521,-0.7455735147028222,-0.2159875932036598,0.46209560500945457,0.6408786062843037,0.1787830012748491,0.29284206053156225
ACH-000276,-0.944187050257857,-0.06902630537627585,0.5486905982616433,0.29518844496461977,0.014196479801009033,-0.597239067803782,-0.3254633140253499,-0.056360588442487924,0.26910272558286197,-0.08426864787604371
ACH-000277,-0.43431461573177077,-0.291836119905575,0.22213761163127566,-0.17384050472251014,-10.0,-0.11066852699371742,0.17609234115839448,0.16262470257883083,-0.013467638579563642,0.34437836023188884
ACH-000278,-0.4833688760755708,-0.9146778988223004,-0.19274016841425642,-0.1748805981470436,1.2681290476327371,-0.08105089042659996,0.2535339341974225,-0.11538533546928072,-0.3689192696667032,-0.10777782932190612
ACH-000279,0.6607803167389589,0.06600965074698933,0.3361517255589515,0.01328933445858721,0.6443895549952107,-0.3142843006793099,-0.45190153244943904,-0.6186361494926463,-0.1667346170432073,-0.6399034114668043
ACH-000280,-0.3117792940961473,0.05138860315641888,0.9497955301652139,-0.0657773135089496,0.07866730829494405,-0.013629904119647693,-0.13270065900764202,0.009966647202883094,0.14266730621052512,-0.20201247597320066
ACH-000281,0.04853533633053267,0.4980193004820962,-0.8639914768549247,-0.1655693498747705,2.123448125644766,-0.272992327081615,-0.8957548536005999,-0.29468391994040255,0.6010709336601974,0.8422874053388837
ACH-000286,0.26367152041890385,0.16908750792941524,-0.5611497710517083,-0.18961013606612456,0.7809887028738469,0.11506171686144906,0.032153590473007476,-0.3970429232413043,-0.4291965137143118,-0.7452566131043703
ACH-000288,-0.22735194101937917,-0.9565506042589867,0.36945466438346874,0.1402115885473637,0.24661280318942258,-0.42295714306397286,-0.2909318896332598,-0.20428845010774532,0.08664343952551444,-0.32652441255417686
ACH-000290,0.4655220925841702,0.027060079551182503,-0.36285963122122633,0.41563835790895215,0.6710167810247574,-0.3578853822869523,0.2897682123133859,0.5617458103835303,0.27197759807014443,-0.8127849355494573
ACH-000291,1.0752241351251481,-0.016132535122147185,-0.8352629464730836,-0.5715791331563816,8.557201977496666,-0.36823853376761495,-0.34623012619704485,-0.5304678671006671,-0.1842377409036222,-0.07759352956847793
ACH-000292,0.26553932967037563,0.6613959928292351,-0.030671601908372592,0.02110623170361739,0.9260910571668409,-0.026850950753539327,-0.43998929719686014,-0.617023510251212,-0.1770342130543519,0.17351888749209526
ACH-000293,0.22935091080135972,-0.9044320988639794,0.6475703567521396,-0.585797231358086,0.6663205194254485,0.08819774236188299,0.162834154604259,-0.09670599626636209,-0.2595401508706211,-0.5266465018584415
ACH-000294,0.3942255948022371,0.48564591974926097,-0.6559623226303873,-8.036344063022671e-05,0.7654073168464254,-0.17247786587233915,-0.4771899515118472,-0.4294518488304783,0.047738102681368876,-1.2999359137565227
ACH-000295,0.15267349362111912,0.6870201103975782,0.19715045581784754,0.23464148842140714,0.36610737934793003,-0.3870966578708187,-0.4891951033113733,-0.5239485313239032,-0.034753428012529924,-1.551029248335182
ACH-000296,-0.22015879802504046,0.3296711910558555,-0.11111351442180681,-0.02872182692268116,0.30179903962291893,0.10600790082233535,0.19274494503824285,-0.41925731752882117,-0.612002262567064,-0.22149512101412283
ACH-000299,-0.25449783893810235,0.7600011961442459,-0.5388679734065147,0.28531340101109054,0.9321749313939889,-0.006425001166830854,0.3333871849713255,0.3424668510478682,0.009079666076542684,-0.03133365908288774
ACH-000302,0.11491964338979077,0.07467253184384215,-0.10247713458246688,-0.141918529203936,0.9040652666504735,0.08980680995376022,0.2172922438200604,-0.19410251757774938,-0.4113947613978098,1.9821570307413854
ACH-000303,0.08404147564307485,-1.1943486751055894,0.27256078189129307,-0.007275096103195378,0.89681414287359,-0.032198515404137096,0.2151007904843587,-0.15682501793759857,-0.37192580842195727,-1.710355835206094
ACH-000304,-0.03861081321683071,0.571417093344317,-0.41473482523794086,0.16861715450743006,0.9434369952006155,-0.009269683692310793,0.6725152084629024,0.8858481356777869,0.2133329272148845,0.10764790973343427
ACH-000305,0.009468604726442509,0.48891098682489753,-0.24339596221833326,0.15685628994174983,1.0032852272101282,-0.0017485595880536442,0.4630565399496829,0.3839652084789427,-0.07909133147074013,0.25675702311529847
ACH-000307,-0.11843364071789339,-0.24007915307576866,0.14157802999636918,0.09227886584480158,0.8197645352820508,-0.049377908499230766,0.14211783444039583,0.15906234667851674,0.016944512238120903,-1.3770256653736344
ACH-000308,0.3198771808893144,0.7240121707962994,0.7281150466392196,0.6922666555194006,4.977486553358596,0.3194446871075143,0.411576422927466,0.5094535217587112,0.09787709883124521,-0.4722818204427429
ACH-000310,0.556588891569416,0.19152410014324428,-0.5954701301669424,0.05885349336723805,0.3557185359421869,-0.3792251696592464,0.08590585013522437,-0.11355507202350637,-0.19946092215873074,-1.0122841788225787
ACH-000311,0.12028000970236175,-0.07975690304840494,-1.0298008653727093,-0.08271221883939919,-0.3853165646319298,0.21344616924885113,0.3045506647263009,0.09939073620330754,-0.20515992852299336,-0.10641718894907369
ACH-000312,0.4292751544352896,-0.4625540166772458,-0.9174678925313874,-0.07502701922099816,0.8279670926285655,-0.08179369599613745,0.20111578122131077,-0.13214535573485095,-0.3332611369561617,-0.661467879776517
ACH-000313,-1.281927331855146,-0.021124290008617486,-0.8490682660825575,-0.06174285455391071,0.8511940518603157,0.06485866415391783,-0.2847555094211812,0.6425960223711751,0.9273515317923563,1.150213659501599
ACH-000315,0.1488398029872146,0.27181062914214904,0.52245877824623,0.78197361458792,1.090426049827896,0.08019324678761941,0.8392042503825912,0.8114285221037605,-0.027775728278830705,-1.7505644793856372
ACH-000316,-0.24832581190513434,-0.5794696457139732,0.47590453089130325,-0.1621863059363193,0.19968358282446383,-0.21198815929975545,-0.5337863968300516,0.021145433922321488,0.5549318307523731,0.5689176761080952
ACH-000317,0.023231474070728203,0.40295832598309467,-0.7950909201310258,-0.32842332336988517,0.5319236618973647,0.27016567662942187,0.20975424083174055,0.4641777405632201,0.25442349973147954,0.1670114312112858
ACH-000318,0.6529215712900445,0.3465215114801733,0.7625302213527869,-0.18112812562414418,-1.6306703532534077,-0.6135495118256077,-0.12025364562103458,-0.2657035180318689,-0.14544987241083435,-0.6093548167859625
ACH-000319,0.08070458169087247,0.1387173673439591,-0.10385718271472583,0.05933632100695485,1.056531624636071,0.009609355768389616,-0.4079931851491112,-0.04093628442531896,0.36705690072379227,0.055500621454016574
ACH-000320,-0.7810632912097981,-0.40900792301910227,-0.3849394668921939,0.20000848852749792,1.6725282260885708,0.1990227946270134,0.36894118944436427,0.44488990158451136,0.07594871214014706,-1.2393743119826
ACH-000322,-0.1904339737374109,-0.6917767457684123,0.1852489301412935,0.23383721575503866,0.7957387026263274,-0.09083804961620212,0.24769508429679132,0.6354525261185314,0.3877574418217401,-1.010447682302753
ACH-000323,-0.08327810245984577,0.07348452744341738,0.7641827283723638,-0.08394887237438871,-0.5573113379656424,-0.19598365784563482,-0.007201342358170271,-0.12884854198789836,-0.12164719962972809,-0.10209627826602138
ACH-000324,-0.490878661480992,-0.4547899133575144,0.11175689531615098,0.0968045681019388,-0.11708153787973664,0.2181761028809673,0.054873272973292364,0.6572881188330391,0.6024148458597467,0.045873654237471084
ACH-000325,-0.6264187843913851,0.6325963290426299,0.5904166541077734,-0.07988920839547245,1.0583452825816344,0.01077313973129318,-0.23122673670109992,-0.1549644837005232,0.07626225300057671,-0.13383412333227307
ACH-000326,-0.6224917719748125,0.6461510013131444,0.40892594602192156,0.0881774906915942,0.1359267880253826,-0.2860205503073605,0.5734530173999883,0.5362529610588517,-0.03720005634113665,-0.1440418870360025
ACH-000329,-1.2385255124739953,-1.242736984434694,0.3796972627101071,0.06422346238142958,-0.6517030527594962,-0.6191381348173878,-0.26247479752241315,-0.1683286131389954,0.09414618438341776,0.3639182015991066
ACH-000330,-0.725725963205803,-0.2336288142929137,0.6502615149731729,-0.3972237101186162,1.0295338657550313,0.0009643446525690949,-0.15464362336951432,-0.4045082624707792,-0.24986463910126488,-0.5822162713089487
ACH-000331,-0.01876606230140294,-0.8293587629893799,-0.344575152980094,0.07138781042281368,0.5073382493828187,-0.2553119330075388,-0.484005206070679,-0.5087598180817489,-0.024754612011069852,-1.1700805867202568
ACH-000332,-0.9911504208657248,-0.13860813516954884,-0.23868429079918202,-0.08945142915806459,-0.2876770301303633,-0.2664484613698516,0.15359840580097167,0.4866421814494816,0.33304377564850995,-0.017636443366125576
ACH-000334,-0.05861149021852448,0.18328248940659192,0.066401368584799,0.44572304684035036,0.785112076698116,-0.19167901422296274,0.9165234512827232,0.7381824487745638,-0.17834100250815932,-1.0029095087407325
ACH-000335,-0.31448434589307495,-0.2543577321216416,0.48884532026385374,0.2886562994683874,1.6650548907625593,0.32916500247262354,0.1415831828407187,0.7075028027336391,0.5659196198929204,-0.9711363184120113
ACH-000336,-0.338977495446004,0.5921864949721025,-0.7431471281221795,-0.25699410943527984,1.8201327446440976,-0.26636317653906355,-0.08505850339023285,0.13310724621833742,0.21816574960857027,0.4926904813623845
ACH-000337,0.37582462883135753,-0.33415768183337535,0.9511328120725916,-0.04631442342352668,1.9132784420961302,0.08368872150686418,1.3123932051479321,0.8978712564321425,-0.41452194871578957,-0.832999431871597
ACH-000338,-0.22630395817482188,0.5483646933551185,-0.7361109601975776,0.192083173008184,3.896307994839765,0.12197283290248304,1.0361981065642312,0.8395857572478512,-0.1966123493163799,-0.24852159108257937
ACH-000339,-0.7299377516343954,-1.5475123392981993,0.04528771933168757,0.16874552332776485,0.8449241791233011,-0.027041385625735492,0.11826683927797177,0.4055852348566467,0.28731839557867495,-0.18172412533526017
ACH-000341,-0.5090936532691149,0.12039945743023217,-0.3328278762695621,0.4742238313719995,0.5598615495767095,-0.49734209719033096,-0.3598570336725771,-0.0677536857511279,0.2921033479214492,0.23715094143316873
ACH-000343,-0.09294767094791803,-0.04705331442976454,1.2128599064239616,0.28705227227769203,0.8868329231906998,-0.0599610484480651,0.7103195334701826,0.2697454242591203,-0.44057410921106227,-0.8295967170982246
ACH-000344,-1.0211904110373087,-1.1363137409115596,-0.572192486155987,-0.21873680175691934,1.82259179799986,-0.11212632473816583,0.6276167664723414,-0.06381057354518496,-0.6914273400175264,0.02193103225451598
ACH-000345,-1.0138396605947892,-0.557419372751375,-0.7487687671127825,0.34703107467382116,0.45660764381570146,-0.49771795155239856,0.062143436256749784,0.2420261187418152,0.17988268248506542,-0.04363323309588771
ACH-000346,0.013850452751533848,1.2159460750030338,0.3948260223696992,0.12373223790301768,1.012303156426776,-0.0015849769730326146,0.6723522257201843,0.8987971942004556,0.22644496848027126,-0.741978089272544
ACH-000348,0.19800402659593103,0.29550698163714684,0.5977068699669297,0.3039427085571382,0.961410334831012,-0.005456457590370861,-0.3777281338697912,0.10316646281762487,0.4808945966874161,0.43125960536147706
ACH-000350,-0.9417860744786264,-0.04909302255430392,0.3337558632952432,0.013920201241030383,-0.5584385141106208,-0.38088170946089384,0.24308340764089534,0.2264162960338995,-0.016667111606995817,-0.13126684426517365
ACH-000352,-0.2690095145813216,-1.435229699765873,1.1289376006280367,-0.5663422097424575,-1.5945852122321942,-0.49348967869164995,0.7641986965868828,0.2749295489979294,-0.48926914758895346,0.14088509203140823
ACH-000354,-0.14083609405330572,0.47884967192017625,0.8070697476454902,-0.10726993370573926,0.2256886319471116,-0.2610771506594282,-0.14258015624286338,0.003952247057261183,0.14653240330012457,-0.9479535966019816
ACH-000355,0.07724844336367437,-0.36528346274769546,0.6961395539895628,0.33261479546120276,1.0534733806828902,0.05356518953655964,0.12874905118778485,-0.09815169314797441,-0.22690074433575924,-1.3637467229199816
ACH-000356,-0.24915221962033446,0.21180669364399707,1.0737730192471961,0.09025250233915866,2.64940063771104,0.4755645224156875,0.5369933642303726,0.5584949167835297,0.021501552553157072,-1.5023858482724097
ACH-000359,0.1328491002584318,-0.3306240050706938,0.30564591518432366,-0.16425961935650124,0.5239535662091712,0.06318117017459436,-0.2791424474899575,-0.3543994665350318,-0.0752570190450743,-0.19556887421879884
ACH-000361,0.06717958072060103,-0.3785461730690658,-0.36659835668197055,-0.2504886668827039,10.0,-0.12485558795825728,-0.79090249369639,-0.40283854201662983,0.3880639516797602,0.543402446657611
ACH-000362,0.6693491859290062,0.7680845577831328,-0.42636047313484415,0.044400827457501624,1.3643937526772625,0.10003512763107292,-0.3561444721375926,-0.21920922915383087,0.1369352429837617,-1.6678536506833372
ACH-000363,0.42522709629882227,1.0118962632270807,-0.11566413496212526,0.12108076500205799,-0.28893150521623223,-0.561080457581933,-0.2612511585180477,-0.41822456958081117,-0.1569734110627635,-0.36802598226135186
ACH-000364,-0.6278761485534552,-0.5207152034875995,0.04713519441237318,0.09305483588696925,0.007500011623095934,-0.5729922613121919,-0.28756863642191377,-0.0243355442637471,0.26323309215816665,0.160812834280029
ACH-000365,0.5120932008472535,0.12812439472888704,-0.7346055714918112,-0.19847364194826164,5.266133247148578,-0.27052070202453254,-0.3480960175666425,-0.17650759044569259,0.1715884271209499,-0.5041401692256124
ACH-000366,0.29883206992424655,-0.8458322800138183,-0.19577016019205212,0.2686870704119402,0.626103403858619,-0.45262162305511466,-0.04200995281156987,0.036205917478590366,0.07821587029016024,-0.9754422989680893
ACH-000367,-0.43628488119500725,-0.7647649768383445,0.24042715936338044,0.01874545967180305,-4.860362380718873,0.0316103702530018,-0.26010407251591394,0.1323380110542963,0.39244208357021027,-0.4202103813041146
ACH-000368,-0.9121667482284164,-0.5244849043585476,0.4768784462571215,0.17079153558191246,-1.0861705588424457,-0.42050976103204946,-0.6813585855071892,-0.39009151438535444,0.29126707112183475,1.5476405710240753
ACH-000370,-0.4679135101652364,-0.5524835068703755,-0.5419088467280404,-0.3805157851117372,-4.941224877743965,-0.10747663450632308,0.07084209864703507,-0.08905687229813654,-0.1598989709451716,0.30553382910904925
ACH-000371,0.7061468506559825,-1.0448481023628688,-0.016862637806308034,0.07536425978792993,0.7504319464083263,-0.19690257179753567,0.18757494377055364,0.2514358976677696,0.06386095389721594,-1.9099227657357312
ACH-000373,-0.10709107485192576,0.22162459345650143,-0.22786129785945067,0.06503381934814109,-0.04029734023610423,-0.35191115629844905,0.06264170561075118,-0.10549327726940154,-0.16813498288015272,-0.8951585951812948
ACH-000374,-0.7903125617825689,-0.1357313925520502,0.40888359171264066,0.41773252466975674,0.336300135920118,-0.45370584202232683,0.25214281258698834,0.4039555392043656,0.15181272661737724,-0.9317540127053409
ACH-000375,-0.575039455911842,0.10940043270367061,0.3347116390182029,0.1370950846184224,0.8812504691488108,-0.04321739452205692,-0.11847744557795459,-0.4617299147215159,-0.34325246914356133,0.22700564980515225
ACH-000376,-0.3781952626111458,-0.45366317178407894,0.412994863610542,0.08324881763676253,0.5535454257168438,-0.11635421191237391,-0.07670023595415937,-0.4573118417667577,-0.38061160581259834,-0.45742538882443007
ACH-000377,-0.2933430869390277,-1.428735360044218,-0.25162019347196946,-0.2159508740959205,1.335318522550018,0.0697777575710897,-0.19211097962745038,-0.12093806198913828,0.07117291763831211,-1.510871800095353
ACH-000378,0.038919396224420505,-0.3800257818234971,-0.6556393624828816,0.02929379690845621,-10.0,-0.12410289501687709,0.14100968703656136,0.15258206418699477,0.011572377150433417,-0.20596198369302643
ACH-000381,-0.18854689942919267,0.12700460744626219,0.06435372354491711,-0.15325595539739253,0.37380444953566877,0.07140154495573434,0.1013978412667757,-0.35227995396924106,-0.45367779523601676,-1.0385689446610182
ACH-000383,-0.7697750048042904,-0.6598678122665612,-0.8215087451615933,0.05334708581861107,-0.3991421774695547,-0.12781321067106963,0.0697973308238043,0.1381520524728117,0.06835472164900741,-0.7957689424395333
ACH-000385,-0.658867031448548,-0.42351312530117047,0.2313894341592214,-0.09136113103512497,-1.068131369496771,0.3711488841101197,-0.19704929557329778,-0.03223967661064492,0.16480961896265287,0.5248780568938499
ACH-000387,-0.03587104154482168,0.15319324751442742,1.818098879800848,-0.12656445975149677,1.0418426635101972,0.02654599811277114,-0.11892517824708697,-0.13480518050554324,-0.015880002258456278,-1.8875111336237793
ACH-000389,-0.4022014156446599,0.20651532191491295,0.5643031881670755,0.26050413038416875,0.07205178972678411,-0.1407297115612112,-0.7744213844655985,-0.3014560290038113,0.47296535546178714,0.3751279827899535
ACH-000390,-0.20137441167622389,-0.422728332029652,0.2737165261211788,0.11314353340844648,-0.20312477151482072,-0.3103257526097492,0.04518026153923943,-0.30561929278382466,-0.3507995543230641,-0.7639996327854608
ACH-000391,-0.11844023749471244,0.35964642485767034,-0.3343781404006904,-0.3317377568185973,0.7258177509333748,-0.02273327761724169,-0.1558624527924056,-0.19088441796151584,-0.03502196516911024,0.6003820625895218
ACH-000393,-0.39223523366136365,-0.5948838575244866,-0.29225533395981956,0.39174504703469604,0.5919792923458792,-0.18240742250241626,0.0413090581792904,0.09339188828847807,0.05208283010918767,0.15698609463188107
ACH-000395,0.348902890830929,-0.06980791900798597,1.4368741301390244,0.07905163033012674,1.2027966548400837,0.08063275373287776,0.4197664704056214,0.020437530464446296,-0.3993289399411751,-0.7770412965281551
ACH-000396,-0.5136454083892652,-1.3957392635457389,1.179075410213848,0.010234299132119845,0.7847619883095821,-0.09680878402799087,0.09004387056958404,0.2867377788114183,0.19669390824183428,-0.9220210142304761
ACH-000397,-0.4268230549245683,-1.0528779041049898,0.3628413326532117,0.2972373338487325,0.019260054090457987,0.1746667180148289,0.1557142425100877,-0.23101625373310952,-0.3867304962431972,-0.4147571226841742
ACH-000398,0.6544921638842063,0.08557884112930059,-1.4006993736463733,-0.22305181114392053,-0.09308204530461654,-0.5149570891934835,-0.3711966512202084,0.6799427542388586,1.051139405459067,-0.9816430852128656
ACH-000401,-0.3822127579482061,-0.18641559499297175,0.5862682208185859,-0.16371525306832385,-5.8107887842857044,-0.24965945886373347,0.5893814270244031,0.26069000633059153,-0.32869142069381163,-0.262335936884559
ACH-000402,0.10105100689411839,-0.7190776113832738,-0.4462671255488433,-0.03908212353020873,0.5118781697838871,-0.35750865993258024,-0.780910908985442,-1.05794098092742,-0.277030071941978,-2.146087078085798
ACH-000403,-0.32970748747990614,-0.7026524360214529,0.39216438761141414,0.13308070253360338,6.484592444557997,0.17095781095582263,-0.27430249357561576,0.006280849469251626,0.2805833430448674,-0.9283299752903247
ACH-000404,-0.27715020352062125,-0.9660661111215155,0.6857544836324433,-0.42302752742717736,-10.0,0.336560633519458,0.00902832427094969,-0.015816570662465425,-0.024844894933415115,-0.7421542135787924
ACH-000405,-0.2936330410014591,-0.04761768779387113,0.5241311035913317,0.1288937236431444,0.7243276679401878,-0.12757865377465494,0.42969821879094083,0.34574314689465696,-0.08395507189628384,-2.2191782939570714
ACH-000406,-0.3109520625712263,0.7613629745578168,-0.34375497084006434,-0.17213603555504053,0.945139879689082,-0.025313864918815487,0.20502275122053407,0.1369371893137586,-0.06808556190677548,-0.6421700696140469
ACH-000407,-0.11533890980786018,-0.45349048803745307,-1.1971070327959499,-0.13194404196795512,1.5463240206104472,-0.1226824454541103,-0.5213470586038423,-0.776036237773998,-0.25468917917015566,0.34242193104531643
ACH-000408,-0.29688053088993027,0.523534657899541,0.5964063369015831,-0.10139353935447082,0.5590211509629556,0.41780009573437904,0.4130462474784726,0.12139487558370465,-0.2916513718947679,0.30128982496763146
ACH-000410,-0.7629942427359173,-0.34861235811813407,1.0705148341555997,-0.01590329653241302,-0.01894403692021961,-0.8145267348819412,-0.03781324651462445,0.1252174770895185,0.16303072360414295,0.8800330296646262
ACH-000411,0.2870650323876984,-1.045900602833091,-0.21565963238409086,-0.43474831803570413,-0.3640390903100223,0.33339981074522307,-0.3993521172971861,-0.0790021112758311,0.320350006021355,-1.012064720537701
ACH-000414,0.8176532294853199,-0.24048909334687885,-1.3507961154185877,0.08481554505006134,0.5784654542240004,-0.15105505737713848,-0.3401519790964604,-0.1634826055610697,0.1766693735353907,-0.9651373240957308
ACH-000415,-0.04833735040209386,0.26250944806875687,1.205798058066165,-0.6379529608187642,1.154076025977998,-0.31943538031696184,0.5825143256049287,-0.630280605286139,-1.2127949308910677,2.4229069830921395
ACH-000416,1.6225777036571194,-0.3270352604809095,-0.1422415895686162,0.16507803659762738,0.5045327102336165,-0.1531726474270191,-0.5541837503284952,-0.545790080081056,0.008393670247439151,-0.28782344250083436
ACH-000417,-0.2691944645959379,-0.3829869487872691,0.46962019742022976,0.03187637307574501,10.0,0.07505903939705244,0.30683230497239483,0.3850672540901051,0.07823494911771028,-1.5720844205966849
ACH-000420,0.07870871452388153,0.08356666299923113,-0.12468788651524726,0.16715409715367613,-0.28600600386827013,-0.2844544402417769,0.3467066616348687,0.27979454978847035,-0.06691211184639835,0.18508097294133452
ACH-000421,-0.9980296458585936,-0.5497649820478347,0.7458608282508487,0.001863330670085317,0.672472493042782,-0.19935054272529584,0.32426889087524424,0.15753885757822944,-0.1667300332970148,-0.9550127971239735
ACH-000422,-0.6042579904599179,-0.5755752008563991,-0.3395258772025397,-0.23531521379128217,5.320073552358782,-0.11737097891407822,-0.5907752332472312,-0.2915380693247379,0.29923716392249333,0.33829877257803115
ACH-000424,0.5522688945002069,-0.31859635239178263,0.41908225581980385,-0.20081610690264495,0.9314112979163456,-0.04807174504474021,-0.356498163085995,-0.6073200868634665,-0.2508219237774715,-1.819581231760683
ACH-000425,0.5213538353259872,-0.4978390492798056,0.11933640552480512,0.05107660437759576,1.2509131366549873,0.10089951045571804,-0.1356321652574457,0.12511960100469127,0.260751766262137,-0.664486120861434
ACH-000427,0.15241074629818124,0.20345769878063247,-0.28452315163490954,-0.13893691462498925,-5.891348620778434,0.3455938916774023,0.20088059916267684,-0.12771641220337246,-0.3285970113660493,-1.3195072327285309
ACH-000430,0.46970746335943137,-0.40369545607000906,0.9267309446233066,-0.06405147859327523,0.7002598521043693,-0.12139886066466155,0.6740738258544641,0.19790301953200562,-0.47617080632245845,-1.2124708894515703
ACH-000431,-0.2008956839518648,-0.49952613578477145,-0.06671051722476151,0.3157940704387457,0.6182759393991909,-0.4476405838913863,0.7355713586182298,0.40811442813712207,-0.32745693048110763,-0.25499201147349665
ACH-000433,0.5763389257713809,-0.08291203883081094,-0.536236359563278,-0.12293418961917957,0.39743768961797254,0.2522547225431566,-0.9150692410854957,-0.36134102557597075,0.5537282155095249,0.40520846416415457
ACH-000434,1.5112454227617573,-0.057087800088750584,-0.36888544918947913,0.10383339960007998,-1.6001203274248565,0.09925056394615206,0.9920540466616788,0.6394404971531926,-0.3526135495084862,-0.641117412745591
ACH-000435,0.2413717219299577,0.6359983637088136,-0.5165736566167574,0.26025728770287593,0.49992821678083793,0.4364135375694976,0.04017328475922316,-0.34997456211061106,-0.3901478468698342,0.5555615188464567
ACH-000436,-0.5914424184807645,1.1116644395138136,-0.9780769584293477,0.33611790537940334,1.3899591269113662,-0.23034306736738253,0.9336972204438065,0.2096174006416655,-0.724079819802141,0.06416100273018954
ACH-000437,-1.1654977742272383,-0.6417503428484088,-0.3162754193075935,0.22256873476761663,0.5177353505823166,-0.19640645503524945,0.06275180185767582,0.11646393703462166,0.05371213517694584,0.6921528725741162
ACH-000438,-0.11886231371136424,-1.7089779411593264,1.4385032013220356,-0.24415317162620198,1.1270613746799383,0.07337631790457866,0.2962766154865898,-0.33846578932142013,-0.6347424048080099,-2.04911468234323
ACH-000441,-0.0365473171621612,-0.7251444071611312,-0.11129977213357978,-0.05382992301271389,2.609708730716255,0.2060231831499239,0.33509751894105255,0.8422727330746881,0.5071752141336355,-0.25941375128265465
ACH-000442,-0.963398086248622,-0.5838370510105928,1.0041479061064407,0.3378986010739746,-2.4493514928079043,-0.17623526124074096,-0.822810426157462,-0.25901205218102014,0.5637983739764418,0.7224666816286931
ACH-000444,0.2920715273433977,-0.5618785804386404,0.021777694929222914,0.04688014641081671,0.7498632559005448,-0.11247870213292166,0.240606566663233,0.30971850364995757,0.06911193698672459,-1.7469270106816686
ACH-000445,-0.6072392043951919,0.19356611000453677,0.9723250000208714,0.3489766190595467,-2.3938688487161772,-0.05466415330282258,-0.3982822156274777,-0.1037817685048961,0.29450044712258155,2.29110352957818
ACH-000446,0.5342836675368688,0.4140423012290458,-0.7990420329826708,0.07253473828461929,-3.139584783499806,0.2527413092568814,-0.16673189006256153,-0.06886415292780315,0.09786773713475838,-0.7206530164635424
ACH-000448,0.2672133410248816,0.7318921416613229,0.2835795262197647,0.021995245768168914,0.32776686461003557,0.31823668155621126,0.6645986867868917,0.2865815032257794,-0.3780171835611123,-0.5505878688774932
ACH-000450,0.4197654531807936,-0.2750008616585594,0.4744869910048588,-0.5119810815562055,1.9053874427838249,0.1425509547466286,0.33761531419458635,0.06076325593001597,-0.2768520582645704,-1.8141338116589036
ACH-000452,-0.2836697069141502,-0.085085047189279,0.23094537250159852,-0.06648667360524195,-0.7152469464676997,-0.45139288487546125,0.2281910371571053,0.3451375023718942,0.11694646521478894,0.5794256812010956
ACH-000454,-0.10504071830671391,-0.7677632786147184,1.7834918173467884,0.16232218496670442,0.2333840283386472,-0.37785797212121464,0.04567384548406761,-0.10769389921918829,-0.1533677447032559,-1.1994625052505168
ACH-000455,-0.8237207489437834,-0.08335960154770003,0.19278023405408656,-0.1727175066662221,1.4240814973327325,-0.13174957410000387,-0.003798092152011434,-0.7016889765577342,-0.6978908844057228,0.940970861682862
ACH-000456,-0.6443215716487426,0.3673264370778598,0.6268978711688084,0.31878620840354266,0.6107472198118679,0.18555527415308004,-0.2551397343665103,-0.0988076363040998,0.1563320980624105,0.5510596135120516
ACH-000458,-0.15666355270091584,0.30286533707169994,1.1549136329402743,0.30397529383135863,-0.27988300587391135,0.3600167602087796,0.014986718630055074,0.6265765119735961,0.611589793343541,0.5709202024366427
ACH-000459,-0.5171289027352142,-0.24555758966490743,-0.6104472447086426,0.02279596007781512,-6.580855763329264,-0.29706346465203654,-0.6859580455942206,0.4720133259638072,1.1579713715580278,0.6552164660241397
ACH-000460,0.3364121235437304,-0.3912017229902083,0.40737753756942513,-0.2862620273680622,0.9208497325991662,0.03945692715269866,-0.08878303678231197,-0.3405641805846942,-0.2517811438023822,-0.0017456541620679555
ACH-000461,-0.07202906215243057,0.15566635560596392,-0.09144690951152626,0.3249199355658475,0.14366725768203392,-0.6078973027474319,0.6917310721866914,0.5376259059219644,-0.154105166264727,-1.4359258440743625
ACH-000463,-0.1718182377423989,-1.0343553599177957,-0.6184216620409247,0.16085563945270404,1.378038056742119,0.16403936052606216,0.24085710114345305,-0.3367915400446727,-0.5776486411881258,-1.403926477645955
ACH-000464,-0.7590589558860801,-0.19358016770234704,0.041212425263935024,0.13789053544027136,10.0,-0.49090195609182197,0.2021747135702197,-0.3323088887699535,-0.5344836023401732,1.3125829659346362
ACH-000466,-0.9974673570974597,-0.04913008007256914,0.318950367723198,0.2924378052901363,0.20723431952247356,0.07606784485532178,-0.2515185344765315,0.01760555948867033,0.2691240939652018,0.1715893011231059
ACH-000467,-0.12874856791041023,-0.2224505419851862,0.4960347315271479,-0.28730935746694164,0.6360323031701561,0.08564381448738426,0.06901147963306253,-0.34623838099599985,-0.4152498606290624,-0.5943499535391219
ACH-000468,-1.1161531521875026,-0.48120862636811856,0.6332498563686423,-0.21235401380854557,-1.2098931556550387,-0.4555524936346558,0.01260957592460396,0.14053818942611637,0.1279286135015124,0.17003108305609188
ACH-000469,-0.47144062358797023,0.16184845278610582,0.5079211127697398,0.0863797823213899,0.15445269579906926,-0.2902200262146841,0.32718900677469404,0.46264528492702217,0.13545627815232814,0.16059817797342313
ACH-000470,0.21662505285057165,-0.40391898720346464,0.4512291749903227,-0.2691822654679467,8.166566077843495,0.2489624583660126,0.21978335549052758,-0.28232784402816685,-0.5021111995186944,-1.7773243927943356
ACH-000471,-0.13143590667950178,-0.7051705388715609,-0.2576695842003524,-0.10067548757294786,-1.4765954915787554,-0.16417763660215257,-0.15999037699558594,-0.04871828039762083,0.11127209659796512,-0.10289586992926265
ACH-000472,-0.04571458724891464,0.24177612360211154,0.052167794172557125,-0.40650517583141765,0.9984293618964338,0.0022992273916278005,-0.2604960208479581,-0.9767167616935388,-0.7162207408455807,0.9613715119447828
ACH-000473,0.39513841103796077,0.24701403101971844,0.4218098298216053,-0.20900498461549824,-0.48705698682966514,-0.4741369632194502,-0.43674320173126785,-0.21813821442221898,0.21860498730904887,0.022539735816126644
ACH-000475,0.4002219997689078,0.03815724931983985,0.14827590850581845,-0.18373106549989796,-0.5265209969069767,-0.06432493485101565,0.317673771145743,-0.2763020759914604,-0.5939758471372034,-0.7223672848114473
ACH-000476,-0.5985028033344191,-0.10145216656252798,-0.4852496951297977,0.06391976000357022,-0.849303588273557,-0.3451248661285416,0.08373662191711079,-0.044602356875934,-0.1283389787930448,-0.24464747632783768
ACH-000477,-1.0399155225786982,-0.3138175702192626,0.09016541847332382,-0.011866769248179032,0.1200081635372708,-0.32168833968844074,0.7956411945818487,0.5240395764219359,-0.2716016181599128,-0.16928221956662398
ACH-000478,-0.9745388469545758,-0.6328816925611109,0.219347027268072,-0.045575891972124416,-10.0,-0.3752485501803926,-0.3578900981601718,-0.20252513660132862,0.15536496155884316,0.8990874310419981
ACH-000479,-0.733245155634812,-0.12412504557349491,-0.012675175498635782,0.07721142348929595,-0.9351062235562794,0.34572704008931787,-0.18580101983272784,0.10412015737172726,0.2899211772044551,0.2949069692739628
ACH-000480,0.5075665353801309,1.0345153020721596,-0.45000049435312334,0.0902104482123654,-0.158805860525554,-0.523256702419466,0.010192254407586088,-0.3735218974278436,-0.3837141518354297,0.1698100726300361
ACH-000481,-0.2060381980272576,-0.561699765354192,-0.6999610311535729,0.08426983621747267,1.6561737345607084,0.17041994259693755,0.23024507962655325,-0.137725152521861,-0.36797023214841423,-1.052097965587331
ACH-000483,-0.12333633012030332,-1.1584711197834667,-0.355756056021617,0.04330775592539171,10.0,0.18692399960348416,-0.37623828003482906,-0.27743314874544944,0.09880513128937964,-0.07178391396478209
ACH-000484,0.24821833886750733,1.2351286290441712,0.03763840148285805,0.05567007557036269,0.14389655191906683,0.10377546682080524,-0.11552613392646129,0.051015095508151906,0.1665412294346132,0.2979309726838821
ACH-000485,-0.9511366034987426,0.6590215070460519,1.115820504629073,0.10056933080091013,-0.19892504769170152,0.18822399800173847,0.0787255539923435,-0.1141266646001378,-0.1928522185924813,-1.0469259185368627
ACH-000486,0.0793558362410276,0.3848967976650332,0.16103621476066599,-0.3335465516651246,2.952698838771283,-0.3008936375377168,-0.34559701599344106,-0.36523093748706403,-0.01963392149362299,0.07821545247536338
ACH-000487,0.0283035155708683,1.3594022648568167,-0.46169877072673987,-0.016518065140313676,-4.413950754416089,-0.32966047439706025,0.08986901886436376,0.14781581253167847,0.057946793667314714,0.06230728284508452
ACH-000488,0.6109216239998371,-0.16853283903696392,1.2254999912205369,-0.547639182569617,0.8260507070764723,0.09930498474770993,-0.4180300753524957,-0.2238153820608452,0.19421469329165048,-0.20882362355106027
ACH-000489,-0.7938867630253839,0.1676930218073966,-0.14303748242314818,-0.25594251258017564,1.2140977888606266,-0.1342866667245718,0.31801314534277547,-0.5485410491967608,-0.8665541945395363,-0.4054920364950534
ACH-000490,0.04880815942333794,-0.47328408025685675,1.2162740745508664,-0.5609464261705106,0.5620336798743417,0.09905211115987736,0.14466209761243692,0.1417395875200323,-0.0029225100924046288,-0.20540588540974372
ACH-000491,-0.4368189838254254,-0.16791413347313766,0.37690571471852247,-0.309880018679399,1.1317305767433488,0.03934084763298601,0.5160953459860589,-0.3242910036032834,-0.8403863495893423,-1.0261883477666194
ACH-000493,-0.419292043618688,-0.9315823236263429,-0.42652978849028017,0.19470952733343747,-0.5098439655315031,0.04834268707955436,-0.6145914475147137,-0.16120951181419577,0.453381935700518,0.7146300361303687
ACH-000495,-0.2052990533546576,0.6507304183581111,-0.5458877790814276,0.08285975106479364,0.7589164688994368,0.055070734188964826,-0.460991592816444,0.4007130057044582,0.8617045985209022,0.593198360006904
ACH-000496,-0.8074002160491544,-0.2947404627858583,0.9015126575786953,0.03165371429441044,1.3754405030539583,0.2322733455940007,-0.09613015426240662,-0.10490896773128948,-0.008778813468882861,-1.1926189000714436
ACH-000498,-0.2080653694873581,1.2069683069258101,0.04204511770752495,0.24568107801017292,0.15042706162049596,-0.28541529775299584,0.28782332835900665,-0.2626893720810139,-0.5505127004400205,-0.11217727618370615
ACH-000499,0.9396105516782196,-0.300040443048361,-0.5050643842022267,-0.3003505638921685,0.3898375995180865,-0.2038343994472798,-0.7598006141590059,-1.0450511971766345,-0.28525058301762857,-0.12494947202128048
ACH-000500,-0.6951624475029553,-0.2188162105003365,0.4031962965198208,0.22364264360128422,0.7868966237995458,-0.1559917380575785,0.40382149018477254,0.24416303104331966,-0.1596584591414529,-0.8549913204237309
ACH-000501,-0.16790641867599437,-0.3588437837225175,-0.3411104288069101,-0.39464469888063225,1.3213302681885288,-0.20569178947023437,-0.20938450769927697,-0.07679786579454433,0.13258664190473265,0.8221425992694064
ACH-000502,0.689640253509716,0.42972197050687205,0.6224181823747197,-0.3932618158788788,0.5358707434808588,0.28568029273633955,-0.4065164519464052,-0.3775831674132028,0.028933284533202368,-1.0276841162463874
ACH-000503,0.02750712386326848,-0.400000966280008,0.6516774886016161,-0.411340716474389,0.804536790538344,0.22748165213578553,-0.15847887148404333,-0.46260991825532205,-0.3041310467712787,0.9055045245305732
ACH-000504,-1.0689372782281032,-0.20568739921403856,0.2989876322110807,-0.002312860108642567,-10.0,-0.25161992436024155,0.36194517780276564,0.42223291018857206,0.060287732385806425,1.4442335323089568
ACH-000505,-0.6765376532232672,-0.07770394448766316,-0.5023584154461911,0.24814247535285672,1.3676998404488845,0.013833742708981765,0.8424710180454565,0.8801177198565743,0.03764670181111774,0.05482738676839777
ACH-000507,-0.7558142188761742,-0.5678173903376768,-0.23488863699755255,-0.19116574116223534,4.400436808074235,0.21180339991664898,0.4118576434769074,0.4243005528110129,0.012442909334105535,-0.5900349251430602
ACH-000510,0.31681332462572015,-0.46106951839283833,0.1774316737211425,-0.17276864335006042,5.920088159231696,0.1402903934132393,-0.1449265495101334,-0.418035822530659,-0.2731092730205256,-0.46398283450351047
ACH-000511,-1.1798336117036632,-0.7193879734240192,-0.06197918045904183,0.4698509834965155,1.0339848717248539,0.013159115240063746,0.22744351298959428,0.38501534860089426,0.15757183561129998,-0.22897250783026446
ACH-000512,-0.3080678789655527,0.7193406628629655,0.13022395361796799,0.2637998056718536,0.6963559667241542,-0.1392346384157636,-0.010752405727373182,0.039797452667815404,0.050549858395188586,-0.8606889156657248
ACH-000514,-0.41855400610214477,-0.9732168497579468,0.7489213794274998,0.07140563633191255,0.3098870808413691,-0.5864376681811778,0.7581651748737716,0.5327630433377056,-0.22540213153606592,1.2087781539106304
ACH-000515,-0.7978224851912111,-0.6456442925787161,0.08575773857810975,0.4189822657479002,0.7961989509296025,-0.16148949318416506,0.5838273837029998,0.4481013179134917,-0.13572606578950808,0.19779685542927256
ACH-000516,-0.9060893764617918,0.09754878531902178,0.42437732842051856,0.21119723156440762,0.23027675320783836,-0.3997069083191617,-0.3430360511179424,-0.026260796377435325,0.31677525474050705,0.8091479161202607
ACH-000517,0.39774378612364697,0.11017017567864787,0.17309838093735688,-0.2927843840891112,1.4537597345455697,-0.06829028857036318,-0.29889451854262516,0.3233221017955573,0.6222166203381825,0.7019980752976236
ACH-000518,-0.2264945588811464,0.1897524550649824,1.2872217392558019,-0.2853451709002741,0.6742446860198186,0.15161349269610197,0.1174577709912254,0.035542322417746436,-0.08191544857347896,0.06499813628578632
ACH-000519,0.6198421839999771,-0.12194851049224084,0.13144588741703173,-0.06868004549568293,0.6793854165462447,-0.2398069935970546,-0.560317665568722,-0.653600327688748,-0.09328266212002596,-1.746961530810544
ACH-000520,-0.16681814215930468,-0.5278444316330567,0.42723401245738,-0.27095798311722974,0.6146865257144417,0.2057247151651886,-0.24975848152964883,-0.4512366467889274,-0.20147816525927856,0.013913590746659973
ACH-000521,-0.43146436413451705,-0.5523400172082708,-0.4847019601824783,0.03641276556019824,0.42702765958874284,-0.1311578736793626,0.24766008460538275,0.4904390205938493,0.24277893598846656,0.4156405606912006
ACH-000522,0.02323597882450712,-1.05899193317344,0.4502317945942099,-0.003504162369608932,0.5405065582649528,-0.2708686249524219,0.2632302964534741,0.45564441416991064,0.19241411771643652,0.21471138051580446
ACH-000524,-0.350000437746901,-0.447198265053389,-0.5275328360004684,-0.1827400926072243,0.7288804982130965,0.14779783954599884,0.5516045243414835,0.09722605726792288,-0.45437846707356067,0.4837992648949023
ACH-000525,-0.2813261302299472,-0.4166070854052366,0.7340360338766347,0.018647792828162535,0.7063367516823086,-0.2564564208585639,-0.031239957149663516,0.15714474058158615,0.18838469773124966,-0.8817016660524519
ACH-000527,-0.7899071864106798,0.792994504818252,0.2839042602038361,0.07234567972261863,0.7992889829883394,0.15900745303501662,0.17371931040858674,0.048290588229650475,-0.12542872217893625,1.4126014086688492
ACH-000528,-0.2643027523378198,-1.019595668412808,0.8377701477377278,0.01394952929415294,0.20479889261349585,-0.18031917263228622,-0.3226267815338465,-0.16029978162399477,0.16232699990985175,-0.6462387713384256
ACH-000532,-0.41802632686081165,-0.839033233132432,-0.10347441304328764,-0.37465003201147296,-0.9706762118707892,0.16208827108556895,0.23412707894682971,-0.5155092471110845,-0.7496363260579142,-1.8381406978226384
ACH-000533,0.02178873314568685,-0.22984785285783893,-0.20993590243859545,-0.06421439327171773,1.3380799232236915,0.05933185998360144,-0.2779144837400448,-0.4856542021070761,-0.20773971836703134,-0.19200506508277224
ACH-000535,-0.23607348316777532,-0.17572352198847058,0.377178632460195,-0.6061532347047107,0.6863025269754153,0.13681872060527983,-0.06539356560528714,0.28690964806506153,0.35230321367034867,-0.2850219040546482
ACH-000537,-0.26118112590398057,1.2983923341367083,-0.3898254281778134,-0.38287396097863124,1.0755229474625523,-0.04739462965618779,0.40608825338701887,0.2109614374078463,-0.19512681597917259,1.277346907975342
ACH-000541,0.9324195136484844,0.5603503845446381,-0.2681706413345122,0.03205701431099256,0.5283417516556576,-0.3394102211450053,0.4456973716394459,-0.10565980129685357,-0.5513571729362995,-1.674873905301176
ACH-000542,0.6091472296679364,0.3874492246322471,1.0780370918145805,0.11292342986117991,-1.1749408910876789,0.5348779758173825,0.6324973730243422,0.7464953477513226,0.11399797472698044,-0.7260316893022469
ACH-000544,0.7658243446554378,-0.13079277661759892,0.012116386209512608,-0.6882242195626378,0.8676906905015044,0.20228317163375098,-0.2315371240578339,-1.0616295616264277,-0.8300924375685939,0.2195449646920269
ACH-000545,-0.6748986709114138,0.49734346554731385,0.9764940188860132,-0.041613619708238125,0.609705889550395,0.06946258196088481,0.9113585597783189,0.492592475305238,-0.4187660844730809,-0.3575523270080381
ACH-000546,-0.1950109579194264,1.157978452653028,-1.004092705179962,0.08972868059018307,0.9801930276967911,0.01223963820168339,0.23767427716377545,-0.010761952413496844,-0.2484362295772723,0.544444165477443
ACH-000547,-0.3919693410039887,0.48230088009908,0.19214523274912726,-0.030109392183095607,0.29415246917885274,0.18786137700948177,-0.2858191359566235,-0.20030826586644618,0.08551087009017733,0.4902466990797655
ACH-000548,-0.6790532201124513,0.6891834083173509,0.2811185729050069,0.15404984456638915,-5.903765573601631,-0.48280921520292963,0.5888994096991949,0.5460476111755881,-0.04285179852360674,0.29472261323360993
ACH-000549,-0.14243082245458372,1.3457716852223953,-0.04332269297746505,-0.15578040160812778,1.0220211124703436,-0.018670396217021823,-0.6166464076954496,-0.21234672854841027,0.4042996791470394,1.2479039970076333
ACH-000550,-0.14170897510371638,-0.18886783700505938,-0.36927721036400696,-0.22574164136989994,-2.8358492109551268,-0.09574597543956653,-0.34961034833372906,-0.1080469906070769,0.2415633577266522,0.5529501557758381
ACH-000551,-0.09015435620086965,0.6562418677803912,0.8157663856180118,-0.17888744541738272,0.5392617764937142,-0.2707270745740279,0.05753823495718696,0.23486366254402596,0.177325427586839,0.3396297310874561
ACH-000552,-0.7330324676350329,-0.5979173313435033,0.09337427547208822,0.1178118112340322,2.044394525822169,0.07576986014620221,0.23352017508145867,-0.23724292779426354,-0.4707631028757222,-1.380377742790849
ACH-000554,0.35862630614455493,-0.2646002916357967,0.008728783053307283,-0.0838626013774933,-2.8370253737742304,0.35012819122931166,0.9313806307936505,-0.01833874801334896,-0.9497193788069995,-1.4417080113300238
ACH-000556,-0.401359445000848,0.18713123807334398,-0.33017425753449525,-0.06873531737724398,0.9203275311664149,-0.04130091187144935,0.04562849394792895,0.13816937029561593,0.09254087634768698,0.9006348855085663
ACH-000557,0.7298815472184653,0.6905022687555212,0.25436473591126746,-0.20455015912661778,0.5129374142141464,-0.315880544254286,0.19779437112653475,0.2881301497539269,0.09033577862739219,-1.2142402327478132
ACH-000558,-0.6090594828153975,-0.6003938828312616,0.09532325423218424,0.16455757898255452,-5.160064640295313,-0.14364257176724185,0.019128770351681118,0.18538156277835188,0.16625279242667076,0.8163278660773629
ACH-000559,0.4154022880567182,0.19518267976569706,0.868945061181179,0.4045382596567251,0.6118189109965767,-0.31449898836471113,0.07788097612989209,0.5575327043646601,0.479651728234768,0.561930594608346
ACH-000561,-0.6126500374351235,-0.030392703729872628,0.7713730865013516,-0.14115725647699065,-0.3566396817816276,0.29347009166126675,0.16538210185649393,-0.14664294989526477,-0.3120250517517587,-0.20318306616090517
ACH-000562,0.5396690657339462,-0.5375053719962339,-0.1859902916876771,-0.10980914144817054,0.18412101882330953,-0.1317545081274153,0.30483264643269814,0.8081273211935891,0.503294674760891,-0.11069855012971935
ACH-000563,-0.48342806048246145,-0.5479876100342298,0.4349112313259386,0.44077744197702695,0.5912139810979106,-0.3135891722008326,-0.0034601007777859266,0.10292631917857345,0.10638641995635938,-1.2344099634216557
ACH-000565,-0.9414341481192945,0.22158053278900197,-0.0623747295615783,0.04979968499919929,1.4470572955339014,-0.1466151311824993,0.3457203633484344,0.135288999282491,-0.21043136406594343,0.40414314558611797
ACH-000567,-0.2573488784842637,0.06129213017575169,0.1274112118476623,0.1888477702905287,0.7938183446574172,-0.23009579876736208,-0.06524556179005868,0.005839758023111407,0.07108531981317008,-2.0291181624357693
ACH-000569,-0.12824917965234822,-0.4758237096691479,0.9642735305625573,0.16931761541907403,1.9623317229436088,0.09726141081913071,-0.1519902767692601,-0.09563636448621858,0.05635391228304153,-0.06918511301642546
ACH-000570,-0.2613610180844576,0.002763843121517451,0.187325981800346,0.09727480813750777,0.24406795884643143,-0.3680553326689008,0.10400260247282433,-0.119340863741497,-0.22334346621432133,0.635808914283746
ACH-000571,-0.536753395485976,-0.05812482054655077,-0.08254432852107202,0.1272126153967179,-0.17559584821590368,-0.23077007778087494,-0.3915252854114736,-0.12875097707623037,0.26277430833524323,-0.041049241740652165
ACH-000573,-0.5522610316341986,-0.8965919073763184,-1.0444417815582616,-0.2515940342132268,3.928774277236404,0.5154441500279132,0.31198623813369103,0.2860585086689369,-0.025927729464754117,-1.1131157031043868
ACH-000576,0.4203376934597216,0.8711449610295573,-0.29590723086428883,0.1391321390899372,1.3944735740580525,-0.11970738685770499,0.40661046207725415,-0.2867332754929727,-0.6933437375702268,-1.143082435412638
ACH-000577,-0.7696073302492774,-1.0841554234934585,-0.8344708133700748,-0.02919858587435442,1.3087864359659256,-0.10970077924776983,-0.269631178993996,0.35741666999831956,0.6270478489923156,1.0864283904104421
ACH-000579,0.46661243112566264,-0.4607134544362645,0.37761164963583205,0.13287622558127998,0.929236336881902,-0.04191909036503971,0.5416252392965151,0.41490498128386505,-0.12672025801265005,-1.5564885009615366
ACH-000580,0.031512754242994954,0.4717564495644647,-0.5784787459700579,-0.03306561480733711,0.742727538051767,-0.09055546142649551,0.177392143940872,0.6813473675487385,0.5039552236078665,0.645378627809068
ACH-000581,-1.6136381172379692,-0.6683156725484749,0.20437961538966687,0.33316636188749826,0.9964755165573197,-0.0022210277003671397,-0.3145349214310888,-0.28446965285195347,0.030065268579135336,-0.8911885943779312
ACH-000583,1.2872065408625137,0.07514263505151031,-0.47909707253468553,0.10522502082364266,0.9674971822833236,-0.015896173715335693,-0.0733149379614953,0.2648727430962941,0.3381876810577894,-3.3767384341226
ACH-000584,-0.25053920707481714,-1.3356699328204458,0.0989008286425706,-0.04675102012645321,0.778228078972769,-0.05738537131310467,0.4253254721338311,0.5327708520311877,0.10744537989735657,-1.171302195062303
ACH-000585,0.3170601757504045,-0.12482280009847674,-0.33692673148014696,-0.048095694937151705,0.4028201009435697,0.1706551635813927,-0.25640310455547555,0.1603227913036048,0.4167258958590803,-0.1453019327039954
ACH-000587,-0.5597403555010698,-0.8991103335347457,0.18244827998911006,0.17964605920388738,1.948264800912319,0.2560682115728138,-0.1963262666435253,-0.18939745674069014,0.006928809902835138,-0.17871192714956607
ACH-000588,0.47282781036945754,0.5158716649224312,-0.17130627838067608,0.13783521861772854,0.5488979514868223,-0.20526704636283427,-0.6509645274519751,-0.2940574784133704,0.3569070490386047,0.0717278820854686
ACH-000589,-0.18535558213803605,-0.5919672473665817,-0.05628573539722359,-0.23188504256703754,0.3353444124015907,-0.05535437473317923,0.38749059773869055,-0.18930845953587924,-0.5767990572745698,-0.7523852614522751
ACH-000591,-0.9594980349905015,-0.9821186294382561,-0.11486643013889919,0.1385383015424676,-0.11324349455537666,-0.2834787681842523,-0.41403557520956324,-0.052913048949285155,0.3611225262602781,0.8952630517485425
ACH-000592,-0.9562418127812345,-0.10703162670815491,0.018924797260779613,0.28051431628741375,1.4145525626955615,-0.08431093487112257,-0.27490845875879955,0.19108374260713315,0.46599220136593267,1.0674742650406035
ACH-000593,-0.1231297795189199,-0.5141735598648792,0.4898912777937325,-0.12407492530015657,1.3662971992603528,0.07954334768796897,-0.583091149593129,-0.14085629245217304,0.442234857140956,-0.3142798665903576
ACH-000595,-0.5169591169943539,0.10102059670927166,-0.4870996526958439,0.24570772751972672,0.1942744397874694,-0.3722993662705389,0.8106568012170937,0.6835137914064093,-0.12714300981068438,-0.4897977327403145
ACH-000596,-0.2995641124541476,0.2201369502611148,-0.018718587744191745,0.16033993126526985,0.6498683695999006,-0.07479657568920389,0.1701028239917935,0.3210268618242198,0.1509240378324263,-1.0347183630477024
ACH-000597,0.41309764595764165,0.37703020893829575,-0.1511540985285136,0.044862330063558664,0.7367969975040592,-0.13602849207601952,0.35371747648389884,0.01974176995705943,-0.3339757065268394,-0.459392146530983
ACH-000599,-0.4264216237520739,-0.8396772982840961,0.5196517454938496,0.08319601557827509,0.3558779396619128,-0.032088555558732135,-0.05502666302167075,-0.345148016861261,-0.29012135383959026,-0.6032126227562904
ACH-000601,0.1522324841426687,-0.7753511675266698,0.566815899376937,-0.10883773765478755,1.4145337492621088,0.11927986841941063,-0.300154452035414,-0.479548409851369,-0.179393957815955,-2.8822399676623656
ACH-000602,0.3312439705649294,1.1229631900802637,0.04823085709342087,0.12448656542716463,0.7888567853344279,-0.14990160375301542,-0.3923277098940201,0.1589586201185115,0.5512863300125316,0.18494905008250673
ACH-000604,0.2094655210690433,0.4607869785949059,-0.713370226621136,-0.20910770662147932,-1.8010709246108183,-0.06363759616356512,-0.5864452336603873,-0.59281885607021,-0.006373622409822779,0.009997191723387755
ACH-000605,0.3992096867584373,0.2858257096100094,0.9248562490794315,0.027193826698248366,0.5525319142211255,-0.15297101387803996,0.49586198307394247,0.022304385738415332,-0.47355759733552716,-0.6819586593236715
ACH-000606,0.7235608939706194,-0.18884322464777575,1.1128325533398007,-0.5041984727873117,0.6052266484681009,0.2575862486198997,-0.35305997668018696,-0.009168167288458342,0.34389180939172864,-0.786860256300437
ACH-000607,-0.9540421713822186,-1.0202350008803998,0.4147760374373708,-0.14469141609109407,0.5904146380733271,-0.2165427515964457,0.06734493179098089,-0.48020354612792115,-0.547548477918902,-0.19356026826372918
ACH-000608,-0.26274478610812557,-0.10980528440516091,-1.3636326671692647,-0.1635200134086665,0.3804964560447802,0.4796208351769798,0.011487539179120931,-0.5217253819910878,-0.5332129211702087,0.09682099598592397
ACH-000609,-0.6479184307368513,-0.3660272874588265,0.8214308338147287,0.09006857324918423,-0.024217837935985285,-0.15534657933378423,-0.9066898804538586,-0.37179094099878585,0.5348989394550727,0.9908885971104247
ACH-000614,0.4941427049044613,0.24969052905159056,-0.901517872656078,0.10926482767715512,0.20034824426622377,0.13217191201974254,0.5290156399174787,0.8617974399109967,0.332781799993518,0.47497972452236137
ACH-000616,-1.5854995851298344,-0.9458362672056138,0.3945028515264343,0.823761583819139,0.7560049172583478,-0.1954898966635633,0.654016474450316,0.9867364816032991,0.3327200071529831,0.877462427954598
ACH-000618,0.46568624133692904,0.32973683867449455,0.5624224731522833,-0.3689808183769735,0.6954507742728792,0.12930825305101823,-0.048111678558252394,-0.005710580588746161,0.04240109796950623,-0.12771451271535508
ACH-000619,-0.7133888051008443,0.4535980240175462,0.26882308630430984,-0.05212052736992634,1.1069618738856053,-0.07920321690510246,-0.1610275259008405,-0.3485851055773564,-0.1875575796765159,0.8449662373857777
ACH-000620,-0.7618084002584018,-0.059260763205599254,-0.5433928030366274,-0.13331835742606052,1.1362938849910125,-0.06917192354888002,-0.3950381652585281,0.06019942830241285,0.45523759356094096,1.2914682878874102
ACH-000621,0.46985969925687826,-0.018360764291397713,0.4146236845884138,-0.01776847452757291,-0.06883250136797311,-0.4763980313146982,-0.2773155712522533,-0.365477099353783,-0.08816152810152965,0.44511274381032906
ACH-000622,-0.8044744516458318,-0.9940094873462187,-0.10869602539119694,0.16347014621182765,1.4957460349194327,0.0985810012522007,0.5159444779202819,0.528187355286055,0.012242877365773166,0.45028399324772683
ACH-000623,-1.0045753237301274,0.11667177533627093,-0.2226044103924681,0.029040752780657694,2.7254821196792394,-0.19612191519037825,-0.3674122575459765,-0.34583439633185653,0.021577861214119975,1.880751780315809
ACH-000624,-0.39096875802884545,1.1104235361358916,0.8532820243567479,-0.66205866931142,1.325578775327236,-0.34566903106094204,-0.11799384188922579,-0.8940805726297597,-0.7760867307405339,1.030147928820554
ACH-000627,-0.8896502378331135,-0.513573910402366,0.3231264592693687,0.2625971592607188,0.4393406571618504,0.053016091732608794,-0.35889801932182125,0.016042196110219353,0.3749402154320406,0.5232433004246771
ACH-000630,-0.985434598495528,0.1623873411163732,-0.529266928952318,0.1559951347249003,-5.499678277749997,0.30822265354403666,0.286605015673079,0.3540717038438183,0.06746668817073931,0.6968238607726924
ACH-000631,-0.5436449754891446,-0.4334563363015811,0.6562237712343101,-0.033139562698007635,0.14230381694011146,-0.16173446514403433,-0.035740343129738394,0.497305547998136,0.5330458911278744,0.128138120483419
ACH-000632,0.229426617367587,-0.47369256940360316,0.3511439107224805,0.16269324454106882,0.4120022183403112,-0.29067130241384265,0.3621984830921911,0.45978658269479034,0.09758809960259923,-0.68750752261129
ACH-000633,-0.17959242150888494,0.4914821443185751,1.4164687357603891,0.001025034442019221,1.369710224347888,0.09565991365045551,-0.35484307713281243,-0.7348746240076862,-0.3800315468748738,-0.6592067906693677
ACH-000634,-0.128351676809133,-0.47926044553050406,-0.39296317493523625,0.18532284283900563,0.37799004854338236,-0.2582245359879484,-0.6702090599671462,-0.38184525344363596,0.2883638065235103,0.8600703923606975
ACH-000637,0.014642736561685132,0.18774356203305603,-0.02312878922120787,-0.1894656354766281,1.1485957075152107,-0.06724112366698892,-0.30582783035048766,-0.2355997374544147,0.07022809289607299,0.9707855500822254
ACH-000638,-0.5376416308505162,-0.1293507784554961,0.35185554122311685,0.4505803688420895,0.20289640770529288,-0.5299518339970365,0.08498486983034917,0.25553741488242027,0.1705525450520711,0.28376094461833257
ACH-000639,0.7018092598046086,-0.3781016920974563,1.609490094783095,0.2369632732402065,0.7863298104625577,-0.19714482423218582,0.6078656722980695,0.45611728896052384,-0.15174838333754576,-1.3332487552967505
ACH-000645,-0.34784618162267683,-0.5537879663376706,-0.38894968263095875,-0.08898222186860416,0.7426767085792989,0.11246974693865719,-0.877809778229894,-0.3232459535000357,0.5545638247298583,0.4331083521005941
ACH-000646,0.014720515529617062,0.45938816543814176,-0.735191540996059,-0.6401193732527908,0.979715177821812,0.042346373505634194,-0.1436572159212005,-0.742413989111523,-0.5987567731903225,1.0521684647694953
ACH-000647,-0.8226712639333396,-0.4525093483679832,0.6222421029789316,0.1140342137570616,2.267739503981527,0.30024745113716433,0.09686149555708279,0.5031602998320057,0.40629880427492293,-0.7806814408504568
ACH-000648,-0.11791137736127533,-1.6805098409338624,-0.8106448424155022,-0.32125238800509404,0.27313268677381264,0.054979375518987884,-0.2877217344170105,-0.16594124752187658,0.12178048689513389,-0.544569649558303
ACH-000649,-0.7546727443089993,-0.0989556453625019,0.17850681939144686,0.31802971464737284,1.0180760103239113,0.003281150370475938,-0.024252223769806014,0.14698620232412865,0.17123842609393466,-0.18984567148821943
ACH-000651,-0.21651120400206303,-0.2826147664868198,0.15339195949114806,0.3624429396786615,0.9878248546164967,-0.008861478807292933,0.2542397422090476,-0.3863579018519288,-0.6405976440609764,-2.1699604950224933
ACH-000652,-0.3485378062804108,-0.1326671742177415,0.5578760158904155,0.04276393238896781,0.8540749187115988,-0.058791333482597574,0.24315373136626994,0.30075694713165657,0.057603215765386614,-0.8173673039020182
ACH-000653,-0.07090093518772644,0.09638833727590318,0.44726074109988995,0.153705617480195,0.7516464502855773,-0.13640527111876094,0.0021838323620632302,-0.03231183989257136,-0.03449567225463459,-1.0498687928474597
ACH-000654,0.4874317567520501,-0.33316050332823754,0.7750613497573899,0.032472182546537776,1.0071542446604627,0.0051460396512624795,-0.221417623061666,-0.35603991975044885,-0.13462229668878284,-2.977414454014433
ACH-000655,-0.7475984320995254,-0.9262435276897669,-0.7464191837591283,0.02836079820617176,-0.854330242427755,-0.33111396679275307,-0.48617304624003144,-0.3589080651611524,0.12726498107887904,0.007175357445892372
ACH-000656,-0.09499660240381438,-0.33865625639683117,-0.8001761173798353,-0.031179012262133845,0.27806918758937577,-0.26053635536320074,0.48746237914163465,0.12782655299523538,-0.3596358261463993,-1.8677985272066666
ACH-000657,0.3459968923701985,-1.0015015580547157,0.05559630652668135,-0.052410643641367105,1.1954275399305194,0.09464616795794317,-0.025702991742058978,-0.20685836432599958,-0.1811553725839406,-0.8445443419603378
ACH-000660,0.05011393989939493,-0.26897195743506025,-0.3950189715398943,0.09910317348836092,0.5185356168093929,-0.4252421905899034,-0.9144276310264455,-0.3070697450510632,0.6073578859753823,-1.603935823825445
ACH-000661,-0.8416527628659976,-0.01590141128472916,0.016160507510098066,0.29840067480782284,0.3523916062537195,-0.3805174364783016,0.7695229258628641,0.8590696190535017,0.0895466931906376,-0.463787592555918
ACH-000662,-0.39471220003127927,-0.7194615046172304,-0.20696680661962122,0.33923915498574025,2.051815147328523,0.3045017255327729,0.3655300273786586,0.357735085682428,-0.007794941696230597,-1.2306247705947473
ACH-000663,-0.36324708372023107,-0.234327229832812,-0.3180602374656518,-0.2989371128714299,1.2551467147324895,-0.19653193774716926,-0.8962847703555813,-0.7964047241936429,0.09988004616193834,1.2473450450711154
ACH-000664,0.1446959839609888,0.10085148679070483,-0.2885741062313768,0.3683168346364374,1.0161388118966295,0.0067781758677007975,0.356858268901027,0.25029516578548494,-0.10656310311554207,-1.3254943668567578
ACH-000665,-0.7492329647442382,0.07410762822116401,0.5713721686087153,0.005259567635297113,0.76410272316795,0.0869840484937322,-0.11217473650760423,-0.09913153369435676,0.013043202813247477,0.9620491386492502
ACH-000666,-0.11576915896725193,-0.28171128642371185,-0.06634797844784854,0.3809741719548133,0.3389041221501625,-0.3933566250424814,0.38599247526495445,0.0949116425287921,-0.29108083273616236,-0.02482779633521076
ACH-000667,-0.6782897011989781,-0.006821020464117589,0.2726514590998984,0.05087974746486912,0.6534540236192135,0.2721980509656975,0.7235771388098688,0.03797295391939577,-0.685604184890473,-0.12008194561360719
ACH-000668,-0.856955810325253,-0.5224914045822209,1.4278664068171385,0.03999976082275622,0.8692552198738117,0.021553600395218975,0.22289658612158586,-0.029153313051380535,-0.2520498991729664,-0.4305615568045693
ACH-000671,-0.2585594359727854,-0.05688604435666403,-0.44165977538606815,-0.1706737037796992,-4.646077417822123,-0.3592860128612685,0.4450677310966583,-0.5689868790919338,-1.014054610188592,-0.38596214855374555
ACH-000672,-0.2010043468995977,-0.49809459175560555,-0.6989159209465337,-0.02519006966577758,-0.42015459261275584,0.13681978698423966,0.03253829520071744,0.12721656690790262,0.09467827170718518,0.6355425726144152
ACH-000673,-1.0347437180207546,-0.18360827504929741,0.4422865871295993,0.315402447413098,0.36493288994682815,-0.3196954310033241,-0.35881323018581784,0.027620647866844296,0.38643387805266216,-0.08402552421477827
ACH-000676,-0.21469957593356015,-0.5329235271996058,1.1915187267469485,-0.08450259242914707,0.5919673100978027,-0.20272965077668254,0.5562097669991626,0.3294927334010175,-0.22671703359814505,-0.34382854593554635
ACH-000677,-0.6437059887220024,-0.8015447762115305,0.16929433637598634,0.21055260143883822,0.8387142237494318,-0.07751058655436677,0.9103783717885526,0.694513111628883,-0.21586526015966964,-0.7265192827254409
ACH-000681,0.1158913557776008,-0.47926268640946307,-0.3784439555341116,0.4743835271860174,5.458487225431988,0.29879956219891524,0.1791299073956612,0.009051135903748309,-0.1700787714919129,-0.6100506399299792
ACH-000682,-0.3910927055562205,0.9928860242517554,0.6268687068684393,-0.12940175909752194,0.7129387313218422,0.28250321157906644,0.08462915469535984,0.27838377380218016,0.19375461910682032,0.9878697439688676
ACH-000683,-0.21935965869882673,0.43054182356005505,1.5775966913105153,0.06251795465032363,10.0,0.22356631727730752,0.020116180770457764,0.0855388859729794,0.06542270520252164,-0.7073900342934232
ACH-000684,1.6017383487522974,0.03301936826335217,-0.48458565398437325,-0.5191812068146962,0.8042736643467326,0.2221362669048239,-0.8152841782884623,-0.4717707657651406,0.3435134125233217,0.49645585173387724
ACH-000685,0.3020311935141633,-0.20984052325485195,0.08875795220488403,-0.35491420881522573,0.6788118301540399,0.08332318753438611,0.2366207872477109,-0.4916576900531113,-0.7282784773008222,-0.8035685296692601
ACH-000688,0.17148947669960402,-0.9337265306188556,-0.018698191629667377,-0.2445572200243098,1.295913760132494,-0.05014645308950072,0.1336755003715046,-0.1420006764654651,-0.2756761768369697,-0.2613607326489358
ACH-000693,0.15168790426784945,-0.6303570452008284,1.6662919089269281,0.12905272554353947,4.123735470311635,0.42915991799254083,0.29682033885196235,-0.014139319228124192,-0.3109596580800865,-1.8821557725771942
ACH-000694,0.06546745325462205,-0.03579433913165336,0.9598172834026563,-0.3544092640581644,-0.203994394378529,0.05241292231304847,0.15686796007667386,-0.0038367853574008846,-0.16070474543407476,-0.5262002175120386
ACH-000695,0.3253965887893639,-0.7698223167332907,0.39977748984742534,-0.043441486582440236,-0.1276512401885641,-0.3747089712425109,-0.32088343826943855,0.49877238277352254,0.8196558210429611,0.5831267982815836
ACH-000696,0.41919995723553244,-0.604088358114306,0.045526392338680985,-0.01397415782434841,1.0115624657127182,0.002274415081100406,-0.3472545123683961,-0.07501893776159044,0.27223557460680564,-0.7082679689077616
ACH-000697,-0.2605949473753573,0.5673938757739777,0.3227606630517041,-0.12062749785409049,0.4909821405864186,-0.02731866865146844,-0.3601201103775121,-0.7458635542363357,-0.38574344385882353,0.632407885299356
ACH-000698,-0.6241081408818447,-0.549303198305756,-0.16219714642166017,0.12696762213541507,1.1198141110701196,0.07473024950934792,0.3919443129500467,0.41357530286848726,0.021630989918440518,-0.43130142135740734
ACH-000699,-0.12244735200439388,-0.18665470277029078,-0.8941600725826632,-0.1785085981605937,0.4971890410657106,-0.12065209040491982,-0.09322254159736476,-0.2979187339583148,-0.20469619236095005,-0.159692445495764
ACH-000700,-0.5424297700753149,-0.8508059806135552,1.5759069983054554,0.02371677229958724,0.3548418403440201,-0.3725991089724836,-0.33397993158922956,-0.6625074513505395,-0.3285275197613099,-0.550670261133136
ACH-000701,0.8045356445456713,0.34549070375507207,-0.8044560219512988,-0.3447358059179127,0.5270452649788311,0.18039340705779688,-0.2092185972004812,-0.25786664221168937,-0.04864804501120818,-0.5979188496035817
ACH-000702,-0.10116474947592297,-0.22535495337053082,0.45901999363467966,0.05754360919616405,0.8714213589867094,-0.06316561190312014,0.6061755214908244,0.9123999897833934,0.30622446829256905,-0.6455847097016036
ACH-000704,-0.051334548021845894,-0.9694921973994657,-0.5906067408975445,-0.010686483760726978,-0.045621276810449425,0.10928218592045887,-0.9816405186850033,-0.42986132094750296,0.5517791977375004,-0.13939788414741283
ACH-000706,-0.21414911997366326,-0.9028932470125194,-0.9365471567696954,-0.03660552408349438,1.904643482466292,0.1280286485623328,0.3068594168441817,-0.17415116782607015,-0.4810105846702519,-0.10823147441748754
ACH-000709,0.7935107272765148,0.3037669808464679,-1.2552064408556518,-0.4350170490649031,0.7352914881159542,0.23328799006768686,-0.6044730208270581,-0.39999852907325806,0.20447449175380006,0.38602455167446903
ACH-000711,0.10560262106072447,0.43702818109697,-0.17899523452508354,-0.168569599569472,0.9761307422645453,0.003848222854752892,-0.3337876174492314,-0.19295919033774014,0.14082842711149127,0.2214685105666578
ACH-000713,-0.8539883234150495,-0.9571183643522918,0.5213062552881013,-0.08342028505713886,0.785314578063197,0.030657922736047963,-0.4582300970688992,-0.13515162731834146,0.32307846975055776,0.4221693214268062
ACH-000714,0.004612641750664448,-0.4076541787998244,0.24137352559792105,-0.23433749356863726,0.6127056819686298,-0.2475279849549228,-0.011730098459017547,0.036094806872034015,0.04782490533105156,-1.1252884813612554
ACH-000716,0.1499745686384209,-0.4019511136924396,0.2495719014057306,0.16352560762254104,0.9306660470698189,-0.035748434438633514,-0.02173706079457327,0.3160482429612794,0.3377853037558527,-0.961087492416191
ACH-000717,-0.9459698429851662,1.04908135000327,0.4698517659040998,0.47820899417492446,-0.35753043595616574,0.2799997156938475,0.26243526374461446,0.2795536770589629,0.017118413314348418,-0.17805405065388608
ACH-000718,-0.044710181757642305,-0.5821897182904805,0.6731573958576667,-0.12635338529324872,-4.209433908096191,-0.254154928113022,0.20714741404851944,0.09087942338017788,-0.11626799066834155,0.41977038605169903
ACH-000719,1.1098627171265898,0.7755900727392817,-0.2994788145826708,-0.37379417507669727,0.8817715144771037,0.11798664742982279,0.09890787845335453,-0.2830296593914149,-0.3819375378447694,-0.12951598751396431
ACH-000720,-0.314739831674784,0.08251895739054399,0.1278744410435011,0.019278727920562885,-0.47746874521105886,-0.31987641165017877,-0.03703813795078548,0.2916759544850353,0.3287140924358208,-0.051648623366645385
ACH-000721,0.2741768506134292,-0.45156924560084544,0.9123801386263634,-0.25683395221344113,2.3606149130189555,0.1024702331438328,0.408704280367398,-0.2774973365156275,-0.6862016168830255,-1.53254052728381
ACH-000722,-0.7630299698090469,-0.7499839576680193,0.42420886254185597,-0.16964096777523485,4.112222409074766,0.2588461473362596,0.0033427859185570785,-0.5134024136423154,-0.5167451995608725,-1.9378091778094229
ACH-000724,-0.7134694657234343,-0.0030225983891443153,-0.20981467630762987,-0.10606111419686962,1.1267440456952673,-0.012893601570497196,0.7973490626893983,0.2512743353551099,-0.5460747273342884,-0.277102613130943
ACH-000725,-0.2453583195438539,-0.3381240473026417,0.5579774616686022,-0.3671347634850682,-0.15896477036034748,-0.38987861406117674,0.2341112636720563,-0.035221412362886936,-0.26933267603494326,-0.5976780816028909
ACH-000732,-0.2560248327216539,0.37124365453204067,0.9787845898276775,-0.6487015358817045,0.958930942260756,0.07394399841123356,-0.30827917644046915,-0.7688246178661344,-0.4605454414256653,2.024407434901354
ACH-000734,0.11041230038635336,0.17874943281571876,-0.09176617553588359,0.16227048641895345,2.7157565715549894,0.2059387016433271,0.0633962070422951,-0.3349872048564205,-0.39838341189871557,-1.6687741421153026
ACH-000735,0.46957975750546394,-0.13043479190200863,-0.08987549604071954,-0.15852614368159215,0.676322380154946,0.2521727464646719,-0.5384358823085722,0.1388329830967148,0.677268865405287,0.24186577187674707
ACH-000736,-0.1987696420566788,-0.7722644412484978,0.41752433387325794,-0.2389461190987603,1.3831367735890299,0.01653867783524004,-0.29393713554898754,-0.1864239357816158,0.10751319976737173,-0.988324963010147
ACH-000738,-0.7701574302746975,-0.5281746893099306,0.8465926130827922,0.1701118819831942,0.25107095713693534,-0.5179586350858174,0.548642281645572,0.2727653841576888,-0.27587689748788324,-0.8169819766194508
ACH-000739,-0.7140430831644154,1.2942117883941302,-0.5002242519341599,0.1974047881918002,1.2379620234983515,-0.05832596888171576,0.5287186602890698,-0.03813851842233297,-0.5668571787114027,-0.43483723413613456
ACH-000740,-0.3599836118587249,-0.7823524756521407,0.9882471229043336,-0.3298441122035562,0.11236437784577417,0.35824200686262125,-0.4451190210488808,-0.21493772403842826,0.23018129701045253,-0.01923878657935112
ACH-000741,0.31375231031181294,0.890421625996016,-0.2371050954533307,0.0461720323958979,0.7981465625074722,0.14126760355752432,-0.39603641121210237,-0.39310462696383863,0.002931784248263711,-0.14522808824588118
ACH-000746,-0.7183047318971795,0.3697331626022518,0.5540118131386119,0.6368978919373228,1.2249066990429185,0.09807737026394298,-0.01903311224610542,0.06451612096229062,0.08354923320839604,-1.2002266668478785
ACH-000747,0.16375981732817013,-0.7885798566249254,0.23917450709274124,0.1079772812712701,0.6613919599079919,-0.21943485220219594,-0.21662565305347048,-0.11127914800234025,0.10534650505113025,-1.017331200699882
ACH-000748,-0.33069013763734434,-0.1547593468049443,0.3727328332828268,-0.07778767141364402,-0.11798428096073342,-0.2536696430154316,-0.035008548777452825,0.15187603901847724,0.18688458779593006,0.06025126745450071
ACH-000749,-0.3681068909521553,-0.897273096823479,0.7334025442020193,0.11373226297876646,3.2482622876942484,0.5891889195972229,0.45602048205538526,0.4134041535447321,-0.04261632851065317,-0.5039187521486647
ACH-000753,-0.6154348862070618,-0.40608032778842196,0.47129897776181207,0.21946112494950376,0.5018054136445833,-0.26073306824749254,0.5128751399788211,0.843182417481995,0.3303072775031739,-0.8791231414518931
ACH-000754,0.42793574193353895,-0.18310908234221046,0.1376633832842227,-0.1264595855017279,0.6793873147626027,-0.12650710544143967,0.7765428142931101,0.049459896511227085,-0.727082917781883,-1.0760148447182278
ACH-000756,0.3055799338183683,-0.026864726979180673,0.29790271818179137,0.015196488662653728,0.1634737182843477,-0.32464742755723774,-0.5482488758690891,-0.5336540086603566,0.014594867208732524,0.03817086958373389
ACH-000757,0.3367704917820444,-0.7793601918601276,0.4116619157130623,-0.14306640811320548,0.2643985954837295,-0.2772806801041696,-0.042909168556815,-0.054231149267250964,-0.01132198071043596,-0.3160806564728295
ACH-000758,0.0010265711648646259,0.646993213815254,0.40996957026848535,0.3255888333925779,5.187631158963449,0.3987164747855477,0.5392274128429649,1.1262937127714614,0.5870662999284965,-0.10204543035328346
ACH-000760,-0.3566906272412296,-0.8528343261590419,0.8473079736241448,-0.31118808840632983,0.8522374676094836,-0.0556235478951172,0.3542477239848821,0.6057687370352233,0.2515210130503412,-0.13689602276247573
ACH-000762,0.25942506719840375,0.10804920158141323,0.30774322139764776,0.01640216537922165,1.7826781772340898,-0.09057158292964518,-0.05000866728054143,0.5112147320263792,0.5612233993069207,-0.18949192258696407
ACH-000763,0.4655604564150724,-0.5583899992433542,-0.43562333515117835,-0.1236398794853047,0.3949073015007352,-0.292492485983029,-0.02222663423175858,-0.3659861078831092,-0.3437594736513506,-1.894399859326249
ACH-000764,0.0654454853529622,-0.2718895962330423,0.1318629347116705,-0.010171180403196416,-1.5321311047052726,-0.03652685695638024,0.29538795094662856,-0.12358968072015238,-0.4189776316667809,-0.7350477726378177
ACH-000765,-0.1598326602229836,-0.17655480396782325,0.3948865148505394,0.20272391126735056,0.605265732376967,-0.3124861192610093,0.5908218243247657,0.7387114379634724,0.14788961363870667,-1.0563398406808489
ACH-000766,0.2517906630588951,0.3202103081633635,0.8088476923611493,-0.035051408034710706,0.4167509663554276,-0.23210502637242458,-0.14487355772421323,0.26800517277886,0.4128787305030732,-0.46356409939614107
ACH-000767,-0.2919565982109289,-0.6609071703636977,0.5621753627174515,-0.03884066117469498,0.6167402426072354,-0.3603748478461908,0.5239578432109915,0.6155559156558976,0.09159807244490617,-0.6249502335694842
ACH-000768,-0.3422568088616162,-1.054741376498582,0.20082324940137006,-0.006684294794732308,-0.26356959466658453,-0.36948715491615375,-0.39657164015975077,0.3093093663663038,0.7058810065260546,0.7605533233792376
ACH-000769,0.1715834004388292,-0.8109226643651306,0.12441732890268781,0.04918067212125943,1.6355316869620686,0.2159549868361093,0.11993340067939925,0.07192661916011485,-0.0480067815192844,-1.0720682493631994
ACH-000770,-0.6517855316126543,0.4249261058667535,-0.6891611201484243,0.12570391715381168,0.45457072770300955,-0.3608292937681109,-0.1009682526112447,0.3171271243346164,0.4180953769458611,0.11835324656667202
ACH-000771,-0.6445864288898973,0.39636190453983366,0.5907823219336619,-0.468349940897949,0.928551040669894,0.17597298703826514,0.07471355680399677,-0.15595433109538787,-0.23066788789938464,2.565818381988142
ACH-000773,0.2595020893007541,-0.8025993970494933,-0.6349056617038243,-0.10887916239324394,0.537221238821305,-0.06463330587977276,0.8771766164261108,0.4295218288976175,-0.44765478752849336,-2.3427313627601993
ACH-000774,-0.027722471664166748,0.2270147094268573,-0.399735741901715,-0.19893483110117827,1.4355563601479073,-0.25641384997611816,-0.1630946794505136,-0.47468814457047664,-0.31159346511996305,1.0688913127528858
ACH-000775,-0.8563032224286771,-0.9588697726149072,-0.19454585327544432,-0.2302296858846838,0.537834750568306,-0.15928198350611442,0.22473291288066438,0.12237214600524016,-0.10236076687542423,0.208892791235781
ACH-000776,0.27677939994794865,-0.17382673820133981,0.3545039768823579,-0.2529835422706502,-3.6701531350476206,-0.4378511335438897,-0.10046046816268622,-0.29597247738671595,-0.19551200922402973,0.3856975314195653
ACH-000777,-0.16759068662025495,0.8392833403622498,0.5708439983472882,-1.8893937266395433e-05,0.6395709570187065,0.3024239643469516,-0.07630808282709672,0.4048408395286261,0.4811489223557228,0.8317980753486109
ACH-000778,0.047662099512857964,-0.07035204903650522,1.0452456658640474,0.09151841653935877,2.471504054395117,0.2293084753387495,-0.09050988185366521,0.2569875477111393,0.3474974295648045,-0.46529748124996395
ACH-000781,0.3042668021311805,-0.35350595386454786,-0.02121762378971015,-0.16766580058793407,1.502904558595117,0.027389055458844166,-0.07871156831417808,-0.43928039485250175,-0.3605688265383237,-0.4009485112369151
ACH-000782,-0.8599042542346382,-0.28843381337547097,0.30353563930333716,-0.008658167748962577,0.5883617805564625,-0.2005813197922353,0.006718102057703637,0.030634566086500947,0.02391646402879731,-0.7501565350690573
ACH-000783,-0.029047722428250933,-0.3122595455493853,0.6661608938348459,-0.29450178776863234,0.42726119134129315,-0.3484778140938806,-0.21937347392755438,-0.07376511243604086,0.14560836149151352,-0.42300346352782314
ACH-000784,-0.0062790232987156025,-0.11198747264373077,1.8186204833189343,-0.3170820406164768,0.37546404540978895,0.3705413314063726,-0.40089932467168937,-0.4241626881147284,-0.023263363443039014,1.395109989827229
ACH-000785,-0.13834976398065268,0.9237083349272409,-0.2610825551088261,0.19480100480813878,0.27811677486803055,-0.184345047477591,0.23080964267368392,-0.17539688783766721,-0.40620653051135114,-0.047977937003181814
ACH-000787,-0.4254905576274738,0.48802267076962025,-0.31502952226353076,0.4869906701117438,2.9245925055891413,0.1616328272055113,0.08774087637022518,0.2843331814220439,0.1965923050518187,0.05660503204566614
ACH-000788,-0.27146204380032474,-0.4043178185150845,0.27023829662823645,0.2908926674264295,0.9638212214514702,-0.023565747599684217,0.22370439463730243,0.30351453867828826,0.07981014404098583,-1.4265898570349163
ACH-000790,0.0821420389037143,-0.5097389038793516,0.0008033279233601309,0.21653734545280656,0.9654249412575842,-0.02653465758134843,0.19607943783969423,0.32394397336037783,0.1278645355206836,-1.0760421006532366
ACH-000791,-0.7919324455614258,-0.35321377908844603,-0.18666171026959,0.12796981077398498,0.00778791726264057,-0.4376260194112205,-0.2761018082769102,0.27526455525853943,0.5513663635354497,0.3952696273973947
ACH-000792,-0.6929582419227192,-0.42612487425508555,0.5517934320348099,0.18612390866629852,-1.3907066964677597,-0.49279450185098894,0.11282079743588283,-0.060398821701411975,-0.1732196191372948,0.4242929158096923
ACH-000793,-0.8894515832457174,-0.44311698634168983,0.6493682438643774,0.3927188826579567,1.1375877479357492,0.07006703459843489,0.41920112556509875,0.23012587493766143,-0.18907525062743732,-1.2598348907697634
ACH-000794,-0.24910404729072977,0.9376430128910872,1.3913415832333251,-0.7151550599377106,0.8912399385342894,0.24902302309031876,0.04785512652210694,-0.26587977485927117,-0.3137349013813781,2.002596856377491
ACH-000796,-0.5883024201781049,-0.5893096596057184,0.05706842257244882,0.011812306950163387,3.230493736375358,-0.15897759934295042,-0.27046959323952646,-0.06998146051748219,0.2004881327220443,-0.9350866332980322
ACH-000798,-0.2687546175703073,0.6610486757261238,-0.18583338923169967,-0.42074137381857796,0.5653010662276007,0.38723288665735955,-0.5058063134353473,-0.33801468200437323,0.1677916314309741,-0.42556524413251895
ACH-000799,-0.5339002801390517,0.4514122396107899,-0.44454752182790847,-0.04988378603580543,-10.0,-0.4037917466103388,0.21998371681430473,-0.09773748496821383,-0.31772120178251856,0.3683644038887164
ACH-000800,-0.28251607722829714,-1.0275044953731625,1.311663000701975,0.22828963300958965,0.3398747985259179,-0.35319208981003075,-0.34501679497910076,-0.19828523710763463,0.14673155787146613,0.1071863750647912
ACH-000801,-0.25445991582047767,-0.857672257873388,0.34252811314530485,-0.4974966833515283,0.6632214526572142,-0.12537828262597575,0.6519112583640001,0.5538432226342201,-0.0980680357297799,0.27179599867764576
ACH-000802,0.02793709107380512,0.28839487048337126,1.2740481283367693,-0.10488264934540424,2.729949731804012,0.2225434330315738,0.3538904703357709,0.3511296820986164,-0.00276078823715452,-0.42579837780473806
ACH-000804,-0.05156631119851385,-0.9187096879595371,-0.24299104877227265,-0.22780156380193528,1.0078740138227336,0.002684383961355674,0.030941146135117323,0.009040037795614797,-0.021901108339502526,-0.510800642087895
ACH-000805,-0.25843784027156513,-0.8514379223333617,-0.19366822553914909,-0.1807705586870827,0.9616818903203643,-0.0183485276142904,0.5861122776366627,0.24479785343918709,-0.3413144241974756,-0.4350496596663743
ACH-000807,-0.33039612472829283,-0.2688469736549484,-0.7052470634416255,-0.14042330198860567,0.04271755733884695,0.2941595267747895,-0.5886965102822967,-0.3840602344231317,0.20463627585916502,0.7287400183075962
ACH-000809,-0.1697607896586949,-0.19754121004502778,0.6367053063759525,-0.033943317946859175,0.04918942106956511,-0.26396288454238,0.27534113699600954,-0.30879363687112077,-0.5841347738671303,-0.8505371898241638
ACH-000810,-0.24308369045218736,-0.85629090608579,0.5697883674714666,-0.12895436402861574,0.5484479271054322,-0.2659031058363875,0.6059765381970442,0.6453135233462701,0.03933698514922593,-0.9637701654142573
ACH-000811,-0.9916954562162202,-0.6322358163231119,-0.4960774642497215,-0.15433376883587996,1.9847679907704905,0.05758399294036691,0.2372229511918108,0.2506141265141918,0.013391175322380976,0.44403691234130027
ACH-000817,0.44750276851353954,-0.27593446972884383,0.3706164216505602,-0.5001937371836433,-0.15264100497952718,-0.15336330784958743,-0.13419928183665508,-0.49644405550663373,-0.36224477366997865,-1.022515200944361
ACH-000819,-1.2666521423313293,-1.1868116271918616,0.4070084191265478,0.3473783643451437,0.44461106723783483,-0.5427136201652013,-0.5640924605406246,-0.21701000617584598,0.34708245436477864,-0.3344252328929058
ACH-000820,-0.4680798637546101,-0.3506248524442306,0.33630045450532164,-0.14846445223640886,5.631479406858162,0.327995887674949,-0.32321811033938336,-0.3947088355938302,-0.07149072525444684,-1.3951081862329522
ACH-000821,0.04759448544131632,-0.20061352896208184,0.378501029688911,0.22667549156455624,-3.2740090862637246,-0.34067518942742164,1.0003850938236596,0.6179259866468885,-0.3824591071767711,-0.9066837300396764
ACH-000822,-0.5639910953551107,0.2584982715746862,0.23699161995863222,-0.12682692842627347,1.594622030426768,-0.2281615747067241,0.24832227239882845,0.21831743958456978,-0.03000483281425866,1.6366702705362366
ACH-000823,0.5604749786166793,0.2093810487985877,1.5357996813536605,-0.42948506290835253,0.6082561349239928,0.09908978469293972,0.012429677768582115,-0.37913081148151534,-0.39156048925009745,-0.8138073915601166
ACH-000824,-0.15964348819099555,-0.004557581549197887,0.7212085025436709,0.08148484305185129,1.6790071597965759,0.14007122165008432,-0.14521511362185108,0.11355003107738375,0.25876514469923484,-0.597510206951827
ACH-000826,-0.8313319902616163,-0.5850817133955262,0.7175323319766042,0.10804413549230389,0.8566775330493991,-0.04137583291904515,0.1765387232193743,0.16233830882386108,-0.014200414395513235,-0.7257348608459531
ACH-000827,-0.5234873931578872,-0.18015048219348329,-0.11819487101456363,0.043004258577226895,0.32728300276271766,-0.20406842269084846,0.7439017456829581,0.873365562347808,0.12946381666485,0.031265606096321785
ACH-000829,0.2796248375026771,-0.294850444307824,0.2977685709852812,0.14014097471439174,1.0612821283206098,0.037841813560922755,0.4304721406743396,0.6004844795160197,0.1700123388416801,-2.495911719081162
ACH-000831,0.16063014004787102,-0.2958346759983631,0.9262038119607326,0.12163057461446689,1.3472106092963387,0.12191925460760555,0.38842605077275616,0.1343720387159633,-0.2540540120567929,-1.2893250529928593
ACH-000832,-0.8301154322752029,-0.8045779417696713,1.0897602348818567,-0.32149190887156387,0.4985095898675278,0.30067997506475336,-0.5527021654683104,-0.23477010713572466,0.31793205833258575,0.20367959115156875
ACH-000833,0.0720945674304237,-1.2905238435686974,-0.3532561834543778,-0.2200427033256448,-0.48175317710188176,-0.5614723408568099,-0.3395252698321571,-0.3079444899282856,0.03158077990387146,-0.5752357722358092
ACH-000834,1.2141774802010292,1.2523347739306832,-0.5184795021429962,-0.4408485415425068,0.8273472443218152,0.1337835072937008,-0.25808056333784674,-0.44354208276444024,-0.1854615194265935,-0.4751989370556393
ACH-000835,0.4518639067488473,-0.8079868235828703,0.5757185925813403,0.2545478531221332,0.5119812254113341,-0.2141871198994771,0.47433064296243344,0.38720593395270264,-0.08712470900973077,-1.000581918762312
ACH-000836,0.3256749206801427,0.10119312457645191,0.03165510070815969,0.0633429493972466,0.10658180490750667,-0.2435362917893279,-0.35312316726526805,0.029039733953926405,0.38216290121919444,-0.9822717755799061
ACH-000837,0.47355016598053223,-0.38407344574598073,0.5759560200853292,0.05306745450313388,1.2451255012458218,-0.020012946932713577,0.300358032084381,0.19480498482292039,-0.10555304726146063,-0.6516099651818503
ACH-000838,0.2056408295054672,-0.4461688191281604,-0.43197525632274225,-0.3386399155714299,7.963291437362296,0.2600336745856712,-0.1126107205851177,0.10777637207493704,0.22038709266005474,-1.7457348105438166
ACH-000839,0.3053828297437432,0.12242268810713064,0.6045833466573168,-0.556781232699835,0.9844479833808973,0.019730612713534157,-0.39749673956734044,-0.5917716713490341,-0.19427493178169364,0.9639196673279095
ACH-000840,-0.298411228626112,-0.28196290144479175,0.4424870332831803,0.11955974171097894,1.2701508575247829,0.08394258787011971,-0.013201095809395269,0.48647065403207285,0.4996717498414681,-0.16638917561590005
ACH-000841,-0.6671179111926154,-0.9849869383895775,0.24041249809995635,0.11417796639651762,1.2685488771155855,0.11546817048677205,0.0031752094135664988,-0.10270583286647232,-0.10588104228003882,-0.8486867030217288
ACH-000843,0.21311486659898382,-0.17146032307414108,1.3487297161986715,0.048793850168816155,0.8576249250696778,-0.13293269282462683,0.03714664754067809,-0.22707562942753984,-0.26422227696821793,-1.4287249597371556
ACH-000845,-0.33788715936122493,-0.3282776689030793,-0.02871762532515789,0.1680077906179941,0.9575475300871524,0.002981427447733498,0.34832912515929737,0.1295229064524269,-0.2188062187068705,-0.06564692052239202
ACH-000846,-0.5826779857999133,0.010181196562626948,0.989571152627994,-0.05684508634933909,1.5505192456325512,0.15781684103278854,0.2950526802058974,0.04639787790395429,-0.24865480230194312,-1.1795464513435343
ACH-000847,0.08478313082094402,-1.0348527950727857,0.07162119525072139,-0.2662293537519926,1.226063543656027,0.10216271283038902,0.2497419799600149,-0.6437984956486865,-0.8935404756087014,-2.5552697864279432
ACH-000848,-0.7033823203140352,0.5985289779721586,-0.8729519158188661,0.06225733594170817,0.4070368322371906,-0.6783905190443806,-0.4151658666222618,-0.49336542734805855,-0.07819956072579674,-0.8146653766599559
ACH-000849,-0.2314464608722383,-0.2003756423225831,-0.5641265698712492,0.11223441017274272,-1.8022720261295702,0.3516676031307867,-0.2731523110487568,-0.0022129315975857764,0.270939379451171,-0.04952439330427661
ACH-000851,-0.02289678689480938,-0.4248189293290424,-0.7799426671770888,0.183483998880329,2.007097982985388,-0.1782400574776612,-0.020108362061702634,-0.3707111538602493,-0.35060279179854664,-0.5217854852259244
ACH-000853,-0.15457673597572416,-0.1288847514662077,0.5724828244070276,-0.020784193023469483,0.8201216243380434,-0.08822742524766275,0.15664282157119086,-0.20302334175100412,-0.359666163322195,-0.49949078765151883
ACH-000855,-0.17788221178051825,-0.06261190550048158,0.4159157714800652,0.7092718959799424,2.508534287887726,0.3639900313219694,0.2929774786613629,0.32330232850941415,0.030324849848051203,-1.1124189489879093
ACH-000856,-0.9082231745245276,-0.026387612339956346,-0.2596012610296209,0.13461251244434952,0.5876713702911076,-0.34977682011272165,0.23911094281129808,0.1670231052443641,-0.07208783756693399,-0.43054750023814115
ACH-000858,-0.4490401171991726,0.2616442655217286,1.4943361844895362,-0.2202731833374486,0.6907846479198015,0.34135921926156065,0.17512907533050293,-0.6088404396326343,-0.7839695149631373,-0.39619132546376323
ACH-000859,-1.110277973217825,-0.9852640768625287,2.124849633355608,0.23414853004594838,1.628734847506071,0.18813105739181374,0.03875025882314162,0.2103496747572589,0.1715994159341173,-0.11809300371175235
ACH-000860,0.028134743626294534,-0.7640423335473975,0.09767606278731619,0.12111190458969358,0.2913742544930924,-0.4465347408313824,-0.010793757012897615,-0.08908863999567254,-0.07829488298277493,-0.07775417206185453
ACH-000861,-0.22142762623544116,-0.16922234961058963,-0.2733835354523855,0.3815053907918507,0.85253513517392,-0.05715231565146539,0.1246490056036878,-0.023868172371033287,-0.14851717797472108,-0.503670658944017
ACH-000862,-0.353665582500824,-0.22001991320222802,0.8195166668306623,-0.05962877071735137,0.34039986717546544,-0.2554932030457029,0.39999904894070887,0.8215278726103967,0.42152882366968786,-0.4593640562304428
ACH-000863,-0.2616848769656468,-0.6095771255705142,0.02792371839621932,-0.5116164313908591,0.39058688667108943,0.24808322757266735,-0.7437061526663066,0.021927515449945645,0.7656336681162522,1.2196403418281672
ACH-000864,0.1949212438839525,-0.4862260718717474,0.007213433400839762,-0.2725914469081611,-0.1284796556427288,-0.5029314957858898,-0.26102760347569803,-0.25536123783594206,0.005666365639755953,0.7339405894244736
ACH-000865,0.33959967783966255,-0.03105260047580087,1.271323544625485,0.37417759660831185,3.4566510885231105,0.5773200788199326,0.4323680636201354,0.363497790308344,-0.0688702733117914,-1.817828305697857
ACH-000866,-0.12268203207153167,0.09378764373387183,0.38218346025210503,-0.2411765288815152,0.5522246070039691,-0.34564947581993394,0.016106166257811305,0.28508834588663257,0.26898217962882126,-0.07499268162564732
ACH-000867,-0.7832534745859032,0.42908549527483897,-0.028643942549093526,-0.19036492678201875,2.9135689917821113,-0.10554927720585586,0.4725415076150802,-0.2290496298901025,-0.7015911375051826,0.1718022512532985
ACH-000869,-0.4902804336141666,-0.31286100282407125,0.10379650125240053,0.32221429658568984,1.9295776570801209,0.0853390656121496,0.5107392570519463,0.2931117691183866,-0.21762748793355977,-0.08779631919239764
ACH-000871,-1.0996798557273741,-0.4854566130668305,1.2283356126365943,0.5123279152607818,0.6968739970107194,-0.2901251728061053,0.1451720198285874,0.43874634019550846,0.29357432036692105,0.16297229336953745
ACH-000872,0.21367134133162932,-0.1260580348256352,-0.08252327517371777,0.005287321846050803,0.5070420277116786,-0.11366154089000087,1.0598626283493997,0.19320907813976085,-0.8666535502096389,-0.2378341676418299
ACH-000873,-0.07566838612252225,1.0562096439640092,1.9288759044901447,-0.23823895373676518,1.1904341826921307,-0.15887103996557128,-0.2565623248099689,-0.7806822059567399,-0.524119881146771,1.1577355666846763
ACH-000874,0.6031117008574245,0.09226547092760418,-2.5996479812058872,-0.4045309475167479,-0.8787006612510566,-0.4196011345886357,-0.9237873496913747,-1.139966845757621,-0.21617949606624648,-2.401224746207826
ACH-000876,-0.3294955500796619,-0.06751018481855053,0.5841706281931293,-0.8077595103937318,1.0979580001010185,-0.03225140188645509,0.03786622979487975,-0.16555517174607765,-0.2034214015409574,0.5000407686442752
ACH-000878,-0.9209263534633991,-0.8607933212807954,-0.5940055251558243,0.18332679100097773,0.8272574904592648,-0.058002730191104135,-0.3407315119733101,-0.12373067766411128,0.2170008343091988,-0.6947775604901757
ACH-000879,-1.0043652762028872,-0.2095585924909602,0.3407471573270655,0.13025154986780066,0.6141648579788881,-0.3440138666470549,-0.17755532552776265,-0.20293915557138842,-0.025383830043625752,-0.6219558145703311
ACH-000880,-0.9826197115433044,-0.31066011710360353,0.3662975452137128,0.18874791629701596,1.2419845060669386,0.08869292313384486,-0.05104477347637193,0.3098481656881577,0.36089293916452964,-0.9504582483860137
ACH-000881,0.01869273915214964,-0.4976345525451834,0.6533579808264771,0.012889193732592341,0.7093452507572415,-0.15579110423281178,0.05946993801818279,0.3243964875273465,0.2649265495091637,-0.7990526178689829
ACH-000882,-0.2993158270310729,-0.25746918005762587,0.4466732087555634,0.004386689722752191,1.2264650613449588,0.07351217548929129,-0.1192416717899683,-0.21608520957621985,-0.09684353778625154,-0.32879775599240946
ACH-000884,-0.16680192955990075,0.11130892525424563,-0.21842417546133663,0.34781655024743435,1.6740454989730749,0.141192020466945,-0.24105700174670314,-0.3480445503363194,-0.1069875485896163,-0.3299580343513506
ACH-000885,-0.47797009627399717,-0.05514424100844584,0.3469603207456655,-0.3805373347091963,-0.2552142518684309,0.15322643103399133,-0.4319786231401668,-0.04345014461782195,0.38852847852234484,0.9736014479879211
ACH-000886,-0.2891873810053939,-0.7402410125826671,-0.13396165629955317,-0.12280796012700206,1.1744311567037684,0.02670828533594574,-0.018904637514012196,0.1357211412947464,0.1546257788087586,0.19601927141555392
ACH-000887,0.055097179737059854,0.010918050454058303,-0.18222558668322963,0.1290753063335101,0.39437428870146235,0.09070856686461705,-0.09229231103151353,-0.14294018169195502,-0.050647870660441484,-0.2086288465850772
ACH-000888,-0.13307193696008535,-0.22610325023534922,0.07515960899470392,-0.1489548132994954,-0.29036706019618075,0.3247821228246298,-0.533858374960834,-0.21655139637043308,0.3173069785904009,1.0293348323425333
ACH-000889,0.47437639007354115,-0.49326078603374357,-1.1313955208113158,-0.049579877395760585,0.7087068708912952,-0.3088260030502865,0.15592067572790907,0.22748141143575323,0.07156073570784414,-1.0384631179686767
ACH-000890,-0.25070501102499,-0.6179661215744141,-0.3134137143438278,0.3987286958950298,0.48914990760506244,-0.3349714135656686,0.5020512878269159,0.4018282302805778,-0.10022305754633809,-0.5513463495533263
ACH-000894,1.1945473788950483,-0.15460106396008605,-0.8004125999668156,-0.4383800646796025,4.8506550062749225,-0.26225133898107644,0.4059245659078139,0.1420988837201599,-0.26382568218765395,-1.0009986977064933
ACH-000896,-0.4753416784089967,-0.4780723596229984,-0.4168853528822084,-0.12703438689450988,2.387931725025293,-0.10231909675082945,-0.6961614215299199,-0.20463468829537673,0.49152673323454316,-0.3440752864671386
ACH-000898,-0.7281633491313129,0.671335616361713,-0.019732110098084787,0.22531138903615308,0.33949971719172833,0.13006694331624638,0.36754907910242607,0.5803826571124717,0.21283357801004565,-0.3109002507082711
ACH-000899,-0.22385938624803575,-0.2052642852131238,-0.4863082573210323,0.4163457283042232,1.3527945890829831,0.12782736459523264,0.3999936543242587,0.48312578343322804,0.0831321291089693,-1.0447089326485675
ACH-000900,0.6067210669432396,-0.21811068211390305,0.4014877669927505,-0.13071176572085344,1.704146701414528,0.0686934913783787,0.12047529296613796,-0.27115382444578934,-0.3916291174119273,-0.7263870804448784
ACH-000901,-0.5651098839251718,-1.2326044811194432,-0.07181397695018393,0.20451318293756623,0.7293038297551714,-0.10723923572202704,0.6670785634784263,0.6127660598937543,-0.054312503584672024,-0.080256969671339
ACH-000903,-0.7728781617852816,-1.2624989588662578,0.5233517691983531,-0.203681222235699,0.6163317191200457,-0.044029561265056166,-0.4528321112771048,-0.22201702318894245,0.23081508808816237,0.5912778514482097
ACH-000905,-0.421967282297439,-0.44481946536929823,-0.3009042667414478,-0.07837603828154042,0.7870394838527249,-0.06401076843795744,-0.2344136554969436,0.3907665674704972,0.6251802229674408,-0.6838194171372587
ACH-000906,-0.1708699003296193,-0.16461417456415678,0.33715374416521293,-0.0930392142945923,0.557186156322163,0.1264997251615298,0.43378380489791196,0.1462668075372508,-0.28751699736066116,0.18123416238446116
ACH-000907,-0.537664035754518,0.11237195881304263,-0.5992580558857213,-0.3912462303332643,0.9665809743384399,0.03610610679068982,-1.0305434297593703,-0.3251402757092661,0.7054031540501041,2.823018457113806
ACH-000910,-0.3299556569856591,-1.2749814236283683,0.7318662208444879,-0.22622478412233799,0.49288116101375834,-0.2665325235517165,0.15164367591038894,-0.16982162534314774,-0.3214653012535367,-0.6046039168320874
ACH-000911,0.3881827752367665,-0.03755979534205384,-0.6277078136782264,-0.05606191615377308,0.36341242214388525,0.28766744056157606,-0.20716046872934551,-0.20352735243575823,0.003633116293587276,-0.3010592927000781
ACH-000912,-0.5557904098135832,-0.7437895207756453,0.8095732871530308,0.1794309894339553,0.7664399007238455,-0.16717202967044276,0.4761560628886193,0.4058778165790395,-0.07027824630957981,-0.7549529376145195
ACH-000913,-0.4468108456973485,-0.29920469605217537,0.7284367282270815,0.13988952223874937,1.5678274239200338,0.09588563373591391,0.2816797289364899,0.3309992800096315,0.04931955107314164,-0.20510281530721186
ACH-000914,0.25463281883798455,-0.35186688249950154,-0.4293128555056348,0.10821169395324604,0.7360804313683037,-0.24679264665427092,-0.5484266764644652,-0.37649491341003205,0.1719317630544331,-1.6133531101481369
ACH-000915,-0.23703502561066236,-0.18422298301974177,0.6165921939561358,-0.2514817232138437,0.7853830468913843,-0.0504715164759523,0.7125612355332733,0.1307954126176944,-0.581765822915579,-0.29845184660800544
ACH-000916,-0.26834447395848676,0.8854704604902847,-0.09500492566796181,-0.12391562962051249,1.3506685487857297,-0.024721013269669342,0.3874555545018559,0.15304715527797144,-0.23440839922388448,0.8826395223181045
ACH-000917,0.6231230765143598,-0.463058430717314,-0.21628045842733956,0.19808199528437842,0.48833027333645573,-0.2627780427720298,0.43274162422705664,0.3146937413634117,-0.11804788286364494,-0.6481857202981283
ACH-000919,-0.08072831205997166,0.2783205699911502,-0.0047648841158324795,-0.21728048530222882,0.6258260045588919,-0.1316916596024,-0.3527272240633261,-0.3227324145436733,0.02999480951965276,-0.729501434540416
ACH-000920,-0.19449206548075598,1.046852059263572,-0.739277435873507,0.3540423702669802,0.02472051401322848,-0.603600680115987,-0.7580830990548846,-0.09642287878887551,0.6616602202660091,0.54808205678522
ACH-000921,0.07255881678285153,-0.5992660200456528,0.15690966737984058,0.40170373991096053,2.335408400021629,0.2581518135500622,0.3594675221833818,0.7579544154781663,0.39848689329478454,-0.38637886357973583
ACH-000922,-0.23409778954250787,-0.2658669410511749,-0.47308576213650844,-0.44656128767012226,-0.06069516618767794,-0.38538135904952225,-0.3893217796714792,-0.15116776144362404,0.23815401822785517,-0.9337743928350848
ACH-000924,0.3005948613182745,-1.1373568339344087,0.21254626489110792,-0.07269696641249374,0.7705721191445999,-0.09245047395869371,0.9897082463777359,0.12650106671428366,-0.8632071796634523,-0.42998512161669894
ACH-000926,0.10442827034081914,-0.20404434457858123,0.23028351375611433,-0.15488074041298802,-0.09880656249692932,0.5722644480771852,-0.12341240178670121,-0.5006055507246884,-0.37719314893798717,-0.6193134900226149
ACH-000928,-0.2367531781144182,-0.29191723878391396,-0.5732534959453599,-0.3414450201951664,-0.3332464382473181,0.08022708938191017,-0.47567451411585826,-0.090234699694973,0.38543981442088526,0.24208923087674464
ACH-000929,-0.025552992672275777,-0.0768669962922105,0.058164945204600416,0.0626974194743592,0.07298751645322885,0.11359829578488474,0.08850685687908755,0.035197213245118,-0.05330964363396955,-0.7238458115642228
ACH-000932,-0.7161298415333972,-0.9678857938045641,0.6414338579679348,-0.07387837610896575,0.9939069157546542,-0.0029410600619628746,-0.24899433866223164,-0.22062078773037844,0.028373550931853207,-0.4919257558844674
ACH-000934,-0.45867205201564454,-0.7400042152924854,0.35606815327814817,0.017225303967231487,0.4623328396160614,-0.4802781685126569,-0.2630496305938995,-0.018920403947806207,0.2441292266460933,-0.6612850283044927
ACH-000935,-0.047512005706049965,-0.7576532378687534,-0.7260522291405137,-0.07390716981134396,-2.1804967317854738,-0.3295226681215085,-0.4653827527531732,0.48468769715900617,0.9500704499121794,0.051224784961936776
ACH-000936,-1.3985579872683649,0.15114761257407772,0.13196440352038946,0.11581916517602786,-0.02496733915422423,0.06150734146912849,-0.29695048033643023,-0.16848388430569275,0.1284665960307375,1.0574442785073006
ACH-000937,-0.9406025310714425,-0.10593166891177141,0.7081918321161416,0.23089684292299098,-0.5737796043889448,-0.9755928895593687,-0.141142500181645,-0.1719846611993788,-0.030842161017733787,0.9541933542442858
ACH-000938,-0.7573493713882857,1.1248227251677672,0.2844042585135582,0.4244352976505807,0.1833768086791773,-0.5618633307766163,-0.1990007976461406,-0.05120128452233687,0.1477995131238037,-0.228425522043194
ACH-000939,-0.7613955573652137,-0.922186946882356,0.8337832478172306,0.0930932858481516,0.6131716551807175,-0.39993161921711085,-0.3934847721687308,-0.13296815097379025,0.26051662119494057,-0.20334014299348002
ACH-000941,-0.3797170223178594,-0.17439723330912948,0.8129569089698705,-0.06694824971709751,1.6804071956005227,-0.03146604829887582,0.13101822709055994,-0.3041383942848147,-0.43515662137537464,-0.0013756466450914329
ACH-000943,1.5233496919328346,0.5021323632558404,-0.3149947793630987,0.36855006093015474,0.4052994745201584,-0.37065954355408154,1.4461197237430161,1.2014596873652335,-0.24466003637778255,-1.8694017238770606
ACH-000944,0.4165293867733784,-0.3739775880494613,0.4089201042619135,-0.22495340144968146,0.5921624448242703,-0.24224976483503846,-0.8490306568671429,-0.4320750768500387,0.4169555800171041,-1.4624723608058399
ACH-000945,-0.04466789502602034,-0.0816201745582057,-0.992053422770236,0.30935151821086115,-0.7795687213148361,0.45402568730907455,1.0975998218689496,1.2659454468256424,0.16834562495669272,0.25191304952897686
ACH-000946,0.2654892341726742,0.2705793177953314,-0.10615077984919108,0.15880211997919724,0.584676323562414,-0.1551357626414645,-0.6814699715133363,0.03229378469412869,0.713763756207465,-0.1078368988673491
ACH-000947,-0.7312494049448847,-0.6350733253115461,0.5648074415732471,-0.16432995328418298,1.4312984371794366,0.2897930577754788,-0.48882321158819364,-0.6165331778462888,-0.1277099662580952,-1.193066706694822
ACH-000948,-0.6776802984573895,0.32284806632885066,0.14640954460918404,0.27266215625741846,2.1080440145591623,0.2943759043081006,0.18107276225703253,0.3685954280098633,0.18752266575283075,-0.812579112940867
ACH-000950,-0.3838882661263073,-0.00891359508490508,-0.3815243484958869,-0.4033791202160207,1.1204497507224143,0.04733316618061312,0.05873414004406394,-0.1985664559105512,-0.25730059595461513,-1.3254926971771817
ACH-000953,0.3093323919416298,-0.28456749608419984,0.08714952836680523,0.0414718460163086,0.6011859822734248,-0.4867711265858702,0.015798730623377222,-0.5532991792863463,-0.5690979099097235,-2.1905895423602644
ACH-000956,-0.8242083777698002,-0.34132944437649293,-0.7943828956960881,0.2298440947903303,0.9648554062319012,-0.035788179080168625,0.23565938089907623,-0.0020039373513402125,-0.23766331825041645,-0.9514045477112321
ACH-000957,-1.1527013566367978,0.024028700326098607,0.23914873872542694,0.28162676075168824,1.9631681641198255,0.3184050165419743,0.25370908547978716,0.07759067526618431,-0.17611841021360286,-1.109804911943973
ACH-000958,-0.7731433311292327,0.27987846497148233,0.4181165812327084,0.6970182249615787,1.4784260031313443,0.2594240064943606,0.370893003489866,0.465703955751017,0.09481095226115101,-1.5120906610358547
ACH-000959,-0.5276887083522626,0.14004722585100104,0.35005642925967273,0.06941490902266068,1.2042276464749844,0.1577446916628218,-0.20073832101214817,0.07277817396962365,0.27351649498177183,-1.9362008846813505
ACH-000960,0.01546203844565014,-0.11731176934116017,-0.1258926973668109,-0.18181412522207518,0.6765752881159167,-0.3037245019779873,-0.2027720623025146,-0.0028785484380785984,0.199893513864436,-1.557554155817051
ACH-000961,-0.106141086786851,0.3202860339917617,0.752430972179717,-0.0395363131540931,0.5202564095718692,-0.21850236762818154,-0.2358055906385712,-0.2617734966381845,-0.025967905999613294,-0.6086389419545875
ACH-000962,-0.25397713340956096,0.19128612762757635,-0.18932847650668602,0.0011090867369138446,10.0,0.23808606685006353,-0.4119403494683046,-0.5510235814113502,-0.13908323194304562,0.5182544303076705
ACH-000963,-0.5618180434709696,-0.017166064385327306,0.00886746913106154,0.09939236156325945,0.9682711122643307,-0.016860033960873766,-0.47858708796575666,-0.7187943823583762,-0.2402072943926196,-0.9015017556961674
ACH-000965,0.20286320643626765,0.2529664822338492,-0.2476081779168411,-0.18213480834863363,-0.0159688780573621,-0.19347970554738225,-0.29961259007662694,-0.09117296651960236,0.20843962355702458,-0.20916341892883344
ACH-000966,-0.3460484215935404,-0.7738933199209609,-0.6225311246704559,-0.15568120849044853,0.2862897263116029,-0.2532830203910489,-0.5049949251645195,-0.2022941046130266,0.3027008205514929,-0.3438010890400209
ACH-000968,0.08751547178949648,-0.34167753254692557,-0.5380345874110503,-0.157482707301269,-0.47431808373314943,-0.27490821852104386,-0.23531083815875503,-0.27251758499347034,-0.0372067468347153,-0.8244387712443271
ACH-000969,1.0407853623404522,1.0591246870446565,-0.14239978223374333,0.05040413687984674,1.2042885303093767,0.018533007902676868,0.34005295084065085,-0.2404144169014713,-0.5804673677421222,-1.1385922361388447
ACH-000970,-0.8161367546798238,-0.9626799274147523,0.498825509936092,-0.13349675506222877,0.7209442687250885,-0.12923136385497525,0.2922109676162411,0.43050894560378444,0.1382979779875433,-1.127790156612304
ACH-000971,-0.40767519262033536,-0.3812692587942219,0.8230708386580708,0.415495471715206,1.1228636332580313,0.11488845616700127,0.148649950111702,0.16793694821808622,0.01928699810638422,-1.865037545580849
ACH-000972,0.7607445809000136,0.7131213138770104,-0.05468585755921923,-0.09984910170409252,-0.023378460374086956,-0.27589042160751137,-0.05252394865967558,-0.334091031700425,-0.2815670830407494,-1.3349085919627632
ACH-000973,-0.7998152022732222,-1.2768607484871268,0.4408032105496317,0.1886114860452086,0.9670764086813137,-0.025300452354920844,-0.030885014779997715,-0.004611721569766381,0.026273293210231332,-1.0124108661147921
ACH-000974,0.8212280139040128,0.9660483901312291,-0.5313048624324785,0.07952827102702459,0.36387144215987516,0.25942064017730554,-0.8980194187758092,-0.13522772923476065,0.7627916895410485,0.26917171752734376
ACH-000975,-1.9762843880170824,-2.4489293719699754,0.5018632992000001,0.001521515423066902,-0.8777301161485551,-0.39656938108191797,-0.25104844967638307,-0.42074553380197155,-0.1696970841255885,0.5398624863194874
ACH-000976,1.6200119473379868,-0.317151106628644,-1.2156056309695866,-0.17797596401911792,1.3182261506791844,-0.12804742353443777,-0.3087167879446535,-0.6490917145040477,-0.34037492655939416,-1.0851447060698898
ACH-000977,-0.20380364924002392,0.9927563607562486,0.2901983131055965,0.07929071144217192,1.0994705568241996,0.03727290949648093,-0.5476549821458274,-0.17561137740454544,0.372043604741282,-0.7584545089337748
ACH-000978,0.028613502002069968,-0.30980625467703915,0.48023350021573996,-0.028210649624975964,0.6881731742678608,-0.17614767034192286,-0.22525294589503225,-0.11900660446131753,0.10624634143371471,-0.1400572259135402
ACH-000979,1.1971629779965105,-0.0690807855153821,-0.8412086183895968,-0.4843841945191917,0.9177813964244406,0.13154440786938415,-0.22496517676824124,-0.8606197943398282,-0.6356546175715869,1.7376964599345446
ACH-000980,0.06630982101930538,-0.15526729769579495,0.5669211802732985,0.1709036092136237,0.4620123200875123,-0.7400852089878309,-0.10137111136967242,0.2689586652609684,0.3703297766306408,-0.05338379042398367
ACH-000981,-0.2286967282053905,-0.40290069965800496,-0.9847553433133278,0.19169843875383147,0.3678938854338267,-0.3960955513337261,-0.17924661494873645,0.29295094772699565,0.4721975626757321,-1.1508798222552825
ACH-000983,0.20915821018537634,0.3235381709506845,-0.26369000984676855,-0.30139077108489276,0.6832487467972715,-0.1677750679411814,0.18747337143172726,0.5358898168413498,0.3484164454096226,-0.8258497870049248
ACH-000984,-0.4946014125845088,0.010803111178822933,1.3202664360843377,0.33679867509231426,0.8771695991200061,-0.13784548906422478,-0.6629482876177742,0.3015092671907431,0.9644575548085174,-1.149387726394578
ACH-000985,-0.2857830946015542,0.13817420428538474,0.20387297857279946,0.027800237463452532,0.827681015768089,-0.07960853050994932,0.0680868574060064,-0.39156060038467666,-0.45964745779068306,-1.1724576271245317
ACH-000986,0.27566458841645747,-0.49197589336001574,-0.029513798034716154,-0.2562396020652444,-3.2377722602841645,0.36516132846614496,-0.5513489197807393,-0.4846573437717069,0.06669157600903243,-1.5697869284579924
ACH-000988,-0.48843790361946376,-0.9364185912695311,0.3839667651639817,-0.21439319472091917,1.2524970619603881,0.03352557151666899,-0.31323866386765653,0.14386525234562944,0.457103916213286,-0.1150100571956364
ACH-000991,-0.3484838354108324,1.1504493955225004,-0.021792937606808893,0.24365977855523144,1.285260879187456,0.13167646975415181,-0.11594337994736961,0.21880661673472543,0.33474999668209504,-0.8511175726889058
ACH-000993,-0.43148004811616136,0.14544026923212405,-0.365354091216737,-0.229890431511806,1.150857613091844,-0.1434088682709378,-0.3218085629284154,-0.446274538788847,-0.1244659758604316,1.0978380136238048
ACH-000994,-0.23805679652753198,0.014992892862189244,0.29585697081932294,-0.08048664551326071,0.8339243204756072,-0.10728973247500473,0.23105322148643012,0.08645976743114536,-0.14459345405528476,-0.11175272230918748
ACH-000995,-0.6387511088479176,0.34226721888332556,-0.28414578774177185,0.49431487620819536,0.5089535418059125,-0.32522763715758346,-0.866453563382565,-0.5886545911013771,0.27779897228118794,-0.025314609791330434
ACH-000996,-0.0670083314358749,0.4718304424173342,0.6112534589499525,0.07146731703271741,0.15666298732039707,-0.017359818495214493,-0.07316791328311728,-0.3593761436284092,-0.2862082303452919,-0.33605475209446883
ACH-000997,-0.8641001431421481,-0.7739262907462006,0.6553583386944637,0.34170450237089334,1.095452232712102,0.08099583728927606,0.14110211588985916,0.19464648298501339,0.05354436709515424,-2.187467140544497
ACH-001001,0.769355457112427,-0.5170842701174575,-0.32748351168958806,0.41876992512973055,2.5768299848547755,0.441500287547093,0.783009979782077,0.8930890848095576,0.11007910502748067,-1.7470185098834197
ACH-001016,0.07951291896900686,-0.1272746537624795,-0.010410641045956459,0.4394071076079711,1.3894363498761666,0.10914307188723005,0.24284688247727906,0.45114941724622143,0.20830253476894237,0.6424199100990455
ACH-001020,0.9128067997462554,0.029478547150721623,-0.12152270040621031,0.12900396224213073,1.2678140173376196,0.14260303707609834,-0.34501276750641086,-0.3414338032709191,0.003578964235491755,-1.7870333182932587
ACH-001021,0.7658971740537439,1.6880518768614858,-2.189354716550402,-0.026157559774530048,1.0587334246167186,-0.0436909392373781,0.09686607672622083,-0.39766875353569253,-0.49453483026191336,-0.3494115017950672
ACH-001028,1.4946563875135417,0.90115693980603,-0.16275194174304608,-0.4401839442456316,0.6727516829145781,0.3192689092572354,-0.48452602956221336,-1.0007214921059189,-0.5161954625437055,0.9368918756250213
ACH-001029,0.31366798841312415,-0.026095739430055526,-0.2928018650849827,-0.03610971733923196,1.0366918482373504,0.019658541804222662,-0.43168658935766846,-0.6070435933963797,-0.17535700403871127,0.4804970609149478
ACH-001031,0.598444967012488,-0.3541477695877327,-0.18054339985627033,0.15893698551205104,1.1293348359197137,0.04187540017118141,-0.06211278578294027,-0.11207592793682827,-0.049963142153888,0.611439960181283
ACH-001033,0.2985016677298069,-0.2361907688843169,-0.4292770108394557,-0.03378129148015141,1.4448799264026848,0.18795268916018243,-0.48262398718793004,-0.48063279211819643,0.001991195069733609,-0.06690435344220241
ACH-001036,0.7176151823250382,0.9039189865924919,-0.8371731030317692,0.20052401224940264,0.4518848091101391,-0.21874479530074975,-0.1549274681532565,-0.3502710937239376,-0.1953436255706811,0.5444302089890045
ACH-001038,0.7421304255825365,0.27903903659251994,0.9422174039563956,-0.0021768297818666182,0.6517297478505002,-0.22778320732448865,-0.8443691211312692,-0.8473792523726125,-0.0030101312413432562,0.9666119772293522
ACH-001041,0.5624423801397166,0.6504906512285783,-0.9012061664244966,0.08874018992932227,0.6834682385125054,-0.15020970220256824,-0.13431396080085511,-0.033998023549640786,0.10031593725121432,-0.12684671884037002
ACH-001048,-0.858315214080196,-0.7342100974919231,-0.01634801921244619,0.058214704690882815,-0.1165955654061562,0.15461249778717695,0.017314726630109634,0.48364402231118264,0.466329295681073,0.2654381259727561
ACH-001050,0.23930359811389307,0.13854028009743646,-0.18681881047129623,0.21756748581091218,0.0041722829607430505,-0.24234827001767975,-0.8252536650258653,-0.594276769449731,0.23097689557613427,-0.1105566103392101
ACH-001053,0.4019658295068861,0.8468077474900167,-0.9044483321357966,0.1282258180021636,0.8859602354335037,0.04033617410896306,-0.3654292208399141,-0.7890231034028655,-0.42359388256295144,0.691865258765469
ACH-001054,1.2197285843902916,0.021186503573390136,-0.1580197347994241,-0.21314505869939826,0.4022724743192252,0.13584840919944993,-0.40353141462686054,-0.5959717668149068,-0.19244035218804628,0.33557730107611566
ACH-001061,-0.4061346866680608,0.09957532546748016,-0.07877909377537953,0.0948476713748923,2.865921382162098,0.27805384636812763,-0.24389693488274555,-0.14875795045117027,0.09513898443157527,-1.043477701091804
ACH-001067,-0.1595955516771528,-0.7455861226396543,0.057752501091313524,0.2153834136987495,1.563291528255805,0.19874773119559064,0.008839769868558778,-0.06766597107491971,-0.07650574094347849,0.6926026146276717
ACH-001075,-0.15275699759188444,0.5627367959222436,-0.4325459345771368,-0.04561691529531586,0.6571012952087985,0.21710693502346856,0.40932544258864134,0.1397653945381913,-0.26956004805045003,0.18418584680670735
ACH-001096,0.7065837942410703,-0.4970066447849897,-0.11468248214516424,-0.005990363351472516,0.6278619672553842,-0.20184046201836758,-0.1697591663287047,-0.6810120727399391,-0.5112529064112344,-0.6987692619579572
ACH-001098,0.10098653408419392,1.0516584750250593,0.20576514905368348,0.07586075909386698,1.4640605945393885,-0.041456261330255276,0.17093598191810877,0.257010209596497,0.08607422767838822,0.47478107843482786
ACH-001099,-0.9608866659002471,-0.534781634791663,0.9232812232186979,-0.11469400673002245,1.235610286589495,0.058238912916808494,0.10738012092855798,-0.3810543579280675,-0.4884344788566255,-0.24528548259610325
ACH-001111,1.7529212091070563,0.23239245367429995,-0.9822615628418884,-0.2847649253109006,1.704355066692403,-0.02094721880472675,-0.0819533195245441,-0.748147277508693,-0.6661939579841489,-1.0950791292598214
ACH-001119,0.6431295242988704,1.806186210072031,0.07219382186966955,0.08938850195603587,0.5515115851729359,0.24776187187693055,1.3729520572742318,0.6954452945887861,-0.6775067626854456,0.45477347886085107
ACH-001128,-0.8990287301204518,-0.365657679095289,0.18651360722407023,0.3019723699422704,0.8128654663277795,-0.10545209593732874,-0.4764714222046633,-0.04917134778812008,0.4273000744165432,-0.17141952610006095
ACH-001129,0.014041350627154753,0.42232958369534396,0.10451073878690997,-0.012038804782253769,1.1658804257114155,-0.0020858630748947643,-0.03900297639732153,0.13484543211945665,0.17384840851677819,-0.0321856662693098
ACH-001134,1.7024730160162973,2.568144579960594,-1.4258883358265921,-0.2482866218266123,1.2020294309520694,-0.13368126050898899,-1.2490180417751071,-0.8930733452157847,0.3559446965593224,0.6580424874056452
ACH-001145,0.05279529558849427,-0.01984609972709256,0.18568246341293926,0.21585686932832948,1.4630549884989326,0.2621228238158736,-0.3359563292674441,-0.22657807510078873,0.10937825416665538,-0.7905094985126031
ACH-001151,0.02203374376734052,-0.12892330909354638,0.7326435428262037,0.07999681139656645,-0.03629247865031058,0.33628514302225415,0.35252033205503663,0.2891977691228288,-0.06332256293220784,-0.5499899936803694
ACH-001163,0.6182565530401218,0.08402864659512538,-0.7217794923819147,0.3043401071024301,1.9425649256509478,0.13588612400722355,-0.001725813444117208,0.10652422032818239,0.1082500337722996,-0.35083784869270884
ACH-001164,0.4862175573872598,0.15544566395543918,-0.9517362966006038,-0.5685900987506531,1.3153624531656214,-0.21131837097415573,0.02357826271885012,-0.10076270190060665,-0.12434096461945678,0.7685091007679286
ACH-001172,-0.110072649417634,-0.37410279147334363,0.5471232866213125,0.18115403299790062,1.0308518033798681,0.011624528321305672,-0.678136235423128,-0.4879823013642171,0.19015393405891082,0.40275969356885316
ACH-001183,0.5442602956046416,0.22992868894614774,0.6765909526553974,-0.15853436710676005,0.034746193889159886,-0.2679854941105295,-0.058590475645277265,-0.1625265666488192,-0.10393609100354194,-0.1702690103746824
ACH-001184,0.6213683610058929,0.09323950873445108,-0.1580004949698083,0.20030562326726556,0.5318155959198766,-0.2874164726757451,0.2256824272957439,-0.2104060584151805,-0.4360884857109244,-0.46648094640266075
ACH-001188,-0.4383670910757363,0.18481740046317863,-0.4166357567679204,0.569559168118757,1.2023020762403345,0.04221993504853644,0.02509920768812028,0.04332537330781476,0.01822616561969448,1.489225459003167
ACH-001190,0.3381152141865573,-0.26199109702272005,0.30739420637997994,0.20831201701650923,0.9009324244745917,-0.0558443054030634,0.8800666995277795,0.5423018445246511,-0.3377648550031284,-0.6966121661200169
ACH-001192,0.3966988281045003,0.1322465023489745,-0.6174519467020931,0.003351147583867675,0.7591990249107028,-0.24238173142916963,-0.1994034357288893,-0.49512275807323014,-0.29571932234434084,-0.6848216529757479
ACH-001193,-0.5169886771494123,-0.321848141070252,0.48659274862421376,0.20627567079017362,0.5456506325080652,-0.5088106880142983,0.49546668225964735,-0.3895938819726386,-0.885060564232286,-0.2539472460594062
ACH-001194,-0.059636577928034284,-0.5640583711632748,-0.48726974096148246,-0.03400759368598387,-0.6219218235306506,-0.23066573718430047,-0.42342583067401424,-0.06211895538843056,0.3613068752855837,1.8046071403253439
ACH-001196,0.740960010250481,-0.5027490399838429,-0.4978174370383289,-0.17535777702656857,0.8274273451857938,-0.0704230873915716,-0.4185490279382859,-0.5148008197852623,-0.09625179184697637,-0.24412669905249657
ACH-001197,-0.026163538852968363,0.4926545078174354,-0.03537768609655652,0.16279213500927497,6.734024908523707,0.49115419567511553,-0.07272865709361093,-0.21416300968223778,-0.14143435258862685,-0.579715267159818
ACH-001205,1.076536639838745,0.08745603597130214,-0.7189652663749757,-0.47926650535704884,1.8662530793573515,-0.10539323514011913,-0.32846492798802296,-0.9440550981027137,-0.6155901701146907,0.9193081328416246
ACH-001211,-0.7932341097660611,-0.5458452484682702,-0.19856895573830666,0.1731733125949621,0.6843559673649312,-0.1882815240979932,0.2961957520931955,-0.24173627673711207,-0.5379320288303076,1.3371515217754328
ACH-001227,1.1642703762188047,0.8882161090180061,2.023285380013106,-0.527135208839105,0.3070714362756429,-0.13902215399805698,0.4940274098036743,0.2326531392069894,-0.26137427059668494,-0.16145262604584984
ACH-001228,1.1993834647723727,0.9421845313853905,1.5614396132027741,-0.37238581535715776,0.21112659677702109,-0.26988805423436035,0.057298782440397475,-0.08870219822070217,-0.14600098066109965,0.21974296925673875
ACH-001229,1.5317531572637424,1.4609567277181612,-0.6590728702716321,-0.1932299108759632,1.2614098054759435,-0.08071436824791045,-0.06006317930472843,0.4542214090670507,0.5142845883717791,0.603917749007946
ACH-001232,-0.847045323446819,-0.4868130465462849,0.25854912066657365,0.005958300901533164,1.0799240460216735,-0.012706570718131,-0.5565639274330776,0.2601511679522798,0.8167150953853574,1.3586028400467574
ACH-001239,0.3274473222080072,1.4540971983017605,-0.13866283698982473,0.04767935024958064,0.41943390167734884,-0.31221941133875164,0.6419061331611795,0.5448082207230223,-0.09709791243815724,-0.24571625504634081
ACH-001270,-0.1010672168122736,-0.8083412844166763,-0.5344947745733291,-0.24102119852089343,1.0427087007685862,0.009304506680326036,-0.6051877576308706,-0.1889296921409897,0.416258065489881,-0.40301603013021337
ACH-001274,-0.2628216834380424,0.3636531961768493,-0.462255531668987,0.2154760738566769,-10.0,0.15028939688060564,-0.28540862031966296,0.2059393538142488,0.49134797413391174,0.7077697239996501
ACH-001275,0.5233842352450536,0.6333990134281888,0.09238249185041528,-0.05055571211636878,0.7221826077107099,-0.12267155354717074,-0.4805626949088999,-0.04769378303256048,0.4328689118763394,0.6955176422596825
ACH-001277,0.5332278837893345,0.14480142403247567,0.12516093313492516,0.2960951152275879,1.1105350411747437,0.061382627011229096,0.15200658689039637,0.05686880508208629,-0.09513778180831009,0.32055807519593804
ACH-001278,0.304681392093454,0.4133039592231031,0.7665099433989981,-0.0459456666626188,2.4667665436589856,0.1824725243699456,-0.20488373227998327,-0.001280823181120594,0.20360290909886267,0.46942269313248636
ACH-001279,0.2493715174971128,0.05230933791766251,0.08667660027804874,0.14673342611594725,1.8716611331888648,0.2351108649146308,0.588101353896548,0.4538387372218443,-0.13426261667470374,0.5881157515490485
ACH-001280,0.9903321293112273,0.18803025652514765,-0.9513911616380053,-0.3804461385515353,0.6278181825630246,-0.0695569237167676,-0.5707903687534079,-0.230563540315607,0.34022682843780094,0.4408433477591377
ACH-001283,1.3305623294356939,0.21478904802791576,-0.20278088154474433,-0.33497863897529334,0.2687468120191763,-0.1703331558231016,-0.512584152727818,-0.729351433451144,-0.21676728072332593,-0.5542236308189341
ACH-001289,0.7935832874617732,0.39901985264979695,-0.3354506536342354,0.09876873165045319,0.643735604677356,-0.1806377054108182,-0.03236278134593029,0.24003625050190563,0.2723990318478359,0.363384547162317
ACH-001295,0.13664647408843927,-0.6167951883333792,0.08951064807167239,0.17222869041113192,0.8441933775205551,-0.08549558301937693,-0.20562314050458763,0.218541060548205,0.4241642010527926,-0.4356255957310819
ACH-001300,0.5276531120492832,0.15426710570514468,-0.5688654244321227,0.15557318605982132,0.3456851265414686,-0.3001026662069465,-0.3580701585806972,-0.2707322505423795,0.08733790803831772,0.2849613124667555
ACH-001301,0.39307824041761213,0.330457246205853,-0.40074264823525674,0.2241519944918841,2.5125313244004808,0.3330663062888104,-0.28637584746119327,0.03339459179466706,0.31977043925586035,0.3196240194862713
ACH-001302,0.8359124781413572,0.04274532777008422,-1.1376611527350375,0.11548371521128292,0.6829897948844665,-0.1440437178065152,-0.18990843884210065,-0.024065266000709285,0.16584317284139136,0.002679396356380148
ACH-001303,0.6325883080943517,-0.3528932301615554,-1.679021554235875,0.13857274830340283,10.0,0.14220176592123787,-0.21189508707361343,-0.24919212526560983,-0.03729703819199641,-0.10704735204079195
ACH-001306,-0.4331431164543129,-0.9692874866875832,-0.17770282717675354,0.17092330984462414,6.3090550116768815,-0.1397378652691549,0.35908880816031863,0.5919394628812791,0.23285065472096042,0.7002544628384054
ACH-001307,-0.3314058460998529,-0.8270407520248122,0.48521377537763416,0.323894518418911,0.6885746044895185,-0.10917843670673355,0.44896189006241205,0.5551801544917373,0.10621826442932526,-0.12080419448560409
ACH-001310,-0.38486950398578973,0.43820921037005656,0.20666148532192619,0.10260373537252868,0.3925602799294836,-0.19130459449532092,-0.7725135630430757,0.06091544386700187,0.8334290069100776,0.7088868469408701
ACH-001318,-0.032270222619983524,-0.6456024928274223,-0.11921106862916431,-0.15428624635477928,-1.150874961251551,-0.19027586933223278,0.03455644234454065,-0.08903794070035928,-0.12359438304489993,-0.04354024919379548
ACH-001322,0.24329571194586075,0.5432941476177244,-1.0470266757584252,-0.03192205249462754,0.4799584242464884,-0.27449783542100153,-1.1176857252913395,-0.28934734085647595,0.8283383844348635,0.36028646449575774
ACH-001328,1.1130252537103857,0.8541998878565157,1.0126171924176939,-0.34375583866168735,0.6566965156096918,0.11505435155403296,-0.10328686289321645,-0.22943634772232438,-0.12614948482910793,-0.3833216433307532
ACH-001329,0.1274155928300136,-0.15648864456855002,-0.936778760336831,-0.01964424871826681,0.40967704224467516,0.20110372190658019,0.44382323209152336,0.36570820668770915,-0.07811502540381422,0.5743068182346727
ACH-001332,1.4969341270301626,-0.30978611101285836,0.2959840865037775,-0.5081162394776357,0.5763826157159282,0.2019024296947865,-0.13160620388011615,-0.30778466385916264,-0.1761784599790465,-0.43852093694064687
ACH-001333,1.3426045839996754,0.16279573360758248,-0.5617495169677086,-0.01229556969833201,0.8517695805684755,-0.12649594488932447,0.07507513704448965,-0.2845416469147245,-0.35961678395921415,-0.6561619393601755
ACH-001334,0.30038936027900665,0.641152005024687,0.568957262622896,0.13737624819979957,0.737588567206027,0.17234791348132844,-0.14092533585052358,0.293475469216226,0.4344008050667496,1.0143187798332978
ACH-001335,-0.2391961094224098,0.22047380737399952,-0.14951849181297033,-0.25005704221478,-0.5968879619519514,-0.09988260822446504,-0.7043942430964022,-0.1665198168399411,0.5378744262564611,0.015585272866605458
ACH-001336,0.4909812415548593,0.1680811380723325,-0.21503851278822295,-0.21279211810948828,1.386073879657087,-0.29830348529756645,-0.6954671739875468,-0.5980832256864463,0.0973839483011004,1.6607237045396195
ACH-001338,-0.6289711845528144,-0.615415213493812,0.6470070931717935,0.45935112740196316,1.2055895124673528,0.09131756485343795,0.3172323292637922,-0.11500650679040506,-0.4322388360541973,0.268094108564496
ACH-001340,1.1823044690039999,-0.31450579816953295,-0.10866728872882102,-0.2923259598703226,-0.47678826379961103,0.12032026956391104,-0.23993945575115644,-0.12302467293534954,0.1169147828158069,-0.630229506126456
ACH-001341,0.1971111107033073,-0.07631391495494308,0.9348034347364954,0.012398003575867289,1.220410047513152,0.0366231414638897,0.6673993519153998,1.0675743844389722,0.40017503252357245,-0.1688732152703449
ACH-001344,-0.16791468954836342,0.07808004712620553,-1.2642250332246314,-0.002878311647738968,0.6061537196494979,0.2946816371730413,-0.2760504762772389,0.20812055871560164,0.48417103499284053,1.1170066405415862
ACH-001345,0.9597313531641994,0.2824818778037944,0.14348755027582014,-0.10386196957519012,2.8114596118811286,0.46468930497690897,-0.5398605011516764,-0.5702618029483901,-0.03040130179671379,-1.5119220319553057
ACH-001346,0.6384980447751778,0.8761132006391094,0.4853404613357245,0.05116235170054659,0.43583517988783965,0.2535028457667968,-0.09329114057809273,-0.015849797725597248,0.07744134285249549,0.330185531873299
ACH-001347,0.08427683185867496,1.0745132824549262,-0.5199179601394469,0.14938397495547817,0.5942924321730684,0.24703983256860446,0.4353732592755437,0.1620364231865374,-0.2733368360890063,0.9937671824015507
ACH-001349,1.271300685420253,0.17884020810855872,-1.8388697736988662,-0.23404995678643276,0.6196922539885539,0.06868698141073211,-0.06030281304393226,-0.8564569874858108,-0.7961541744418785,-0.8858613749396066
ACH-001353,0.3803446339865271,1.1553208634264849,-0.8916171075046777,-0.14398072226974412,0.6599544330389909,0.3887850155032917,-0.20408271343238787,0.07369558252529144,0.27777829595767933,0.6885123068553034
ACH-001354,0.6661745658282324,-0.2685028201824231,-0.05545826162411405,-0.20154222609830197,0.950337869776034,-0.04232307877980923,-0.1562549695953016,-0.04533447134248121,0.1109204982528204,-0.5073305034236811
ACH-001356,-0.5226771588269312,0.050918871900160645,0.6086856298957704,0.4120759783909868,0.8333597039960439,-0.06467391429264069,0.44331329481420645,0.7728299493204082,0.3295166545062017,1.0837681144556544
ACH-001360,0.33783790281132636,0.17459920698250708,-0.2606853432602411,0.16602492873460334,0.40049655023117653,-0.3256862291433762,-0.32936464591489706,-0.3412170425249999,-0.011852396610102832,-0.8075682455089379
ACH-001366,0.7947739218546002,-0.17501172421100852,-0.1425394178416048,0.17471888770945482,0.20221661326215193,-0.3043277589956972,-0.06869319854295154,-0.1677692745080522,-0.09907607596510067,0.6840860974084876
ACH-001367,0.9080424658007972,-0.3856554481453174,-0.6837757962997025,-0.08168009530912879,0.5483105188309763,-0.38289156245693706,-0.4712800845428149,-0.1406719322190134,0.3306081523238015,-0.32836811154574963
ACH-001368,0.2491397590285656,-0.1628183631674633,0.4047916893444168,0.06294538547063366,5.290958979107207,0.3005543169111204,-0.2919991753485295,-0.8921566552640188,-0.6001574799154893,-0.21300372663364794
ACH-001370,0.08313823525176278,0.731904150427647,-0.3967017532348669,0.02089402132556628,2.9343967719121378,-0.5507942851121139,0.8359973197333325,0.09613766143663102,-0.7398596582967014,1.244531990740217
ACH-001374,0.258188230654134,-0.0845867868939513,-0.44105126127719263,0.23505939989609204,1.1147264095700762,0.05551345763920135,-0.12025219242852772,0.01887937825981334,0.13913157068834106,-0.18754703067573814
ACH-001375,0.3820269076058658,-0.2436619290734442,-0.1064230954780967,0.167947580576835,6.123171192054506,0.29179031359061086,-0.24526961711265466,-0.32077942470179777,-0.0755098075891431,-1.1746632112291642
ACH-001376,0.5531789547203203,0.6008368916408756,-1.887493237768967,-0.39814247314964557,0.980569336432585,0.022682529498226245,-0.42706781159548063,-0.33444919990852384,0.09261861168695679,0.6923551197969313
ACH-001377,1.052831369028083,0.28998195228719814,-0.9936583254147715,0.16081760905318643,1.9648179442941736,0.09646417810129614,0.47946384187897545,0.3268788700539661,-0.15258497182500935,-0.9284559807709443
ACH-001379,-0.059241664069181306,0.4799292983868032,-0.2831285190551821,0.04767407935212684,-0.11111289988937786,0.8052924394072264,0.006801832247894324,0.23330298420520856,0.22650115195731424,-0.05297141614642173
ACH-001380,0.367735204536577,0.07822845574930448,-1.160296268831326,0.0688574633953458,0.5144008145727486,0.18516405542123782,-0.007026381109174057,-0.19797875247699637,-0.1909523713678223,-0.04919760737821066
ACH-001382,0.7225996838884626,0.22361638175733206,-0.9910237416103757,-0.4793354390436625,0.7603052900527952,0.15313119029386035,-0.07143429591325848,-0.07670178873578176,-0.005267492822523281,0.2674999987709711
ACH-001385,-0.021234012393582358,0.4120731537263898,-0.7065316270213603,0.12271803723077634,1.6633898795237911,-0.11860009525182214,0.5538803807803475,-0.0874663005657595,-0.6413466813461071,1.2131118871208404
ACH-001386,0.005001099393651454,-0.5628846246921404,0.778121221198314,0.34323361780240635,1.5564505363302863,0.2908763235207219,0.17525407235082785,0.44511858004715626,0.2698645076963284,0.4931737918577742
ACH-001388,-1.0944956803135533,0.43503042638363043,-0.9274834580113112,-0.7010130517757895,1.0689855262363792,-0.2654647627252045,0.5716196170821621,-1.6322528175075945,-2.2038724345897567,3.7594980012154
ACH-001389,0.010440903235972465,-0.3746858332326004,-0.3178917323897801,0.1377531174083606,1.6278282500482895,0.09555273549196389,0.18782206239832375,0.004909624393222211,-0.18291243800510154,0.908827685920135
ACH-001390,1.1822767352865122,0.007935543818502588,-0.03485781044244918,-0.08600518772258013,0.44194873664120815,0.2499751965802957,0.00032514925627491476,-0.4544326095726577,-0.4547577588289326,-0.4848093700666155
ACH-001391,0.17611923095128723,0.5338908536791748,0.34477179726978635,0.5144044175096143,0.3942058208257972,0.05707185537867597,0.3950253506081049,0.45267481402726195,0.05764946341915706,0.7658210637699561
ACH-001392,0.3534486354694523,0.0764723990511802,-1.3995547517103413,-0.39579726545707417,1.2856613442745144,-0.2482984846331432,0.11068014508828583,-0.4979902296402118,-0.6086703747284976,0.6438535039018021
ACH-001393,-0.3926445142313067,-0.24214529769064935,0.9516437484413103,-0.2876829422614328,0.1960153330395548,0.8156804040001826,1.0001318429002248,0.01285367526033283,-0.987278167639892,0.7719846827091492
ACH-001394,0.8968131791953264,0.3035719809839428,0.3171235695357999,-0.06419538826026339,1.3461146416917653,-0.1316869223633283,-0.041631039052283506,-0.16407025016202167,-0.12243921110973817,0.34056014126092765
ACH-001396,1.5580935003976393,-0.033382817611822185,-0.9978079132283675,-0.41038199405655357,-3.2039610385290724,-0.22617091231300873,-0.0593898121123867,-0.5691792603876571,-0.5097894482752704,-0.6699879327933055
ACH-001398,0.557938049864281,0.685679378555645,-0.805864093358166,-0.2912652920140939,0.3104463397193548,0.3070552741652847,0.18513143040912305,0.4398537254780045,0.25472229506888144,0.5587416472367838
ACH-001399,0.4443715430713108,-0.09415687450963495,-0.4401341585329661,0.18718860392681017,1.2626272390116215,0.05391870321535985,-0.426202489294834,0.025050283092455917,0.45125277238728995,-0.35787506264479835
ACH-001400,0.16877282049342757,1.412751961701057,-0.03985680253028567,-0.8190387652124662,1.2140130421814634,-0.5347702485928556,0.041808160670006034,-1.50854498711228,-1.550353147782286,2.44417698615428
ACH-001401,0.873567868866589,0.049084453254575555,1.3335185649163848,-0.021474379639347896,2.208272841610261,0.22281082790830084,-0.3220254783338552,-0.6526819580505866,-0.3306564797167314,-0.47358144486720816
ACH-001402,-0.6136601409344681,-0.8173867940576529,-0.4698473206083792,0.11533654141385685,0.8446581422219,-0.030584647514084684,-0.1168161677876024,0.7538471659797225,0.8706633337673249,1.0708992069732899
ACH-001403,0.5700806058503856,-0.05810329439437807,0.36074777683192116,-0.15946042825134144,1.8939688142353024,-0.03708122553980873,-0.2979821776419308,0.11719461117208343,0.41517678881401426,1.2838318327509146
ACH-001407,-0.48299820702453977,-0.8276635481232806,-0.09851830890852709,0.3425503888005004,0.8182156003650041,-0.07870265166063528,-0.09099322759298673,0.16116231447199458,0.2521555420649813,-0.560526913536374
ACH-001408,0.05784769613205079,0.41419243195186894,0.3642587819020964,-0.1015952854434556,0.8450632452735353,0.03981241066732,-0.2131624855880564,0.4493291157920881,0.6624916013801445,0.7409482978433002
ACH-001409,0.7980440369391852,0.09407935998655198,0.30556046053540276,-0.1961293332853155,-0.04302306383610033,0.241938413316527,-0.33142800317209,0.009357324615965723,0.3407853277880557,0.17459728617200576
ACH-001411,0.6267192492649307,0.810609472002036,1.0156049723950291,-0.25495109652257136,1.089410653727513,-0.0402519243290832,0.02522622975366723,-0.3644247988703815,-0.3896510286240487,-0.22753443772161996
ACH-001412,-0.7505414794694125,0.06849877951479294,0.0539692571204019,0.21637851668391525,0.7875471646121709,-0.09774634849958375,0.06038843394317073,0.7789542345020161,0.7185658005588453,0.46969977335402424
ACH-001413,0.4110413775917895,0.04511369324859055,0.34532827891768014,-0.09005398259843836,-0.017087092396621602,0.09922179464744102,0.048626634005794485,0.09950543887573228,0.050878804869937795,-0.07574352471685192
ACH-001414,1.4817845128691693,0.5436803885766772,-1.5556356786470553,0.19874949964136268,0.2555664536801868,0.44734235801825706,1.1068593049308966,1.0114283834497058,-0.09543092148119087,-1.552234618165917
ACH-001415,-0.7817938696965606,-0.0956555534076593,-0.17872959269778674,0.07504389676847371,1.68315909846777,0.08021896945900463,0.8944533112994639,0.9942756199487903,0.09982230864932634,-0.35809093130681224
ACH-001416,-0.36253963420456814,0.6766911645659232,-0.15585929923493905,-0.23580973935857755,0.6621390206262961,0.10996087113038372,0.627221639811048,0.33262046817181845,-0.29460117163922955,0.47292718954395696
ACH-001418,0.5936812509711756,-0.16125723537997047,-0.037531597687592566,0.07989178817853004,-0.024317048392189056,0.3566120002901455,0.06030469080241899,0.05349369128946648,-0.00681099951295251,-0.9090711739284353
ACH-001419,0.965188312501363,-0.12774309189659866,-1.9453548898397872,-0.13706578920100243,0.7732168252350652,0.035842427451737005,-0.1867685332656947,-0.2156106527239298,-0.028842119458235078,-0.7096774345426905
ACH-001421,0.018711170323331472,0.11088854784670418,-0.5445264055532355,0.3598579862964928,0.3381379648102421,-0.5010072324116404,-0.0772625073954551,0.3701215356781257,0.4473840430735808,0.28313838347791187
ACH-001422,0.9496687726628801,0.21507530048871537,0.4819629941058602,0.07297494130249355,0.4828074291549218,0.34718581191101777,0.15570223688125348,0.310552840721616,0.1548506038403625,0.5331078194841528
ACH-001428,0.17474749307849285,-0.6455202592051622,-0.6012455739557697,-0.11286114857482768,0.07818449789990069,-0.38519410677774646,-0.638234882548803,-0.8414452767794343,-0.20321039423063125,1.1108140830716682
ACH-001430,0.4341403310505015,0.17472034829029065,-0.11127555735987571,0.08460167857416481,0.42701731688243283,-0.2796525815227914,-0.6886394749712332,-0.5122584242533457,0.17638105071788762,0.4021849340773577
ACH-001431,1.0762134885017745,0.19651321549311307,-0.2808567614535184,-0.33730917075320177,0.31908318035554867,-0.38916898035894376,-0.08196911176568622,-1.0155742983780647,-0.9336051866123785,-0.04163038645823623
ACH-001433,-0.0003415250011917781,0.0025624428140254008,0.2351019858446216,-0.2117543773352084,0.9268286029639891,0.05494192845307355,0.44548333208556834,-0.42898968072364063,-0.874473012809209,1.9228298174682426
ACH-001442,1.2446440768424643,0.21895990867089377,1.1084315256663086,-0.10817778177467233,0.4304318188045887,0.3981870921473473,-0.9943305588943544,-0.2402236073416797,0.7541069515526747,-0.04791403512823452
ACH-001443,-0.0474662775698686,-0.2753376397177918,0.8212233201190359,0.19603471183428775,-0.7021606752954951,0.5857584109400591,0.8368453075654033,0.7903820649915787,-0.04646324257382463,0.13625163272107427
ACH-001450,0.8428709986037575,-0.273452708114016,-1.0276061602650532,0.0910924019652218,-1.0550252892579997,0.20533518978647108,-1.4054848709871122,-0.9717544340412022,0.43373043694591007,-2.136672573476308
ACH-001451,0.07322694246258726,0.36670028072712624,0.03452777448457045,-0.3833103402420832,-1.440521687196706,-0.4834713963652517,-0.6993534024409346,-0.13145556102009429,0.5678978414208403,0.7325735247694243
ACH-001453,0.39878718855483153,0.6223665509264411,0.49050125857227794,0.4910881557379727,0.7562465235228827,-0.1483963745488071,-0.27733564265530364,0.6516440741062419,0.9289797167615456,0.05904085546798016
ACH-001454,-0.059669748099069886,0.04843161537773771,-0.871453287759993,-0.02795493789572845,-10.0,-0.09781204827079913,0.37876852276355977,0.899039681833697,0.5202711590701372,0.8573933718989295
ACH-001458,0.7788711821353481,0.5476807943193798,-0.5774823911891416,-0.18599991287366435,0.19829125966563185,0.544692076841604,-0.03776656610223783,-0.5759480542873184,-0.5381814881850806,-0.05192427842058317
ACH-001459,0.892167484830628,0.6048673659848545,0.013610857686106925,-0.7154949422460593,1.0335839061079535,-0.018101982468882394,0.04328798590751537,-0.6095393829608653,-0.6528273688683807,-0.22457658257436663
ACH-001460,0.481729556099471,0.2232518289316202,-0.17200746941455758,-0.5706739863178,-0.09728830927807547,0.2999653650589491,-0.22099264302713467,-0.5432774614418652,-0.3222848184147305,-0.7062060696891019
ACH-001461,1.4567480344073505,0.31810461659566225,-1.3152637546185035,-0.35210254451527734,0.5704364966462667,0.25326618208333956,-0.6322857929732577,-0.7739359278083496,-0.14165013483509195,-0.6993264588987238
ACH-001465,0.45396037823239876,0.18016500845413197,-1.1875317653996527,0.03068152182797201,0.18281086924988055,0.3118119163593544,-0.18543699857373108,-0.26506106135310054,-0.07962406277936947,1.5672435455623428
ACH-001481,0.3583082190787008,-0.2953722933525631,0.22840693599937117,-0.3530750272867659,-0.23758263236169488,0.26220544828655057,-0.285891933029098,-0.5043427241725544,-0.21845079114345645,0.03399253889574194
ACH-001484,0.33161117430302683,0.894904391369408,0.5500401574617146,-0.14233490138138033,-0.09182484523256988,0.46532051464363744,0.2255948692915708,0.9698964266858452,0.7443015573942744,-0.007963641614131628
ACH-001494,0.716838995731817,0.9176465038943303,-0.8844243449234581,-0.4951332548251337,0.8119645667457315,0.29606870054257106,-0.6472985315371673,-0.3063071507872669,0.34099138074990043,0.5230309869060875
ACH-001495,1.1490470291910435,-0.11990384051541392,-0.4865101589996727,0.03846013844909746,10.0,0.1768356467375415,0.13562514447490942,-0.15555020592710678,-0.2911753504020162,-0.6235407156865544
ACH-001496,-0.004515134174762847,-0.2234489034000293,0.6389754898483581,0.21506584277530424,-1.5374529668457908,0.5142983627797644,0.0963928496083954,0.22061628279518838,0.12422343318679298,-0.30789519769933926
ACH-001497,0.688003663781446,0.7306204533827368,0.1980757262728855,-0.41099856429286596,0.9410429799316151,0.03641300532420866,0.0005739241202553924,-0.10567802518930199,-0.10625194930955738,-0.03205266197320922
ACH-001498,0.28063576961261083,0.5273917761901433,0.3592890198118974,0.1396508819076518,-1.2616645505933721,-0.13121450778778881,0.1965106369527494,1.141549196332805,0.9450385593800557,0.306569963553157
ACH-001500,-0.4571181927865813,-0.6760367104522302,0.28672440872965554,-0.028940401331848747,6.234124146704338,0.28782798566174583,-0.3698922853535779,-0.43137156419524214,-0.061479278841664264,-0.23344146431879498
ACH-001502,0.6955461908243975,0.04289104687872136,-0.39104224558502776,-0.30827650809781687,0.4014875356103515,0.27250464532220375,-0.6993111130423648,-0.6461779484970455,0.0531331645453193,1.9028713636712202
ACH-001508,-0.6743761240947637,-0.21038328806527307,0.14245830898562212,0.09424953114753451,10.0,0.21126248095926578,0.15883901947464552,0.45814994076198,0.2993109212873345,1.6835134732022947
ACH-001509,0.9572812552030261,1.642531017248523,0.06447588445360064,0.27431128693547524,1.2406671168053458,-0.1629178767096966,0.4177113364326221,0.10189009130318034,-0.31582124512944176,0.15976597393017955
ACH-001510,1.0879900810628198,0.6176039277435108,-0.04252419780592809,-0.18345820644261657,1.1008560808413572,-0.10712895431527558,-0.39203041551367435,-0.5249410739236304,-0.13291065840995606,0.7724833912279526
ACH-001511,0.8467258999026659,0.8533630729539304,-0.8028673431374264,-0.2670763497232548,0.6205168086905034,0.22978441020270435,-0.19730322394186606,-0.2072276072768667,-0.009924383335000639,0.8334031482590833
ACH-001513,0.0850370290075908,0.1051972061433486,-1.4612722722679157,0.41060309704840176,0.8222994962201529,0.13689623088940905,0.6471236693861091,-0.10290287855417297,-0.7500265479402821,0.1634228446081497
ACH-001515,0.1436604858074788,-0.12860076803860998,0.5032071088729387,-0.11740279173763252,1.0699292109340308,0.016265735938897102,0.2123695584794551,0.314353872071634,0.10198431359217892,-0.18485423875070367
ACH-001517,1.483971270648775,0.12511547183529897,-1.3683690323861954,-0.1981946669797537,-1.9817947546283243,0.1028090357838447,-0.2693757530125608,-0.47975756630602107,-0.2103818132934603,-0.5215059043385927
ACH-001518,0.8581057352421966,1.0002319476827792,-0.23771222538616774,0.06804519360993223,0.07198432360806462,0.4677634983007434,-0.2284583003583553,-0.04337014386615856,0.18508815649219673,0.7026677934458374
ACH-001520,1.1015417110326302,1.11275428516481,-0.32920719393181463,-0.42819290490230616,1.3398274293868482,-0.17703498521152483,-0.04944519863071184,-0.32711727179381045,-0.2776720731630986,-0.5297226340604573
ACH-001521,0.11545644281086445,-0.3678697862737391,0.6969895069231846,0.12009513903444191,1.0351634900697095,0.024568210194902518,0.4347281340922978,0.28402957703609844,-0.15069855705619936,-1.8100828648211231
ACH-001522,0.3258274832418388,-0.291820156899387,-0.4950063948066509,-0.37704665658840913,-0.5848856044602491,0.7731976229745872,0.45612783986798944,0.19172699494468629,-0.2644008449233031,0.26691669760722647
ACH-001523,0.28951006589538797,0.5504806733765795,0.33195516362677013,-0.38157879588676413,0.24906291032924247,0.6873198367058576,-0.21680850257241002,0.10501689287990701,0.32182539545231703,1.1207478616275264
ACH-001524,0.38334015541593947,1.1324127088408726,0.036359589609104126,0.05577846581429079,0.26789585251294235,0.796789573944092,-0.3614224238529905,0.22239148625100716,0.5838139101039976,0.6505782473615063
ACH-001525,1.222642990459745,-0.20982608654918533,-0.44755114121444584,-0.1497282595539619,1.1430424709860867,-0.06432899857872398,0.16981474551520243,-0.08163323569957286,-0.2514479812147753,-0.17603521186909843
ACH-001526,1.1449693526469595,0.00401712884974037,-0.07672220699879384,-0.3921020053238307,-0.7374504095464552,-0.40657445450791097,0.4685258678222929,0.19117796710847448,-0.27734790071381843,0.824638806917616
ACH-001528,-0.8953641033735303,-0.06453766033720743,-0.28231763184453407,0.4529077668869607,1.012822900826276,-0.0020334645695881393,0.7842452421357996,1.0629659279953683,0.27872068585956866,0.9807241749901872
ACH-001529,1.7214070814509386,0.01567317570418081,-0.06984751405235107,-0.7583878765414965,7.049774269572879,-0.06309170990759302,-0.203642652181944,-0.6122350286146456,-0.40859237643270163,-0.7321298949848649
ACH-001530,0.9360597903765505,-0.05842334005477329,-0.37037603053360607,-0.5604369137037328,-0.7906456543470112,0.6145507604446618,0.3803864935205231,-0.21626078348295885,-0.596647277003482,-0.337701329306199
ACH-001532,1.5037228739043373,0.7480956181689097,-0.4901826327442946,-0.07901318348119778,-1.4104557862033216,0.17327694296933494,0.027251071185235842,-0.25151631454333245,-0.2787673857285683,-0.062196959366664806
ACH-001533,0.7848225473661565,0.745007738974689,-0.2917818656187039,-0.18904710188225732,-1.8863832145893353,-0.5585825746077075,0.4986951243096256,0.06679871913217536,-0.43189640517745026,-0.553992003651553
ACH-001536,2.24598323322222,1.250160290127689,-2.2040095769075947,0.03879658011449813,0.9129681538957146,0.060999394540415586,0.007624657009725283,-0.13566578738904683,-0.14329044439877212,0.6460577910902272
ACH-001538,0.2720894332503566,0.4993674790012122,1.4375062317597826,-0.11201683003235277,-0.04448193058323711,0.7458385945386452,0.0016463207330540408,0.2921198616142532,0.29047354088119914,0.37278990949385227
ACH-001539,1.0396059259841652,0.552011684981732,-0.9051638196061628,-0.23856678239137813,0.4767416369320087,0.21170736494360803,0.16817370396323816,0.21921899436990028,0.05104529040666212,0.5501236863443317
ACH-001542,1.4800953854435872,-0.01788731844761582,-0.443894471557809,-0.30697682087336003,0.7309489355628247,0.2117586392730204,-0.7016248579247907,-0.7594192400913478,-0.057794382166557065,0.1745585325549147
ACH-001543,1.2022945541321042,1.146501039291695,-0.2832000555055003,0.080755107805623,0.772564463466483,0.18037705931919779,-0.7691942308140876,-0.661681259294197,0.10751297151989057,0.24481067729934303
ACH-001547,-0.22890520611275028,0.29932194044141547,-0.4270560396076297,0.35672366911076947,-2.5164255740755976,0.5518041818176913,-0.6719852880331194,-0.5393903617684714,0.13259492626464794,0.05702112458254649
ACH-001548,0.5413588476246487,0.21594899106498788,-0.7697941657940799,0.21450027189879553,0.9357663672105384,-0.029396816506225665,-0.13975024695934993,-0.11670123994281904,0.023049007016530874,-0.7404626507417081
ACH-001549,-0.03765149218242314,-1.1214055979772592,-0.8186343308211707,-0.05986234518955602,0.04661099001771542,-0.20764915858127533,-0.7604633701920818,0.24708195637265384,1.0075453265647356,0.8894725037156714
ACH-001550,-0.3450315147173536,0.5268183201831167,0.07037180361922585,0.3759359308912942,2.7060021056517143,0.1910307901369189,-0.05287545337943711,0.30183796970592036,0.35471342308535747,1.1916604157548356
ACH-001551,0.5499791858824927,0.045916666708167214,0.675200848256996,0.2908239291431579,3.2995794652367723,0.1499904791941979,-0.3237751626922253,0.04100500327120206,0.3647801659634273,0.6334799504312891
ACH-001552,-0.4464784628606933,-0.8422797663589396,-0.12063809660759517,0.04570318143381173,-0.5353527244306122,0.2683197045909939,0.17381309839785755,0.01229505895962837,-0.16151803943822918,0.23882422557541352
ACH-001554,0.27420231565424935,-0.11233027216509073,-0.03946909808085125,0.1232332301780437,-0.36587324314723696,0.13082806623307688,-0.17266809739109412,-0.09763175849586399,0.07503633889523013,0.47157682830436043
ACH-001555,-0.511376277337652,0.09099311448082781,-0.11591782239918663,0.2900146260305242,0.2277677939474813,0.6478005093450014,-0.10692100248111402,0.35223835549671423,0.45915935797782825,1.1905017697965072
ACH-001556,0.04317956915200272,-0.10160433935451407,-0.3494141232040162,0.6724039991499049,10.0,0.4177417907293656,0.31969647764439385,0.6205830342423154,0.3008865565979216,-0.14044839290431138
ACH-001557,-0.03164789851545069,0.3666097466628977,-0.14355313229052236,-0.040988422688491066,0.42917047672791386,0.3378354538340911,-0.730404116979058,-0.730080504664035,0.0003236123150231227,0.761629324851328
ACH-001558,-0.712767132019098,0.6672637993265865,-0.2812825700234177,0.6036655511705371,-0.8352103523922718,0.6430490618521301,-0.194444346479822,0.20464105539099614,0.39908540187081815,0.4448572844964467
ACH-001559,0.13662082575099652,-0.4996349000905867,0.1559612099204163,0.0831471861374115,-2.5134956437434863,0.2253711960106693,-0.29856953612058146,-0.17787908288950027,0.12069045323108117,0.18986068460665756
ACH-001560,-0.21144776807074817,-0.04859092958114175,0.14888397116303703,0.4183701885254098,-0.12527742088033816,0.3512828172419936,0.12523817793696834,0.38729946561910766,0.2620612876821393,0.39042987801588547
ACH-001562,-0.48350727411248956,0.5681371297063023,-0.022203148468776468,0.4152468072480703,-1.0041437978273924,0.5028096848535458,-0.4565527072782262,-0.008522564658356635,0.44803014261986956,-6.976896773008834e-05
ACH-001563,0.102660622956748,-0.011117069801078017,-0.5933292096958609,0.035504937467501885,0.934457889711385,0.02571285422890157,0.11177403886264561,0.2925047110261502,0.1807306721635046,1.3208967944214436
ACH-001566,1.584353337066195,0.30201437637017436,-0.24244244802030182,-0.47466690814156376,-0.0871878399132203,0.310220516732358,0.21301853953943178,0.21048083849696533,-0.0025377010424664594,-0.5694254480185503
ACH-001567,0.31842390751071237,0.17258449875142284,-1.2412357726466694,-0.0586464846759209,0.6359531911957405,0.059788909435543325,0.24568457351796985,-0.004320573937337313,-0.25000514745530716,-0.16331594996081455
ACH-001568,1.2870228836313076,0.8235807544627589,-0.94625841252826,-0.581227519771443,0.9742281744670526,0.02147217761055442,0.06353625474028246,-0.630090930746537,-0.6936271854868195,0.3979864358743609
ACH-001570,1.0141395341336013,0.15167237102237865,-0.4763795035177647,0.006390677578756221,1.5750263870621823,0.17470852901792278,0.49279465755107255,0.34227483271361403,-0.15051982483745854,-0.35085993918769504
ACH-001574,1.428280700056689,0.9058393219124095,-1.4238387399951553,-0.26890099694189895,1.0494025409811327,-0.01973943625816854,-0.8020356631415986,-1.135811961928328,-0.3337762987867294,-0.4292568695625665
ACH-001577,0.188943159395903,1.8256233844232987,-0.845656756788087,-0.051312886610056396,1.38848208870248,-0.3255909299079226,-0.084447288834166,0.040675707940948325,0.12512299677511432,1.6147261782528728
ACH-001578,0.17586473978480688,1.086258064714169,1.6310868911693022,0.34381986416409427,1.9546375485705445,0.317249922382906,-0.26757669567917325,-0.22327143120449494,0.044305264474678294,0.46132649455958474
ACH-001603,-0.43029736228722526,-0.15281488001593357,-1.003689805406935,0.5688903990361479,-0.17855204161974222,0.2219729087513895,0.4655940364198467,0.08970173765337526,-0.37589229876647146,0.24433913024885784
ACH-001605,-0.6771223518119789,-0.7846255644723128,0.09131094642768782,0.0031097171273302138,0.0889251232851364,0.1931151195536841,0.0012170782856644746,-0.2507284283912819,-0.2519455066769464,0.8406823212036338
ACH-001606,0.015139629021037576,-0.2913971884670423,-0.30617654119161974,-0.10275777926547823,0.5937556360340996,0.10660843098128517,0.21558921985849294,0.0915926484226656,-0.12399657143582735,0.9905951629949443
ACH-001607,-0.28083912035449216,-0.21480057946770026,-0.1425270931572883,0.294179754785105,-4.226345657190061,0.2680627411387696,-0.23382649100497377,0.3425416896464134,0.5763681806513872,-0.3601669115458511
ACH-001608,1.2402285424778259,0.24733432604210748,-1.0797220730979082,-0.17572011763600082,0.34692513866142427,-0.08802890270742517,-0.6110975117447544,-0.44087655490249633,0.17022095684225805,0.8753949249174444
ACH-001609,0.348281915459276,-0.08835107552100427,-0.7863854680296379,0.267394667832656,0.1640762298002577,0.2455152192390209,-0.5486279042719311,-0.23371992420206592,0.3149079800698652,0.9607077245680765
ACH-001610,0.34820729731240185,-0.17026313961314427,-0.1828800008871367,0.2124716871184172,0.7770842605015681,-0.06639522279597534,-0.9223724268140886,-0.4155266398695615,0.5068457869445271,0.37458883077990734
ACH-001611,-0.13904511266530278,-0.20862585006321505,-0.3228489644028467,0.3868607851180458,-0.10977718918142607,0.14469439872727458,0.11999589964228852,0.5300850432407416,0.41008914359845305,0.7181027861002551
ACH-001613,0.043128412246877024,0.6477824561900478,-0.47525703387150664,0.11668409020354781,1.1293124809939132,-0.04398570438878546,0.14230871422076075,0.2461441519578535,0.10383543773709275,0.8399280331584003
ACH-001616,0.030058433933853212,1.367009265244943,-0.3065183409781892,0.29513112153565224,1.290002013414057,-0.08675623769353058,-0.29412887265338455,-0.11584477947409118,0.1782840931792934,1.1879817886476443
ACH-001618,1.7181978713428134,0.684133834486586,-0.6020453743659693,-0.13817215539944044,1.365766848017279,0.1375092478111528,-0.36131372420677954,-0.41861271295789004,-0.057298988751110516,-0.4022119007029553
ACH-001619,1.071080788865898,0.22908438314300278,-0.4157346265134003,-0.21452110184332024,0.3794626051197948,0.15833263624810848,-0.9728592268178404,-0.6037158417485464,0.36914338506929406,0.14667383576798226
ACH-001622,-0.0066375236534630955,-0.6180079805688261,-0.422513255593042,-0.3813298569157058,1.4415074450981546,-0.19195234180937765,-0.29315172700520664,-0.23639068973196764,0.056761037273239,1.2839988156473046
ACH-001623,-0.4926813197480181,0.07146125543978599,-0.4569055026308141,0.2074549859266456,1.4598093056797736,0.037302634407667706,0.03940155579969787,0.19606019192244467,0.1566586361227468,0.785828295502244
ACH-001624,1.581491118429538,0.004796468750456029,-0.876796961078512,-0.4196424702280225,1.119437139225744,-0.0499921031947923,-0.06107361347965032,0.08890855646651888,0.1499821699461692,0.5264376351579991
ACH-001625,0.5139890027894429,-0.44305444790778686,0.013738207267220637,0.009127820710442491,-7.751568720853379,0.20956798784847744,-0.296216244775532,-0.15916383206751256,0.13705241270801946,-0.37753517661875924
ACH-001626,0.07738291506875278,0.3461258581428891,0.42059587926543546,-0.06572715303192184,0.8360244303382929,0.0793022631644143,-0.2529266034246306,-0.07040635153505026,0.18252025188958035,1.0492793597573737
ACH-001627,0.9013368387009063,1.3699037748986034,-0.3896645199360216,0.012571982214982735,1.0229998462343655,-0.008570606237974676,-0.15607699069273198,-0.3726603764022632,-0.2165833857095312,0.11960852769897856
ACH-001628,-0.044598740352818134,-0.11418210775705911,-0.23470627476886302,0.3257111196521198,3.1442199856735864,0.517940644917548,-0.17247619359488384,0.09132731221142967,0.2638035058063135,-0.694386422162661
ACH-001630,0.9853046771862819,-0.06899009947102264,-0.628609870067667,-0.07864597242612179,1.7662804748955556,-0.15929265052196537,-1.05225089701594,-0.5682934610386885,0.4839574359772516,0.07446237963227093
ACH-001632,1.5668861332172712,0.20643068750651739,-1.2263316717663812,-0.5225267412359009,1.0085779672496782,-0.009108870706497019,-0.9963649208321734,-0.9551858945780035,0.04117902625416997,0.556601199951414
ACH-001634,1.2995421292685505,0.41935292598540264,-0.48074044465258914,-0.3724241920789455,1.4948451057535121,-0.11716379888849715,-0.30695394765519246,-0.27803521552596305,0.028918732129229414,-1.3904413669361866
ACH-001641,0.23712425846233431,-0.013098421924942885,0.664910917359663,-0.14501919209851077,-9.029761878960215,0.450180398114715,0.02194939282654368,0.10850003701659745,0.08655064419005377,-0.9592973062240417
ACH-001642,-0.1023948287837817,0.5767807044137125,-1.5622109611327488,-0.09092371138661282,1.3225493767632406,-0.25229947545517273,0.8220493501248637,-0.6749503336610777,-1.4969996837859414,0.6317378158170848
ACH-001645,-0.7491902261387324,0.12032984893062129,0.054065488482041735,0.4746022127084385,-0.022365275580063893,0.3972136510114521,0.9701531598913236,0.37256100890449767,-0.5975921509868258,0.6144113180020503
ACH-001647,0.33196964360409686,1.17465052405552,-0.5202387273628957,0.19073743179809127,1.4385141792695497,-0.09044394338776388,0.47144140843024807,0.04540877322119021,-0.4260326352090579,-0.21692600017495567
ACH-001648,0.22542676122120714,1.1891815559019612,-0.19700756381086787,-0.3855239606482525,0.8515764440435021,0.11121160797541885,-0.25781313579364595,0.26583632290344617,0.5236494586970921,1.6463569432551153
ACH-001649,0.04705157565198004,1.1275910111654834,-0.12406965778855455,0.14289035346655882,0.886818118703238,0.04775071455370705,0.021215139117977736,0.023163056063529763,0.0019479169455520256,0.9871480437923508
ACH-001650,0.45677380878896434,-1.1384547288866242,0.646713848680528,-0.4103297175678283,-9.414228221679654,0.33887987712747514,-0.040758509229058965,0.03674744210961493,0.0775059513386739,-0.0347808530773569
ACH-001651,1.6590536971439356,0.2152485555110556,-0.8938725652843049,-0.3609862907424236,0.10633255997186379,0.11153831412135387,-0.05815151312478381,0.16805257705333254,0.22620409017811635,-0.8548957015795666
ACH-001652,0.8926815410944835,0.41963280329780117,-0.5957978367519474,-0.13529355320885084,0.6802517478491487,0.14378932060932076,-0.7680621465542599,-0.27306967102250035,0.4949924755317595,0.3052567039294362
ACH-001653,0.34582105581882483,0.49510121260649637,-0.6590355976128499,-0.23414317101878362,0.8229777755156471,0.14898710703709417,0.059696427818997755,0.19372741762986914,0.1340309898108714,0.9803622819024411
ACH-001654,0.1730294948220552,0.5138398509858193,0.5822982944852219,0.20007821124221267,-5.5012128608221245,0.24726795189167186,-0.07242704068611099,-0.005635553353597089,0.0667914873325139,-0.07499107337141589
ACH-001655,0.9944354983483643,0.21758303555114122,-0.6797874065630949,-0.47783496665505054,3.4441036124205837,-0.44312276603601364,-0.526682305583789,-0.6868701169450573,-0.1601878113612682,1.1806053189204364
ACH-001656,0.003596997638113525,0.19911060597142102,1.1067684733565868,0.19722328279718043,2.734808461117692,0.36770601280872317,0.16045511748683644,0.09777762780036577,-0.06267748968647067,-1.363647354597027
ACH-001662,-0.3669637512008388,0.5741563757027843,-0.7319782307117717,-0.347759922715539,1.620367728395998,-0.6231873296035295,-0.19404511628041332,-1.9430232011215463,-1.748978084841133,0.44550749901375797
ACH-001664,0.5060136078409053,-0.17321468798814615,0.10179265534372056,-0.11601592437035185,2.2590771702141983,0.2848232959585796,0.06583214964557353,0.11843420407235579,0.05260205442678226,-1.41079117100357
ACH-001668,1.3027844714716192,0.39036764374660304,-1.531911033240718,-0.3268694838037085,2.659386110054479,-0.1502277451558626,-0.6872301586670915,-1.076971606964329,-0.3897414482972375,0.5255834657151612
ACH-001669,1.088038811703289,1.0361205896631822,-1.5797333589252758,0.15510469164937646,0.7192211122867536,-0.15543395634611895,-0.8302556666648249,-0.46061689249749194,0.3696387741673329,-0.6690757079986734
ACH-001670,0.39971938724333744,0.34405283250346486,-0.5714857449692113,0.3062906051144647,1.245035094719067,0.14437849898760013,-0.8923548963462737,-0.8675276657141504,0.02482723063212337,-0.29201370847571473
ACH-001673,0.6230682229371374,-0.33503253639500097,-0.3577482384506463,0.21842859921298574,-10.0,0.4192576858987069,0.899739351736734,0.5077221003431166,-0.39201725139361737,-1.7795259327656925
ACH-001674,0.46287494099205295,-0.7496578659570088,-0.49083108733231884,0.07186442500631723,0.7360787357791101,-0.17612265395239252,-0.03349549533415243,0.009406841466025505,0.04290233680017793,-0.3574438439241455
ACH-001675,-0.060332889210170215,1.306104958231014,0.7462136532634654,0.2077965697116051,0.40433617091426594,0.6625224250669863,0.3657885532034998,0.8356643565935025,0.4698758033900027,0.7011269231315886
ACH-001676,0.19402898368244623,0.4132852694492355,-0.4692321379421187,0.16857095341356276,0.7463288062435726,-0.10495358750789396,0.21546575451808092,-0.15922869390051553,-0.37469444841859645,1.0439862780121825
ACH-001677,0.13105366382110084,0.3006493230622036,-0.7311848019556177,0.3784211863176112,0.48682050924916936,-0.38287556764231084,0.47175751447387826,0.6377934043216671,0.16603588984778886,-0.43139896681276196
ACH-001683,0.7022231706691301,0.24123080753695947,-0.2756969301280279,-0.3136383137056222,1.377019390778232,-0.13485763166248982,0.13772049867702496,-0.23618774709049234,-0.3739082457675173,0.7840580861518148
ACH-001685,0.3941428090369599,0.39522808904528267,0.3592214346840237,0.18079376297819413,0.7054959884233727,-0.1391952256451796,0.7219045376423263,0.8702427755744964,0.14833823793217008,0.2035451186034958
ACH-001687,-0.025134407419243443,1.3659875365015703,-0.5385092918278556,-0.25245801539434587,1.0303398669051411,-0.053194434037833416,-0.43096364731294023,-1.0569016715866457,-0.6259380242737055,2.162607424542424
ACH-001688,0.23504063890360294,1.1760919656402693,-1.469583050180651,-0.2750862996085389,1.6239471156553493,-0.4411815224065503,-0.5725111499813593,-0.8825755966608689,-0.31006444667950955,1.2145749063899638
ACH-001690,1.1666175841436257,0.6464426599666988,0.5895697232122897,-0.35135133244613104,0.7361939325801511,0.3748011215052107,-0.5364205472087773,-0.44292863336012944,0.0934919138486478,0.9100668745810839
ACH-001691,-0.8382500818217123,-0.23654851854058012,0.5506586314160022,0.29362582290603634,0.1913689448785201,0.5017284914202466,-0.045340275234388494,0.4400110350000855,0.485351310234474,1.2108353137906507
ACH-001692,0.6403844146716041,-0.09342310727577335,-0.01317880799602883,-0.6528765703256117,0.5078816079569403,0.5434353416222514,-0.5174542613947873,0.0857899551750784,0.6032442165698657,1.1463412169324387
ACH-001694,0.8865299100330379,0.7533457673581168,0.4890181268325581,-0.11243537822370764,0.6574339177809078,0.3822102852446083,0.3446760299903521,0.9400437468023725,0.5953677168120204,1.0829647508812488
ACH-001695,1.05409144666432,0.605419494610969,-0.9106846732066717,-0.25670764068774443,0.4315476548873257,0.495798491515288,-0.44121561166476364,0.14504865164749337,0.586264263312257,-0.4801166068994852
ACH-001696,1.362322266646046,1.0853231793776823,-1.3807119188468508,-0.5872023353290413,0.9720852812804526,0.052278064513337164,-0.17830368453211048,-0.5078445337549041,-0.32954084922279364,1.6656535230094671
ACH-001698,0.5545742726712797,0.20170364226752024,0.47071830908573054,-0.6622804128113209,0.9989421233919217,0.0023139417740480894,0.005717267425091155,-1.4923777630093118,-1.498095030434403,1.4219110362959793
ACH-001699,0.6758860096390267,0.8540125864225021,0.06882224802705439,-0.40914958911460125,1.0742609899428206,-0.065009373786721,-0.45081382247933127,0.171267652465594,0.6220814749449253,1.6946601774424157
ACH-001701,0.32959870180361894,1.1195793116193573,-0.8245319329600608,-0.323743803673018,0.7960564182368569,0.22672522134160233,-0.04951044289129461,-0.15618285411590951,-0.1066724112246149,0.8899958439534826
ACH-001702,-0.06330641557390104,-0.13941968933925794,-0.029317775431719317,0.007683346714071282,-0.008734772145158044,0.3035494670087542,0.39585164811409485,0.6945477240758611,0.2986960759617662,0.5749137607780985
ACH-001707,0.263934905864353,1.467157545131197,0.15967420053624148,0.04482771408241015,0.9870117227934281,0.009057460162960829,0.6716564815092044,0.5871934302403133,-0.08446305126889112,0.12245850160921157
ACH-001709,0.4342482954541746,0.5903903322061763,-0.061644042344317196,0.07366644378808636,0.23810433241869214,-0.224052256540058,0.9600474577481612,0.959592587729326,-0.0004548700188352998,-0.24133083698140187
ACH-001711,1.0412701219730018,-0.7867625745238225,-1.0367412424995408,-0.583202409443786,-0.7167862350192921,-0.03908297255319099,-0.29583818011459917,-0.4693028789706542,-0.173464698856055,-1.1603702519937142
ACH-001715,0.2280890298068073,-0.2893410242046712,-0.12494624105102414,0.17765634620596465,-1.6077495790472671,0.43691887019634457,0.3058748537505843,0.4055010134029269,0.09962615965234256,0.12776789499312802
ACH-001719,-0.08498622399911486,-0.3098818968152115,-0.3031158701608389,-0.21751322032866988,0.20645099317935306,-0.32879973578596944,-0.08126507798946322,-0.2140114859136501,-0.13274640792418688,0.18102041007180528
ACH-001735,-0.6612715323984983,0.8128703513357323,-0.7390018134698725,0.5636160506133419,0.6945657857807116,-0.029103939691365516,-0.15780994532913606,0.032126335592502095,0.18993628092163817,-0.09146516997776521
ACH-001736,-0.49948815510334577,0.6427925540719743,-0.4383971609623424,0.06625700872872048,5.16782934900461,-0.5552048925932868,-0.1522680696681186,0.09170325845730568,0.24397132812542427,0.8137666513892462
ACH-001737,0.9499992625429573,0.5725973850867567,0.11024593763316817,0.12207456153698645,0.8498156626931814,-0.07156700795529453,-0.9983704778723151,-0.3031669587254856,0.6952035191468295,-1.0368812943783967
ACH-001740,0.7804049728318221,0.2955269964160909,0.21506070287438112,0.3475649150467629,0.5857175458768782,-0.46054475637801506,0.01325591815026296,0.12986323316852735,0.11660731501826439,-0.5270595123645196
ACH-001745,-0.19473996070497562,-0.2501355469208009,0.20609339195762635,0.2792378795064765,0.5410695449538764,-0.3175273600011069,0.3091504637167714,-0.19319709053697537,-0.5023475542537468,0.09547113106003369
ACH-001750,0.33323324250224573,0.01649858845670049,-0.0348404529467462,0.21794922088303195,1.2274320147580065,0.02113090605493448,-0.2131079529424924,0.07361359343219243,0.28672154637468483,1.0427016983637365
ACH-001765,0.8126057055091438,0.10679842759081437,0.12983442439427328,0.040642320819128525,0.35278107988832064,-0.15878007648374753,0.14983025232531988,-0.25098977034499476,-0.40082002267031464,0.35675582711530757
ACH-001786,-0.7452818153974916,0.4910161403487727,-0.5011450529801162,0.20843021853632682,-0.49713574119833465,0.499544588291271,-0.279436175853764,0.22868004336847428,0.5081162192222383,0.05421602395585229
ACH-001791,1.1978282119533294,0.1511258661055448,-1.4831812128524857,-0.4843065758205616,1.1693164702297791,-0.18130016557957207,-0.8025588731287466,-1.0781945082414965,-0.2756356351127499,1.0022897562483144
ACH-001793,-0.04735062626813202,0.4087682606678974,0.05703163022089153,0.009689697368138739,0.6067315935237859,0.3193976106045703,-0.33300290044741265,0.5122127269497936,0.8452156273972062,1.9987309631524455
ACH-001794,-0.035087936364299244,0.7134588529347166,0.09362069481493981,-0.05469830482655688,1.0551167214869275,-0.027319755932883494,-0.6977189612508214,0.046657835580864074,0.7443767968316856,1.4588491176401663
ACH-001795,0.1018501081793863,0.29702209604972674,0.19319218399757876,-0.05668812105741039,0.4872934143366076,0.11914404659721921,-0.5066087607908234,0.2889904011411437,0.7955991619319671,0.9032388696302891
ACH-001796,0.6600839945356517,-0.09492856337473787,-1.0771926760842063,0.05164985976793782,4.338769335234932,-0.2778163376195047,-0.603487423839679,-0.23744030246468859,0.36604712137499046,0.6871180630989446
ACH-001799,-0.7558545958936859,0.4237528468765421,1.2585394830460892,0.25284039679605935,1.092768885010393,-0.037843413192203856,0.8630486185919739,0.6883405456171033,-0.1747080729748706,1.6433942320947765
ACH-001802,0.46093019533151774,1.0084640749805662,0.7696845257638572,-0.0388044227979088,0.4345527884333886,0.015914292362204915,-0.3799924334828694,-0.4617420401582436,-0.08174960667537423,1.40717005843126
ACH-001804,-0.11234505248686255,0.6023603677797769,0.5243372899836767,0.23186514080656898,1.0398430421114941,-0.02796722519256123,-0.5909329462925755,0.13431885263262078,0.7252517989251963,2.7492847145730313
ACH-001814,0.42675860286485373,0.22276431495701765,0.2827431879465998,0.29486565891469135,-0.1219526589674918,0.10516003888681952,-0.2906800176204521,-0.04173469518026279,0.2489453224401893,0.6751684168291552
ACH-001819,0.969315423224149,1.1507160428522831,-0.22190008313794118,-0.251962523946892,-5.833169618314742,0.32286798447298615,0.0226715734929396,-0.042679323579921304,-0.0653508970728609,0.48205441310650815
ACH-001820,-1.5457684142920392,-0.40837386952425936,-0.4755746689496959,0.37076285174713836,1.942048576620379,0.3727867785306415,0.4499968416175243,0.6306598875412744,0.18066304592375015,0.5699927875324415
ACH-001834,-0.4557831894160437,0.41690918924493975,-0.11623817350265137,0.36380654177034577,0.14785123900410066,0.3069407564278236,0.6481576788223504,1.071341584016924,0.4231839051945736,1.2675185488614513
ACH-001835,-0.4938676544199753,0.2654930458131006,-0.5291874866112335,0.5445153596675938,0.10591123988084512,0.7863072270049828,-0.011779099257387404,0.5844500952483511,0.5962291945057385,0.5007728831243532
ACH-001836,-5.483820729718612e-05,0.7117581013938012,-0.7946359921918504,0.379135009292753,-0.5070383993669582,0.36001214149037786,0.5875444776058968,1.268676558263639,0.6811320806577422,0.3739682829901015
ACH-001838,0.939760285636571,1.3358079811861632,0.07601567036980283,0.10727784135916729,0.5043402685360099,0.45915130805525817,0.019721831867044404,0.4395525846953709,0.4198307528283265,0.43863789440243317
ACH-001839,0.7141556487297145,0.1799068651520589,-1.7459207062265039,-0.2764178717694913,0.05108447321945842,0.36801685353784785,-0.07598819820354026,-0.009656524203690241,0.06633167399985002,-0.3523234334874169
ACH-001841,1.4118751596125199,0.4920224551472047,0.13516892541069145,0.23126680657206472,-0.10548308248579553,0.5004958626386934,0.1643532213843482,0.48133742022926074,0.3169841988449125,-0.5287170529215154
ACH-001842,0.812678380486894,0.7937408282976028,-0.2812526163574664,0.22276647970832303,0.4812991949206198,0.3923714231762579,-0.4197052396980881,0.04120152132438666,0.46090676102247474,0.659874289045247
ACH-001843,0.7335146202059815,0.5007976192322312,-1.4390838035804885,0.2034313831910814,-0.28447826966042195,0.4495214133075095,0.05098650751749223,0.6520221040917142,0.601035596574222,-0.1037130312673965
ACH-001844,0.11725035882877183,-0.23018466201367785,-1.0325094850229721,-0.2986492359304317,0.4274463638176039,0.3597733974920111,-0.007257602944591379,0.3012695841363151,0.3085271870809065,0.6844487306764981
ACH-001848,0.528148190963434,0.06956280555181488,-0.40191123039047216,-0.1776735376745258,0.6609813538053928,0.33842402388277004,-0.08674495721074171,0.5906502649527575,0.6773952221634992,0.11732585979560439
ACH-001849,0.2701148049634877,0.45255964877897525,-1.1843180952856494,-0.011868247328611914,0.18598554747690352,0.4745163143213377,0.12383213022120808,0.005187771131067475,-0.11864435909014061,-0.8030057963234232
ACH-001850,-0.05099269545070864,0.1742546468175343,-0.36485870250999297,0.02459124469680732,2.9007597199159547,-0.043561171264001795,-0.16201487897206862,0.4242655329668244,0.586280411938893,-0.05303987661413018
ACH-001852,0.36456988533190915,-0.3185885744832001,-0.31834946182302837,-0.26643260022738513,0.004122923294692655,0.506639299791997,0.18889118755222106,0.512568537575335,0.323677350023114,-0.59833413678042
ACH-001853,0.0797371605882301,0.6039946987039337,-1.2370766517811638,0.11116302066252853,1.0118082824647956,-0.0044279838668182525,-0.5116615778940351,0.06725779873599118,0.5789193766300262,0.5975121097252987
ACH-001856,0.2602801501183651,-0.4289818172273552,-2.0839291788064673,-0.11502537516107905,0.44156024286950146,0.05125095487355066,-0.45394062095070054,-0.016039867792334194,0.43790075315836635,-1.0502224436846934
ACH-001857,-0.1005716124761803,-0.5080125764444445,-1.6067161913148342,-0.06925741317521261,2.64656667184491,-0.06850122546088913,0.09681286363439141,0.08679803942731512,-0.010014824207076294,1.1464576271240414
ACH-001858,-0.6586436151778483,-0.3031202665680291,-0.7060677618584025,0.11343200643846425,0.671046239787202,0.14697160237157936,-0.5988476009275178,-0.15048838440773288,0.4483592165197849,1.5476796843473468
ACH-001861,0.2208276938261733,0.14283257829879797,-0.6519027123169054,0.6407370408450498,-0.29589519146261334,0.37413474806382624,0.018248932797878314,0.2397564411214705,0.22150750832359217,-0.18316409519540966
ACH-001862,-0.41580596310476137,-0.007334339324566258,-0.7032167731750584,-0.0054126396374436225,0.41396565743141894,0.5486611779156986,-0.07500989785024098,0.33627836562043445,0.41128826347067543,0.08399456993558005
ACH-001863,-0.014982182796002858,-0.06269572841844984,-0.8688411163435616,0.07830670500372243,-0.8299253723234651,0.10052961067006824,0.705544108596708,0.2926679496828798,-0.4128761589138282,-1.3267730682060428
ACH-001864,0.35358812152780084,0.3333435394880886,-0.13442326672224636,0.2808747481099883,-0.5164194243838823,0.7620177724431706,-0.11282768586509384,0.6333830846222678,0.7462107704873616,0.025355698090878453
ACH-001959,1.0904871267857543,-0.19634693865546615,-0.27262868150249875,0.10859077020850733,1.16828366367857,0.05013815179197817,0.22649003001806572,-0.31957714823880784,-0.5460671782568736,-0.7389837604413938
ACH-001960,0.6312470571749937,0.7855631749345475,-0.014249140652310144,-0.2774374798725836,0.11792480996221248,0.35448936155098365,-0.3061877060860055,-0.07986531249055946,0.226322393595446,0.4704217624499487
ACH-001961,0.21417375367341637,1.1052660472071436,-0.6748367920683052,-0.024023088312195406,0.40753175720538426,0.32940094229528005,-0.36714891288530227,0.04083815205877247,0.4079870649440747,0.7577279832345437
ACH-001970,-0.7337939441580743,0.3861656275064607,0.7510249158143063,0.7200255878652053,2.719608367758621,0.4818481800565954,1.0692052217164978,0.7972614423404185,-0.2719437793760793,0.3550788023306715
ACH-001972,0.24847998019041967,-0.930700687113551,0.8972114220660394,0.1293057652732283,1.759576947770319,0.13744392867663954,0.8709303845621673,0.6811174907368176,-0.1898128938253497,-0.0656480396872327
ACH-001973,-0.693401849782666,0.428447120665768,0.6067352481036872,0.21688080220426675,-0.3361639956884988,0.40469839702627974,1.5134737795905862,0.9469007505336829,-0.5665730290569032,0.841063411434279
ACH-001975,-0.15623519669259534,-1.112675650795534,1.0980935234133922,-0.40140532659111017,-1.0106942501683485,0.6394231259875549,0.3786937478425047,0.2156744928626833,-0.1630192549798214,-0.07404447501445566
ACH-001977,0.25063608189657116,-0.9846565081573722,0.36243399789405534,0.2791315066934687,1.3343224798288331,0.08004329050924466,0.11507652859819645,0.36341449185801167,0.24833796325981522,-0.11478881066241928
ACH-001982,-0.2939605383689562,0.6879865656658117,0.06934932468474808,-0.22069840215023648,2.960271822001686,-0.13311525075873643,1.5376302422637633,0.8554709146108144,-0.6821593276529491,0.6896422588923006
ACH-001986,0.4366470692980958,-0.3510987531736178,0.16994131102184623,-0.40932941799267614,0.3395829211321968,0.41403611570270943,0.6706813820636535,0.472340440493939,-0.19834094156971455,0.5132292631460272
ACH-001990,0.1668739324881573,0.44017535185163426,0.22671813484161485,0.2901941676347979,1.136408467870717,-0.027581397746893777,0.9727950059661388,0.42279770064832806,-0.5499973053178107,1.1354736904076477
ACH-001991,0.22703921791958281,0.016132099629633467,-0.307951453662927,0.17689604186108432,4.109032563390212,0.44686872345797346,-0.076949549977451,-0.023738064536370795,0.0532114854410802,0.2541975611829423
ACH-001992,-1.14257714936509,-0.6206021918992978,0.3046442800646319,0.28619849250634954,0.2734941174721941,0.2432129950137307,-0.6372146448406022,0.10430176014633061,0.7415164049869328,1.1325915302090583
ACH-001993,-0.7062605908732412,0.6287416424687333,-0.15096257304573696,0.10628811284260956,0.62246460506395,-0.0729768120306359,0.30060440532172517,0.4926049425661773,0.19200053724445215,0.38628320313989367
ACH-001997,0.4282852714961455,0.4780010575845223,-1.0770679816792528,0.30973549851127125,-10.0,0.24695503243758213,-0.040262820452624304,0.476760298378086,0.5170231188307103,-0.7230227821263038
ACH-001999,0.7326004105560209,1.0520442530942091,-1.0248329365579019,-0.1850320830039201,0.47733283282048417,0.6038614547929746,-0.6187546554366214,0.15055337844777544,0.769308033884397,0.16172254374302908
ACH-002001,-0.5088195053931904,0.43753442591077174,-0.7226326129205417,0.6013354004731707,1.747140494235299,0.11822212266448645,0.9794050544724984,0.9490319981014121,-0.030373056371086178,-0.45227946269253033
ACH-002002,-0.02502045742902888,0.3663924962644651,-0.31126341910032296,0.23457426426163153,10.0,0.4812723679431109,0.4319839696362868,0.9499410503685084,0.5179570807322216,0.2922946414593788
ACH-002003,-0.8307012386276181,0.3195941959505396,-0.6245544388911977,0.544452609063254,1.6456339114584806,0.10062550639683304,0.5863715824978928,0.6055876599441661,0.01921607744627335,-0.22568157466277886
ACH-002004,0.6772957071241252,0.6896865228688026,0.34492510830210876,0.2510120468746048,-1.1056399702027324,0.7641875323580427,0.39865535947032915,0.5780763376052445,0.17942097813491534,1.2116224533020148
ACH-002005,-0.29176678933408406,-0.8917859965752317,0.5077632213643106,0.10164998949642234,1.413925757307498,0.19886692025626757,-0.14343861199374858,0.3869426062511219,0.5303812182448705,-0.4909789288975208
ACH-002014,0.319887677354324,0.1643227078457664,0.036770460777947524,0.22287491786687214,-1.0010706718682854,0.549891809329823,-0.1417903118293172,-0.33400022604046053,-0.19220991421114333,-0.5272359419773751
ACH-002015,-0.2557979401032163,0.35363239515890865,-0.519345648533642,0.7155204156499841,-0.4668828565010927,0.6733036276750094,0.21262927103466028,0.32887685866938443,0.11624758763472413,0.17424832675032037
ACH-002016,0.15863780851420906,0.34326397913039886,-1.534225155372299,0.09055386060122184,-0.7432399478547895,0.33937509841559743,-0.16200566500526997,0.07981672749008553,0.2418223924953555,0.5624177718243899
ACH-002018,0.1356495213404635,-0.9496435422248924,-0.30629881233052303,-0.2213634936235216,0.6702224086217354,0.07644556383683429,-0.1354689691037727,0.17120940276210994,0.30667837186588265,0.5634061916154501
ACH-002019,0.8065444501871937,0.8490576883228307,0.331836257519534,0.4438474567193797,-0.7366267920215606,0.18608870726663432,0.17260668621935116,0.663390274047822,0.49078358782847087,-0.09292118154928578
ACH-002020,0.2822694123545747,1.356651378999967,-0.5555904962202969,-0.2041094368086022,1.765253397818685,-0.06148379469845952,0.2958915018330376,0.40543165191835906,0.10954015008532145,1.2067408130132853
ACH-002021,0.41504416067719707,-0.18940175298003098,1.4995150060286846,-0.061971056740240005,10.0,0.6351466843381571,0.17064603691059022,-0.470037578355473,-0.6406836152660632,-1.0742189250976066
ACH-002023,-0.8542542725760924,0.12797181335419952,-0.23197924798209837,0.12487849631337236,0.6049144847334016,0.15006238284592588,-0.3098312984884548,0.04964745226849025,0.3594787507569451,1.332073329830149
ACH-002024,0.4546893777961811,-0.5080636498948776,-0.15525535428552328,-0.06780779262508596,0.2336908894726371,0.3773178539333989,0.02031692322968559,0.30827882733136314,0.28796190410167755,0.9647028816470401
ACH-002025,0.12239568305906087,-0.1702691685272505,-0.19859847096547006,0.146054879119137,0.17798890275505058,0.3903447939104281,0.36620700429773523,-0.11381765024812726,-0.48002465454586246,-0.29600842933581606
ACH-002026,0.03171788019820354,0.11935740723345212,-0.49569990243458373,0.08049106775764027,-0.7393760118962246,0.31010685784231085,-0.48532442824507643,0.08807517353128329,0.5733996017763597,0.05849697575530502
ACH-002027,0.4902894488682372,0.9232981592346827,-1.5457526461550075,-0.7698786534378145,0.7496871098675951,0.28961784911392074,-0.4365114114206305,-0.05093207461591128,0.38557933680471923,1.0665869725315116
ACH-002029,0.8421394923308774,-0.20140624762484016,0.10116262517449615,0.16605780054805883,5.582604927366162,0.23367694668834676,-0.17738908000216108,0.077184568229365,0.25457364823152606,-0.6017028815871627
ACH-002030,1.126248710993452,1.1114404432650618,-0.8065227977698595,-0.26031726883303763,1.0590398407678985,-0.08305840140229015,0.10730181253310864,-0.16933866171862896,-0.2766404742517376,1.5557828202686343
ACH-002033,0.8011402463179657,-0.1139640723831461,0.7977125130534889,-0.5060435068545689,0.9405710759694322,0.02562462894332579,0.1012931827771486,-0.4998741184914902,-0.6011673012686388,0.5549092213226875
ACH-002035,-0.5278973455137872,0.04590949818721923,0.7466071877179519,0.3122783618260348,1.2004652957491186,0.09407294148923112,-0.10850289468968702,0.17917712419204332,0.28768001888173034,0.22799799489554157
ACH-002039,0.3120485502838427,0.6476780648495336,1.3956394356626065,0.28706313307940656,-2.177099588132153,0.6106362432390263,0.5339450004038975,0.5378567316370153,0.0039117312331178105,-0.7999407899341382
ACH-002040,0.6165527079542394,0.04231279573386193,0.5571296479971832,-0.5094474558242945,-0.9186438701647808,0.39730802057304854,0.9837352946119551,0.5622895249725686,-0.4214457696393865,0.15793981921511577
ACH-002041,0.5658862680440225,1.0034144125681468,0.3909344584391777,0.027243015658843295,0.288373366618126,0.5346721322057585,-0.4971572654757589,-0.009461076316879913,0.48769618915887897,1.6724977610813696
ACH-002042,0.8972918792244329,0.40291395355485404,-0.06893390796749066,0.4312922356406973,-0.16204181100228157,0.40536382158437817,0.632359866638689,1.1510108526550298,0.5186509860163407,-0.395208273816437
ACH-002043,1.121271778714039,1.4226140132183978,-0.6893130507304626,-0.31108080783412306,0.720104001859191,0.3827387115438273,0.2905620798210816,-0.23827869910692448,-0.5288407789280061,0.19389261337644403
ACH-002044,0.42323383008849885,-0.15982819432638418,0.6824835414344642,0.20444911147593342,1.0815497705788393,0.03999856977063487,-0.21240211588311414,-0.12156512904197633,0.0908369868411378,-0.5644722476490004
ACH-002045,-0.2802813280617901,-0.7403478986103318,0.833152228207632,0.04853228087502806,-10.0,0.3281313811571609,-0.4624214378528807,-0.3277895805936349,0.13463185725924584,-0.2926390759407183
ACH-002046,-0.39749776101939294,-0.6486233410014676,0.03207326483072309,0.31488681278505415,0.6994023558990845,-0.06616462283156246,-0.4539884490050865,0.16182203815160712,0.6158104871566936,1.3677242984638895
ACH-002048,0.12698359595399605,-0.08042297034355317,0.42691557611054726,-0.196578297994247,-6.062912889242411,-0.1325886398877857,-0.28109667451298076,-0.5964267569094301,-0.3153300823964494,0.24745560656183047
ACH-002051,0.32562187447058255,-0.5825195886933521,0.1987987672011837,0.2522832006266277,-0.5001407586307856,-0.4746891348502632,-0.19831085343297722,0.19211951124881227,0.3904303646817895,1.3719069412613534
ACH-002052,1.139769703567569,-0.4381839718253764,0.620195801548366,0.35334259619046177,1.3952774868405935,0.11120780335537417,0.6800771307493194,0.7956763481861916,0.11559921743687222,0.06789351135691468
ACH-002055,-0.9798775374894966,0.45234114441883144,0.13808957244909814,0.6794377849471128,0.32994397368338185,0.4096182807141052,-0.2498320121602391,-0.5945642554521251,-0.344732243291886,1.0213895664855315
ACH-002059,-0.9162106942595143,0.05006767921438243,0.09275920263640719,0.3661607158827359,0.975320133396242,-0.012887711654199663,-0.24989645451470624,-0.183944286680569,0.06595216783413724,-0.22964535676858333
ACH-002060,-0.40919012312626396,-0.30624137438370264,-0.4498725576977525,-0.2533447864204238,0.9230180700587213,-0.009355837119944643,0.007155384750468591,-0.11666575614544872,-0.12382114089591731,-0.17011009566082846
ACH-002061,0.29073420356055035,0.3700908370372584,0.006702525703145112,0.013765495549266574,0.47862083451937515,-0.14904244431171057,0.7017021767423874,0.4780924148955131,-0.22360976184687434,0.01643956246110499
ACH-002062,0.6860554667612594,0.21609352192323,1.6518400701075522,-0.08276295846981932,-5.40762315999296,0.2435748866535181,0.3332008181570768,0.82768654875035,0.49448573059327317,-0.4242579423157043
ACH-002066,-0.362185472306634,0.0809571497822334,0.6107022597290603,0.6069016948715569,4.527376875464027,0.2751814118017464,0.06331870842169024,0.2983130374381224,0.23499432901643214,0.3237515639030711
ACH-002067,0.06783176580917433,0.3929454486852489,-0.18194743777585945,0.15579971019125774,1.941533679261017,-0.04507190865480068,-0.03418809668821869,-0.018849537042221077,0.015338559645997618,1.6103032180881538
ACH-002069,-0.23885569066067341,-0.41784496147127975,0.08702046320422602,0.03671845949618793,0.5002734254646043,-0.1737152635179811,-0.5897226340089263,-0.520944135815015,0.06877849819391141,0.8436292061915442
ACH-002070,-0.9140518101813122,0.30655862614265367,-0.18921681301727866,0.28338474712560685,0.22060913036937074,0.39723383214190655,-0.04752855380196386,0.7128960788816251,0.760424632683589,1.3697836339426217
ACH-002077,0.0066243752746718565,-0.3280077072263471,2.109517510871201,0.30384570656345067,0.6883614394101217,-0.264806230873299,0.5698098311676791,0.7840776113264436,0.2142677801587645,1.453255495782496
ACH-002080,0.040712317836224976,0.042729693597535756,-0.32462514331725284,0.11070798069210042,1.2446726661332876,-0.10479893797356427,0.28366281150313855,-0.17660010411481905,-0.4602629156179576,1.6353225848485513
ACH-002084,0.41414559871714907,0.10494849281618657,-0.008130624621630389,0.14648636148796296,0.5303385302532586,-0.1455870040089725,0.8801658371623994,0.8432610335242383,-0.03690480363816102,0.484762748284352
ACH-002142,0.2388219556172198,-0.2460489588531442,-0.8262751254952444,-0.4691569127761261,0.964507698978343,0.03924743973370082,-0.5947875506611259,-0.5286537595229837,0.0661337911381422,2.937290235064668
ACH-002214,0.6112718379018165,1.071085767062824,-0.7283704019039804,0.3169546154409926,3.2337965562647475,0.3930821084249688,0.3308110179810517,0.17620601406700365,-0.1546050039140481,-0.8741533218095184
ACH-002215,0.775641538336105,1.2650593199223896,-0.44261668126830317,0.21315311069448278,0.8121043305380145,-0.0977486359209957,-0.029340637359022384,-0.09501283091835828,-0.0656721935593359,-0.29185858907658435
ACH-002283,-0.02360744104000978,0.5065129684627319,0.32331140907582306,0.5694005468548087,-1.9886699577126383,0.526832305993718,0.311445262715647,0.14466957139769326,-0.16677569131795375,0.987267067698032
ACH-002291,0.3670888002279148,0.485905722092423,-1.0405014824707464,-0.3634366177724288,0.5611964487794482,0.5208207310951632,-0.12343842375153144,-0.1600226046683884,-0.036584180916856966,1.9955104277626996
ACH-002399,-0.15163507440931154,-0.646275031198697,-0.0791860319430268,0.30887533155751296,-0.0029017911818247223,0.5210656401501768,-0.016029983999117564,0.22156074208514362,0.23759072608426118,0.8759803920340683
ACH-002400,-0.1428658802197943,0.1926213966258616,-0.3638276654909646,0.33900821522889923,0.17089922366279037,0.8649797577371414,0.441214442853931,0.3900418379377498,-0.0511726049161812,1.1862508443813482
ACH-002401,0.5962039933013449,0.42989196029835686,0.4264087776159595,0.2987619330571678,0.21854872835791705,0.844943554931024,0.20653193069260697,0.0958904741708432,-0.11064145652176377,0.3968952863274112
ACH-002433,0.7053098981842352,0.5991104956463775,-0.652436983123345,-0.21616473714954393,1.08604001656942,-0.04848678865930889,-0.4720387344714926,-0.5542710774495655,-0.08223234297807291,1.4011372964084194
ACH-002446,1.1569262488917804,-0.26967302802045484,0.06701217949522342,-0.514828041503789,1.0779364198813342,-0.026825160168399365,-0.5383546231370252,-0.5526084354136553,-0.014253812276630156,-0.24622137047068987
ACH-002458,0.18469785311878795,0.07462905332671983,-0.3638530111462745,-0.007116186176130239,0.4150643441293314,0.19221148066701332,0.15768702730193085,0.43087089940645723,0.2731838721045264,0.17174779202512094
ACH-002460,-0.14352112126305389,0.6584606327883024,-0.5438596988826947,0.09273934688470822,0.5497158283729912,0.15026094511513885,0.30546878951063383,0.5334655888381168,0.22799679932748296,0.5780145193040983
ACH-002461,0.14263531379517916,-0.5077847308288956,-1.1994888920552969,-0.22254575569053858,0.9411872343826102,0.02881902060330671,-0.20823452155071942,0.11238942684618847,0.3206239483969079,1.1903821765661562
ACH-002462,-0.46083652543718734,-0.15811374919140592,-0.7900281339215718,0.19411847849525427,-0.39639701255156035,-0.08579747244620269,-0.364512077872851,0.15542662169118393,0.5199386995640349,1.255571093393912
ACH-002463,-0.12079554308780505,0.38554211809470673,-0.922094299754142,-0.1176589344990735,0.8076332229155617,0.1607440643828214,-0.20974789211625144,-0.17118637022226127,0.03856152189399019,2.0434552770916863
ACH-002464,-0.43221038629947495,-0.057839040688761424,-0.9110495666982978,0.13036248273666695,1.0528552412958492,-0.009266179990191387,-0.3382715581874014,0.09627046149013854,0.4345420196775399,1.2808785821573492
ACH-002465,-0.6915835887294195,0.06766204393864513,-0.6223139533188502,0.10265493668739223,1.3072257964075045,-0.09753596903498063,-0.5313295810794869,-0.005003225549349266,0.5263263555301376,2.1290929076928298
ACH-002467,-0.5904772844705682,-0.12444258827811201,-0.9314822081819034,0.046305515028366856,0.7806934114976349,0.07912329258212158,-0.1403949072064743,0.029757429315541727,0.17015233652201603,1.351907783865315
ACH-002470,0.2579803906721251,-0.4827273678202677,-0.3060046799473672,-0.2699877165696033,-3.5300457562602,0.22665485161394894,-0.029471895578784157,-0.7486470023788657,-0.7191751068000816,-0.5505679045562466
ACH-002471,0.4583552814830422,0.025167996017520178,0.6599775100289373,0.23126707922748302,0.593370405399527,-0.24970826201940366,0.6621740340704982,0.01682048375054661,-0.6453535503199517,0.6131316978620351
ACH-002475,-0.0450190618158553,0.10663322104588002,-0.1830776008523578,0.2922244704134709,1.6198519129670528,0.28117575395584676,-0.26630380850908875,-0.4504644747853246,-0.18416066627623587,0.5891477292826932
ACH-002478,1.1284575781370756,0.6203564949758715,-0.9684791041238645,-0.2814586533805257,-1.4936484927979383,0.5003156584909967,-0.24861222068568395,-0.3856693767474067,-0.13705715606172275,-1.3251739672225558
ACH-002485,0.4513157679098613,0.9489392733014725,0.007694017854596641,-0.15694592162062934,-0.640194870407745,-0.43154790479994143,0.7823263477190154,0.24083813531217863,-0.5414882124068368,-0.44092153998738526
ACH-002486,-0.2461764980273101,0.22692510409564334,0.3718306219168732,0.04355652125244536,2.1560719354776463,0.14512818660866753,-0.19371961939626853,0.08647140453638297,0.2801910239326515,0.24009545307506774
ACH-002490,0.21067183027921965,0.21511558527438518,0.739411633992124,0.13652739120805535,0.8183108467955916,-0.03257902459339515,0.45964412640491237,0.6508444356323426,0.19120030922743025,1.6421478011288875
ACH-002499,0.27614883948016644,-0.808629996142432,-0.5769673195864298,0.3454684656902162,1.415106089388969,0.17827871781462917,0.0664155323975475,0.36370291539290656,0.29728738299535906,-0.3496963753507478
ACH-002500,0.03931556858826746,0.20101798310965746,-0.7128674625551493,-0.12318507110527183,0.01046382224282322,-0.2691251537056106,-0.13291710244494057,-0.09800776795986103,0.03490933448507954,0.02774732581479221
ACH-002508,0.0697080774149883,0.5360829646229123,0.1631589850247095,-0.08483027946746885,0.7239198086125386,0.17338463663213788,-0.14688285039313775,-0.3297598750522354,-0.18287702465909766,1.4573570051345057
ACH-002510,0.789130408949386,0.7393064886340301,-1.2658186430609537,-0.49981184596182865,0.08594103095508358,0.6251042872673966,0.8730856219742897,0.6061467267255,-0.2669388952487898,0.7248314920640041
ACH-002511,-0.13481258357699244,0.7398710972078569,-0.668845294969385,-0.1437807756204031,0.9592750465502881,0.018530332882078338,0.4762584379139636,0.5492689854108604,0.07301054749689685,1.488082054502411
ACH-002512,0.35146899342837823,-0.15853627802905193,0.40634252324575915,-0.1309665352034675,-5.955328684196001,0.36555620603694106,0.46693049024165056,0.48054765028771274,0.013617160046062171,-0.13220632027166218
ACH-002522,-0.8314772826381154,-0.055345633270732525,0.8888484894102082,0.17552577781987694,0.5960315762761186,0.3614604077339645,1.0469295066077995,0.4443030406834928,-0.6026264659243067,1.9128310327335045
ACH-002523,0.09925882594057157,0.18127701013892983,-0.4691766059956039,-0.2978892689296626,-1.170648152943481,-0.22376796444805835,-0.16394751986495462,-0.3625964715845126,-0.19864895171955796,0.714641334635143
ACH-002524,0.020636119066525627,0.19143876037382596,0.18899666149903027,-0.1912373823517538,0.9985356960824749,0.000529710923125648,0.14219794027221178,-0.1372223274961225,-0.2794202677683343,0.9946960240207305
ACH-002526,1.289076374480037,0.4928747288877506,0.09864239826616097,-0.28750564151547764,-3.4614839306215894,-0.14819908013810185,0.03450950194032232,-0.36818800445712074,-0.40269750639744306,0.2758858561679007
ACH-002528,-1.0418604984489097,-0.09779072854817769,-1.4126559674068804,-0.10509540276572893,0.8158465030293788,0.1310467510727622,-0.5994463607657692,0.2898251211415039,0.889271481907273,2.320050910148293
ACH-002531,-0.4818038135237899,0.13035701179351328,0.16277081436858087,0.37539368898091147,0.32499760772697267,0.5900084204134903,0.5955816412922711,0.7027350246311899,0.1071533833389188,1.1707848076460967
ACH-002533,-0.7610667346805601,0.22659960871414564,0.5631258142738771,0.13440387601858975,-0.5529930094374775,0.716458514136298,0.36999042857441644,0.27785452530371163,-0.0921359032707048,0.8350750662986808
ACH-002535,0.11662784961011353,0.2465131376442934,-0.5038119159285811,-0.20606511248416642,-0.21342911847195753,0.5460149918601972,-0.22752565283038761,-0.19283000673369885,0.03469564609668876,-0.22395927985918085
ACH-002538,0.14768080557276658,0.3982193043430482,0.317007365136796,0.49426653140505833,-0.2105858926722405,0.5800872138467323,0.32200605729214626,0.11362161185018974,-0.2083844454419565,0.30171403058726115
ACH-002544,-0.21687441176548405,0.5262484469819446,-1.2115126681496486,0.41616907881553095,0.9234701053148683,-0.015902857938455972,-0.19974720294785997,-0.20187418102177226,-0.0021269780739123036,0.9139573549693495
ACH-002647,0.20878831289271482,0.3989859633391707,0.24132831303419378,-0.22715617621804612,0.38822767583831735,0.4419774011871129,0.36226798626810264,0.28152136820069257,-0.08074661806741007,1.1735837665529818
ACH-002650,0.5877208454713658,0.8623029177042844,0.04547036879657047,-0.3609252738282413,0.28279674451555253,0.3620654358582614,-0.24621915149343784,0.031994290321232265,0.2782134418146701,0.30687684356766154
ACH-002654,0.28051941811616476,-0.26137020927445054,0.9929153055440598,-0.12802989243544427,-7.803106336265907,0.46339866085575865,0.3277997823762594,0.22043344072753096,-0.10736634164872845,-0.8471619097091088
ACH-002659,-0.23662984937270637,0.6026843388801847,0.2246254471582649,0.002964105764281466,0.32120259831587417,0.6928476041592673,0.03719129823707196,-0.17984077682418004,-0.217032075061252,0.5620788410253237
ACH-002660,0.7278798732101381,0.3069568488835219,-0.8144699889431946,-0.014260083817580704,0.1534497477613711,0.5113728443382515,-0.30983933119423446,-0.41875426547351635,-0.1089149342792819,-0.22205633836161337
ACH-002662,0.5720431870990932,0.08168796003432682,0.27842931182973446,-0.2134116949226299,-0.19736666527018995,0.5121498766729943,0.09114036480768878,-0.44344167268600704,-0.5345820374936958,-1.209643768189785
ACH-002664,-0.5340506742372981,0.0032610236980046836,-0.6352490070447041,0.060751838902059735,-0.18596558551248507,0.41904040961858446,-0.1429690726784334,0.17664056498723218,0.3196096376656656,-0.2239368026746479
ACH-002669,0.3556663530422114,-0.0664716854779287,0.6378116860280743,0.13284472520318627,-0.6255135854803702,0.4393661677570545,0.30474419274487263,0.016881162706723535,-0.2878630300381491,-0.38103698241504635
ACH-002672,-0.28078771160134885,0.3752949499138411,-0.39308786957917885,-0.05579896810306262,0.0728247062948013,0.724604434848219,0.7413336070900421,0.7039811339627052,-0.03735247312733689,0.1522184306559793
ACH-002677,-0.2227735421568977,0.7889277363489005,-0.5397610678486711,0.3492906001859941,0.9659309983581943,0.013421460928191187,0.4703734436962651,-0.14875791279722897,-0.619131356493494,0.9614781407273876
ACH-002678,-0.048917896629504465,0.26910159991995425,-0.44937892522301304,0.3942169884758283,0.8390862089467371,-0.1154971666306025,0.5206456097944199,0.016545856372584655,-0.5040997534218352,-0.9119980115599885
ACH-002680,-0.4817643805301879,-0.2765417073425332,0.15165912705128806,0.2656843339545574,0.325773757255335,0.2717709444258072,-0.2516670406285838,-0.20461157449804177,0.04705546613054204,2.310446694014213
ACH-002681,0.09322293639402474,0.015131816349313876,-0.7496885005013351,-0.6052735459458338,0.864213512936774,0.16738076609753172,-1.1759854796456266,-0.976556352639529,0.19942912700609766,2.9364858619256093
ACH-002687,0.764753409267977,0.4655302914941584,-0.9269501521158955,-0.4714365211683685,1.1033772453681885,-0.05982446939955377,-0.03416997409205921,-0.16295568728557783,-0.12878571319351861,1.1409399507585931
ACH-002688,-0.12920770590403097,-0.5547318277977951,-1.0803262734906436,-0.21936161831082857,0.440874845044881,0.3150679407273787,0.3813416104629229,0.44224388247841234,0.060902272015489416,1.3999159682643543
ACH-002690,-0.30412589306797677,0.04203417136646245,-0.03654835186185185,-0.03772265675710163,0.43230202864000283,0.17136240626877208,-0.1665286743360374,-0.09971472370374615,0.06681395063229124,1.6587484231716194
ACH-002693,-0.07948649324888457,0.6106264536917672,-0.5451515775768208,-0.09080886857109188,0.601856203742888,0.16903760481904317,0.34105714614988136,-0.632871218022694,-0.9739283641725753,1.5968359723790044
ACH-002705,-0.834091054017944,0.39584930095639836,-0.005078069185888323,0.07500561027388508,0.5081083866333631,0.13537482606149528,0.4667892718062196,0.394176023869896,-0.07261324793632361,0.38958936166067126
ACH-002706,-0.4279835675895639,0.6864597139908641,-0.38467934946505766,0.048108092139335146,1.0253647156658747,0.006128073114382876,0.35169960459088345,0.3629387854963634,0.011239180905479948,-0.24083166654483218
ACH-002708,0.13878224736526412,0.09910800632394723,0.8560783120138918,-0.013768183147170756,0.9364123227250134,0.020675224613456777,-0.29455136269419124,-0.25502535003028604,0.03952601266390518,1.127501503858566
ACH-002709,0.9561292567894313,1.3614676937974055,-0.02302745626078076,-0.0413235128213956,1.0439053134853848,-0.007422057804066573,0.33754959036752796,0.5172173873355854,0.17966779696805749,0.8132734191004423
ACH-002710,0.5905999341535544,0.33705393183797305,0.047044215655350954,-0.08525052854842001,0.8953708436178602,0.050894111282971444,0.09952105391156396,0.08482199780247641,-0.014699056109087541,1.904517975157728
ACH-002711,0.23416059058355526,0.5046704070654635,-0.39150115210941794,0.13921286288845539,0.8254570827470249,0.07221028273907454,0.41708028508044376,0.7121104083588822,0.2950301232784384,1.2852175990949481
ACH-002778,0.7716427024430577,0.45625389826313945,-0.5079586731909895,-0.4811730300357624,1.5733913763550342,-0.4376608027193528,0.4646767312548843,-0.09284735021702173,-0.557524081471906,1.6323938809305611
ACH-002780,0.5284955942267402,0.4516501439365837,-0.6683709552675495,0.06525479995315656,-1.2202640053952514,-0.1399533424317098,-0.41439131084253344,-0.6059197244238309,-0.19152841358129744,1.743094880877135
ACH-002782,-0.8971498816231698,-0.6044626796000212,-0.4239552234407671,0.050066768180946464,0.8346347110000296,0.06312259041831658,0.2335735871715518,0.06634415620318232,-0.16722943096836948,1.5110582021387136
ACH-002784,-0.6979761521702674,-1.035513044051555,-0.18319991344102352,0.05408419220211671,-0.9559082579622149,-0.32554375537165525,0.2909922329023277,0.3436136342392308,0.05262140133690312,1.4134762593801113
ACH-002785,0.48943243752760024,0.056663987605313215,0.43513774727004634,0.566378521968768,0.7757558242645552,0.03019712662245555,-0.07398819808290802,0.2536282650520181,0.3276164631349261,1.6340674242881201
ACH-002792,0.06981266510383799,-0.37027134136994405,0.42805003210212617,-0.4734008918842616,-0.11490907115526924,-0.28634960100285745,-0.00870905578198132,0.10055791331675348,0.1092669690987348,0.29195736132984207
ACH-002799,0.8427139016644287,0.6934660704431075,0.09488523727702912,0.2754219086991027,-7.413372112299495,0.07226793100748788,-0.05486305411146604,0.0850352815290681,0.13989833564053414,0.9164845290976373
ACH-002800,-0.21284768292637266,0.1229306048646884,0.3295406735883481,-0.026711227215653596,0.6258638968540655,0.30386240822145094,0.3225321053603689,0.13682894306633514,-0.1857031622940338,1.4269114100385691
ACH-002801,-0.4373088793084084,0.11484643362538331,-1.00341100298783,0.2681730537674589,0.5807645343197763,0.17564577799977207,0.9944432375918865,1.1917728088774606,0.19732957128557418,0.5766267271614275
ACH-002806,0.3633736954865092,-0.5374069325801952,-0.45906572549748237,-0.10455679383001054,2.077872993849217,-0.0714837177990374,-0.5737703523232153,-0.10266268158733198,0.4711076707358833,0.5184018791235938
ACH-002834,0.02746858581784095,0.5782033435365868,0.7761928222883903,0.061026582564128296,1.2125642832618282,-0.05189012588049957,-0.2434257141696127,-0.33197631468533667,-0.08855060051572397,1.6322758706159015
ACH-002847,0.5309221092740146,-0.06136356989430797,-0.21468692983670462,-0.22495500743343028,0.7405786426850027,0.08245915909287635,-0.0002539309739893747,0.16751222636642496,0.16776615734041433,0.43434580449099824
ACH-002922,0.5019578029410783,0.44897503268358047,-0.558325320539077,-0.3934368477974466,0.9223466476355737,0.05649868560602278,-0.26588643662366074,-0.4919833603886993,-0.2260969237650385,1.3469166614238426
ACH-002923,1.4541211260020253,-0.2760856125002742,-0.5544269940443082,-0.5497528292353058,0.6721493826682894,0.20668863162173717,-0.22716194038969906,-0.9183446014632123,-0.6911826610735132,-0.3593841603208762
ACH-002925,1.819343608305395,1.1701777769703576,-0.9092382471717848,-0.4531141563344553,0.8357139337833671,0.10032257987483839,-0.16526441907381018,-0.7665258684577363,-0.6012614493839261,0.20271609797351442
ACH-002926,0.7102973362581552,0.27758697880103045,-0.4165074559359567,-0.26010169085015633,-0.0924827220337776,0.29371346270602633,-0.24412752007473876,0.05504041511894853,0.2991679351936873,0.3848780171312186
ACH-002928,-0.571921217167406,-0.42450991476715044,0.5404106222595184,0.10906492296180355,0.12322912716402065,0.25183398834749526,0.6281164781314544,0.6538530074531095,0.02573652932165502,0.778169672545157
ACH-003012,0.14358043126776354,0.07962527746897274,-0.7789984168966172,0.4073813790741205,0.13090093104831305,-0.24037163029253003,0.8440879842669309,0.26441096199680364,-0.5796770222701273,0.3604066155270006
ACH-003064,-1.1551012203180113,0.39471623198594225,-0.051461093883772395,-0.008119268814527403,0.5470807510422484,0.399065219518993,0.5050729780576629,0.5430645568593763,0.037991578801713284,2.4722524016697713
ACH-003065,-0.5073846825442947,0.5951223251576226,-0.1897871597265417,0.34096216093001613,1.264699597543918,-0.05453815903271145,0.8077042634141117,0.6706883388032973,-0.13701592461081447,2.0978962422414154
ACH-003171,0.16242185424018532,-0.41175701266331705,-1.034780650818018,-0.3130522374970675,0.838020413982065,0.12793540718942187,-0.014928023420710812,-0.23435014776065938,-0.21942212433994857,2.3792197787275216
ACH-003176,-0.035337851017832156,0.0880946696139373,-0.5063030715092867,0.36201414914249685,0.8074708458123508,0.07175942257396811,-0.23189007223511787,0.0640740028159134,0.2959640750510313,0.8327007996491216
ACH-003177,0.3016813666320422,-0.4543276306886155,-0.43560419104737036,-0.2248148133768093,1.1842780040391456,-0.1497097953912967,0.3627748419865491,0.025984399267605474,-0.3367904427189436,2.1791164877736735
ACH-003178,0.19144303329129514,-1.0231102436355042,-0.17171144853039688,0.003967605241050942,1.3952110843363408,-0.08281664569887462,-0.4050642679408433,-0.05933539350706333,0.34572887443378,0.6439230288076808
ACH-003180,0.654978030563958,0.24218870607506426,0.6072728415647006,0.01617078318992607,0.4046277992885645,0.48358101202584963,-0.31307372191016986,0.03549690329963144,0.3485706252098013,1.7885186877735175
ACH-003184,1.208147573109279,0.48420657678205525,0.07604695172934073,-0.7226861364247517,1.050039241924974,-0.06572952312947522,-0.49629281085290944,-1.0349541858562132,-0.5386613750033038,2.812557543894181
ACH-003185,1.2491588253474095,-0.14950528334540347,-0.9647633004550671,-0.5023534347224117,0.6613872755499686,0.1637320134752867,-0.47501651302296,-0.6509766060519506,-0.17596009302899066,1.32113152243687
ACH-003186,0.42937916238566887,0.49393087650138634,-0.24590309631627916,-0.14864869128777336,1.1709764169834975,-0.3426974318754219,0.7781985164024154,-0.26971231117957517,-1.0479108275819906,2.7601060673219795
ACH-003189,0.07162618899530526,0.10422418584889481,-1.3865596440805992,-0.037218989379042944,0.5719134029622887,0.7018115553416993,-0.25842509402912034,-0.3760870665245949,-0.11766197249547454,2.0631118494159706
ACH-003190,0.9900974744757374,0.22163797373451244,-0.32847432328098947,-0.3693782369359523,1.052255323438232,-0.05970490043342469,-0.5444348045768727,-1.0220358820540902,-0.4776010774772176,2.1177594448092316
ACH-003191,1.2879007707573658,-0.013545622300658255,0.12792079245342758,-0.6920666687930539,0.6197643556958194,0.5376755435638275,-0.09453350587547663,-0.32617386629696327,-0.23164036042148664,1.9134324834608682
ACH-003273,-0.16547329449064496,1.2561238107358725,-1.1268696852678697,0.7056636024436813,0.6299740117010373,-0.10123297251088917,0.274925254218527,0.36349946854449966,0.08857421432597265,2.1793860786064725
ACH-003410,-0.6684546943379854,-0.40706717366405054,-1.8883634428085752,-0.6730752311275371,1.1212723246757772,-0.17607546085770687,0.09931958455023648,-0.8772757968202946,-0.976595381370531,1.5925752038572463
ACH-003573,-0.6843813189694354,-0.9128443602163359,0.8164138228979121,0.23422570660856484,2.544081502434002,0.15048100980103257,0.34900383656357004,0.07209164979150331,-0.27691218677206675,0.47618505729017857
ACH-003587,-0.19618117352771955,-0.8189398055808075,-1.030576291163836,-0.07524909501079233,-3.63409484226231,-0.09893191470634546,-0.13032165599191436,-0.252035196954151,-0.12171354096223662,0.9901624344931567
ACH-003590,0.14636062987964915,0.028342815447314096,-0.6403502049617558,-0.057611382279494,-0.7364741574854591,-0.13049793772403212,-0.5368166069068416,-0.3967363459805548,0.1400802609262868,-0.32209940220477773
