,RES_00,RES_01,RES_02,RES_03,RES_04,RES_05,RES_06,RES_07,RES_08,RES_09,RES_10,RES_11,RES_12,RES_13
ACH-000001,0.07593138889596295,-0.7656918977970075,1.1169046698702836,-1.8051409301306438,-1.6157871031954063,-0.5130808924277176,-0.0076958645280918465,1.207621247740276,-0.036288108699855263,1.023354316375886,-1.403303631420883,0.8122178014999129,0.2921454225191886,-0.2544825195929189
ACH-000004,-0.32442798561590674,0.1511916189534914,-1.2214126379128527,-1.3095418325369654,1.7028481400008513,0.1913573733518657,0.01869086043604089,1.0420933076148031,0.9060445351159987,-1.0196494644127572,-1.4909869838078214,-0.10021273153199595,-1.3095418325369654,-0.9379976573047194
ACH-000005,-1.5919163168159876,-0.6403734728270288,-1.6077281211835148,-1.1895825028281073,0.8369305999126725,-0.09800310908566968,1.0926183477238136,1.959963984540054,1.0689599435351733,-0.9345892910734802,-1.314742400923604,0.42229868545116184,-0.8814576331714923,-0.9709384144355823
ACH-000007,-0.5485222826980979,1.6157871031954063,1.0086179513174214,2.0238804284732894,0.569085312037926,0.8030777025132917,-0.08254853290411272,0.42711132363530335,-1.096621196738911,-0.31863936396437514,0.8061169161858519,-1.6491212011468943,-1.023354316375886,-0.5055709279090783
ACH-000009,-1.3095418325369654,-0.5181036339972976,-2.3570442297684564,1.511340366291671,-0.4079187409450348,0.6056655839920606,1.314742400923604,1.4647744820388247,2.0412290029455087,-0.7179193476929423,-0.2635778047071419,-0.7065847616387614,-2.0412290029455087,-0.6841829470557181
ACH-000011,0.7730822853732383,-0.6897508578180003,0.997707835414134,-0.198080020895514,0.029688116413677534,0.3232693974936587,-0.9043884250002665,-0.8589812200347285,-0.49933435048938235,-0.021989739377545343,1.1482213614577501,0.24087871066839917,-0.09358528838052131,0.11569440979028714
ACH-000012,-0.10684457930145627,-0.712240616658132,0.03408794983083929,0.3865048558827439,-1.1546211199864427,-2.0238804284732894,1.8164703928646646,1.1251480193965842,0.33487511031897577,0.007695864528091708,-0.561346418336008,-0.17012443063505017,-0.720767407181645,0.5872772110380802
ACH-000013,0.4367664924616712,-0.41749580855344076,1.3916279593891947,-0.9110278462898451,-0.7322187075540352,-0.8214262635717874,-1.471233167953552,-0.29329294516847637,-0.41030946828115844,2.160916962144917,-0.14896791903016532,0.45376219016987956,0.0032982010778990064,1.2121927750612842
ACH-000014,0.3948108917411486,-0.08475503672812068,0.1578672520464748,0.20930451635983457,0.012093676817781056,-0.6841829470557181,-0.7671666205857572,0.4367664924616712,0.8384920942496082,0.2749777489690046,0.12455331087314676,1.1503493803760079,0.530718253370961,-1.3018067488856788
ACH-000015,-0.2567543386616585,-0.9010836231413344,1.249715457232992,1.2307375139697694,0.03848844324292296,-0.4881570607827635,0.8091635941232459,1.6239524138818737,0.35822433329829123,-0.09137706817013944,-0.5872772110380803,-1.1503493803760079,-0.994097425556237,-0.7150770996971557
ACH-000017,0.9709384144355823,1.2941487795873434,0.49808936995031894,2.184202539375764,-0.39124785972875387,-0.6083091460850765,0.4832089679002755,-0.6758705974557163,0.19808002089551385,0.21380162923518106,0.2795476683299405,-0.5639222930439726,-0.7820068867537173,0.02528885764264936
ACH-000018,-0.12233769620313222,-0.47704042848944356,-1.6935497311286343,1.35769210342973,-1.1873547534130022,-0.7760502810871098,0.1913573733518657,0.17570422511146458,0.7909942130952894,1.4712331679535513,-0.49808936995031894,1.4551995151744364,-0.10021273153199595,1.4843379083716661
ACH-000019,0.5281886287114783,0.08034243090807264,1.3688293262216265,0.9278049190833458,-0.8945033623459216,-0.03848844324292296,0.0032982010778990064,-0.5206199068695524,-0.561346418336008,0.8152796042560035,-0.18017199439426004,-0.16454992784911948,-0.2704135651114682,-0.7065847616387614
ACH-000021,0.16900911261324064,2.05921460987167,2.160916962144917,-2.208736379719948,-1.2691545015397274,-1.1251480193965842,1.640615800581922,-0.4881570607827635,-1.3521860990673606,-0.8091635941232459,-0.997707835414134,-0.5080710616447608,-0.470889987812555,-1.207621247740275
ACH-000022,-0.13786023618425697,0.1578672520464748,0.5105743752088904,1.5764927829578514,1.4395314709384563,1.741597224503634,-0.9727013494446405,-0.6953402346145302,-1.0650747484714613,-0.4956017206389103,0.6621193482292987,-1.8769400144253812,-1.203074819956593,0.7051743295571965
ACH-000023,-0.6376766160079513,1.180706601148497,-1.1169046698702836,1.3974419828247846,-2.077892100777044,0.4708899878125548,0.553640999069927,0.997707835414134,0.8558056976363998,-0.4856815279341637,-1.0886329293768875,0.11348112962967796,-1.7122961530786696,-0.41030946828115844
ACH-000024,0.182407222834474,1.0122814351089962,0.6539284638491971,-0.7150770996971557,0.7805151403568917,0.33487511031897577,-0.41989603625014454,-0.3001862564390561,1.4647744820388247,0.530718253370961,-0.8463304581395933,-1.1763033333991566,-1.2307375139697694,-0.009894746751426072
ACH-000025,0.15341606674775615,0.93458929107348,-0.613609076561029,0.4416093321019699,-2.0238804284732894,-1.3199787729048944,1.6157871031954063,0.9177076724000355,0.2590274836562649,0.398378943033161,-0.6056655839920606,1.180706601148497,-1.084664727793081,-0.5925105295130879
ACH-000026,-0.9010836231413344,-0.4488931026100072,0.005497019514316785,0.5206199068695524,-1.5764927829578514,-0.2864135425655284,0.4031442558096748,0.4079187409450348,0.33022749879480895,0.06491005589443756,-0.07152182381554818,0.49808936995031894,-0.6703548976824086,0.18911842627279238
ACH-000028,-0.42711132363530335,-1.3359092188098454,1.2214126379128531,1.049692204225164,-0.45132630888194325,0.4488931026100073,-0.18240722283447414,-0.1868804268224072,-0.6703548976824086,0.5055709279090783,-0.05830112436099074,-0.25902748365626477,0.02748842052851622,0.01869086043604089
ACH-000029,0.08254853290411288,-0.09579396502978645,0.5281886287114783,0.7094098525076643,-0.07152182381554818,0.24994280625282192,0.17123996032070093,-0.8369305999126725,-1.1763033333991566,0.14896791903016532,0.42952135053880236,-1.322610585186737,-0.5383276331761137,-0.612282483031648
ACH-000030,-0.10021273153199595,-0.18464336299896028,-0.005497019514316924,0.93458929107348,0.6814069363243775,0.4440346342705392,-0.7065847616387614,-0.46843480346397653,0.6296136839545463,-0.8814576331714923,1.0345541132346794,-0.24994280625282178,-0.28183481319966286,0.8879616072736423
ACH-000035,-0.33952996655970646,0.743766841141197,-0.3279063714436698,1.3858606000569538,-0.28183481319966286,-0.0693175680314917,-0.1467449554865486,-0.1556412739305921,-0.46598243956846025,0.20032287919934852,0.059402428332506245,0.5043220460777779,1.0689599435351733,0.7820068867537175
ACH-000036,0.7065847616387614,-0.08696195327319917,1.0049679545269972,1.0308064799022894,1.053514476181976,0.8863320996731163,-1.9909059489640788,-1.7995620080435373,-0.7524934190627787,1.7218995346777688,1.3858606000569538,1.3252515904708695,0.9448472953663021,0.4881570607827634
ACH-000037,-0.6676046872592142,-0.0076958645280918465,0.036288108699855263,1.6157871031954063,-0.6109569661538571,-1.4977026374118696,-0.09800310908566968,-0.1690091126132405,0.7583430960005929,1.3043764426955688,-0.2070575519737386,2.0973239031987645,1.6157871031954063,0.93458929107348
ACH-000039,1.8519354844002658,0.25448251959291907,-1.0650747484714613,-0.19135737335186584,-1.1632284115355502,-1.7940385403408095,1.3974419828247846,1.640615800581922,1.2941487795873434,-0.8061169161858521,-1.9451711242093468,0.9010836231413344,-1.096621196738911,-0.7495782208162746
ACH-000040,-0.2048116325051352,-0.2692734025006121,-1.9451711242093468,0.2772619848505168,-0.060503804356206815,-0.5872772110380803,0.6189262992365707,0.5820599275295223,0.3936226596401808,0.42831602611722197,-0.5898918508060312,1.6664991613969533,-0.9278049190833462,0.6189262992365707
ACH-000041,0.25448251959291907,-0.8291535170884398,-1.0728613416500032,-0.3582243332982911,0.2340936433721047,0.29099828444060294,0.27041356511146836,0.8526387817710663,0.036288108699855263,-0.43434891564061573,-0.9177076724000351,0.6758705974557161,-1.0067912763026081,-0.24540823817218774
ACH-000042,-1.7415972245036333,-2.6565387878196756,-1.1632284115355502,-1.0926183477238136,1.076779138413667,1.772474711666923,-1.9168014719289324,-0.5332512786684108,-1.8642920563070788,1.0049679545269972,1.741597224503634,-0.2340936433721047,0.45620076684730015,1.5614354093618503
ACH-000045,1.6577476036291683,1.2740898393217566,0.8307049118491973,-1.7940385403408095,0.0891692934466064,-0.04288968208825873,0.6457812190010196,0.06491005589443756,0.133421997906913,-0.7293469271307469,-1.0086179513174214,-1.5764927829578514,-0.3279063714436698,-0.8977886334754037
ACH-000048,-0.04729175190637022,-0.5794572240112413,-0.6841829470557181,-0.6189262992365707,-0.3558808140761946,0.26130196788493976,0.28183481319966275,1.9451711242093461,0.4319338747899584,0.3558808140761947,-0.18240722283447414,-0.5485222826980979,-1.6664991613969526,0.9797835324994979
ACH-000052,1.0086179513174214,-0.05609872719514376,-0.2544825195929189,0.5742635458221239,0.4127025430789826,0.8400556357339782,-0.5820599275295225,0.2386158046284212,-0.5977601260424784,0.4391866247444289,-0.42229868545116184,0.5080710616447608,-0.7408705559340103,-0.6621193482292986
ACH-000053,0.10021273153199581,0.5080710616447608,-0.5600598774313398,0.01869086043604089,1.35769210342973,0.6593841418798565,-0.5562057989339743,-0.3936226596401808,0.8879616072736423,0.28183481319966275,-0.2909982844406031,-0.32095352068442146,1.0650747484714616,0.1467449554865486
ACH-000054,-0.3372016251408053,1.1985531246455747,0.01869086043604089,0.8685602224988808,-1.93079206592976,-2.6565387878196756,1.1940558027182056,1.5919163168159876,2.434502406337297,-1.1546211199864427,-0.6322967567317324,1.1675645511806783,-0.21380162923518106,0.26130196788493976
ACH-000055,-0.9110278462898451,-1.477753815705203,-0.9904999275311626,-1.1210168225962824,0.5951332776701089,0.24767488561581988,1.0122814351089962,0.7452173252375651,1.5394920775526066,0.126769537138465,-0.6566538597459011,-1.1397608101928185,-0.33022749879480895,-1.2790564074958748
ACH-000060,1.264249885119522,0.5665019148999156,0.55877426286374,-0.9552056993359318,-3.007786556473252,-1.3043764426955688,0.7671666205857572,0.8400556357339782,0.5181036339972976,-0.2726949469494098,-0.7820068867537173,-0.48073935846966426,-0.1868804268224072,-0.01869086043604103
ACH-000067,0.06270677794321385,-0.4881570607827635,-0.6376766160079513,2.1175815000165468,0.2658550075342104,-0.7236213251742154,-1.2740898393217566,-0.2340936433721047,-0.14230119170291788,2.8489799156823308,0.4007604618510929,1.8280379276044878,0.00109939858753573,0.4832089679002755
ACH-000070,0.6322967567317324,0.007695864528091708,0.16454992784911962,0.4708899878125548,-0.2921454225191886,0.7849956136784568,0.46598243956846,0.9043884250002668,0.9448472953663021,0.3865048558827439,-1.1675645511806783,-1.2214126379128527,-1.546723953246356,-1.023354316375886
ACH-000074,-0.2658550075342102,0.06711364899267981,-1.731664396122245,-1.1503493803760079,0.7279132908816444,0.5218792795289048,1.1169046698702836,1.7940385403408106,0.6349843890817186,-1.1006416942659187,-1.5614354093618503,-0.28412343330913126,-1.6322274557352336,-0.3582243332982911
ACH-000075,1.2260617496750101,-0.0032982010778991456,0.585971396290434,0.10242284336907109,-0.3723273700334457,-0.10242284336907123,-0.02748842052851622,-0.6484921805928572,1.0612055642645124,0.34886190961904734,-0.03848844324292296,2.2915811443328766,-1.3412954040553924,-1.0807135329098065
ACH-000076,-1.731664396122245,-1.1334685435697693,-2.6565387878196756,-0.5562057989339743,0.9904999275311626,1.314742400923604,-0.1046334556140754,0.9010836231413344,0.8291535170884398,-0.11790825683843847,-1.8642920563070788,-0.0076958645280918465,0.20930451635983457,1.3252515904708695
ACH-000077,-0.24314285086085877,-0.45498114030642833,-2.0412290029455087,-0.4635328749382808,0.11790825683843847,0.41030946828115844,1.5182659475558995,2.3230691379043127,1.7940385403408106,-0.3746850166103579,-1.1210168225962824,-0.8879616072736423,-1.3974419828247842,-1.5919163168159876
ACH-000078,-1.9168014719289324,-1.1046800621865227,-1.314742400923604,0.1801719943942599,1.7940385403408106,1.4395314709384563,-1.6577476036291676,-0.6430749951728808,0.08475503672812082,1.3801389729135718,-0.5105743752088904,0.398378943033161,0.6758705974557161,1.3043764426955688
ACH-000082,-0.16009401266716553,0.38177053102389175,-1.1851328811470352,0.2340936433721047,-0.2990363890604838,-0.42229868545116184,0.787991369076319,0.8589812200347285,1.264249885119522,-0.04949312519186336,-0.6215914776366401,1.264249885119522,-1.0689599435351735,0.7236213251742154
ACH-000085,-0.009894746751426072,-0.05169473834966144,-0.45376219016987945,0.19583815857485232,0.09579396502978631,0.2772619848505168,0.49808936995031894,0.4782726775822579,-0.994097425556237,-1.1851328811470352,0.5408710138672533,0.024189122744124693,-0.751035022116559,0.06711364899267981
ACH-000086,1.203074819956593,3.3272129920738123,3.0077865564732638,-1.6157871031954063,-1.9909059489640788,-2.3570442297684564,1.97519860622955,-0.7350965394144469,0.19359728009563426,-1.3744621740061043,-0.3279063714436698,0.46108608852533495,-0.0759313888959628,-2.6565387878196756
ACH-000087,0.4055303428319633,-0.9110278462898451,-1.180706601148497,-0.5485222826980979,-0.5030739503457283,0.2864135425655283,0.9244286998588873,1.0159585554771338,0.29099828444060294,0.03188795595915477,-1.415173801571812,0.5485222826980981,-0.7279132908816442,-0.08254853290411272
ACH-000090,1.2593754934254444,1.2545308418114915,1.6491212011468943,-0.561346418336008,-0.10021273153199595,-1.1107716166367854,0.25675433866165864,-0.09137706817013944,-0.16454992784911948,0.12455331087314676,0.014292665362238137,-0.4488931026100072,0.014292665362238137,-1.4909869838078214
ACH-000092,-0.16454992784911948,-1.8642920563070788,-1.8898955575205072,0.5510798360085837,-0.8717709721899588,-1.0573522020432222,0.4906355888106408,0.5256623794275063,0.4956017206389103,-0.2340936433721047,-0.09137706817013944,2.5300844134039813,0.6242610786459207,2.0973239031987645
ACH-000093,-1.2941487795873439,-0.3723273700334457,0.31401615114926634,-0.2726949469494098,1.0383163332509597,0.8749907341475217,-1.096621196738911,-0.5794572240112413,-1.1418682881513451,1.1355609711324433,1.9031763053671464,0.18911842627279238,0.7322187075540352,0.9193840350404713
ACH-000094,-0.023089417099562953,-0.3948108917411484,0.8912277173415939,-0.0759313888959628,0.9010836231413344,-0.016491723021857998,-0.8526387817710663,-0.42229868545116184,-1.0612055642645126,0.01869086043604089,2.2622135826614524,-1.2840547279091354,0.2658550075342104,0.6403734728270288
ACH-000095,-1.0807135329098065,-1.3412954040553924,-0.600391105653359,-0.1723557031392479,0.6109569661538571,0.8061169161858519,-0.17570422511146444,0.4807393584696641,0.13786023618425697,1.0650747484714616,-1.4647744820388242,0.27269494694940966,0.6648595171258198,0.530718253370961
ACH-000096,-1.1334685435697693,-1.403303631420883,-1.7619948036750106,1.1046800621865227,-1.1169046698702836,-0.36291729513935617,1.3688293262216265,2.4794668853016666,2.588156152252214,0.4758089033276056,-0.8214262635717874,0.3024871841193093,-0.7909942130952893,-0.49808936995031894
ACH-000097,0.43434891564061573,-0.2613019678849396,1.1503493803760079,-0.8782195926748022,-0.9010836231413344,0.41749580855344076,0.07152182381554832,-1.0420933076148031,-0.31632691240551397,0.8749907341475217,-0.2048116325051352,-0.4440346342705391,0.10021273153199581,-0.4150979836847357
ACH-000098,-0.6758705974557163,-0.42470377494533396,-0.18240722283447414,1.4333620914605663,-1.9031763053671469,-2.4794668853016644,0.8463304581395933,0.6566538597459012,1.923749701216999,0.6457812190010196,-0.45132630888194325,1.959963984540054,0.8183490691100319,0.6676046872592143
ACH-000099,0.3372016251408053,0.5925105295130879,1.9451711242093461,-0.6162655099475975,-0.19135737335186584,-0.1690091126132405,-0.8183490691100319,-0.33022749879480895,0.023089417099562953,-0.2183030702235295,-1.5394920775526073,0.8526387817710663,1.3252515904708695,-0.09579396502978645
ACH-000100,-0.9210629853167462,-1.7218995346777684,-0.05830112436099074,-0.8945033623459216,1.269154501539727,-0.20930451635983457,-0.14008036860853418,1.7218995346777688,0.1578672520464748,-0.04729175190637022,-0.6703548976824086,0.3093996404527934,-0.2635778047071419,0.7849956136784568
ACH-000101,-0.967421566101701,-0.23748481037633762,-1.2691545015397274,1.889895557520506,0.060503804356206815,1.8280379276044878,-1.6753802499246842,0.3723273700334455,-0.8463304581395933,2.5300844134039813,-1.4520373218405715,0.4684348034639763,0.111268405229855,1.006791276302608
ACH-000103,-0.3001862564390561,0.6296136839545463,1.1632284115355502,1.0420933076148031,1.6753802499246846,1.1719227553576743,-1.5182659475558995,-1.1546211199864427,-0.8717709721899588,0.6484921805928574,-0.34652610591141986,-0.03188795595915477,-0.3582243332982911,0.3629172951393563
ACH-000106,-0.3876897877871037,-0.8814576331714923,-0.08475503672812068,0.8061169161858519,1.2401706527892427,1.2190979509137163,-0.9552056993359318,-0.7642188383634371,-0.8183490691100319,1.1851328811470352,-0.9110278462898451,0.1356407830643558,0.8307049118491973,-0.19583815857485246
ACH-000108,-0.737980472204168,-0.31401615114926634,-0.045090607775225125,-0.23635411982100163,0.3865048558827439,1.525265125876848,-0.30478971436541424,-1.5919163168159876,-0.14896791903016532,-0.20032287919934866,1.7517049145026056,0.07152182381554832,0.02528885764264936,0.05830112436099074
ACH-000111,-0.22506356525517032,-0.7236213251742154,-1.3359092188098454,1.237802035067147,-0.13786023618425697,0.42952135053880236,-1.3252515904708695,-0.1467449554865486,-0.09910785982289917,1.5394920775526066,0.31170706540571,-0.09579396502978645,0.824511255955517,2.2622135826614524
ACH-000113,-2.184202539375764,-0.13786023618425697,-1.1985531246455747,1.4909869838078207,0.8912277173415939,1.40921389662192,-0.1868804268224072,0.0891692934466064,-0.1046334556140754,0.4832089679002755,-0.02748842052851622,-1.1046800621865227,-0.19695896599698806,1.1210168225962824
ACH-000114,-1.0049679545269972,-0.5562057989339743,-1.0807135329098065,-0.5742635458221241,1.3252515904708695,2.588156152252214,-2.3570442297684564,-1.9599639845400545,-1.4909869838078214,0.7820068867537175,1.8769400144253807,0.5181036339972976,0.8030777025132917,0.5781573438545956
ACH-000115,-0.036288108699855263,1.312137680736437,0.5820599275295223,1.6322274557352336,0.7150770996971557,0.743766841141197,-0.7820068867537173,0.13120386939339987,-1.783152983897957,0.162321567392157,-0.0803424309080725,-0.3888752642829681,-0.009894746751426072,0.045090607775225125
ACH-000116,-0.09358528838052131,-0.9797835324994979,0.1356407830643558,1.1087365265227942,0.5408710138672533,1.0846647277930805,-1.0650747484714613,-1.0122814351089962,-0.9110278462898451,0.9244286998588873,-0.28412343330913126,0.8276041153933821,-0.8338137161324595,1.2992456226917888
ACH-000118,0.9833431160929378,-0.7307820639859633,0.7909942130952894,-0.6758705974557163,-0.2544825195929189,0.09579396502978631,0.31632691240551397,-0.0781367198606693,-0.1356407830643558,-0.8847049421535803,0.24087871066839917,-0.0781367198606693,-0.6786361667728743,0.19583815857485232
ACH-000120,-1.504486525069759,-3.007786556473252,-2.291581144332876,-0.5690853120379261,-0.0781367198606693,0.11569440979028714,1.0807135329098068,2.5300844134039813,0.5459683122952279,0.13120386939339987,-0.09358528838052131,0.569085312037926,-0.43918662474442877,0.4440346342705392
ACH-000123,-0.39124785972875387,0.45376219016987956,0.0891692934466064,-0.1445227168573773,0.18128949539346392,1.6935497311286343,-0.3888752642829681,0.4906355888106408,1.3801389729135718,-1.0345541132346794,-1.8769400144253812,0.4758089033276056,-1.0067912763026081,0.41749580855344076
ACH-000124,-2.0412290029455087,-2.1175815000165468,-1.3095418325369654,0.7037652988990366,0.14896791903016532,0.12233769620313222,0.09579396502978631,1.096621196738911,1.0458852068138909,1.076779138413667,-1.9168014719289324,-0.7495782208162746,1.5997722240383687,2.434502406337297
ACH-000127,-0.08254853290411272,-0.5408710138672532,-1.6239524138818737,-0.1511916189534914,0.4007604618510929,0.7037652988990366,-0.31401615114926634,0.6322967567317324,-1.084664727793081,0.26130196788493976,0.1467449554865486,-0.22055544490025863,0.32095352068442146,1.0670153327128908
ACH-000128,-0.5977601260424784,-2.0973239031987645,-1.3974419828247842,1.3199787729048944,0.42229868545116184,0.4586420594195474,-0.11237469865433326,0.5794572240112412,-2.208736379719948,2.588156152252214,-0.33022749879480895,1.2840547279091354,-0.7037652988990366,2.5300844134039813
ACH-000132,-0.02528885764264936,0.4055303428319633,0.6703548976824089,-0.4501093726372083,0.2059344623937478,-0.5357877300556416,-0.6083091460850765,-1.1895825028281073,-1.546723953246356,3.3272129920738123,-0.8685602224988808,-1.3521860990673606,0.5030739503457283,1.2401706527892427
ACH-000133,-0.21380162923518106,-1.1418682881513451,-0.6981430794317393,-0.15675416589931224,-0.4031442558096748,-0.133421997906913,0.569085312037926,0.16900911261324064,-0.5459683122952278,1.7831529838979576,-0.6897508578180003,1.8642920563070784,0.5768584398705493,1.0364333894937898
ACH-000137,-2.160916962144917,-0.0737264271610225,-0.4127025430789826,-0.3558808140761946,1.0807135329098068,0.6786361667728741,0.32558700939032037,-0.30478971436541424,-0.26813358982999025,0.9482887899595908,-0.5536409990699268,0.7820068867537175,-0.23070516632041416,-0.9244286998588876
ACH-000138,-0.8879616072736423,-0.997707835414134,-0.5408710138672532,-1.8769400144253812,1.5503704303276482,2.1175815000165468,-1.3359092188098454,-1.023354316375886,-2.740190897148869,0.4067242518713638,1.0689599435351733,0.6030262477869939,1.1763033333991566,0.9043884250002668
ACH-000139,-0.5357877300556416,-1.0086179513174214,-0.14008036860853418,-0.28183481319966286,-0.33952996655970646,-0.22506356525517032,-0.34652610591141986,-0.2048116325051352,-1.053514476181976,1.8642920563070784,0.18688042682240702,-0.41989603625014454,0.37704474771741014,0.26699412540495254
ACH-000141,-0.8030777025132918,0.029688116413677534,0.4319338747899584,-0.3093996404527934,0.6539284638491971,0.7293469271307469,-0.01869086043604103,0.8685602224988808,-0.2909982844406031,-0.3488619096190471,1.235440341561252,0.5408710138672533,-1.3632395782217357,-1.1046800621865227
ACH-000142,-0.7701210841679732,-0.6648595171258197,-0.4055303428319633,0.29099828444060294,0.997707835414134,0.2048116325051352,-1.93079206592976,-0.4319338747899584,-0.42470377494533396,1.5841574443680622,0.8879616072736423,1.3974419828247846,1.5394920775526066,0.10021273153199581
ACH-000143,1.5394920775526066,0.8183490691100319,0.37468501661035775,-0.47334801394315534,-0.1712399603207008,0.8526387817710663,0.93458929107348,1.8769400144253807,0.8214262635717874,-0.5005801054667398,-1.5182659475558995,-0.20032287919934866,-1.783152983897957,-2.0973239031987645
ACH-000144,-1.180706601148497,-0.46843480346397653,-1.1376583823177633,-0.0076958645280918465,0.5459683122952279,0.9727013494446405,-1.0086179513174214,-0.045090607775225125,-0.3024871841193093,0.7790251288273164,0.3652667703167785,0.720767407181645,-0.16677910569435336,0.4391866247444289
ACH-000145,0.31632691240551397,-1.0345541132346794,-0.5155906372996497,-0.30594158496632307,1.249715457232992,0.24540823817218774,-0.6189262992365707,-0.41150571110325423,-0.9552056993359318,0.07813671986066943,-0.08254853290411272,1.3199787729048944,-0.8307049118491973,0.14230119170291788
ACH-000146,0.6296136839545463,0.10021273153199581,-0.5536409990699268,-1.5841574443680622,0.25675433866165864,-0.05389660210587648,-0.05609872719514376,0.4235009239828705,1.0270732683507222,-0.12233769620313222,-0.16009401266716553,0.7009514195842119,-0.3441921913165336,-1.4647744820388242
ACH-000147,0.24314285086085877,-1.1292985086514165,1.244928877873936,0.6703548976824089,0.530718253370961,0.9177076724000355,-0.5332512786684108,-0.01869086043604103,-0.8798374597961204,0.06270677794321385,-0.351199618264902,-1.3043764426955688,-0.3746850166103579,-0.060503804356206815
ACH-000148,-0.1935972800956344,0.1612076900405599,-1.084664727793081,0.3232693974936587,1.4843379083716661,0.8717709721899588,-2.077892100777044,-1.2740898393217566,-0.824511255955517,0.7466693788972909,0.05389660210587648,1.8519354844002658,1.2473185953357961,1.4333620914605663
ACH-000149,-0.5130808924277176,-2.208736379719948,-0.9797835324994979,0.20032287919934852,-0.0076958645280918465,-0.3746850166103579,-0.4586420594195472,0.9482887899595908,0.5345190745026058,0.9586813467447275,-0.692542841734797,1.244928877873936,0.3888752642829679,0.19808002089551385
ACH-000151,-0.8912277173415939,-1.2497154572329925,-0.7879913690763187,-0.36056982157377676,-0.1511916189534914,-1.0496922042251637,1.403303631420883,2.6565387878196796,1.0345541132346794,0.12898638622825503,-1.8280379276044882,-0.5357877300556416,-1.1128113175429069,-0.5459683122952278
ACH-000152,-1.1087365265227942,-0.6175953580354795,-0.22731933611251867,1.3521860990673606,0.35705232856706715,-0.8091635941232459,-0.4758089033276058,0.0032982010778990064,1.40921389662192,2.2346764695787313,-0.653928463849197,1.6239524138818737,-0.8431888970300973,0.6566538597459012
ACH-000153,-1.5841574443680622,-0.15341606674775615,-1.7415972245036333,0.5768584398705493,0.712240616658132,0.5846665799496997,-0.2048116325051352,-0.2624397163848644,-0.24767488561581988,0.22055544490025863,-0.023089417099562953,1.7940385403408106,0.46598243956846,1.4211844024982856
ACH-000155,0.8945033623459216,2.4794668853016666,1.1210168225962824,0.6786361667728741,-0.7495782208162746,-1.9168014719289324,0.7612776818506835,-0.9278049190833462,0.8526387817710663,-1.2666983844847988,0.4758089033276056,0.7849956136784568,0.03188795595915477,-0.5421440164296353
ACH-000159,-1.5540376396994589,-1.2260617496750101,-1.330561513178897,1.546723953246356,0.5055709279090783,0.3093996404527934,-1.0049679545269972,-0.37704474771741026,-0.5587742628637399,1.772474711666923,1.1610685209816873,1.0049679545269972,0.9586813467447275,1.6935497311286343
ACH-000160,1.8164703928646646,2.3570442297684577,1.959963984540054,2.7401908971488735,-2.0973239031987645,-1.5323398326155178,1.4647744820388247,0.5485222826980981,0.684182947055718,-0.8198866958893143,-1.1763033333991566,-0.0737264271610225,-1.1589140334197583,-0.8798374597961204
ACH-000161,0.6363299260229047,-0.6215914776366401,-0.24540823817218774,1.679870800276251,-0.6621193482292986,1.1460985295534751,-0.6030262477869939,-0.712240616658132,-0.3001862564390561,0.1090562254833252,1.1482213614577501,-0.9691784918913408,-0.6296136839545463,0.6703548976824089
ACH-000163,-0.09137706817013944,-0.1556412739305921,-1.3252515904708695,0.6953402346145302,-0.2160518024972585,-0.9586813467447275,0.2590274836562649,0.6189262992365707,0.5833627582721874,0.11348112962967796,-0.3746850166103579,1.2260617496750101,-0.41749580855344076,0.24540823817218774
ACH-000164,0.3948108917411486,1.5323398326155173,0.06491005589443756,0.6869642403069017,-1.731664396122245,-1.783152983897957,0.4127025430789826,0.41030946828115844,1.7218995346777688,0.7094098525076643,-0.6083091460850765,1.5182659475558995,-0.5665019148999157,-0.1445227168573773
ACH-000167,0.07372642716102264,0.9815617696693695,0.5768584398705493,-0.6786361667728743,0.3936226596401808,-0.7009514195842119,2.077892100777044,1.6935497311286343,0.9727013494446405,-1.3521860990673606,-2.291581144332876,-0.6109569661538571,-2.184202539375764,-1.2214126379128527
ACH-000168,0.1801719943942599,1.4712331679535513,0.3500305248324728,0.3441921913165338,1.93079206592976,0.8431888970300973,-0.6648595171258197,-0.5030739503457283,-0.8945033623459216,0.0869619532731993,0.01649172302185786,-0.398378943033161,-1.4333620914605663,0.4856815279341636
ACH-000169,0.01649172302185786,-2.234676469578731,-1.2890853356658603,-0.737980472204168,-0.3024871841193093,-0.3959996815356839,0.29788691693055386,1.5764927829578514,0.9311917474947266,0.3629172951393563,-0.8717709721899588,0.7264811491633805,-0.06270677794321385,2.8489799156823308
ACH-000172,-0.8558056976363998,-0.6841829470557181,-0.32558700939032037,0.8526387817710663,0.7322187075540352,1.4977026374118692,-0.29558915126306257,-0.29788691693055386,0.29558915126306257,1.3974419828247846,-1.0573522020432222,0.600391105653359,-0.8137477493040163,-0.6758705974557163
ACH-000174,0.162321567392157,0.6703548976824089,-0.7037652988990366,0.7970214110193488,-1.1334685435697693,0.060503804356206815,0.029688116413677534,0.8338137161324595,0.22957626427974412,0.7350965394144469,-1.023354316375886,-0.07152182381554818,-1.9451711242093468,0.6484921805928574
ACH-000176,-0.5716725128166567,0.19471759711251935,0.5716725128166565,-0.09800310908566968,-0.8847049421535803,-0.9691784918913408,-0.9691784918913408,-0.47334801394315534,-0.020890088246888563,1.2167897772018257,0.14896791903016532,1.6077281211835148,1.2992456226917888,0.6376766160079513
ACH-000178,0.42711132363530335,0.9762363202907715,-1.8519354844002662,1.8398553707779408,-0.24767488561581988,-0.48320896790027573,0.17347166056165078,0.3024871841193093,0.3024871841193093,0.07152182381554832,0.9448472953663021,0.5231394804436903,-0.5206199068695524,-0.17570422511146444
ACH-000181,-2.6565387878196756,-1.427246790174125,-0.5510798360085835,-1.1589140334197583,1.1334685435697693,1.3858606000569538,-1.4843379083716668,0.18911842627279238,-1.9909059489640788,1.403303631420883,0.3888752642829679,0.4782726775822579,0.7790251288273164,0.6457812190010196
ACH-000182,-1.4647744820388242,-2.077892100777044,-0.7909942130952893,0.005497019514316785,1.3521860990673606,2.2346764695787313,-1.6843954831101975,-1.1334685435697693,-1.1719227553576743,0.29099828444060294,2.2346764695787313,0.2921454225191886,0.5005801054667398,0.12455331087314676
ACH-000183,0.2658550075342104,1.6935497311286343,0.4881570607827634,-0.18464336299896028,-0.126769537138465,-1.8519354844002662,1.1589140334197583,1.1589140334197583,1.1632284115355502,1.40921389662192,-2.0973239031987645,-0.36056982157377676,1.5182659475558995,-0.9077031339772884
ACH-000187,-0.9762363202907715,-0.6731101878164727,-0.3488619096190471,1.7619948036750113,-0.20032287919934866,0.93458929107348,-0.2386158046284212,0.39124785972875387,0.7970214110193488,0.11790825683843847,-0.9143626594721268,-1.403303631420883,-0.11126840522985514,0.6814069363243775
ACH-000188,-1.4395314709384563,-1.8519354844002662,-2.4345024063372955,-0.967421566101701,1.3199787729048944,1.7028481400008513,-1.5764927829578514,-1.1632284115355502,-1.2449288778739365,0.29788691693055386,1.70755309355966,-0.13786023618425697,1.6077281211835148,0.5562057989339744
ACH-000189,-0.9586813467447275,-0.8717709721899588,-0.9414169552077446,-0.08696195327319917,1.1251480193965842,0.18911842627279238,-1.0926183477238136,-0.7094098525076643,-1.0689599435351735,0.8307049118491973,0.5357877300556416,1.1046800621865227,1.0886329293768875,1.3858606000569538
ACH-000190,-0.005497019514316924,1.023354316375886,-1.751704914502605,1.6239524138818737,0.28412343330913115,0.05389660210587648,-0.25221201319248443,-0.4635328749382808,0.9517415527940478,0.014292665362238137,0.182407222834474,1.9909059489640788,-1.0122814351089962,-1.8898955575205072
ACH-000191,-0.6566538597459011,-0.18017199439426004,-1.5614354093618503,-0.6430749951728808,0.35705232856706715,0.8589812200347285,-1.2790564074958748,0.8276041153933821,0.6083091460850765,0.8214262635717874,-0.1201226819205549,0.347693770638922,-0.133421997906913,0.2590274836562649
ACH-000192,-0.23635411982100163,-1.6157871031954063,0.10684457930145613,0.06711364899267981,0.8214262635717874,0.08254853290411288,-0.7849956136784567,0.036288108699855263,-0.8431888970300973,1.1503493803760079,-0.17570422511146444,0.5357877300556416,0.39124785972875387,2.3230691379043127
ACH-000195,-1.084664727793081,-1.0689599435351735,-1.546723953246356,0.5639222930439727,1.8051409301306434,0.5951332776701089,-0.42229868545116184,1.2260617496750101,0.02528885764264936,0.19808002089551385,-0.6786361667728743,-0.8431888970300973,-1.0496922042251637,0.4367664924616712
ACH-000197,-1.4909869838078214,-1.180706601148497,-1.7724747116669224,0.3465261059114201,0.5332512786684108,1.0573522020432227,-0.4488931026100072,1.0458852068138909,-0.4367664924616712,2.138747291002779,-2.138747291002779,-0.600391105653359,-1.0650747484714613,0.994097425556237
ACH-000198,-1.4457561326332704,0.17123996032070093,-1.2593754934254444,-0.6030262477869939,0.5665019148999156,0.8276041153933821,-0.24087871066839917,1.3916279593891947,0.42470377494533396,-0.0010993985875358693,-0.994097425556237,-1.1169046698702836,-0.6841829470557181,0.16900911261324064
ACH-000200,-0.2887051549344523,-0.0803424309080725,-1.4333620914605663,2.3230691379043127,1.0886329293768875,-0.08254853290411272,-0.7179193476929423,-0.48320896790027573,-0.9656676214735342,1.9168014719289317,0.35822433329829123,1.0886329293768875,0.42952135053880236,1.1719227553576743
ACH-000202,-0.22055544490025863,-0.9517415527940478,-0.6566538597459011,1.0122814351089962,0.05609872719514376,0.48444487770716366,0.27269494694940966,0.5459683122952279,0.9869152030865421,0.020890088246888424,-0.6376766160079513,0.1556412739305921,-1.1632284115355502,-0.9482887899595908
ACH-000203,-1.0439873808423765,-2.5300844134039786,-1.7122961530786696,0.8945033623459216,0.34186015008841325,1.5841574443680622,-1.5323398326155178,0.6242610786459207,-0.7760502810871098,2.0238804284732894,-0.5218792795289049,0.7940042065673264,0.1356407830643558,3.0077865564732638
ACH-000204,0.6056655839920606,-0.33255040665749686,-0.5434178981628068,-0.33487511031897577,0.7495782208162746,0.7065847616387614,0.3465261059114201,-0.0803424309080725,1.6843954831101982,1.0270732683507222,-1.6239524138818737,-0.6376766160079513,0.22280893905460722,-0.9177076724000351
ACH-000206,-1.1632284115355502,-0.33952996655970646,-2.323069137904312,1.415173801571812,0.3664422636339671,0.6083091460850765,0.7940042065673264,1.5182659475558995,1.511340366291671,0.38413661720526443,-0.7760502810871098,-0.21380162923518106,-0.9010836231413344,0.040688964142722606
ACH-000207,1.1418682881513451,0.6953402346145302,-0.20930451635983457,0.8000458886844416,-0.7583430960005929,-0.5820599275295225,1.5323398326155173,0.4488931026100073,0.24540823817218774,-0.42711132363530335,0.19808002089551385,-0.5977601260424784,-0.7554150263604693,-0.9586813467447275
ACH-000208,0.7539534182629265,-1.207621247740275,0.2795476683299405,0.7554150263604693,0.1201226819205549,-0.16232156739215686,-0.6593841418798564,0.5168467276526094,-0.3699717912251274,1.0886329293768875,-0.5510798360085835,1.3632395782217357,0.3959996815356839,-0.4562007668473
ACH-000209,-2.323069137904312,-2.4794668853016644,-0.2340936433721047,0.1090562254833252,1.023354316375886,1.8769400144253807,-1.4647744820388242,-1.5764927829578514,-1.3412954040553924,2.05921460987167,1.9451711242093461,-2.323069137904312,1.1418682881513451,1.9451711242093461
ACH-000210,-0.4906355888106408,0.0913770681701393,0.29099828444060294,0.720767407181645,0.3888752642829679,0.8122178014999129,-0.9210629853167462,-0.28412343330913126,-0.9691784918913408,1.35769210342973,-0.8091635941232459,-0.3232693974936587,-0.8717709721899588,1.3916279593891947
ACH-000211,-0.9143626594721268,-2.0071204231255315,-2.184202539375764,0.1478563459280756,-0.7466693788972909,-0.6703548976824086,0.9762363202907715,1.93079206592976,1.4777538157052024,0.7322187075540352,-1.4977026374118696,1.9031763053671464,-0.1935972800956344,0.8621654280695802
ACH-000212,0.11348112962967796,1.076779138413667,-1.0345541132346794,-0.9077031339772884,0.3232693974936587,-0.2048116325051352,-0.11237469865433326,-0.7940042065673266,0.24087871066839917,-0.17793766577643882,-0.5925105295130879,0.5768584398705493,-0.2070575519737386,-0.8717709721899588
ACH-000213,-0.5690853120379261,-0.8091635941232459,-0.5485222826980979,-0.24540823817218774,0.4513263088819434,1.1763033333991566,-0.6403734728270288,-0.7293469271307469,-2.291581144332876,0.37940658020709866,0.5206199068695524,-0.9869152030865421,0.24994280625282192,0.42952135053880236
ACH-000215,-0.9727013494446405,-0.7701210841679732,-0.4319338747899584,1.93079206592976,1.1128113175429069,-0.1445227168573773,-0.3441921913165336,0.00109939858753573,-1.2740898393217566,2.007120423125531,0.7094098525076643,1.0612055642645124,-0.036288108699855263,1.2545308418114915
ACH-000216,-1.023354316375886,-1.3744621740061043,-0.9278049190833462,0.0869619532731993,0.9448472953663021,0.8214262635717874,-0.7701210841679732,-0.7730822853732383,-1.8051409301306438,0.4807393584696641,1.0458852068138909,-0.47827267758225805,0.7970214110193488,0.12233769620313222
ACH-000217,-1.1006416942659187,0.10242284336907109,-0.6731101878164727,0.26357780470714204,-0.2183030702235295,0.2749777489690046,-0.600391105653359,0.21380162923518106,-0.6322967567317324,0.8183490691100319,1.1128113175429069,-0.45376219016987945,0.6621193482292987,0.3959996815356839
ACH-000219,-0.34652610591141986,-1.5182659475558995,-0.9210629853167462,0.7179193476929423,-1.471233167953552,-1.2545308418114915,1.8519354844002658,1.8280379276044878,1.5764927829578514,-0.05389660210587648,-0.9414169552077446,0.5005801054667398,-0.5820599275295225,-0.4635328749382808
ACH-000221,0.33255040665749686,1.640615800581922,0.38177053102389175,-0.04729175190637022,-1.4977026374118696,-1.403303631420883,1.511340366291671,2.0238804284732894,1.889895557520506,-0.05169473834966144,-1.6843954831101975,-0.2692734025006121,-1.2992456226917888,-0.9448472953663021
ACH-000222,-1.2992456226917888,0.3888752642829679,0.6215914776366401,0.4031442558096748,1.640615800581922,1.3801389729135718,-1.7724747116669224,-1.2941487795873439,-1.1503493803760079,1.1940558027182056,2.138747291002779,-1.0270732683507222,0.28526830092249106,1.40921389662192
ACH-000223,0.9586813467447275,1.8280379276044878,-0.3582243332982911,0.22957626427974412,-0.09358528838052131,0.9414169552077446,-0.5231394804436903,-0.561346418336008,0.28183481319966275,-0.9379976573047194,0.4031442558096748,-1.40921389662192,-0.4758089033276058,-0.13120386939339987
ACH-000226,0.30478971436541424,1.3916279593891947,0.5155906372996497,1.3688293262216265,1.2545308418114915,0.5665019148999156,-0.5105743752088904,-0.7065847616387614,-0.10905622548332534,0.9797835324994979,-1.3744621740061043,-0.3936226596401808,0.7179193476929423,0.09468956896518256
ACH-000227,1.0049679545269972,-0.8879616072736423,0.24314285086085877,-0.7805151403568917,-0.4586420594195472,0.02528885764264936,-0.6897508578180003,0.2048116325051352,0.6512079165600977,0.5716725128166565,-1.0496922042251637,-0.14008036860853418,-0.39124785972875387,-0.3924349830336781
ACH-000228,0.18911842627279238,0.9621686139074026,-0.5872772110380803,0.2658550075342104,-0.15341606674775615,1.5182659475558995,-1.7415972245036333,-1.6935497311286343,-0.6269351360557498,-0.32558700939032037,0.5030739503457283,0.38295330612550205,0.5729675484954635,1.1546211199864427
ACH-000231,-0.7656918977970075,-0.8782195926748022,-1.783152983897957,0.35353924775488044,1.1546211199864427,0.8863320996731163,-1.6157871031954063,-0.49808936995031894,0.34186015008841325,1.7940385403408106,0.05169473834966144,2.1175815000165468,1.2941487795873434,1.1292985086514165
ACH-000232,0.19583815857485232,-0.5459683122952278,-0.23635411982100163,0.8589812200347285,0.27269494694940966,1.5540376396994589,-0.9869152030865421,-1.001331297525693,-1.2545308418114915,1.71229615307867,0.3865048558827439,1.3412954040553924,1.207621247740276,1.1251480193965842
ACH-000233,-1.477753815705203,-0.2567543386616585,-0.9077031339772884,0.15452857469470718,1.403303631420883,1.0383163332509597,-1.2691545015397274,0.17347166056165078,-0.6242610786459207,1.525265125876848,-0.39124785972875387,-1.2545308418114915,0.6580183876678081,0.7671666205857572
ACH-000234,-1.6239524138818737,-2.3570442297684564,-0.08696195327319917,-0.39124785972875387,0.111268405229855,0.5742635458221239,-0.4906355888106408,-0.9586813467447275,-0.712240616658132,0.13786023618425697,1.8519354844002658,1.4272467901741255,0.5181036339972976,0.8338137161324595
ACH-000235,-1.6157871031954063,-0.6800208989694217,-0.126769537138465,1.2121927750612842,1.191816171681394,1.7940385403408106,-1.2307375139697694,-1.264249885119523,-0.3652667703167784,0.8122178014999129,3.3272129920738123,-0.9586813467447275,0.6056655839920606,1.2840547279091354
ACH-000237,-1.4333620914605663,-0.9345892910734802,-0.5925105295130879,0.9656676214735342,2.2087363797199484,1.4909869838078207,-1.3974419828247842,-0.31863936396437514,-1.8519354844002662,1.1460985295534751,0.3936226596401808,0.6083091460850765,0.5846665799496997,1.0670153327128908
ACH-000238,-0.6030262477869939,-0.2544825195929189,0.014292665362238137,-0.27611968681983545,0.41030946828115844,-0.0010993985875358693,-1.0573522020432222,-0.06270677794321385,-0.997707835414134,0.07593138889596295,0.4127025430789826,0.8589812200347285,0.9244286998588873,0.967421566101701
ACH-000239,0.4708899878125548,0.7179193476929423,0.1201226819205549,1.2214126379128531,0.1913573733518657,-1.2691545015397274,0.4391866247444289,0.05169473834966144,0.20930451635983457,-0.6512079165600976,0.3372016251408053,-0.02748842052851622,-0.824511255955517,-1.1503493803760079
ACH-000242,0.2590274836562649,1.203074819956593,-0.997707835414134,2.0412290029455087,1.1046800621865227,-0.42952135053880236,0.007695864528091708,0.6676046872592143,0.5345190745026058,-0.6621193482292986,0.36997179122512724,-0.6484921805928572,-0.6056655839920606,-0.31401615114926634
ACH-000243,-0.09579396502978645,-0.2340936433721047,-0.8183490691100319,0.737980472204168,-0.6030262477869939,-1.4843379083716668,0.5357877300556416,0.7820068867537175,0.5510798360085837,-0.5155906372996497,0.38177053102389175,0.16454992784911962,-1.1851328811470352,-0.22280893905460722
ACH-000244,-0.5536409990699268,-1.2401706527892422,-0.6162655099475975,0.012093676817781056,1.5764927829578514,0.3372016251408053,-1.2890853356658603,0.060503804356206815,-0.9077031339772884,1.6577476036291683,-0.26813358982999025,2.3939797998185104,0.23183436245300987,1.1829168441908855
ACH-000247,-0.8945033623459216,-0.4416093321019698,0.21380162923518106,-0.2544825195929189,0.633640000779701,1.0196494644127572,-0.7094098525076643,0.6296136839545463,-0.5820599275295225,-0.46598243956846025,1.6491212011468943,-1.5841574443680622,0.17347166056165078,-0.0076958645280918465
ACH-000248,0.25675433866165864,0.4055303428319633,0.6242610786459207,3.3272129920738123,-0.0693175680314917,-0.5846665799496998,0.712240616658132,-0.13786023618425697,0.7179193476929423,-0.133421997906913,0.5639222930439727,0.5716725128166565,-1.0383163332509597,-0.17793766577643882
ACH-000249,-0.15786725204647467,-0.38177053102389197,-0.7671666205857572,0.7790251288273164,-0.1935972800956344,0.46598243956846,-0.561346418336008,0.692542841734797,0.28412343330913115,0.17123996032070093,-0.020890088246888563,-0.24087871066839917,0.06711364899267981,1.5540376396994589
ACH-000250,0.04949312519186336,-0.45498114030642833,-0.3865048558827441,1.6577476036291683,0.7760502810871098,0.6731101878164728,-1.511340366291671,-1.1763033333991566,-0.33487511031897577,0.45742107235979446,1.4843379083716661,1.8051409301306434,-0.561346418336008,-0.7009514195842119
ACH-000251,1.0345541132346794,0.6897508578180003,-0.17793766577643882,0.32674647070278334,-1.2890853356658603,-1.8164703928646655,1.4457561326332704,0.5639222930439727,1.180706601148497,-0.398378943033161,0.9833431160929378,-0.45132630888194325,-0.9656676214735342,-0.9414169552077446
ACH-000252,-0.47334801394315534,0.17570422511146458,0.3865048558827439,0.08034243090807264,0.10684457930145613,0.17123996032070093,-0.32558700939032037,-0.6056655839920606,0.9762363202907715,-0.0759313888959628,0.11790825683843847,-1.2401706527892422,-0.9379976573047194,-0.17347166056165064
ACH-000253,-0.4319338747899584,-0.7849956136784567,0.20032287919934852,1.1006416942659187,-0.3488619096190471,-0.3488619096190471,-0.0737264271610225,0.3441921913165338,-0.7495782208162746,0.7583430960005929,0.009894746751425933,0.5626338890461772,0.9517415527940478,0.34186015008841325
ACH-000255,-0.7612776818506835,-0.3024871841193093,-1.6322274557352336,-1.3199787729048944,-0.46720827028710954,-0.32558700939032037,0.5459683122952279,1.1292985086514165,0.6758705974557161,-0.0032982010778991456,-0.31401615114926634,0.04949312519186336,0.1090562254833252,0.7408705559340103
ACH-000256,0.553640999069927,-0.2635778047071419,0.4708899878125548,0.09579396502978631,1.3412954040553924,0.9762363202907715,-1.7619948036750106,-1.0458852068138909,-1.0807135329098065,0.44646255111095046,0.059402428332506245,-0.005497019514316924,-0.2613019678849396,1.0926183477238136
ACH-000257,-0.1467449554865486,-0.7820068867537173,-0.9517415527940478,0.6376766160079513,0.585971396290434,0.41989603625014454,-0.8214262635717874,0.8928643423058017,-0.29788691693055386,0.824511255955517,-0.7879913690763187,-0.0693175680314917,-0.2025667456643214,0.600391105653359
ACH-000258,-0.6242610786459207,-0.613609076561029,1.377295025366218,0.020890088246888424,0.5977601260424784,1.096621196738911,-1.8898955575205072,-0.41749580855344076,-0.8276041153933821,1.0086179513174214,0.3001862564390561,0.2749777489690046,1.1985531246455747,1.546723953246356
ACH-000259,0.9762363202907715,-0.14230119170291788,0.5005801054667398,0.10463345561407526,-0.997707835414134,-0.9552056993359318,0.41989603625014454,1.3359092188098454,1.1763033333991566,0.6162655099475975,-1.096621196738911,0.37468501661035775,0.3652667703167785,0.684182947055718
ACH-000260,0.4807393584696641,-1.2941487795873439,-0.36291729513935617,-0.7642188383634371,-1.3069547787185152,-1.3744621740061043,0.7179193476929423,1.0926183477238136,0.6539284638491971,0.7051743295571965,-0.5408710138672532,1.7517049145026056,0.06931756803149183,-0.8091635941232459
ACH-000261,-0.0803424309080725,-1.264249885119523,-1.0086179513174214,0.6162655099475975,0.1467449554865486,0.824511255955517,-0.198080020895514,0.26699412540495254,1.7517049145026056,0.4708899878125548,1.0650747484714616,-0.23183436245300987,-0.8463304581395933,0.35353924775488044
ACH-000262,0.6607511271402553,0.8369305999126725,-1.2992456226917888,0.25221201319248454,-0.530718253370961,-0.6786361667728743,0.6621193482292987,0.2795476683299405,0.22055544490025863,0.7051743295571965,-0.20930451635983457,1.1851328811470352,0.5510798360085837,0.22957626427974412
ACH-000263,-1.314742400923604,-0.6981430794317393,-0.8000458886844419,-0.6376766160079513,0.8091635941232459,1.5323398326155173,-1.3521860990673606,0.737980472204168,0.6621193482292987,0.5383276331761137,-1.427246790174125,-0.737980472204168,-0.7079966007456198,-0.06270677794321385
ACH-000264,1.2545308418114915,1.5044865250697583,1.2593754934254444,1.269154501539727,0.6296136839545463,0.23748481037633742,-0.12455331087314676,0.11790825683843847,-0.13120386939339987,-0.3723273700334457,0.3024871841193093,-1.1851328811470352,-2.4794668853016644,0.4319338747899584
ACH-000265,0.5716725128166565,-0.7065847616387614,-0.14230119170291788,-1.8519354844002662,-1.2941487795873439,-0.33487511031897577,-0.023089417099562953,1.6577476036291683,0.3279063714436698,-0.09579396502978645,-0.9311917474947267,0.7065847616387614,0.4031442558096748,-0.05059390111653773
ACH-000266,-1.203074819956593,-0.23748481037633762,0.25675433866165864,-0.8879616072736423,0.8879616072736423,0.05830112436099074,-1.3858606000569538,-0.9869152030865421,-1.6753802499246842,1.7028481400008513,0.8369305999126725,0.7642188383634371,1.4333620914605663,1.2890853356658603
ACH-000268,-0.4150979836847357,0.692542841734797,-0.5080710616447608,1.40921389662192,0.8526387817710663,0.6676046872592143,-0.42470377494533396,0.29099828444060294,-0.5898918508060312,-0.8276041153933821,1.6935497311286343,-1.427246790174125,-0.8137477493040163,-0.6703548976824086
ACH-000269,0.41749580855344076,0.7150770996971557,-1.1719227553576743,0.3372016251408053,-1.053514476181976,-1.5919163168159876,1.4395314709384563,1.6753802499246846,0.9621686139074026,-0.8030777025132918,-0.5768584398705495,0.7524934190627787,-1.053514476181976,-0.036288108699855263
ACH-000271,0.5846665799496997,0.31055314624792,0.8685602224988808,0.684182947055718,0.49311713453728256,0.06491005589443756,0.3936226596401808,0.4708899878125548,-0.05609872719514376,0.5820599275295223,-2.160916962144917,-0.7408705559340103,-0.6349843890817186,0.3500305248324728
ACH-000272,-0.8526387817710663,-0.720767407181645,-1.93079206592976,0.28870515493445215,0.6457812190010196,0.46108608852533495,0.16900911261324064,-0.8494803943214633,-1.1210168225962824,0.4150979836847357,1.2593754934254444,-1.2691545015397274,-1.2214126379128527,2.2346764695787313
ACH-000273,0.5155906372996497,0.020890088246888424,0.7236213251742154,0.44646255111095046,0.3959996815356839,-0.3865048558827441,-1.194055802718205,-1.6753802499246842,-0.6403734728270288,1.5614354093618503,0.7009514195842119,1.4333620914605663,2.6565387878196796,0.9552056993359318
ACH-000274,0.6953402346145302,-0.12455331087314676,0.32095352068442146,1.1148556587060408,0.18464336299896014,-0.8276041153933821,-0.5768584398705495,-1.1376583823177633,1.0122814351089962,1.9525141472300716,0.04288968208825873,0.6786361667728741,0.8928643423058017,-0.04729175190637022
ACH-000276,-0.49311713453728256,-0.5536409990699268,-0.5357877300556416,1.1292985086514165,0.3805882897619572,-0.11569440979028714,-1.0767791384136673,0.34886190961904734,-0.38413661720526454,1.6322274557352336,-0.21155253799139567,0.5846665799496997,0.398378943033161,1.97519860622955
ACH-000277,1.0728613416500028,0.35822433329829123,-1.6491212011468943,0.994097425556237,0.3465261059114201,1.0086179513174214,-0.6703548976824086,-1.6491212011468943,0.2070575519737386,0.14230119170291788,0.5485222826980981,-0.6457812190010196,-0.1445227168573773,-0.18240722283447414
ACH-000278,-0.1868804268224072,-1.1210168225962824,0.06270677794321385,-0.133421997906913,-1.6077281211835148,-0.0076958645280918465,0.040688964142722606,-1.0689599435351735,0.41030946828115844,1.3359092188098454,0.24994280625282192,-0.04949312519186336,-0.18017199439426004,1.3412954040553924
ACH-000279,0.9043884250002668,0.13009504784736844,-0.44039765530823904,-0.42470377494533396,-0.5885840279517417,-0.6056655839920606,1.5919163168159876,1.5689196324989263,1.053514476181976,-1.546723953246356,-0.9517415527940478,0.530718253370961,-1.4647744820388242,-1.9168014719289324
ACH-000280,-1.0345541132346794,-0.6484921805928572,0.17570422511146458,0.46598243956846,0.29788691693055386,-0.24314285086085877,0.42229868545116184,0.1467449554865486,-0.133421997906913,0.38177053102389175,-0.8183490691100319,0.9482887899595908,-0.12233769620313222,0.3372016251408053
ACH-000281,0.5231394804436903,0.08475503672812082,0.11790825683843847,-0.014292665362238275,1.203074819956593,0.7940042065673264,-0.45132630888194325,-1.5540376396994589,-2.0071204231255315,0.8685602224988808,1.189582502828108,-0.20930451635983457,0.09800310908566955,-0.9345892910734802
ACH-000286,-0.5383276331761137,0.43434891564061573,0.4391866247444289,-0.47827267758225805,0.4906355888106408,0.9448472953663021,-0.20032287919934866,-0.38413661720526454,-0.9160338847350284,-0.31401615114926634,1.4647744820388247,-3.3272129920737776,-1.2121927750612842,0.613609076561029
ACH-000288,0.2864135425655283,0.5383276331761137,-0.5768584398705495,0.7940042065673264,-0.8122178014999129,-1.0689599435351735,0.24540823817218774,0.5846665799496997,1.2593754934254444,1.1763033333991566,-0.8863320996731163,0.41989603625014454,-0.6731101878164727,0.8122178014999129
ACH-000290,1.5764927829578514,0.024189122744124693,-0.4079187409450348,-0.2567543386616585,-0.4055303428319633,-0.6814069363243779,0.5068205987808351,0.613609076561029,-0.04949312519186336,1.4777538157052024,-1.9909059489640788,-0.18464336299896028,-0.2183030702235295,1.1632284115355502
ACH-000291,1.7316643961222453,0.2658550075342104,1.640615800581922,-0.9762363202907715,-0.4127025430789826,0.12455331087314676,-0.10905622548332534,-1.35769210342973,0.12233769620313222,-0.5408710138672532,0.09579396502978631,-0.2726949469494098,0.3629172951393563,0.5408710138672533
ACH-000292,-0.06491005589443756,0.0869619532731993,-0.16454992784911948,-0.3746850166103579,0.5130808924277176,1.1210168225962824,-0.28183481319966286,0.27041356511146836,-0.4956017206389103,0.05830112436099074,-0.3865048558827441,0.8431888970300973,-0.8977886334754037,0.09800310908566955
ACH-000293,0.8494803943214633,0.9010836231413344,1.6577476036291683,0.9797835324994979,-1.4647744820388242,-1.6157871031954063,0.14230119170291788,-1.2401706527892422,0.41749580855344076,0.02748842052851622,-0.0032982010778991456,0.17347166056165078,-0.38177053102389197,-0.36056982157377676
ACH-000294,0.9709384144355823,-0.24087871066839917,-0.6056655839920606,0.014292665362238137,0.787991369076319,-1.5614354093618503,1.2941487795873434,1.8398553707779408,1.2121927750612842,-1.3858606000569538,-1.8519354844002662,-0.9414169552077446,-1.0420933076148031,-0.8685602224988808
ACH-000295,-0.5510798360085835,0.45620076684730015,-0.9043884250002665,-0.7264811491633805,0.6676046872592143,-0.060503804356206815,0.6390244634612506,1.4211844024982856,0.07372642716102264,-0.38177053102389197,-1.2449288778739365,-0.613609076561029,-1.0767791384136673,0.007695864528091708
ACH-000296,-1.2890853356658603,-0.8749907341475217,-0.5231394804436903,-0.24087871066839917,0.2864135425655283,1.5394920775526066,-0.7909942130952893,-0.0032982010778991456,-0.2397471041879274,0.22506356525517032,0.6390244634612506,-1.4457561326332704,-0.45742107235979446,0.22731933611251867
ACH-000299,-0.9851275883347463,-1.2593754934254444,-1.6577476036291676,-0.9278049190833462,0.6758705974557161,1.1851328811470352,-0.47827267758225805,1.264249885119522,-0.5181036339972976,0.24994280625282192,-0.9552056993359318,-0.8685602224988808,0.08034243090807264,-0.8000458886844419
ACH-000302,0.6512079165600977,1.5394920775526066,0.26357780470714204,0.37468501661035775,1.5841574443680622,1.3916279593891947,-1.4583763270590426,-1.511340366291671,-2.0973239031987645,2.434502406337297,0.26699412540495254,-0.6648595171258197,0.2070575519737386,0.17570422511146458
ACH-000303,1.4583763270590433,0.33255040665749686,0.8000458886844416,0.34186015008841325,-1.546723953246356,-2.05921460987167,1.2401706527892427,0.3232693974936587,0.6814069363243775,-1.3095418325369654,-0.1556412739305921,0.8369305999126725,-1.1046800621865227,0.4416093321019699
ACH-000304,0.6430749951728808,-0.9656676214735342,0.22055544490025863,-0.15675416589931224,0.9727013494446405,-0.3070938616355657,-0.28412343330913126,0.25561826421633266,-0.09358528838052131,0.6703548976824089,-0.470889987812555,0.737980472204168,0.5613464183360082,0.01649172302185786
ACH-000305,-1.0496922042251637,-0.9311917474947267,-0.8307049118491973,-1.3801389729135718,0.05389660210587648,1.249715457232992,-1.1763033333991566,-0.3232693974936587,-0.9261154898885466,0.33022749879480895,0.9904999275311626,-0.7350965394144469,1.2890853356658603,1.8051409301306434
ACH-000307,-0.6814069363243779,-0.2160518024972585,0.37704474771741014,0.30594158496632323,-1.2121927750612842,-0.49311713453728256,0.8369305999126725,0.8717709721899588,0.08254853290411288,-1.2401706527892422,0.8091635941232459,-0.03848844324292296,-1.1292985086514165,-0.398378943033161
ACH-000308,-0.7940042065673266,-0.5206199068695524,-0.4856815279341637,-1.1719227553576743,-0.9278049190833462,0.5820599275295223,0.25448251959291907,0.4440346342705392,0.5925105295130879,0.42470377494533396,-0.6758705974557163,1.1006416942659187,-1.1546211199864427,0.6430749951728808
ACH-000310,0.7970214110193488,-1.3095418325369654,0.35822433329829123,-1.1046800621865227,-0.02528885764264936,-0.3093996404527934,0.6390244634612506,1.2890853356658603,0.26130196788493976,0.18464336299896014,-1.3974419828247842,-0.5155906372996497,-1.2354403415612518,0.7554150263604693
ACH-000311,-0.5898918508060312,1.741597224503634,0.27269494694940966,0.5485222826980981,-0.05389660210587648,1.3521860990673606,-0.22280893905460722,-0.5562057989339743,0.07813671986066943,-1.8898955575205072,0.6758705974557161,-1.3412954040553924,-0.03408794983083929,-0.6953402346145302
ACH-000312,1.640615800581922,-0.4635328749382808,0.24994280625282192,-0.5281886287114783,-1.1503493803760079,-0.6648595171258197,0.6030262477869939,1.40921389662192,1.6322274557352336,0.18688042682240702,-1.6157871031954063,0.4647573086639635,-0.6512079165600976,-0.5600598774313398
ACH-000313,-1.751704914502605,-1.8769400144253812,-1.427246790174125,1.1334685435697693,0.33022749879480895,1.2790564074958748,-1.5614354093618503,-1.6157871031954063,-1.4583763270590426,3.0077865564732638,2.2087363797199484,0.6056655839920606,1.5764927829578514,1.7619948036750113
ACH-000315,-0.0010993985875358693,-1.1895825028281073,0.07152182381554832,-0.4319338747899584,-0.4856815279341637,-0.9833431160929378,0.9414169552077446,2.2622135826614524,1.4457561326332704,0.49311713453728256,-2.208736379719948,0.1913573733518657,-0.48320896790027573,0.7909942130952894
ACH-000316,-0.712240616658132,-0.05389660210587648,0.4440346342705392,0.38413661720526443,-1.2545308418114915,-0.5485222826980979,0.03848844324292296,-0.25221201319248443,-0.5206199068695524,0.20930451635983457,0.9621686139074026,2.138747291002779,0.45376219016987956,0.19359728009563426
ACH-000317,0.9517415527940478,-0.5639222930439726,0.4367664924616712,-0.6484921805928572,0.8653584018481154,0.02748842052851622,-1.1046800621865227,-1.3467207852382685,-1.1675645511806783,1.1355609711324433,0.692542841734797,-0.06491005589443756,0.46108608852533495,1.5997722240383687
ACH-000318,0.35353924775488044,0.42711132363530335,0.19808002089551385,-0.8400556357339782,0.4586420594195474,0.42470377494533396,0.33022749879480895,0.31517132141553356,-1.1851328811470352,-0.712240616658132,1.0270732683507222,-1.3801389729135718,-1.0886329293768875,-0.8494803943214633
ACH-000319,-0.3746850166103579,1.261808941748472,-0.30478971436541424,-0.48073935846966426,-0.31170706540571,-0.4440346342705391,0.4319338747899584,-0.45376219016987945,0.4391866247444289,-0.09800310908566968,-0.16677910569435336,0.04288968208825873,-0.07152182381554818,0.13009504784736844
ACH-000320,-0.7583430960005929,-0.5951332776701089,-1.415173801571812,0.8400556357339782,-0.534519074502606,0.38413661720526443,1.1675645511806783,0.8977886334754037,0.914362659472127,-0.6593841418798564,-0.2887051549344523,0.16900911261324064,-1.8398553707779415,0.6109569661538571
ACH-000322,-0.36056982157377676,0.5872772110380802,0.31863936396437514,0.8030777025132917,-1.4520373218405715,-1.6077281211835148,1.3858606000569538,0.9656676214735342,2.2622135826614524,-0.5459683122952278,-0.8400556357339782,0.9077031339772886,-0.7150770996971557,-1.4364399471193559
ACH-000323,0.05609872719514376,1.546723953246356,-0.6953402346145302,0.36761826351379484,0.9311917474947266,-0.7037652988990366,-0.36291729513935617,0.09800310908566955,0.712240616658132,-0.1046334556140754,-0.18464336299896028,0.824511255955517,-0.14896791903016532,-0.351199618264902
ACH-000324,-0.6296136839545463,-0.47334801394315534,-0.4881570607827635,0.824511255955517,-0.20930451635983457,-1.4333620914605663,1.023354316375886,-0.5105743752088904,0.30478971436541424,-0.9604235203579609,0.9244286998588873,0.8977886334754037,0.9311917474947266,-0.0417892978164538
ACH-000325,-1.3801389729135718,-0.38413661720526454,-0.060503804356206815,0.5613464183360082,1.889895557520506,1.189582502828108,-0.8463304581395933,-0.3865048558827441,-0.6349843890817186,-0.4440346342705391,1.1719227553576743,-0.8369305999126725,-0.1690091126132405,0.2806910572267692
ACH-000326,-1.3199787729048944,-0.0781367198606693,-3.007786556473252,0.4906355888106408,0.28183481319966275,1.3199787729048944,-0.8369305999126725,0.914362659472127,0.5130808924277176,0.19359728009563426,-0.4956017206389103,0.4513263088819434,0.5898918508060311,0.398378943033161
ACH-000329,-0.31055314624791985,0.10684457930145613,-0.9727013494446405,2.8489799156823308,0.014292665362238137,-0.8061169161858521,-0.7350965394144469,-0.351199618264902,0.7293469271307469,1.049692204225164,0.2183030702235295,1.1985531246455747,0.4440346342705392,2.7401908971488735
ACH-000330,-0.561346418336008,-1.096621196738911,-1.3412954040553924,0.6814069363243775,0.6855729307670172,0.8307049118491973,-0.10021273153199595,0.31517132141553356,-0.1556412739305921,0.32095352068442146,-0.46843480346397653,-2.184202539375764,-0.6189262992365707,1.5919163168159876
ACH-000331,-0.9043884250002665,-0.5846665799496998,-0.0737264271610225,-0.32558700939032037,-2.262213582661452,-1.1169046698702836,1.2740898393217566,1.1210168225962824,1.4583763270590433,-0.5951332776701089,-0.6430749951728808,1.1087365265227942,0.41749580855344076,0.33487511031897577
ACH-000332,0.07152182381554832,-1.3974419828247842,-0.1712399603207008,1.0458852068138909,0.45376219016987956,0.14230119170291788,-0.824511255955517,-0.3699717912251274,-1.5323398326155178,1.7619948036750113,1.0308064799022894,-0.5231394804436903,2.2346764695787313,-0.5231394804436903
ACH-000334,-0.04949312519186336,-1.2691545015397274,-1.504486525069759,0.009894746751425933,0.7009514195842119,-0.5434178981628068,0.5005801054667398,2.007120423125531,0.7671666205857572,0.6349843890817186,-2.4794668853016644,0.07372642716102264,-0.3558808140761946,0.7940042065673264
ACH-000335,-0.9552056993359318,-0.8542211687923523,-1.511340366291671,-0.0010993985875358693,-0.9482887899595908,-0.14785634592807573,1.5394920775526066,2.160916962144917,1.0886329293768875,-1.3359092188098454,-1.0612055642645126,1.1418682881513451,-1.1985531246455747,0.012093676817781056
ACH-000336,-1.1589140334197583,0.8463304581395933,-0.1356407830643558,0.2183030702235295,2.05921460987167,0.3441921913165338,-0.5181036339972976,-0.31401615114926634,-0.5639222930439726,0.2386158046284212,0.32558700939032037,-1.6077281211835148,0.3558808140761947,1.0159585554771338
ACH-000337,0.6744897501960817,0.4440346342705392,-0.994097425556237,-1.001331297525693,-1.3412954040553924,-0.5716725128166567,0.7495782208162746,1.4977026374118692,-0.0803424309080725,0.05389660210587648,-0.36056982157377676,-0.08475503672812068,-0.4127025430789826,-0.005497019514316924
ACH-000338,-0.3936226596401808,0.46353287493828105,-0.9328891732059703,0.9869152030865421,1.1482213614577501,1.2190979509137163,-0.7598095710099186,0.3865048558827439,-1.0420933076148031,0.6109569661538571,-0.7970214110193491,-0.4367664924616712,0.2795476683299405,0.05609872719514376
ACH-000339,-0.18464336299896028,-0.029688116413677534,-0.7524934190627787,1.4712331679535513,-2.3570442297684564,-0.613609076561029,1.1546211199864427,0.31170706540571,-0.04288968208825873,1.4272467901741255,-0.5951332776701089,0.8061169161858519,0.07372642716102264,-0.6242610786459207
ACH-000341,-1.6406158005819216,-1.731664396122245,-0.42470377494533396,-0.2613019678849396,-0.42952135053880236,-0.9621686139074026,0.04288968208825873,1.4909869838078207,0.9210629853167461,1.3467207852382685,-1.0728613416500032,2.077892100777044,-0.09800310908566968,0.5472448513028344
ACH-000343,-0.6215914776366401,-1.783152983897957,-0.6189262992365707,-1.023354316375886,-1.3069547787185152,0.22280893905460722,0.34886190961904734,0.4758089033276056,0.27269494694940966,1.415173801571812,-1.0122814351089962,0.4488931026100073,0.4758089033276056,-0.6648595171258197
ACH-000344,0.8122178014999129,-0.36056982157377676,0.11348112962967796,2.2915811443328766,-0.08475503672812068,0.35353924775488044,-1.2401706527892422,-0.7264811491633805,-1.6406158005819216,0.6403734728270288,0.6566538597459012,-0.9517415527940478,1.0807135329098068,0.6897508578180003
ACH-000345,-0.31401615114926634,-1.2790564074958748,-1.6843954831101975,1.4520373218405722,-0.06711364899267981,0.9244286998588873,-0.8589812200347285,0.8749907341475217,-0.24314285086085877,1.330561513178897,-1.0650747484714613,0.21380162923518106,-0.24314285086085877,1.7316643961222453
ACH-000346,-1.3858606000569538,-1.8398553707779415,-0.8447586354262435,-0.6981430794317393,1.3688293262216265,0.6981430794317393,-0.4079187409450348,0.4150979836847357,0.23635411982100163,0.9043884250002668,-1.3916279593891947,0.41030946828115844,0.8814576331714923,0.8798374597961204
ACH-000348,0.17123996032070093,1.415173801571812,-0.4758089033276058,-0.41749580855344076,0.0869619532731993,0.4758089033276056,-0.6758705974557163,0.005497019514316785,-0.351199618264902,-0.1935972800956344,-0.27497774896900473,1.025212019950189,0.22731933611251867,-0.6593841418798564
ACH-000350,-0.33487511031897577,-1.975198606229551,-0.34652610591141986,0.4782726775822579,0.35353924775488044,1.203074819956593,-1.3632395782217357,-0.2726949469494098,-1.2941487795873439,1.511340366291671,-0.04288968208825873,0.10463345561407526,0.1511916189534914,0.6731101878164728
ACH-000352,1.7940385403408106,0.09689847794579343,0.6322967567317324,0.9177076724000355,-2.0412290029455087,-0.27497774896900473,-0.8977886334754037,-1.3521860990673606,-0.45132630888194325,1.6157871031954063,-0.005497019514316924,0.7790251288273164,0.5639222930439727,-0.3232693974936587
ACH-000354,-0.11348112962967796,0.4906355888106408,0.09800310908566955,-0.12898638622825503,1.2121927750612842,0.9077031339772886,-0.06270677794321385,0.20032287919934852,-1.2890853356658603,-0.5768584398705495,0.6457812190010196,-1.8519354844002662,-0.4635328749382808,-1.8642920563070788
ACH-000355,-0.4055303428319633,-0.18240722283447414,-0.7760502810871098,0.6189262992365707,-0.8000458886844419,-1.546723953246356,2.3570442297684577,2.184202539375764,1.97519860622955,-0.9656676214735342,-1.7028481400008508,0.25675433866165864,-2.3939797998185095,-0.14230119170291788
ACH-000356,0.126769537138465,0.2160518024972585,-0.24767488561581988,0.7236213251742154,0.5485222826980981,-0.8782195926748022,1.9909059489640788,1.0807135329098068,0.10684457930145613,-0.7408705559340103,-0.13120386939339987,-0.4043370115636151,-0.347693770638922,-1.1589140334197583
ACH-000359,0.8369305999126725,0.24994280625282192,-0.8061169161858521,0.13009504784736844,-0.7037652988990366,-0.561346418336008,0.6566538597459012,-0.398378943033161,0.8847049421535803,0.39124785972875387,0.49808936995031894,1.7619948036750113,-0.5105743752088904,0.3888752642829679
ACH-000361,0.1578672520464748,0.8431888970300973,0.5510798360085837,0.1511916189534914,-0.8782195926748022,-1.1334685435697693,-0.036288108699855263,0.08034243090807264,-0.12123011471308473,-0.4367664924616712,0.737980472204168,0.8685602224988808,0.0913770681701393,-1.3252515904708695
ACH-000362,0.5510798360085837,0.8814576331714923,-1.5394920775526073,-1.1418682881513451,0.6215914776366401,0.162321567392157,1.3095418325369654,0.6772527346288343,0.6703548976824089,-1.8280379276044882,-1.0049679545269972,-1.93079206592976,-1.5919163168159876,-0.36879477202082767
ACH-000363,0.06491005589443756,-0.6621193482292986,-0.36761826351379506,-0.9177076724000351,0.9482887899595908,0.55877426286374,-1.1251480193965842,0.48444487770716366,0.4906355888106408,1.3095418325369654,-1.084664727793081,0.2070575519737386,-0.398378943033161,-0.11348112962967796
ACH-000364,-1.1210168225962824,-0.24994280625282178,-0.6417236485694758,0.7009514195842119,-0.8669582012035436,0.4127025430789826,-0.5080710616447608,0.22731933611251867,-0.13786023618425697,0.914362659472127,0.4319338747899584,0.8558056976363998,0.6030262477869939,0.29329294516847626
ACH-000365,0.37704474771741014,0.4007604618510929,0.9904999275311626,0.06931756803149183,0.2183030702235295,0.182407222834474,-0.005497019514316924,-0.4031442558096748,-0.17793766577643882,1.0383163332509597,-1.5689196324989267,-0.49808936995031894,0.0891692934466064,-0.28183481319966286
ACH-000366,0.8558056976363998,-0.7790251288273163,0.3959996815356839,-0.24314285086085877,-2.4345024063372955,-3.007786556473252,1.7028481400008513,1.6157871031954063,2.05921460987167,-1.0458852068138909,-1.7218995346777684,0.6703548976824089,-1.180706601148497,-0.0737264271610225
ACH-000367,-0.613609076561029,0.33952996655970646,-0.08916929344660626,0.1356407830643558,-1.8898955575205072,-1.0383163332509597,1.2099038506989717,0.4127025430789826,1.207621247740276,-0.10131772558851632,-0.8307049118491973,1.5919163168159876,0.9869152030865421,1.6322274557352336
ACH-000368,-0.10242284336907123,-1.1697408760198513,-0.8369305999126725,1.0807135329098068,0.14008036860853418,-0.4856815279341637,-1.3199787729048944,-0.08916929344660626,0.1511916189534914,1.9031763053671464,-0.05389660210587648,3.3272129920738123,0.9904999275311626,1.314742400923604
ACH-000370,1.6753802499246846,0.3723273700334455,0.33022749879480895,1.8164703928646646,0.6703548976824089,0.553640999069927,-0.7236213251742154,-0.692542841734797,-0.6897508578180003,1.4843379083716661,1.1006416942659187,0.3441921913165338,0.2624397163848644,0.5665019148999156
ACH-000371,1.5323398326155173,-0.17347166056165064,0.6403734728270288,0.3723273700334455,-2.6565387878196756,-1.975198606229551,2.5300844134039813,1.71229615307867,2.8489799156823308,-0.7350965394144469,-2.3570442297684564,0.7236213251742154,-0.6215914776366401,-0.41989603625014454
ACH-000373,-0.5742635458221241,1.4272467901741255,-0.3406948270877956,0.4513263088819434,0.5562057989339744,0.9656676214735342,-0.6953402346145302,-0.05389660210587648,-0.198080020895514,0.3070938616355657,-0.3093996404527934,-0.48320896790027573,-2.0973239031987645,0.1201226819205549
ACH-000374,-2.234676469578731,-1.5394920775526073,-1.4909869838078214,-0.1467449554865486,-0.8030777025132918,0.09800310908566955,0.05830112436099074,0.9621686139074026,-0.8030777025132918,1.180706601148497,-0.29558915126306257,0.045090607775225125,0.5794572240112412,0.55877426286374
ACH-000375,-0.4007604618510929,-0.8214262635717874,-0.4586420594195472,0.7671666205857572,1.4777538157052024,1.3688293262216265,-0.29788691693055386,1.1632284115355502,0.720767407181645,0.47334801394315523,-1.2992456226917888,-0.7671666205857572,-1.2941487795873439,0.5118272318656253
ACH-000376,0.38413661720526443,0.28183481319966275,-0.5898918508060312,1.0886329293768875,-0.05830112436099074,-1.7218995346777684,0.8717709721899588,0.35353924775488044,2.160916962144917,0.630954652572135,-0.0759313888959628,1.5689196324989263,-1.403303631420883,0.9482887899595908
ACH-000377,0.4513263088819434,-0.08254853290411272,-0.3024871841193093,1.3252515904708695,-2.8489799156823237,-1.0886329293768875,1.4843379083716661,1.1460985295534751,1.6239524138818737,-0.3699717912251274,0.1578672520464748,-0.12898638622825503,-0.017591281094565297,-0.6215914776366401
ACH-000378,-0.029688116413677534,1.049692204225164,0.8369305999126725,0.5294530175447887,-0.42711132363530335,0.2160518024972585,-0.14230119170291788,-0.2624397163848644,0.009894746751425933,-0.4464625511109503,0.9311917474947266,0.1467449554865486,-0.6376766160079513,-0.05059390111653773
ACH-000381,-0.18911842627279252,-0.014292665362238275,-0.8338137161324595,0.613609076561029,1.0086179513174214,0.01869086043604089,0.37468501661035775,0.18688042682240702,0.5281886287114783,-0.2048116325051352,1.3412954040553924,-1.7619948036750106,-1.9599639845400545,0.743766841141197
ACH-000383,-0.6189262992365707,-0.6758705974557163,-1.0496922042251637,0.7820068867537175,-0.2386158046284212,0.04949312519186336,-0.3652667703167784,-0.1712399603207008,0.43434891564061573,0.9294970005518174,0.8152796042560035,-0.24540823817218774,-0.37704474771741026,1.1985531246455747
ACH-000385,-1.0122814351089962,0.5018266377821731,-0.2726949469494098,1.1148556587060408,0.31632691240551397,0.7554150263604693,-0.13120386939339987,-0.2183030702235295,-0.7322187075540352,0.7671666205857572,1.40921389662192,-0.17570422511146444,0.04288968208825873,-0.22506356525517032
ACH-000387,-0.04288968208825873,0.33022749879480895,-0.1445227168573773,0.9414169552077446,0.4807393584696641,-0.351199618264902,0.9110278462898453,0.7539534182629265,3.3272129920738123,-0.7322187075540352,-1.8898955575205072,0.17570422511146458,-0.8749907341475217,-0.5294530175447888
ACH-000389,-0.45376219016987945,-0.530718253370961,-1.1292985086514165,-0.03848844324292296,0.36997179122512724,0.5030739503457283,-0.7466693788972909,-0.41150571110325423,0.7612776818506835,-0.6322967567317324,0.22280893905460722,0.9762363202907715,0.41989603625014454,0.26357780470714204
ACH-000390,-0.7179193476929423,-0.41989603625014454,0.34186015008841325,0.33255040665749686,-0.4452482646105589,0.7970214110193488,-0.2658550075342102,0.12455331087314676,-0.8369305999126725,-0.18017199439426004,1.264249885119522,-0.11126840522985514,-0.4610860885253348,-0.7627474353478296
ACH-000391,0.012093676817781056,-0.16677910569435336,-1.3632395782217357,-0.11790825683843847,0.16677910569435353,1.0612055642645124,-0.5898918508060312,0.01649172302185786,-0.5768584398705495,0.3279063714436698,-0.23183436245300987,0.1801719943942599,0.14008036860853418,0.4906355888106408
ACH-000393,-0.8061169161858521,-0.7656918977970075,-0.10021273153199595,0.20256674566432126,-1.001331297525693,-1.40921389662192,1.5614354093618503,0.5206199068695524,1.2307375139697694,0.1511916189534914,-0.5130808924277176,1.6753802499246846,0.0869619532731993,-0.612282483031648
ACH-000395,1.0196494644127572,0.05169473834966144,-0.5332512786684108,-0.2613019678849396,-0.7671666205857572,0.1578672520464748,0.21155253799139567,0.569085312037926,1.0308064799022894,0.25448251959291907,-0.42952135053880236,1.2307375139697694,-0.6430749951728808,0.8558056976363998
ACH-000396,0.1913573733518657,0.16454992784911962,-0.3794065802070989,1.0049679545269972,-2.208736379719948,-2.208736379719948,1.6935497311286343,0.38413661720526443,1.6753802499246846,0.737980472204168,-0.4031442558096748,1.5540376396994589,-0.6109569661538571,-0.8526387817710663
ACH-000397,-0.22731933611251867,1.3716403100241132,-0.29558915126306257,0.5446926623520526,-1.5614354093618503,0.24087871066839917,0.5281886287114783,-0.11790825683843847,0.6897508578180003,-0.005497019514316924,-1.2260617496750101,0.712240616658132,-0.8847049421535803,0.9727013494446405
ACH-000398,1.0689599435351733,-0.0693175680314917,0.9448472953663021,-0.4881570607827635,-0.34186015008841325,-1.477753815705203,0.7820068867537175,1.0122814351089962,0.34886190961904734,0.8369305999126725,-1.8051409301306438,-1.2765691872998282,0.7554150263604693,-0.7150770996971557
ACH-000401,0.005497019514316785,-0.22280893905460722,0.3441921913165338,1.203074819956593,0.8685602224988808,-0.7094098525076643,0.10242284336907109,-0.133421997906913,0.12898638622825503,0.6030262477869939,0.20144468564914078,1.3744621740061043,0.23635411982100163,0.009894746751425933
ACH-000402,0.16454992784911962,-0.9177076724000351,-0.3093996404527934,0.4856815279341636,-1.4457561326332704,-0.9762363202907715,1.741597224503634,2.7401908971488735,1.1851328811470352,0.1467449554865486,-1.7940385403408095,-1.314742400923604,-1.4977026374118696,-0.743766841141197
ACH-000403,0.02748842052851622,-0.7495782208162746,-0.41989603625014454,-0.08475503672812068,-1.1251480193965842,-0.5231394804436903,0.530718253370961,0.4007604618510929,-0.45376219016987945,1.203074819956593,-0.08916929344660626,0.05830112436099074,-0.0693175680314917,1.0458852068138909
ACH-000404,1.8051409301306434,1.0689599435351733,0.9043884250002668,3.0077865564732638,-0.04729175190637022,-0.5977601260424784,0.22280893905460722,-0.6676046872592142,1.096621196738911,-0.6758705974557163,-0.12455331087314676,1.4977026374118692,-1.8164703928646655,-0.9311917474947267
ACH-000405,-1.0086179513174214,-1.053514476181976,-0.26813358982999025,0.29329294516847626,0.17570422511146458,-0.4055303428319633,0.8030777025132917,1.525265125876848,0.6376766160079513,0.45742107235979446,-2.740190897148869,-0.16677910569435336,-0.06711364899267981,-1.0496922042251637
ACH-000406,-0.12898638622825503,0.6621193482292987,-0.9691784918913408,0.9762363202907715,1.8398553707779408,0.8977886334754037,-0.0781367198606693,0.7350965394144469,1.1251480193965842,0.05609872719514376,-1.1460985295534751,-0.31170706540571,-1.6239524138818737,-0.47704042848944356
ACH-000407,-0.16677910569435336,-0.7760502810871098,0.24087871066839917,-0.11126840522985514,-0.2921454225191886,0.1467449554865486,-0.8621654280695802,-0.13120386939339987,0.00109939858753573,1.2740898393217566,-0.15786725204647467,0.2048116325051352,0.28526830092249106,1.3521860990673606
ACH-000408,-0.8847049421535803,-0.7264811491633805,0.7307820639859635,0.7408705559340103,1.5503704303276482,1.1376583823177633,-2.0238804284732894,-0.6349843890817186,-1.3632395782217357,1.7517049145026056,1.97519860622955,-0.561346418336008,0.21155253799139567,1.9168014719289317
ACH-000410,-0.7264811491633805,-0.7940042065673266,-0.16232156739215686,0.7849956136784568,0.4416093321019699,-0.2909982844406031,-0.5690853120379261,0.126769537138465,0.2183030702235295,1.1292985086514165,-0.22957626427974412,1.9451711242093461,0.07152182381554832,0.8061169161858519
ACH-000411,1.6157871031954063,0.6056655839920606,0.8879616072736423,0.5408710138672533,-2.234676469578731,-1.0122814351089962,1.5689196324989263,-1.0650747484714613,0.9552056993359318,-0.30478971436541424,0.2772619848505168,0.7760502810871098,-0.3001862564390561,0.17123996032070093
ACH-000414,0.0891692934466064,1.3018067488856788,1.7218995346777688,-0.6269351360557498,-1.4909869838078214,-0.30478971436541424,0.9552056993359318,-0.29558915126306257,0.9691784918913408,-1.2497154572329925,0.4150979836847357,-1.1675645511806783,-0.9762363202907715,-1.8280379276044882
ACH-000415,-1.330561513178897,-0.7524934190627787,-0.8494803943214633,-0.530718253370961,1.71229615307867,2.3230691379043127,-2.8489799156823237,-2.3570442297684564,-1.93079206592976,1.4909869838078207,1.7316643961222453,-0.7642188383634371,1.7831529838979576,1.8280379276044878
ACH-000416,1.4457561326332704,1.521756218163117,2.1175815000165468,-1.4457561326332704,-1.9168014719289324,-1.8642920563070788,1.3744621740061043,0.111268405229855,0.09800310908566955,-1.7619948036750106,-0.22731933611251867,0.787991369076319,-1.3043764426955688,-2.184202539375764
ACH-000417,0.46598243956846,-0.6269351360557498,-0.824511255955517,-0.16009401266716553,-1.2260617496750101,-1.0458852068138909,0.6786361667728741,0.6539284638491971,0.2048116325051352,-0.47334801394315534,-0.1445227168573773,-0.8091635941232459,0.3723273700334455,0.569085312037926
ACH-000420,-1.0612055642645126,-0.8847049421535803,0.26813358982999036,-1.5614354093618503,-0.09800310908566968,1.2401706527892427,-0.9345892910734802,-0.6648595171258197,-0.7179193476929423,0.16900911261324064,1.0612055642645124,-0.8589812200347285,-0.7940042065673266,0.9244286998588873
ACH-000421,-1.0308064799022894,-0.4440346342705391,-1.2740898393217566,0.6512079165600977,-0.2048116325051352,1.0270732683507222,-0.10242284336907123,0.5130808924277176,-0.34652610591141986,-0.5357877300556416,-0.03188795595915477,0.4881570607827634,-0.16232156739215686,-0.7970214110193491
ACH-000422,-0.7820068867537173,-0.11790825683843847,-0.7849956136784567,0.9311917474947266,-0.6981430794317393,-0.029688116413677534,-0.8152796042560035,-0.36056982157377676,-0.29329294516847637,1.4977026374118692,1.2260617496750101,1.93079206592976,1.314742400923604,2.077892100777044
ACH-000424,1.3252515904708695,-0.01869086043604103,-0.036288108699855263,-0.1690091126132405,-1.511340366291671,-1.7619948036750106,2.7401908971488735,1.2121927750612842,1.546723953246356,-1.2840547279091354,-1.7415972245036333,0.42470377494533396,-0.9077031339772884,-2.077892100777044
ACH-000425,1.6491212011468943,0.6484921805928574,0.23635411982100163,0.2795476683299405,-1.8164703928646655,-1.6664991613969526,1.2840547279091354,1.4333620914605663,1.0086179513174214,-0.9311917474947267,-0.8122178014999129,0.55877426286374,-0.24087871066839917,-2.740190897148869
ACH-000427,1.3467207852382685,-0.351199618264902,-0.7179193476929423,-0.05169473834966144,0.10021273153199581,-0.1201226819205549,0.5485222826980981,0.7094098525076643,-0.470889987812555,-1.0886329293768875,0.4391866247444289,-1.4843379083716668,-0.26813358982999025,-0.7790251288273163
ACH-000430,1.959963984540054,0.6403734728270288,0.7408705559340103,0.32674647070278334,-0.6269351360557498,-2.8489799156823237,0.8198866958893143,1.2941487795873434,2.184202539375764,-1.0159585554771338,-0.4055303428319633,0.14896791903016532,-2.0238804284732894,-1.8769400144253812
ACH-000431,0.1467449554865486,-0.7350965394144469,-0.35353924775488027,0.24994280625282192,-1.0086179513174214,0.1090562254833252,-0.3723273700334457,0.8152796042560035,0.17793766577643896,0.9448472953663021,-1.6491212011468943,0.7612776818506835,-0.6758705974557163,1.4395314709384563
ACH-000433,0.8000458886844416,0.2340936433721047,1.3199787729048944,-0.8061169161858521,-1.2790564074958748,0.06711364899267981,0.5332512786684108,-1.8280379276044882,0.25448251959291907,-1.0383163332509597,0.8183490691100319,-0.22731933611251867,0.8879616072736423,-0.8183490691100319
ACH-000434,1.93079206592976,3.0077865564732638,0.824511255955517,-1.6664991613969526,-1.8642920563070788,-1.751704914502605,1.6077281211835148,-0.24767488561581988,0.5030739503457283,-0.351199618264902,-1.1985531246455747,-0.3652667703167784,-1.6491212011468943,-0.09358528838052131
ACH-000435,-1.9909059489640788,-0.8291535170884398,-0.8879616072736423,-1.6577476036291676,0.8400556357339782,1.049692204225164,-0.3746850166103579,-0.18464336299896028,0.0891692934466064,-0.060503804356206815,0.18911842627279238,-0.9904999275311626,-0.9833431160929378,0.3001862564390561
ACH-000436,-1.6935497311286343,-1.4583763270590426,-1.1210168225962824,-1.180706601148497,2.588156152252214,1.7517049145026056,-2.0412290029455087,-0.05830112436099074,-0.720767407181645,1.5323398326155173,-0.3723273700334457,-0.11569440979028714,0.25221201319248454,0.06491005589443756
ACH-000437,-0.2183030702235295,-0.06711364899267981,-1.5764927829578514,1.7940385403408106,1.0159585554771338,0.17570422511146458,-0.8076393180658424,-0.49311713453728256,1.3043764426955688,0.17570422511146458,0.1913573733518657,1.269154501539727,-0.5951332776701089,0.5510798360085837
ACH-000438,0.692542841734797,1.9909059489640788,-0.2887051549344523,1.1963014391468787,-2.5881561522522114,-0.8183490691100319,1.4712331679535513,0.7037652988990366,0.8685602224988808,-0.8621654280695802,0.5768584398705493,0.33952996655970646,-2.6565387878196756,-1.6753802499246842
ACH-000441,0.720767407181645,0.11790825683843847,-0.0781367198606693,0.42229868545116184,-1.3521860990673606,-0.5005801054667398,0.5951332776701089,-0.1046334556140754,1.3252515904708695,-0.02528885764264936,-0.3959996815356839,1.2167897772018257,-0.29788691693055386,-1.3385974571794002
ACH-000442,-0.7730822853732383,0.02748842052851622,-0.5820599275295225,1.9031763053671464,0.10242284336907109,-0.0803424309080725,-1.1675645511806783,-0.42952135053880236,-0.7236213251742154,1.1985531246455747,0.4881570607827634,1.189582502828108,1.4909869838078207,1.71229615307867
ACH-000444,-1.0159585554771338,0.6242610786459207,-0.3723273700334457,-0.7037652988990366,-1.7122961530786696,-2.323069137904312,3.0077865564732638,1.314742400923604,1.959963984540054,-1.2260617496750101,-0.5742635458221241,0.27041356511146836,-0.38413661720526454,-1.264249885119523
ACH-000445,-1.0439873808423765,-1.0496922042251637,-1.471233167953552,-0.3232693974936587,0.6897508578180003,0.6539284638491971,-1.5997722240383687,-0.17793766577643882,-0.5951332776701089,0.9727013494446405,0.9379976573047191,1.0178022767787656,1.1460985295534751,0.46353287493828105
ACH-000446,0.29329294516847626,-0.21155253799139567,0.7612776818506835,-1.1763033333991566,0.12455331087314676,-0.2658550075342102,0.12233769620313222,0.3629172951393563,1.269154501539727,-0.47827267758225805,-0.22055544490025863,-0.32558700939032037,-0.6322967567317324,0.1356407830643558
ACH-000448,-0.9244286998588876,0.24314285086085877,-0.2025667456643214,-1.0689599435351735,0.8000458886844416,0.7264811491633805,0.06491005589443756,-0.12898638622825503,-0.7627474353478296,-0.5794572240112413,0.20930451635983457,-0.9143626594721268,-0.08475503672812068,-2.5300844134039786
ACH-000450,1.415173801571812,1.1087365265227942,0.7642188383634371,0.5105743752088904,-0.3936226596401808,-0.9656676214735342,1.0308064799022894,-0.029688116413677534,1.4211844024982856,-2.234676469578731,-0.5256623794275063,1.1719227553576743,-0.9126939841242694,-2.4345024063372955
ACH-000452,0.05830112436099074,-0.29788691693055386,-1.6406158005819216,-0.4758089033276058,-0.1868804268224072,1.5764927829578514,-1.8519354844002662,-0.600391105653359,-0.5665019148999157,1.6843954831101982,0.5383276331761137,1.8769400144253807,0.7037652988990366,1.3199787729048944
ACH-000454,-0.14119069311066273,0.7642188383634371,0.2658550075342104,0.45620076684730015,-1.3688293262216265,-0.6621193482292986,0.34186015008841325,0.48444487770716366,-0.3959996815356839,-0.29788691693055386,-0.42470377494533396,0.4906355888106408,0.31863936396437514,-0.26016455753258605
ACH-000455,-0.6786361667728743,-1.5919163168159876,-0.8526387817710663,0.4758089033276056,1.4272467901741255,1.6753802499246846,-2.4345024063372955,0.14896791903016532,-1.35769210342973,1.8280379276044878,0.22506356525517032,0.4055303428319633,-0.5523599646345766,0.8000458886844416
ACH-000456,-0.7970214110193491,-0.005497019514316924,-0.712240616658132,0.04288968208825873,0.7805151403568917,0.5155906372996497,-0.470889987812555,-0.5768584398705495,-1.203074819956593,0.9517415527940478,-0.24767488561581988,0.9621686139074026,1.0345541132346794,0.6083091460850765
ACH-000458,-0.8338137161324595,-0.14896791903016532,-1.3467207852382685,-0.1868804268224072,0.1556412739305921,-1.2214126379128527,-0.24767488561581988,0.18464336299896014,-0.11569440979028714,-0.05830112436099074,-0.14230119170291788,0.5742635458221239,1.189582502828108,0.014292665362238137
ACH-000459,-0.8494803943214633,-2.3939797998185095,-0.7293469271307469,-0.5925105295130879,-0.6056655839920606,0.10463345561407526,-0.0803424309080725,-0.7760502810871098,0.03408794983083929,0.8276041153933821,0.19583815857485232,1.330561513178897,1.525265125876848,0.36997179122512724
ACH-000460,0.7671666205857572,-0.48444487770716366,1.40921389662192,-0.17793766577643882,-0.42229868545116184,-1.0926183477238136,-0.42711132363530335,-0.012093676817781196,-0.1712399603207008,0.3948108917411486,-0.4007604618510929,1.511340366291671,0.1445227168573773,0.7150770996971557
ACH-000461,-1.4583763270590426,-0.6676046872592142,-0.4906355888106408,-1.0159585554771338,-0.2887051549344523,0.32095352068442146,1.1251480193965842,1.1006416942659187,0.20032287919934852,-2.3570442297684564,-0.1356407830643558,-1.1087365265227942,0.6457812190010196,-0.5898918508060312
ACH-000463,0.4031442558096748,0.4150979836847357,0.5055709279090783,1.959963984540054,-1.180706601148497,-0.5105743752088904,1.5540376396994589,1.3043764426955688,2.3570442297684577,-1.0728613416500032,-0.3888752642829681,-0.34652610591141986,-2.138747291002779,-1.5841574443680622
ACH-000464,-1.3974419828247842,-1.6753802499246842,-0.7642188383634371,0.7701210841679732,1.314742400923604,1.244928877873936,-1.40921389662192,0.16454992784911962,-1.4211844024982856,1.8164703928646646,0.6030262477869939,0.5549229427026537,0.182407222834474,2.05921460987167
ACH-000466,-0.398378943033161,0.06491005589443756,-1.477753815705203,0.7909942130952894,1.0196494644127572,1.3467207852382685,-0.8847049421535803,-0.470889987812555,-1.2691545015397274,-0.06270677794321385,-0.1868804268224072,-0.7745654303366722,-0.05830112436099074,0.8669582012035435
ACH-000467,0.5357877300556416,0.9482887899595908,0.3936226596401808,0.9043884250002668,0.31863936396437514,-0.2386158046284212,-0.9278049190833462,-0.4906355888106408,0.012093676817781056,0.46598243956846,0.5925105295130879,-0.7179193476929423,-0.1712399603207008,-0.16232156739215686
ACH-000468,-0.8431888970300973,-0.5080710616447608,-0.9448472953663021,1.1503493803760079,0.6056655839920606,1.2941487795873434,-1.751704914502605,-0.9727013494446405,-0.530718253370961,1.7316643961222453,1.4333620914605663,0.15341606674775615,0.7940042065673264,1.207621247740276
ACH-000469,-0.28412343330913126,-1.2449288778739365,-1.001331297525693,-0.25221201319248443,0.3629172951393563,0.20930451635983457,-0.5742635458221241,-0.07152182381554818,-0.5434178981628068,0.46353287493828105,0.2048116325051352,2.434502406337297,1.2167897772018257,-0.19247720601206122
ACH-000470,0.8030777025132917,2.2915811443328766,1.2840547279091354,1.2916129182558769,-0.03408794983083929,-0.6349843890817186,0.9833431160929378,-0.15786725204647467,0.06270677794321385,-1.3916279593891947,-0.1935972800956344,-2.077892100777044,-1.264249885119523,-0.653928463849197
ACH-000471,0.9482887899595908,0.6814069363243775,0.3558808140761947,0.6593841418798565,-0.5434178981628068,0.28183481319966275,-0.14896791903016532,-1.0886329293768875,-0.7849956136784567,0.692542841734797,1.403303631420883,-0.023089417099562953,-0.31170706540571,-0.1467449554865486
ACH-000472,-0.9482887899595908,-0.4906355888106408,-0.1935972800956344,-0.13120386939339987,1.525265125876848,1.7619948036750113,-2.4794668853016644,-2.234676469578731,-2.149700064344469,2.2915811443328766,1.269154501539727,0.4647573086639635,0.05609872719514376,3.3272129920738123
ACH-000473,-0.3279063714436698,0.6430749951728808,0.5459683122952279,-0.5155906372996497,-0.4488931026100072,0.15341606674775615,-0.720767407181645,-0.8091635941232459,0.35353924775488044,-0.8912277173415939,1.0122814351089962,1.2121927750612842,-0.23070516632041416,-0.45376219016987945
ACH-000475,-0.1201226819205549,0.8879616072736423,-0.07152182381554818,-0.5130808924277176,-0.35353924775488027,0.5256623794275063,-0.4416093321019698,0.7745654303366722,0.020890088246888424,-0.49311713453728256,0.47334801394315523,-0.7322187075540352,-1.2890853356658603,-1.2545308418114915
ACH-000476,-0.743766841141197,-0.9397059329228009,0.10463345561407526,0.1478563459280756,0.2795476683299405,0.37940658020709866,-0.49311713453728256,0.36997179122512724,-0.25221201319248443,0.8000458886844416,1.023354316375886,-0.8122178014999129,-0.005497019514316924,0.6269351360557498
ACH-000477,0.787991369076319,-1.2840547279091354,-0.4150979836847357,1.7517049145026056,1.330561513178897,1.2890853356658603,-1.180706601148497,-0.05609872719514376,-0.22506356525517032,-0.07152182381554818,1.0728613416500028,-0.0759313888959628,-0.42711132363530335,-1.1251480193965842
ACH-000478,-0.10905622548332534,-1.511340366291671,-0.1046334556140754,0.6648595171258198,0.06931756803149183,0.4684348034639763,-1.0728613416500032,-0.9414169552077446,0.10021273153199581,0.7612776818506835,-0.012093676817781196,2.4794668853016666,0.10463345561407526,0.5256623794275063
ACH-000479,0.6566538597459012,-1.2992456226917888,-0.9160338847350284,1.0846647277930805,0.8463304581395933,0.22731933611251867,-0.3582243332982911,-0.2386158046284212,0.03848844324292296,2.7401908971488735,-0.41749580855344076,0.8152796042560035,-0.46598243956846025,1.9031763053671464
ACH-000480,0.19359728009563426,-0.020890088246888563,-0.2048116325051352,-1.0886329293768875,0.4150979836847357,1.0926183477238136,-0.5485222826980979,-0.34652610591141986,0.8030777025132917,-1.2941487795873439,0.6731101878164728,-1.330561513178897,-1.216789777201825,1.006791276302608
ACH-000481,0.060503804356206815,0.3465261059114201,0.020890088246888424,1.4457561326332704,-0.11569440979028714,0.49808936995031894,0.5912006833911705,0.7009514195842119,0.2386158046284212,-1.8519354844002662,0.023089417099562953,0.31863936396437514,-0.9586813467447275,-0.8276041153933821
ACH-000483,0.3093996404527934,1.2099038506989717,0.8814576331714923,0.8152796042560035,-1.4395314709384563,-1.1873547534130022,-0.014292665362238275,0.1201226819205549,0.8000458886844416,1.3916279593891947,-1.0458852068138909,1.40921389662192,-0.347693770638922,-0.4586420594195472
ACH-000484,-0.1046334556140754,1.3252515904708695,-1.0612055642645126,-1.1006416942659187,1.3744621740061043,0.8685602224988808,0.31863936396437514,-0.19135737335186584,0.24314285086085877,-1.053514476181976,-0.029688116413677534,0.6869642403069017,-0.36291729513935617,-1.3688293262216265
ACH-000485,-1.6753802499246842,-0.4464625511109503,-0.29329294516847637,0.3959996815356839,2.138747291002779,0.8945033623459216,-0.5925105295130879,0.4319338747899584,-0.4586420594195472,0.1356407830643558,0.8000458886844416,-1.0067912763026081,0.22055544490025863,0.26699412540495254
ACH-000486,-0.5105743752088904,-0.5977601260424784,-0.5794572240112413,-0.18911842627279252,0.8030777025132917,2.077892100777044,-1.0122814351089962,-1.2121927750612842,-1.5540376396994589,1.3632395782217357,0.5005801054667398,-0.1046334556140754,-0.02528885764264936,0.2183030702235295
ACH-000487,-0.7236213251742154,-0.2081809027825047,-1.1087365265227942,-0.5536409990699268,1.2260617496750101,1.3412954040553924,-0.712240616658132,-0.0693175680314917,1.4333620914605663,0.5005801054667398,-0.9797835324994979,0.7701210841679732,0.5951332776701089,0.03848844324292296
ACH-000488,0.3070938616355657,0.03848844324292296,0.38413661720526443,-0.7612776818506835,-0.8605722333646203,-0.01869086043604103,0.11790825683843847,-0.9621686139074026,0.5613464183360082,-0.34186015008841325,1.1546211199864427,0.17123996032070093,0.7466693788972909,-0.045090607775225125
ACH-000489,-2.262213582661452,-1.5614354093618503,-1.40921389662192,0.05609872719514376,1.4909869838078207,1.9168014719289317,-1.3916279593891947,0.13786023618425697,-1.0767791384136673,0.684182947055718,0.7760502810871098,-1.4647744820388242,-0.12898638622825503,1.1376583823177633
ACH-000490,1.889895557520506,0.49808936995031894,1.5323398326155173,1.7028481400008513,0.007695864528091708,0.7350965394144469,-0.46843480346397653,-1.1985531246455747,-2.077892100777044,0.20256674566432126,1.35769210342973,-1.6935497311286343,0.22957626427974412,0.23183436245300987
ACH-000491,0.9110278462898453,-1.546723953246356,0.4807393584696641,1.0086179513174214,0.5925105295130879,0.45620076684730015,0.012093676817781056,0.5510798360085837,0.6457812190010196,-0.06711364899267981,0.7909942130952894,0.03188795595915477,-2.3570442297684564,-0.2772619848505169
ACH-000493,0.9278049190833458,-0.16009401266716553,-1.0270732683507222,0.111268405229855,-1.314742400923604,-2.1175815000165468,0.4708899878125548,0.47334801394315523,0.44646255111095046,1.2214126379128531,-0.5005801054667398,0.93458929107348,1.2214126379128531,0.5055709279090783
ACH-000495,-0.48320896790027573,-0.6349843890817186,0.5105743752088904,-0.20032287919934866,0.7970214110193488,-0.6981430794317393,-0.12898638622825503,-1.0196494644127572,-0.6430749951728808,0.3511996182649021,0.3629172951393563,-0.036288108699855263,0.2183030702235295,0.5781573438545956
ACH-000496,-1.1046800621865227,-0.36291729513935617,-2.5300844134039786,1.2790564074958748,0.46108608852533495,0.9691784918913408,0.8542211687923525,1.2790564074958748,1.4843379083716661,-1.7028481400008508,-0.5977601260424784,0.3629172951393563,-2.208736379719948,-1.3199787729048944
ACH-000498,-2.208736379719948,-0.6376766160079513,-1.6753802499246842,-0.7730822853732383,1.0689599435351733,1.5614354093618503,-0.5206199068695524,1.0196494644127572,-0.5536409990699268,0.41749580855344076,-0.8338137161324595,-0.6621193482292986,-1.0728613416500032,-0.5510798360085835
ACH-000499,1.9909059489640788,0.9552056993359318,0.8122178014999129,0.00109939858753573,-0.3279063714436698,-0.7554150263604693,0.9311917474947266,0.4235009239828705,-0.04729175190637022,-0.9448472953663021,-1.783152983897957,1.7028481400008513,-1.3801389729135718,-1.1895825028281073
ACH-000500,-0.02748842052851622,-1.2214126379128527,-2.05921460987167,0.17570422511146458,-0.5181036339972976,-0.6676046872592142,0.1511916189534914,1.3412954040553924,-0.2025667456643214,0.5977601260424784,-0.7642188383634371,0.3959996815356839,-0.6457812190010196,2.3939797998185104
ACH-000501,-0.29329294516847637,-1.0612055642645126,-0.8030777025132918,-0.0803424309080725,-0.06270677794321385,0.39124785972875387,-1.2840547279091354,-1.0086179513174214,-0.9448472953663021,1.8519354844002658,0.997707835414134,-1.521756218163117,1.4615679256432437,1.4520373218405722
ACH-000502,0.24994280625282192,0.6030262477869939,1.9168014719289317,-0.9414169552077446,-0.09137706817013944,0.4055303428319633,0.6539284638491971,-1.7724747116669224,-1.207621247740275,-0.6676046872592142,0.9552056993359318,-0.7094098525076643,-0.2567543386616585,-0.5807580840085503
ACH-000503,0.398378943033161,0.5105743752088904,-0.18017199439426004,0.9379976573047191,0.1578672520464748,0.7760502810871098,-1.7218995346777684,-1.5323398326155178,-1.3801389729135718,0.4067242518713638,1.314742400923604,-0.2048116325051352,0.9762363202907715,-0.3070938616355657
ACH-000504,-0.32095352068442146,-1.3199787729048944,-1.1589140334197583,1.2916129182558769,1.0345541132346794,0.3511996182649021,-2.184202539375764,-1.2497154572329925,-0.8653584018481154,2.4794668853016666,0.994097425556237,2.3230691379043127,1.1128113175429069,1.076779138413667
ACH-000505,-0.8276041153933821,-1.6843954831101975,-1.1546211199864427,-0.4127025430789826,-0.3959996815356839,-0.4031442558096748,-0.38177053102389197,0.8369305999126725,-0.8685602224988808,0.7940042065673264,-0.27954766832994066,1.6935497311286343,0.6539284638491971,1.525265125876848
ACH-000507,0.199201324789267,0.7079966007456198,0.5105743752088904,2.2346764695787313,0.7179193476929423,1.0345541132346794,-0.8685602224988808,0.08475503672812082,-0.8000458886844419,-1.216789777201825,0.00109939858753573,-0.994097425556237,-1.7028481400008508,-0.5690853120379261
ACH-000510,0.111268405229855,0.7322187075540352,1.1985531246455747,0.1913573733518657,-0.6676046872592142,-0.2772619848505169,0.6269351360557498,0.6269351360557498,0.3888752642829679,-0.6457812190010196,-1.9031763053671469,0.6981430794317393,-1.7724747116669224,-0.18911842627279252
ACH-000511,-1.1546211199864427,-1.5841574443680622,-2.3939797998185095,0.49311713453728256,-0.7820068867537173,-0.31632691240551397,1.40921389662192,0.5005801054667398,0.46230913576474986,0.2070575519737386,-0.040688964142722606,1.525265125876848,-1.5182659475558995,0.8400556357339782
ACH-000512,-1.1675645511806783,-0.7037652988990366,-1.8398553707779415,-0.01869086043604103,0.9278049190833458,0.4367664924616712,-0.19583815857485246,1.772474711666923,0.7264811491633805,1.0196494644127572,-0.9869152030865421,-1.203074819956593,-0.8061169161858521,-0.46843480346397653
ACH-000514,1.6077281211835148,-0.9833431160929378,-0.5665019148999157,1.4211844024982856,-0.398378943033161,-0.29558915126306257,-0.9586813467447275,0.15341606674775615,-0.07152182381554818,1.2790564074958748,-0.303638248019504,0.33022749879480895,0.1556412739305921,2.4794668853016666
ACH-000515,-0.7350965394144469,-1.3467207852382685,-0.21380162923518106,1.1460985295534751,-0.2772619848505169,0.7094098525076643,-0.5459683122952278,0.6703548976824089,-0.4440346342705391,1.1675645511806783,-0.5690853120379261,0.2160518024972585,-0.5030739503457283,0.05389660210587648
ACH-000516,-1.1376583823177633,-0.9621686139074026,-1.2354403415612518,0.17123996032070093,0.38413661720526443,0.17793766577643896,-0.6430749951728808,-0.2070575519737386,0.4795056533309502,0.6242610786459207,0.33487511031897577,3.0077865564732638,0.03408794983083929,0.6593841418798565
ACH-000517,1.0458852068138909,-0.09137706817013944,0.4956017206389103,-1.084664727793081,-0.01869086043604103,-0.10905622548332534,-1.2354403415612518,-0.6322967567317324,-1.1376583823177633,0.9294970005518174,0.569085312037926,-0.04729175190637022,1.5614354093618503,1.1460985295534751
ACH-000518,0.41030946828115844,1.1460985295534751,-0.04288968208825873,1.237802035067147,1.0270732683507222,1.7218995346777688,-2.0071204231255315,-1.7619948036750106,-0.6215914776366401,-0.5256623794275063,0.27269494694940966,0.7466693788972909,0.9656676214735342,0.2216820512581709
ACH-000519,2.2346764695787313,0.5155906372996497,-0.5459683122952278,0.15452857469470718,-0.4610860885253348,-1.2941487795873439,1.264249885119522,2.3570442297684577,1.1418682881513451,-0.7065847616387614,-2.262213582661452,-0.8945033623459216,-1.6843954831101975,-1.4062526237581048
ACH-000520,-0.0737264271610225,0.6363299260229047,-0.6457812190010196,0.4259072407049483,-0.6772527346288343,0.04729175190637022,-0.040688964142722606,-1.4395314709384563,0.05169473834966144,0.27041356511146836,0.8782195926748022,0.6109569661538571,0.9797835324994979,0.6242610786459207
ACH-000521,-0.3723273700334457,0.47334801394315523,-0.6593841418798564,1.0345541132346794,-0.7009514195842119,1.415173801571812,-1.084664727793081,0.33255040665749686,-0.49933435048938235,-0.2025667456643214,0.3441921913165338,-0.060503804356206815,0.7612776818506835,-0.5716725128166567
ACH-000522,1.2840547279091354,0.5181036339972976,-0.12455331087314676,0.692542841734797,-1.5540376396994589,-1.2790564074958748,0.111268405229855,1.3801389729135718,1.0573522020432227,-0.4562007668473,-1.5997722240383687,1.3916279593891947,-0.9904999275311626,-0.12787788312763468
ACH-000524,-0.133421997906913,0.9448472953663021,-0.4635328749382808,0.5925105295130879,0.06711364899267981,1.3095418325369654,-1.403303631420883,-0.7583430960005929,-0.8798374597961204,1.1719227553576743,-0.05169473834966144,0.22731933611251867,-0.34186015008841325,0.7264811491633805
ACH-000525,0.8198866958893143,-0.8183490691100319,-0.7350965394144469,1.4647744820388247,-0.3093996404527934,-0.5665019148999157,0.2749777489690046,0.994097425556237,0.6109569661538571,-0.22280893905460722,-1.4426368146671515,-0.7554150263604693,-0.6083091460850765,0.07813671986066943
ACH-000527,-0.6512079165600976,-2.8489799156823237,-1.0420933076148031,-0.38413661720526454,2.3939797998185104,1.4777538157052024,-1.8164703928646655,-1.5614354093618503,-1.7028481400008508,1.1046800621865227,0.4906355888106408,0.10242284336907109,1.2593754934254444,1.6843954831101982
ACH-000528,0.8847049421535803,0.6363299260229047,-0.4031442558096748,0.9552056993359318,-0.8879616072736423,-0.28412343330913126,0.7583430960005929,-0.14008036860853418,0.7037652988990366,0.06931756803149183,-0.31170706540571,-0.05389660210587648,0.5665019148999156,-1.1334685435697693
ACH-000532,1.4647744820388247,0.2048116325051352,0.5951332776701089,1.97519860622955,-0.3888752642829681,0.4807393584696641,0.36997179122512724,0.32095352068442146,0.42831602611722197,-0.8685602224988808,0.7642188383634371,-1.6843954831101975,-1.7619948036750106,-0.20593446239374766
ACH-000533,-1.0650747484714613,0.7408705559340103,-0.1300950478473683,-0.020890088246888563,-0.5742635458221241,0.31401615114926634,-0.31632691240551397,1.1046800621865227,1.0049679545269972,0.17347166056165078,-1.3199787729048944,-0.37704474771741026,-0.33952996655970646,0.5716725128166565
ACH-000535,0.22506356525517032,1.3521860990673606,0.7671666205857572,1.8642920563070784,0.9621686139074026,0.2183030702235295,-1.1719227553576743,-1.1087365265227942,-0.2772619848505169,-1.1376583823177633,1.3801389729135718,0.11901539642782043,0.3511996182649021,-0.1511916189534914
ACH-000537,0.42229868545116184,0.25221201319248454,0.8463304581395933,0.8494803943214633,1.191816171681394,1.4211844024982856,-2.138747291002779,-1.4211844024982856,-1.403303631420883,0.6676046872592143,1.9909059489640788,0.24314285086085877,1.0458852068138909,-0.20032287919934866
ACH-000541,1.1292985086514165,-0.08916929344660626,0.398378943033161,-0.7805151403568917,0.02748842052851622,-1.001331297525693,0.720767407181645,0.8782195926748022,1.8398553707779408,0.1201226819205549,-1.5764927829578514,-0.4635328749382808,-2.291581144332876,-1.4583763270590426
ACH-000542,0.0913770681701393,1.4333620914605663,-0.7583430960005929,-1.2260617496750101,-0.05609872719514376,-0.32095352068442146,2.1175815000165468,0.5925105295130879,1.3359092188098454,-1.8051409301306438,-1.4333620914605663,-0.3959996815356839,-0.4091138123228068,-0.3001862564390561
ACH-000544,0.6703548976824089,0.20930451635983457,0.8030777025132917,-0.4562007668473,0.613609076561029,0.7909942130952894,-0.8912277173415939,-1.5689196324989267,-0.6593841418798564,-0.5434178981628068,1.2545308418114915,-0.7612776818506835,0.009894746751425933,0.10242284336907109
ACH-000545,-1.8642920563070788,-0.1935972800956344,-1.8642920563070788,0.31632691240551397,1.2890853356658603,1.8642920563070784,-1.3688293262216265,0.10242284336907109,-1.1169046698702836,0.5256623794275063,0.11348112962967796,0.133421997906913,0.7524934190627787,0.37940658020709866
ACH-000546,-1.4977026374118696,-0.692542841734797,0.13786023618425697,-0.351199618264902,2.2622135826614524,1.889895557520506,-1.6664991613969526,-1.096621196738911,-3.007786556473252,2.3939797998185104,0.93458929107348,-1.6753802499246842,0.4586420594195474,1.8519354844002658
ACH-000547,-0.7524934190627787,-0.9586813467447275,-0.6648595171258197,-0.09579396502978645,0.41749580855344076,0.007695864528091708,0.036288108699855263,-0.17347166056165064,-0.18240722283447414,0.04729175190637022,0.23635411982100163,0.613609076561029,0.37468501661035775,1.8398553707779408
ACH-000548,-1.7122961530786696,-1.1107716166367854,-2.1175815000165468,-0.14230119170291788,1.2167897772018257,1.403303631420883,-2.5300844134039786,0.5105743752088904,-1.9031763053671469,2.1175815000165468,0.7495782208162746,0.5256623794275063,0.9414169552077446,1.5323398326155173
ACH-000549,-1.207621247740275,-1.0807135329098065,-0.44039765530823904,-0.5885840279517417,2.6565387878196796,1.2260617496750101,-2.291581144332876,-1.3916279593891947,-2.4345024063372955,0.9904999275311626,1.889895557520506,-0.08916929344660626,1.772474711666923,1.35769210342973
ACH-000550,0.8198866958893143,0.9244286998588873,-0.22506356525517032,0.9904999275311626,0.4956017206389103,-0.7879913690763187,-1.0458852068138909,-0.6215914776366401,-0.8558056976363998,1.8398553707779408,0.9869152030865421,1.5841574443680622,0.49808936995031894,2.0412290029455087
ACH-000551,-0.36291729513935617,0.024189122744124693,-0.5562057989339743,0.33952996655970646,0.37704474771741014,0.9552056993359318,-0.4150979836847357,0.4391866247444289,0.2772619848505168,0.30133652085957624,-0.7671666205857572,0.914362659472127,0.7849956136784568,0.3500305248324728
ACH-000552,-0.4610860885253348,0.39124785972875387,-0.1868804268224072,1.4395314709384563,-0.016491723021857998,0.8152796042560035,0.8879616072736423,-0.04949312519186336,0.005497019514316785,-0.5383276331761137,0.1445227168573773,-0.3441921913165336,-0.6403734728270288,-0.029688116413677534
ACH-000554,0.9869152030865421,0.3605698215737769,0.5898918508060311,0.5794572240112412,-0.6717319053072457,0.530718253370961,0.8847049421535803,-0.2704135651114682,-0.37704474771741026,-1.2307375139697694,0.44646255111095046,-2.8489799156823237,-1.8898955575205072,-1.8398553707779415
ACH-000556,-0.2909982844406031,0.26130196788493976,-0.009894746751426072,0.9621686139074026,0.5383276331761137,1.2121927750612842,-0.8431888970300973,0.5080710616447608,-0.4150979836847357,0.7849956136784568,0.6296136839545463,0.3605698215737769,-0.14008036860853418,0.7612776818506835
ACH-000557,0.8879616072736423,0.7835003753897741,0.8717709721899588,-0.7495782208162746,0.55877426286374,-1.2840547279091354,0.9448472953663021,0.02528885764264936,0.5421440164296353,0.30478971436541424,-1.1006416942659187,-0.5912006833911705,-1.3688293262216265,-0.0803424309080725
ACH-000558,-0.29558915126306257,-1.0420933076148031,-0.351199618264902,0.8621654280695802,-0.6841829470557181,-0.2567543386616585,-0.3865048558827441,-0.2544825195929189,0.10242284336907109,1.3744621740061043,-0.060503804356206815,0.5155906372996497,0.42470377494533396,1.7831529838979576
ACH-000559,0.42952135053880236,-1.1376583823177633,-0.8447586354262435,-1.1675645511806783,-0.8814576331714923,0.18688042682240702,-0.7524934190627787,0.46108608852533495,-0.19583815857485246,1.3521860990673606,-0.2658550075342102,-0.7264811491633805,0.6296136839545463,0.8912277173415939
ACH-000561,-0.9448472953663021,-0.17793766577643882,-0.8749907341475217,1.244928877873936,0.4869189213624492,0.9482887899595908,-0.16232156739215686,0.530718253370961,-0.9345892910734802,0.6269351360557498,0.3232693974936587,-0.6869642403069018,0.3865048558827439,-0.5005801054667398
ACH-000562,0.8061169161858519,0.01649172302185786,0.9691784918913408,-1.1251480193965842,-1.7619948036750106,0.036288108699855263,0.17793766577643896,-0.35353924775488027,-0.5383276331761137,0.743766841141197,0.46353287493828105,-1.0650747484714613,0.24767488561581988,0.28870515493445215
ACH-000563,-0.4758089033276058,0.26357780470714204,-0.2567543386616585,1.1376583823177633,-0.38177053102389197,-1.2401706527892422,0.6083091460850765,1.1675645511806783,0.5068205987808351,-0.31632691240551397,-1.2941487795873439,0.5459683122952279,-0.8030777025132918,0.9379976573047191
ACH-000565,-2.3939797998185095,-1.1610685209816873,-1.5997722240383687,-0.09137706817013944,1.3858606000569538,2.3570442297684577,-2.1175815000165468,-0.41989603625014454,-1.1292985086514165,0.4031442558096748,1.7831529838979576,-0.8977886334754037,-0.2772619848505169,-0.42470377494533396
ACH-000567,-0.8152796042560035,-0.9904999275311626,-1.6157871031954063,0.3024871841193093,-0.5716725128166567,-0.3024871841193093,1.7316643961222453,2.3939797998185104,1.8164703928646646,-0.09358528838052131,-1.6664991613969526,-0.8000458886844419,-1.2740898393217566,-0.24767488561581988
ACH-000569,0.29099828444060294,0.199201324789267,-0.13786023618425697,0.04729175190637022,-0.8605722333646203,-1.9031763053671469,0.3232693974936587,0.3372016251408053,1.1128113175429069,-0.5639222930439726,0.09800310908566955,1.640615800581922,1.235440341561252,1.3467207852382685
ACH-000570,0.24767488561581988,0.3441921913165338,0.7760502810871098,0.3093996404527934,0.994097425556237,0.3652667703167785,-0.9110278462898451,-0.5951332776701089,-0.47827267758225805,1.5997722240383687,-0.10021273153199595,0.83225830855338,-0.4091138123228068,0.9010836231413344
ACH-000571,-0.8091635941232459,0.9869152030865421,0.4150979836847357,1.3043764426955688,1.0926183477238136,-1.053514476181976,-0.05389660210587648,-0.22055544490025863,-0.03188795595915477,0.7760502810871098,1.053514476181976,0.6484921805928574,0.036288108699855263,-0.32095352068442146
ACH-000573,0.543417898162807,0.29099828444060294,-1.0383163332509597,1.3801389729135718,-0.5562057989339743,-0.6953402346145302,0.7408705559340103,0.4416093321019699,1.5540376396994589,-0.5690853120379261,0.3558808140761947,0.6296136839545463,-0.8782195926748022,0.06270677794321385
ACH-000576,-0.4464625511109503,-1.001331297525693,-0.01869086043604103,-1.1334685435697693,0.49808936995031894,0.5181036339972976,-0.4956017206389103,0.36761826351379484,-0.49311713453728256,1.1169046698702836,-0.4635328749382808,-0.6242610786459207,-0.4906355888106408,-0.27497774896900473
ACH-000577,-0.24540823817218774,0.09358528838052117,-0.03848844324292296,0.8214262635717874,-0.7264811491633805,-0.7150770996971557,-1.2593754934254444,-0.8307049118491973,0.4127025430789826,0.09800310908566955,1.3916279593891947,0.8717709721899588,1.9031763053671464,0.1556412739305921
ACH-000579,1.3359092188098454,1.3632395782217357,0.8183490691100319,0.16009401266716566,-1.2992456226917888,-1.1292985086514165,1.0196494644127572,0.24767488561581988,2.077892100777044,-1.0807135329098065,-0.7236213251742154,1.8398553707779408,-1.9168014719289324,-0.8307049118491973
ACH-000580,-0.6484921805928572,0.5742635458221239,-0.133421997906913,0.14008036860853418,0.22280893905460722,0.692542841734797,-0.2772619848505169,0.11348112962967796,0.25107724811358983,0.09579396502978631,0.2749777489690046,1.772474711666923,0.6322967567317324,-0.1868804268224072
ACH-000581,-1.783152983897957,-0.6800208989694217,-1.5919163168159876,2.5300844134039813,0.6731101878164728,0.7193426480737041,0.3888752642829679,1.3521860990673606,-0.7820068867537173,-0.5130808924277176,0.6322967567317324,-1.3359092188098454,-1.330561513178897,-1.1169046698702836
ACH-000583,1.9168014719289317,1.5764927829578514,1.001331297525693,-0.016491723021857998,-1.0308064799022894,-2.138747291002779,2.4794668853016666,1.7619948036750113,1.4272467901741255,-0.7970214110193491,-3.007786556473252,-0.3488619096190471,-1.8769400144253812,-1.216789777201825
ACH-000584,1.5540376396994589,1.0886329293768875,1.023354316375886,1.6935497311286343,-1.8398553707779415,-1.4457561326332704,1.0159585554771338,-0.48073935846966426,0.4832089679002755,0.02528885764264936,-1.194055802718205,-0.3093996404527934,0.007695864528091708,-0.6030262477869939
ACH-000585,0.4956017206389103,-1.0308064799022894,0.29329294516847626,-0.4856815279341637,-0.9311917474947267,-0.6484921805928572,0.24767488561581988,-0.03848844324292296,-0.20032287919934866,0.7554150263604693,-0.06270677794321385,0.6580183876678081,0.16677910569435353,-0.18017199439426004
ACH-000587,0.22055544490025863,-0.5755605084058824,-0.4562007668473,1.180706601148497,-1.3252515904708695,-0.7612776818506835,0.5383276331761137,1.0689599435351733,0.7554150263604693,-0.2567543386616585,-0.4127025430789826,0.6215914776366401,-0.8276041153933821,0.4055303428319633
ACH-000588,1.2941487795873434,0.09689847794579343,-0.05389660210587648,-1.0196494644127572,0.4031442558096748,-0.8717709721899588,0.045090607775225125,0.398378943033161,1.5919163168159876,0.45376219016987956,-1.3801389729135718,0.37940658020709866,0.19359728009563426,-0.2864135425655284
ACH-000589,0.5977601260424784,0.05389660210587648,1.5689196324989263,1.053514476181976,-0.11348112962967796,1.207621247740276,-0.6242610786459207,-0.9552056993359318,-0.41749580855344076,0.04288968208825873,1.3744621740061043,-0.6703548976824086,-1.2497154572329925,-1.1851328811470352
ACH-000591,0.036288108699855263,-0.8338137161324595,0.09358528838052117,1.7366093934766844,-0.7642188383634371,0.13120386939339987,-0.653928463849197,-0.7879913690763187,-0.33255040665749686,1.2593754934254444,0.34886190961904734,2.184202539375764,0.4488931026100073,0.5742635458221239
ACH-000592,-0.8653584018481154,-0.9869152030865421,-0.46843480346397653,0.712240616658132,1.0122814351089962,0.28870515493445215,-1.2214126379128527,-1.3688293262216265,-0.6731101878164727,1.6077281211835148,-0.398378943033161,1.97519860622955,1.4520373218405722,1.1589140334197583
ACH-000593,0.1090562254833252,-0.06270677794321385,0.6043453896483838,1.0728613416500028,-0.9177076724000351,0.10021273153199581,0.16677910569435353,-0.5665019148999157,1.3974419828247846,-1.6322274557352336,1.4520373218405722,0.9517415527940478,-0.9797835324994979,-0.31170706540571
ACH-000595,-0.7065847616387614,-0.7150770996971557,-0.32095352068442146,0.7730822853732383,0.8137477493040163,-0.9177076724000351,0.2048116325051352,-0.5130808924277176,-0.029688116413677534,0.4881570607827634,0.16454992784911962,1.7218995346777688,-0.33255040665749686,-0.9043884250002665
ACH-000596,-1.2401706527892422,-1.4457561326332704,-1.5841574443680622,-1.0270732683507222,-0.6717319053072457,0.24314285086085877,0.3865048558827439,1.049692204225164,0.1090562254833252,-0.5080710616447608,-0.0010993985875358693,-0.5912006833911705,1.2545308418114915,0.29099828444060294
ACH-000597,0.7466693788972909,-0.5898918508060312,-0.7495782208162746,-0.5794572240112413,-0.30478971436541424,0.7236213251742154,0.4881570607827634,1.235440341561252,1.4909869838078207,-0.3070938616355657,-0.8621654280695802,-1.4333620914605663,-1.4457561326332704,0.46108608852533495
ACH-000599,0.03188795595915477,-0.22731933611251867,-0.33487511031897577,0.7150770996971557,-1.0496922042251637,-0.6189262992365707,0.600391105653359,0.3001862564390561,-0.8061169161858521,-0.8479043746064066,0.08034243090807264,-0.25221201319248443,0.3232693974936587,0.42229868545116184
ACH-000601,0.569085312037926,0.08254853290411288,0.1511916189534914,0.03848844324292296,-2.138747291002779,-0.6758705974557163,1.4272467901741255,0.1511916189534914,1.5044865250697583,-0.7094098525076643,-0.04729175190637022,0.0869619532731993,-0.5898918508060312,-0.8152796042560035
ACH-000602,-0.4079187409450348,-0.561346418336008,-1.8051409301306438,-0.7065847616387614,0.8338137161324595,-0.2887051549344523,0.3372016251408053,1.9168014719289317,1.1589140334197583,-1.5182659475558995,-1.7122961530786696,-0.04288968208825873,-0.692542841734797,-0.5807580840085503
ACH-000604,-0.1712399603207008,1.2473185953357961,0.4127025430789826,-0.08254853290411272,0.6030262477869939,-0.25221201319248443,0.4440346342705392,0.0869619532731993,0.19583815857485232,-0.470889987812555,-1.3858606000569538,-0.7894919012223263,-1.3359092188098454,-0.8030777025132918
ACH-000605,-0.045090607775225125,0.34186015008841325,0.17793766577643896,-0.6242610786459207,-0.04288968208825873,2.160916962144917,-0.1712399603207008,0.2590274836562649,-1.8280379276044882,-0.7524934190627787,0.10242284336907109,-1.0689599435351735,-1.5540376396994589,0.4513263088819434
ACH-000606,0.7293469271307469,1.2790564074958748,1.6157871031954063,-0.27611968681983545,-0.9244286998588876,0.005497019514316785,0.8400556357339782,-0.9345892910734802,-0.4331410794324745,-1.9599639845400545,0.7730822853732383,0.26130196788493976,0.8494803943214633,-1.9031763053671469
ACH-000607,-0.9414169552077446,-0.47704042848944356,0.33255040665749686,1.679870800276251,-0.029688116413677534,0.712240616658132,-0.398378943033161,0.6814069363243775,0.7790251288273164,0.4956017206389103,-0.7179193476929423,0.26699412540495254,-1.1418682881513451,0.4758089033276056
ACH-000608,-0.6841829470557181,0.24087871066839917,0.7701210841679732,0.5872772110380802,0.585971396290434,0.8782195926748022,-1.2545308418114915,-0.4488931026100072,-0.35353924775488027,1.4211844024982856,0.5794572240112412,0.16677910569435353,0.09358528838052117,0.5332512786684108
ACH-000609,-0.20032287919934866,-1.0383163332509597,-0.5383276331761137,1.1851328811470352,0.06270677794321385,-0.2635778047071419,-0.42952135053880236,-0.16454992784911948,0.5665019148999156,-0.3888752642829681,0.06491005589443756,1.889895557520506,1.3412954040553924,0.7293469271307469
ACH-000614,0.36997179122512724,0.06931756803149183,0.07593138889596295,-1.0383163332509597,0.133421997906913,0.9010836231413344,-1.0420933076148031,-0.9210629853167462,0.692542841734797,0.37704474771741014,0.17793766577643896,0.6349843890817186,-0.5459683122952278,-1.5689196324989267
ACH-000616,-1.521756218163117,-1.1107716166367854,-2.234676469578731,1.0926183477238136,-0.737980472204168,0.03848844324292296,0.023089417099562953,1.1546211199864427,-0.6648595171258197,1.3199787729048944,-0.6981430794317393,1.4211844024982856,1.180706601148497,0.9077031339772886
ACH-000618,1.0420933076148031,1.4395314709384563,1.5997722240383687,0.33487511031897577,0.7554150263604693,0.7612776818506835,-0.6056655839920606,-1.3974419828247842,-1.0886329293768875,-0.8122178014999129,1.3252515904708695,-0.42470377494533396,-0.737980472204168,0.36761826351379484
ACH-000619,-2.8489799156823237,-2.184202539375764,-1.0308064799022894,0.007695864528091708,1.180706601148497,2.5300844134039813,-2.6565387878196756,-0.7423179201735804,-1.7415972245036333,1.3858606000569538,1.8642920563070784,0.4416093321019699,0.5130808924277176,1.959963984540054
ACH-000620,-1.1763033333991566,-0.3865048558827441,0.0032982010778990064,0.9691784918913408,1.1719227553576743,2.0238804284732894,-1.7122961530786696,-1.8898955575205072,-1.1251480193965842,0.9110278462898453,0.7612776818506835,0.7350965394144469,1.1675645511806783,0.2386158046284212
ACH-000621,0.9077031339772886,1.4211844024982856,1.8519354844002658,0.2864135425655283,-0.03848844324292296,-0.5510798360085835,-0.1690091126132405,-0.4464625511109503,-0.09910785982289917,0.5030739503457283,-2.184202539375764,1.203074819956593,0.04949312519186336,-0.33952996655970646
ACH-000622,0.7037652988990366,-1.3632395782217357,-0.48320896790027573,1.2840547279091354,-0.6512079165600976,-0.9345892910734802,-0.46598243956846025,-0.10905622548332534,0.11790825683843847,1.2890853356658603,-1.0767791384136673,1.0402029655508989,0.07593138889596295,1.6077281211835148
ACH-000623,-0.17347166056165064,-1.3521860990673606,-1.4457561326332704,1.0270732683507222,1.7831529838979576,1.330561513178897,-1.9031763053671469,-1.471233167953552,-0.9517415527940478,2.184202539375764,1.772474711666923,0.9959010077811455,0.49311713453728256,0.9586813467447275
ACH-000624,-1.8898955575205072,-1.0728613416500032,-1.2260617496750101,-0.22280893905460722,2.8489799156823308,2.8489799156823308,-2.5881561522522114,-1.314742400923604,-2.1175815000165468,1.6935497311286343,2.077892100777044,-1.2497154572329925,0.7656918977970075,1.7940385403408106
ACH-000627,-1.0728613416500032,-1.6981805824830807,-1.4395314709384563,0.133421997906913,-0.22280893905460722,0.3959996815356839,-0.15341606674775615,-0.6841829470557181,0.2749777489690046,1.096621196738911,-0.19583815857485246,1.4712331679535513,1.5323398326155173,0.7790251288273164
ACH-000630,-1.4520373218405715,-1.4520373218405715,-1.8769400144253812,0.09800310908566955,0.1511916189534914,0.8653584018481154,-0.6855729307670172,-0.34186015008841325,-0.5357877300556416,0.8400556357339782,0.6648595171258198,-0.22280893905460722,1.6577476036291683,1.8164703928646646
ACH-000631,-0.6869642403069018,-0.8685602224988808,-0.8977886334754037,0.3511996182649021,-0.24314285086085877,0.569085312037926,-0.4319338747899584,-0.3652667703167784,0.21155253799139567,0.6083091460850765,-0.21380162923518106,1.3095418325369654,-0.25221201319248443,1.7028481400008513
ACH-000632,0.023089417099562953,0.6566538597459012,0.06931756803149183,-0.36291729513935617,-1.6753802499246842,-1.5997722240383687,1.203074819956593,0.5898918508060311,2.1175815000165468,0.3465261059114201,-0.12898638622825503,1.2740898393217566,1.1719227553576743,-0.7940042065673266
ACH-000633,-0.5030739503457283,-0.8030777025132918,-0.5600598774313398,0.13786023618425697,0.5768584398705493,1.9909059489640788,0.543417898162807,-0.2567543386616585,0.23183436245300987,-1.2449288778739365,0.6430749951728808,0.07813671986066943,-0.6621193482292986,-0.49311713453728256
ACH-000634,1.3801389729135718,-0.198080020895514,-0.06270677794321385,0.7612776818506835,-0.5768584398705495,-1.194055802718205,0.29099828444060294,-0.14896791903016532,0.7760502810871098,0.5846665799496997,-0.10684457930145627,2.6565387878196796,0.2386158046284212,0.8589812200347285
ACH-000637,-0.8000458886844419,-1.4909869838078214,-0.7236213251742154,-0.6069868348034859,0.43072729929545744,1.959963984540054,-2.160916962144917,-0.9904999275311626,-1.7619948036750106,1.0345541132346794,0.6056655839920606,0.13786023618425697,1.6935497311286343,1.3359092188098454
ACH-000638,-0.4586420594195472,-1.6577476036291676,-1.4583763270590426,-0.7293469271307469,-0.5383276331761137,0.6621193482292987,-0.6855729307670172,0.8463304581395933,-1.9599639845400545,0.5130808924277176,0.6703548976824089,0.9869152030865421,-0.28412343330913126,0.6349843890817186
ACH-000639,0.9379976573047191,-0.4610860885253348,-0.3070938616355657,-0.30594158496632307,-1.1589140334197583,-0.720767407181645,1.2790564074958748,1.6843954831101982,1.330561513178897,-1.6406158005819216,-0.7293469271307469,0.06491005589443756,-0.9709384144355823,-0.9110278462898451
ACH-000645,-0.016491723021857998,0.5794572240112412,-0.3936226596401808,0.10021273153199581,0.226191306811931,0.10242284336907109,-0.21155253799139567,-0.24540823817218774,0.18911842627279238,0.23183436245300987,-0.31632691240551397,1.207621247740276,1.71229615307867,0.737980472204168
ACH-000646,-0.9278049190833462,-1.5540376396994589,0.5256623794275063,-1.2941487795873439,1.1210168225962824,2.0973239031987645,-1.6406158005819216,-1.5182659475558995,-2.262213582661452,1.889895557520506,1.5764927829578514,-0.8030777025132918,0.787991369076319,1.3632395782217357
ACH-000647,-1.3043764426955688,-1.2890853356658603,-0.22168205125817075,0.6471361052960376,-0.4562007668473,0.4416093321019699,0.1578672520464748,0.4684348034639763,-0.10684457930145627,0.7293469271307469,-0.6296136839545463,-0.16232156739215686,-0.13786023618425697,0.2216820512581709
ACH-000648,0.1445227168573773,0.8152796042560035,1.3521860990673606,0.6242610786459207,-2.1175815000165468,-1.4647744820388242,0.4684348034639763,0.2864135425655283,0.4007604618510929,-0.06491005589443756,0.01869086043604089,0.0891692934466064,0.12233769620313222,0.4708899878125548
ACH-000649,-1.8398553707779415,-1.216789777201825,-1.5182659475558995,0.26016455753258605,0.30133652085957624,-1.7028481400008508,0.9177076724000355,1.1719227553576743,1.403303631420883,0.11569440979028714,0.5105743752088904,1.7831529838979576,-0.19135737335186584,0.31401615114926634
ACH-000651,0.45620076684730015,-0.5716725128166567,-0.3406948270877956,0.569085312037926,-0.5820599275295225,-0.8685602224988808,2.2346764695787313,1.8519354844002658,0.7322187075540352,-0.7730822853732383,0.08475503672812082,-1.1589140334197583,-2.234676469578731,-1.1763033333991566
ACH-000652,0.045090607775225125,-0.4956017206389103,-0.27497774896900473,0.182407222834474,-0.2070575519737386,0.4956017206389103,0.6056655839920606,0.07372642716102264,0.16454992784911962,-0.2864135425655284,0.17347166056165078,0.22055544490025863,-1.0159585554771338,-0.11126840522985514
ACH-000653,0.03408794983083929,1.6491212011468943,-0.3232693974936587,1.640615800581922,0.8307049118491973,1.2992456226917888,-0.009894746751426072,0.787991369076319,-0.02748842052851622,0.005497019514316785,-1.7619948036750106,-0.3746850166103579,-0.7849956136784567,-0.4355573858394751
ACH-000654,0.5742635458221239,0.4881570607827634,0.4832089679002755,0.5446926623520526,-0.8214262635717874,-1.883378271827183,2.434502406337297,2.2087363797199484,1.6157871031954063,-1.1675645511806783,-3.3272129920737776,0.36997179122512724,-1.8519354844002662,-1.6935497311286343
ACH-000655,0.12898638622825503,0.014292665362238137,-0.12233769620313222,1.3916279593891947,-0.02748842052851622,-0.5768584398705495,0.3001862564390561,-0.4416093321019698,0.7350965394144469,1.0612055642645124,0.0913770681701393,1.2890853356658603,-0.5155906372996497,0.5820599275295223
ACH-000656,0.5794572240112412,0.2070575519737386,0.028588251179981258,0.9552056993359318,0.020890088246888424,-0.49808936995031894,0.9517415527940478,0.6953402346145302,0.5898918508060311,-0.1556412739305921,-1.511340366291671,-0.9727013494446405,-1.1460985295534751,-0.4007604618510929
ACH-000657,0.8152796042560035,0.8030777025132917,0.3232693974936587,0.4367664924616712,-1.9599639845400545,-1.3412954040553924,1.0846647277930805,1.5841574443680622,3.0077865564732638,-1.427246790174125,-1.0196494644127572,0.1578672520464748,-0.5768584398705495,-0.2692734025006121
ACH-000660,-0.7408705559340103,-0.6566538597459011,-0.7554150263604693,0.5181036339972976,-0.7065847616387614,-1.2497154572329925,1.9031763053671464,2.05921460987167,2.4794668853016666,0.5080710616447608,-2.234676469578731,0.5332512786684108,-0.6593841418798564,-0.42711132363530335
ACH-000661,-1.7940385403408095,-2.05921460987167,-0.8276041153933821,0.5080710616447608,0.22055544490025863,0.5005801054667398,-0.08916929344660626,0.12898638622825503,-0.4416093321019698,0.6869642403069017,0.6229257232100877,1.0402029655508989,0.05389660210587648,-0.33487511031897577
ACH-000662,0.38177053102389175,-0.34186015008841325,-0.8122178014999129,0.9210629853167461,-1.207621247740275,-0.1356407830643558,1.7517049145026056,1.5394920775526066,0.9904999275311626,-1.0270732683507222,-1.2593754934254444,-0.9010836231413344,-1.4211844024982856,-0.8416212335729142
ACH-000663,-0.8814576331714923,-0.8945033623459216,0.9727013494446405,0.5846665799496997,0.720767407181645,0.8494803943214633,-0.8814576331714923,-1.9031763053671469,-0.4635328749382808,0.34186015008841325,1.4395314709384563,-1.4520373218405715,0.10242284336907109,0.553640999069927
ACH-000664,-0.24767488561581988,0.5977601260424784,-1.3801389729135718,-0.2613019678849396,-0.31863936396437514,0.48444487770716366,0.9797835324994979,1.5323398326155173,0.7009514195842119,-0.4031442558096748,-1.4426368146671515,0.024189122744124693,0.01869086043604089,-0.4127025430789826
ACH-000665,-0.05389660210587648,-2.5881561522522114,0.21155253799139567,0.29903638906048396,0.9379976573047191,1.1418682881513451,-1.2449288778739365,-1.975198606229551,-1.6664991613969526,1.0122814351089962,2.0238804284732894,0.01649172302185786,0.6162655099475975,-0.3746850166103579
ACH-000666,-0.9797835324994979,-1.7619948036750106,0.26130196788493976,-0.21155253799139567,-1.0728613416500032,0.5925105295130879,0.11348112962967796,0.7322187075540352,-0.3888752642829681,-0.25221201319248443,1.0159585554771338,-0.743766841141197,-0.6269351360557498,0.8977886334754037
ACH-000667,-2.4794668853016644,-3.3272129920737776,-1.7218995346777684,-0.42952135053880236,0.7909942130952894,0.3001862564390561,-0.5846665799496998,0.8928643423058017,-0.1445227168573773,1.2840547279091354,1.1169046698702836,-0.06270677794321385,0.08254853290411288,-0.21717729877293052
ACH-000668,-1.2449288778739365,0.11458769954491836,-1.3521860990673606,0.9833431160929378,0.005497019514316785,1.6322274557352336,-1.1006416942659187,-0.8463304581395933,-1.5394920775526073,1.189582502828108,2.0973239031987645,1.2593754934254444,0.7264811491633805,1.5689196324989263
ACH-000671,-1.9031763053671469,-0.6953402346145302,-0.21155253799139567,0.32095352068442146,0.692542841734797,1.93079206592976,-0.6215914776366401,0.14008036860853418,1.3199787729048944,-0.11126840522985514,0.5820599275295223,-1.471233167953552,-1.5997722240383687,0.29558915126306257
ACH-000672,-0.4031442558096748,-0.24540823817218774,-1.1763033333991566,-0.0781367198606693,-0.7849956136784567,-1.2593754934254444,-0.126769537138465,0.8653584018481154,-0.12123011471308473,0.9869152030865421,-0.29329294516847637,0.9833431160929378,0.8526387817710663,1.1763033333991566
ACH-000673,-0.997707835414134,-1.93079206592976,-2.077892100777044,0.55877426286374,0.5018266377821731,-0.5951332776701089,0.3511996182649021,1.0728613416500028,0.4150979836847357,0.2658550075342104,-1.40921389662192,1.3858606000569538,-0.5768584398705495,0.6162655099475975
ACH-000676,0.29558915126306257,1.1334685435697693,-0.3372016251408053,1.7218995346777688,-0.3070938616355657,-0.014292665362238275,0.5030739503457283,0.3652667703167785,0.4488931026100073,-0.17570422511146444,-0.9345892910734802,1.6843954831101982,-1.1087365265227942,-0.21717729877293052
ACH-000677,-0.28183481319966286,0.31401615114926634,-0.2635778047071419,0.8847049421535803,-1.2425462488162031,0.14008036860853418,0.005497019514316785,0.1578672520464748,0.06931756803149183,0.1578672520464748,-0.7037652988990366,0.30478971436541424,-0.11348112962967796,0.6967409728285789
ACH-000681,-0.967421566101701,-0.5256623794275063,0.09579396502978631,-0.31401615114926634,-1.3199787729048944,-0.23635411982100163,1.4777538157052024,2.077892100777044,-0.012093676817781196,-0.26813358982999025,0.3070938616355657,-0.7805151403568917,-0.7612776818506835,-0.5951332776701089
ACH-000682,-0.5768584398705495,-0.4055303428319633,-0.6800208989694217,-0.18240722283447414,2.0973239031987645,1.0886329293768875,-1.9599639845400545,-2.208736379719948,-2.323069137904312,0.9691784918913408,1.511340366291671,0.0032982010778990064,1.6491212011468943,2.007120423125531
ACH-000683,-0.9851275883347463,-0.7179193476929423,-0.8830801236504551,-0.11348112962967796,0.1356407830643558,0.9621686139074026,0.7037652988990366,0.6457812190010196,-1.477753815705203,-0.7554150263604693,0.684182947055718,-0.7940042065673266,0.7094098525076643,0.914362659472127
ACH-000684,3.0077865564732638,0.720767407181645,2.05921460987167,-1.3359092188098454,-1.0926183477238136,-1.3974419828247842,0.5181036339972976,-2.5300844134039786,0.17570422511146458,-0.6056655839920606,1.2890853356658603,-0.1556412739305921,0.13786023618425697,-0.4881570607827635
ACH-000685,0.8431888970300973,0.997707835414134,0.7730822853732383,0.8463304581395933,-0.014292665362238275,1.1503493803760079,-0.5951332776701089,-0.6083091460850765,-1.5689196324989267,0.023089417099562953,0.9482887899595908,0.04729175190637022,-1.6753802499246842,-0.0010993985875358693
ACH-000688,1.1963014391468787,2.2087363797199484,0.585971396290434,0.45376219016987956,-1.0364333894937898,-1.5764927829578514,0.6814069363243775,-0.6593841418798564,0.8814576331714923,-0.5925105295130879,0.5459683122952279,0.126769537138465,-0.2544825195929189,-0.6512079165600976
ACH-000693,-0.2635778047071419,-0.42229868545116184,-1.3916279593891947,-0.029688116413677534,-1.6577476036291676,-0.5055709279090783,2.588156152252214,3.3272129920738123,0.9060445351159987,-0.5231394804436903,-0.9727013494446405,-0.5256623794275063,-1.1675645511806783,0.3441921913165338
ACH-000694,0.6539284638491971,-0.34652610591141986,0.4906355888106408,0.600391105653359,-0.10684457930145627,0.25675433866165864,-0.22731933611251867,0.16009401266716566,-0.7065847616387614,0.16454992784911962,0.45620076684730015,-0.15007967622677654,-0.5181036339972976,1.1940558027182056
ACH-000695,1.249715457232992,-0.6056655839920606,0.8589812200347285,0.21380162923518106,-0.7701210841679732,0.5794572240112412,-0.83225830855338,-1.4647744820388242,-0.6841829470557181,0.5105743752088904,-0.666231474605669,0.3232693974936587,0.737980472204168,-0.7701210841679732
ACH-000696,0.5206199068695524,0.7481230085891353,1.3858606000569538,-0.12566134685507402,-1.403303631420883,-1.9599639845400545,1.235440341561252,0.05830112436099074,1.1292985086514165,-1.096621196738911,-0.7612776818506835,-0.126769537138465,-1.0807135329098065,0.020890088246888424
ACH-000697,-0.3794065802070989,-1.1763033333991566,-0.0010993985875358693,0.3805882897619572,1.6664991613969533,0.9110278462898453,-0.83225830855338,0.24314285086085877,0.530718253370961,0.5155906372996497,-0.1712399603207008,0.09800310908566955,-0.3888752642829681,-0.0417892978164538
ACH-000698,-0.45132630888194325,-1.4211844024982856,-0.5105743752088904,0.6030262477869939,-0.4367664924616712,0.3070938616355657,-0.016491723021857998,0.3093996404527934,0.398378943033161,1.6491212011468943,-1.2214126379128527,1.546723953246356,-0.743766841141197,-1.2260617496750101
ACH-000699,-0.4562007668473,2.0412290029455087,-0.42711132363530335,0.6269351360557498,0.040688964142722606,0.25448251959291907,-0.45376219016987945,0.26130196788493976,-0.4031442558096748,0.7250504959319156,0.33022749879480895,0.6390244634612506,-1.8642920563070788,-0.8847049421535803
ACH-000700,0.5080710616447608,1.0420933076148031,-1.1046800621865227,0.7293469271307469,-0.48073935846966426,-1.6406158005819216,0.3441921913165338,0.029688116413677534,1.71229615307867,-0.5872772110380803,0.02528885764264936,0.9043884250002668,-0.5587742628637399,-0.3093996404527934
ACH-000701,1.2890853356658603,1.4062526237581048,0.6758705974557161,-0.5043220460777776,-0.020890088246888563,-0.1723557031392479,0.8198866958893143,-1.2840547279091354,-0.2658550075342102,-2.160916962144917,1.5323398326155173,-1.1292985086514165,0.24314285086085877,-1.731664396122245
ACH-000702,-0.653928463849197,-0.3279063714436698,-0.5690853120379261,0.24767488561581988,-0.4635328749382808,0.6814069363243775,-0.11790825683843847,0.7701210841679732,1.2992456226917888,0.8494803943214633,-0.7408705559340103,1.1940558027182056,0.3441921913165338,-2.3939797998185095
ACH-000704,0.45376219016987956,2.434502406337297,1.0807135329098068,0.6109569661538571,-1.2425462488162031,-1.2354403415612518,0.8338137161324595,-1.216789777201825,1.1985531246455747,-0.5206199068695524,0.24314285086085877,0.41749580855344076,-0.6162655099475975,-0.5332512786684108
ACH-000706,0.5665019148999156,1.2099038506989717,1.1719227553576743,1.4977026374118692,-0.7970214110193491,0.4391866247444289,-0.33255040665749686,0.16677910569435353,-0.8847049421535803,0.55877426286374,0.5332512786684108,-0.5005801054667398,-0.9126939841242694,0.35705232856706715
ACH-000709,2.0412290029455087,0.06270677794321385,1.1006416942659187,-1.40921389662192,0.17793766577643896,-1.35769210342973,0.1801719943942599,-1.525265125876848,-0.09579396502978645,-0.15786725204647467,0.4684348034639763,-0.17012443063505017,0.2160518024972585,-0.10242284336907123
ACH-000711,-0.6621193482292986,0.7524934190627787,-0.3652667703167784,-0.3372016251408053,0.737980472204168,1.3252515904708695,-0.8494803943214633,-0.9656676214735342,-0.3372016251408053,-1.3660291169784808,1.5919163168159876,-0.0010993985875358693,0.14896791903016532,-0.11569440979028714
ACH-000713,0.13786023618425697,-0.2921454225191886,-0.33255040665749686,1.1418682881513451,-0.6457812190010196,0.11790825683843847,-0.7322187075540352,-0.5536409990699268,-1.4977026374118696,1.4333620914605663,0.743766841141197,0.83225830855338,0.5977601260424784,-0.15341606674775615
ACH-000714,0.24087871066839917,-1.1503493803760079,-1.0906234731770659,-0.2160518024972585,-0.7760502810871098,-0.5459683122952278,0.20256674566432126,1.6491212011468943,1.0650747484714616,2.2087363797199484,-0.5820599275295225,1.1128113175429069,-0.2386158046284212,-1.9599639845400545
ACH-000716,-0.6981430794317393,-0.2726949469494098,0.28412343330913115,-0.46598243956846025,-1.4583763270590426,-1.6843954831101975,1.1785021110607337,0.8214262635717874,0.9110278462898453,-0.040688964142722606,-0.9482887899595908,-0.3865048558827441,0.4079187409450348,0.7009514195842119
ACH-000717,-1.511340366291671,-2.0238804284732894,-1.0178022767787656,0.6083091460850765,1.40921389662192,0.9586813467447275,-1.1460985295534751,-0.08254853290411272,-1.2992456226917888,0.3372016251408053,0.5562057989339744,0.42952135053880236,0.30478971436541424,-0.05609872719514376
ACH-000718,-0.41989603625014454,-0.24767488561581988,-0.11569440979028714,-0.15341606674775615,-1.2740898393217566,0.16677910569435353,-1.0159585554771338,0.24540823817218774,-0.126769537138465,0.35822433329829123,1.180706601148497,0.5043220460777779,0.8749907341475217,1.096621196738911
ACH-000719,0.8091635941232459,0.55877426286374,1.3412954040553924,-2.0238804284732894,0.08475503672812082,0.03188795595915477,-0.10684457930145627,-1.8769400144253812,0.162321567392157,-0.03848844324292296,-0.01869086043604103,-0.653928463849197,-0.45132630888194325,-0.289851529166503
ACH-000720,-0.5281886287114783,-0.7408705559340103,-0.6417236485694758,-0.2284476547399025,0.4079187409450348,-1.511340366291671,-0.9143626594721268,0.3936226596401808,-0.7554150263604693,1.1589140334197583,0.6897508578180003,0.4319338747899584,0.720767407181645,1.7218995346777688
ACH-000721,0.6897508578180003,0.3865048558827439,0.007695864528091708,0.2160518024972585,-0.8152796042560035,-0.29329294516847637,1.0689599435351733,1.269154501539727,1.1006416942659187,-1.1418682881513451,-0.9010836231413344,-0.8307049118491973,-2.160916962144917,0.7730822853732383
ACH-000722,-0.4956017206389103,1.5577258683460022,0.9379976573047191,2.6565387878196796,0.3070938616355657,-0.38413661720526454,0.37940658020709866,0.34186015008841325,-0.4881570607827635,-1.084664727793081,0.6162655099475975,-1.4583763270590426,-2.5300844134039786,-1.1546211199864427
ACH-000724,-0.38413661720526454,-1.0270732683507222,-0.8400556357339782,0.7065847616387614,0.7940042065673264,1.1251480193965842,-0.9797835324994979,-0.15341606674775615,-1.6491212011468943,1.2260617496750101,0.6953402346145302,0.8183490691100319,0.01649172302185786,0.1578672520464748
ACH-000725,0.6109569661538571,-0.600391105653359,0.5332512786684108,0.09358528838052117,-0.24540823817218774,-0.24994280625282178,-0.3488619096190471,-0.28183481319966286,-0.8912277173415939,0.0032982010778990064,0.16900911261324064,-0.10242284336907123,0.37940658020709866,-0.5130808924277176
ACH-000732,-1.2691545015397274,-1.9168014719289324,-1.5323398326155178,-0.29788691693055386,2.007120423125531,2.7401908971488735,-2.3939797998185095,-2.5881561522522114,-1.8769400144253812,0.9621686139074026,1.3974419828247846,-0.05830112436099074,1.3688293262216265,0.7760502810871098
ACH-000734,-0.6703548976824086,0.10463345561407526,0.5562057989339744,-0.2070575519737386,-0.023089417099562953,1.1292985086514165,0.8494803943214633,0.8558056976363998,-0.0781367198606693,-0.5820599275295225,0.8338137161324595,-2.740190897148869,-1.9031763053671469,-0.7849956136784567
ACH-000735,0.6744897501960817,0.5716725128166565,0.8152796042560035,-0.33952996655970646,-0.47827267758225805,-0.0737264271610225,0.5105743752088904,-2.323069137904312,-1.511340366291671,-0.0076958645280918465,0.43434891564061573,-0.6430749951728808,1.40921389662192,0.27041356511146836
ACH-000736,0.28183481319966275,0.8400556357339782,0.36761826351379484,1.4843379083716661,-0.7790251288273163,-0.35353924775488027,0.23635411982100163,-0.016491723021857998,-0.4856815279341637,0.012093676817781056,0.7524934190627787,-0.42711132363530335,-0.530718253370961,1.4647744820388247
ACH-000738,-1.0926183477238136,-0.43918662474442877,-0.8830801236504551,0.6897508578180003,-0.3232693974936587,-0.9110278462898451,0.6648595171258198,0.6376766160079513,0.6189262992365707,1.5689196324989263,-0.737980472204168,1.8164703928646646,0.38413661720526443,1.6753802499246846
ACH-000739,-1.5997722240383687,-0.2864135425655284,-1.1503493803760079,1.207621247740276,1.97519860622955,2.434502406337297,0.0869619532731993,-0.7423179201735804,-0.5408710138672532,-0.24540823817218774,2.007120423125531,-2.5881561522522114,-1.5764927829578514,-0.3372016251408053
ACH-000740,0.2386158046284212,1.0364333894937898,0.3723273700334455,1.2992456226917888,-1.0049679545269972,0.00109939858753573,-0.0759313888959628,-0.2909982844406031,-0.7264811491633805,0.24540823817218774,0.5281886287114783,-0.3523691919070915,-0.05169473834966144,0.133421997906913
ACH-000741,-0.6056655839920606,-0.41389996650499333,0.16009401266716566,-1.5182659475558995,1.4333620914605663,0.44646255111095046,-0.7495782208162746,-0.8338137161324595,-0.31401615114926634,-0.016491723021857998,0.6593841418798565,-0.29329294516847637,-0.22393610986194148,-0.2025667456643214
ACH-000746,-2.05921460987167,-0.8621654280695802,-2.0973239031987645,-0.3805882897619572,0.553640999069927,0.5977601260424784,0.5639222930439727,1.1829168441908855,1.023354316375886,0.553640999069927,-0.38177053102389197,-0.3279063714436698,0.34186015008841325,1.1046800621865227
ACH-000747,-0.36761826351379506,0.6269351360557498,0.41749580855344076,0.06491005589443756,-1.751704914502605,-1.5394920775526073,0.9691784918913408,1.063138166892302,1.4520373218405722,0.997707835414134,-1.1546211199864427,0.6322967567317324,-0.1356407830643558,1.3974419828247846
ACH-000748,0.34886190961904734,0.07813671986066943,-1.5540376396994589,0.21155253799139567,-0.470889987812555,-0.10021273153199595,-0.04288968208825873,-0.18911842627279252,0.45376219016987956,1.6753802499246846,-0.2340936433721047,2.2346764695787313,0.5332512786684108,1.5841574443680622
ACH-000749,0.040688964142722606,0.49311713453728256,-0.5005801054667398,1.5323398326155173,-0.824511255955517,-1.0807135329098065,0.914362659472127,1.330561513178897,1.1460985295534751,-0.8961447888982289,-1.2840547279091354,-0.4079187409450348,-1.3916279593891947,-1.0086179513174214
ACH-000753,-0.6430749951728808,-0.7730822853732383,-2.160916962144917,-0.10684457930145627,-0.8977886334754037,0.10684457930145613,0.5912006833911705,0.5768584398705493,0.7730822853732383,0.7495782208162746,-0.48320896790027573,1.0345541132346794,-0.5846665799496998,-0.48320896790027573
ACH-000754,0.7495782208162746,-0.10242284336907123,0.4488931026100073,0.31170706540571,-0.42470377494533396,-0.36056982157377676,0.2658550075342104,1.4777538157052024,0.017591281094565297,0.26357780470714204,-0.9586813467447275,-0.09137706817013944,-0.8589812200347285,-1.783152983897957
ACH-000756,1.2214126379128531,-0.1712399603207008,-0.47334801394315534,-0.27954766832994066,-0.16677910569435336,-1.6491212011468943,0.4416093321019699,0.5716725128166565,1.0196494644127572,0.05169473834966144,-0.34186015008841325,1.3043764426955688,-0.6953402346145302,-0.7671666205857572
ACH-000757,1.214488067996174,-0.3093996404527934,1.1128113175429069,-0.1356407830643558,-1.6322274557352336,-0.7940042065673266,0.2183030702235295,0.55877426286374,0.8912277173415939,0.3093996404527934,-0.2567543386616585,-0.5872772110380803,-0.6814069363243779,-0.5383276331761137
ACH-000758,-1.1251480193965842,-0.0010993985875358693,-0.9482887899595908,-0.5434178981628068,0.51936135938285,0.07813671986066943,0.02528885764264936,0.182407222834474,0.9414169552077446,0.0913770681701393,-1.0807135329098065,0.13120386939339987,2.3939797998185104,1.3801389729135718
ACH-000760,0.5613464183360082,0.8494803943214633,1.1376583823177633,2.077892100777044,-0.45376219016987945,-0.824511255955517,-0.4610860885253348,0.4031442558096748,0.5231394804436903,0.28412343330913115,-0.9762363202907715,1.0650747484714616,-0.31863936396437514,0.8307049118491973
ACH-000762,-1.2121927750612842,0.29558915126306257,-0.19583815857485246,-0.35353924775488027,-0.6083091460850765,0.49311713453728256,0.26357780470714204,-1.1210168225962824,-0.22055544490025863,-0.28183481319966286,0.41989603625014454,0.4452482646105589,0.7293469271307469,-0.11790825683843847
ACH-000763,1.741597224503634,0.23748481037633742,-0.3699717912251274,0.5130808924277176,-0.7730822853732383,-1.1546211199864427,0.5256623794275063,1.0270732683507222,1.4395314709384563,0.6981430794317393,-0.8030777025132918,0.19808002089551385,-1.4520373218405715,-1.203074819956593
ACH-000764,0.4881570607827634,0.5898918508060311,0.06711364899267981,0.01649172302185786,-0.5459683122952278,-1.2307375139697694,0.5155906372996497,0.2183030702235295,2.138747291002779,-1.0086179513174214,-0.10905622548332534,1.1376583823177633,-0.060503804356206815,0.24314285086085877
ACH-000765,-0.1511916189534914,-0.126769537138465,-1.1251480193965842,-0.16677910569435336,-0.4416093321019698,-1.1460985295534751,1.6577476036291683,0.7909942130952894,1.1169046698702836,-0.2704135651114682,-1.0159585554771338,2.8489799156823308,-0.19695896599698806,-0.9552056993359318
ACH-000766,-0.9177076724000351,0.4684348034639763,-0.6869642403069018,-0.692542841734797,-0.2864135425655284,0.27269494694940966,-0.33487511031897577,0.8307049118491973,-0.48073935846966426,-0.03408794983083929,0.55877426286374,-0.5742635458221241,-0.18464336299896028,-0.23748481037633762
ACH-000767,1.8280379276044878,0.27269494694940966,-0.06711364899267981,2.05921460987167,-0.0010993985875358693,-0.6376766160079513,0.28870515493445215,0.3605698215737769,-0.42711132363530335,1.4488895818026868,-1.525265125876848,0.4391866247444289,-0.45376219016987945,-0.08696195327319917
ACH-000768,-0.060503804356206815,0.543417898162807,-0.49808936995031894,0.3805882897619572,-1.7940385403408095,-1.6239524138818737,-0.34186015008841325,-0.03188795595915477,0.553640999069927,1.207621247740276,0.29558915126306257,1.5323398326155173,0.4127025430789826,2.6565387878196796
ACH-000769,1.6664991613969533,0.005497019514316785,0.6430749951728808,0.6215914776366401,-1.3744621740061043,-0.8653584018481154,1.525265125876848,1.1169046698702836,0.9379976573047191,-1.4583763270590426,-1.0926183477238136,-0.11348112962967796,-0.8000458886844419,-0.6676046872592142
ACH-000770,-1.2790564074958748,1.1292985086514165,-1.0573522020432222,1.7831529838979576,1.5182659475558995,1.640615800581922,-1.975198606229551,0.12233769620313222,0.36997179122512724,1.0420933076148031,-0.8782195926748022,-0.6841829470557181,-0.9193840350404713,0.6869642403069017
ACH-000771,-2.740190897148869,-0.9691784918913408,-1.2449288778739365,0.6981430794317393,2.0412290029455087,2.6565387878196796,-3.007786556473252,-2.4345024063372955,-2.184202539375764,2.3230691379043127,2.3230691379043127,-0.4758089033276058,3.0077865564732638,2.2915811443328766
ACH-000773,1.4272467901741255,0.37940658020709866,-0.5639222930439726,-0.05830112436099074,-1.7415972245036333,-0.8494803943214633,0.11569440979028714,1.7517049145026056,1.9909059489640788,0.31863936396437514,-1.6322274557352336,0.6512079165600977,-0.10684457930145627,-0.824511255955517
ACH-000774,-0.27497774896900473,-1.6664991613969526,-0.17570422511146444,-0.6215914776366401,0.43434891564061573,1.1046800621865227,-1.3412954040553924,-1.084664727793081,-1.0383163332509597,0.9177076724000355,1.5394920775526066,1.1460985295534751,1.1210168225962824,0.5231394804436903
ACH-000775,0.199201324789267,0.5639222930439727,-0.7094098525076643,1.7366093934766844,-0.25902748365626477,0.3558808140761947,-0.8030777025132918,-0.10684457930145627,-0.16232156739215686,1.5540376396994589,0.4416093321019699,0.05830112436099074,-0.11569440979028714,0.8214262635717874
ACH-000776,1.1334685435697693,0.7037652988990366,1.2890853356658603,0.4079187409450348,0.33255040665749686,-0.15786725204647467,-1.5394920775526073,-0.3441921913165336,-1.8398553707779415,0.7408705559340103,0.5716725128166565,0.07593138889596295,-1.0573522020432222,0.7350965394144469
ACH-000777,-0.9517415527940478,0.045090607775225125,-0.3441921913165336,-0.870164476037764,1.3632395782217357,1.35769210342973,-1.1418682881513451,-1.2691545015397274,-2.0412290029455087,1.001331297525693,0.7583430960005929,-0.5408710138672532,2.077892100777044,2.0238804284732894
ACH-000778,-0.8782195926748022,-0.33487511031897577,-0.9586813467447275,-0.34652610591141986,-0.8463304581395933,-1.4583763270590426,1.6239524138818737,1.2214126379128531,0.1556412739305921,-0.12455331087314676,-1.1169046698702836,0.9552056993359318,1.5044865250697583,-0.026388623126804504
ACH-000781,0.14008036860853418,0.41150571110325435,0.4782726775822579,-0.4416093321019698,-1.1873547534130022,0.7009514195842119,0.13786023618425697,-0.4079187409450348,0.6731101878164728,-0.045090607775225125,2.2915811443328766,-0.2567543386616585,-0.5639222930439726,-0.16454992784911948
ACH-000782,-0.8338137161324595,-1.1251480193965842,-0.7150770996971557,1.0670153327128908,0.126769537138465,-0.45376219016987945,0.2070575519737386,1.4395314709384563,0.4795056533309502,0.5613464183360082,-0.9210629853167462,-0.6814069363243779,-1.1719227553576743,-0.08475503672812068
ACH-000783,0.8814576331714923,0.38413661720526443,-0.5030739503457283,0.25448251959291907,-0.43918662474442877,0.6242610786459207,0.08034243090807264,-0.25902748365626477,0.1467449554865486,0.630954652572135,0.10021273153199581,1.0689599435351733,-0.42229868545116184,-0.8637608141945027
ACH-000784,0.4440346342705392,-0.5665019148999157,0.5030739503457283,0.7524934190627787,0.5742635458221239,1.0122814351089962,-1.9451711242093468,-0.8030777025132918,-0.060503804356206815,0.41989603625014454,0.7671666205857572,0.43434891564061573,0.914362659472127,0.5951332776701089
ACH-000785,-0.5080710616447608,-1.4647744820388242,-0.18911842627279252,-0.5357877300556416,1.0458852068138909,1.4647744820388247,-1.4520373218405715,-0.4055303428319633,-1.4520373218405715,0.42229868545116184,0.17123996032070093,0.05389660210587648,-0.3070938616355657,0.6056655839920606
ACH-000787,-2.0071204231255315,-0.7554150263604693,-2.740190897148869,-0.9345892910734802,0.6484921805928574,1.2307375139697694,-0.5005801054667398,0.6403734728270288,-0.4127025430789826,0.10021273153199581,0.1090562254833252,-0.4150979836847357,1.0728613416500028,1.2167897772018257
ACH-000788,-0.6897508578180003,-0.060503804356206815,-0.09579396502978645,0.5898918508060311,-0.9110278462898451,-1.0728613416500032,1.9168014719289317,1.2992456226917888,2.5300844134039813,-1.4647744820388242,-0.6269351360557498,0.9379976573047191,-0.9482887899595908,-1.8519354844002662
ACH-000790,1.403303631420883,0.8000458886844416,0.4031442558096748,1.264249885119522,-0.6648595171258197,-0.8621654280695802,0.9482887899595908,0.49311713453728256,0.0913770681701393,-0.3024871841193093,-1.1895825028281073,0.7730822853732383,-1.0926183477238136,-2.0071204231255315
ACH-000791,-1.521756218163117,-1.8280379276044882,-1.1006416942659187,-0.4464625511109503,-0.9210629853167462,0.6953402346145302,-1.1895825028281073,-0.11569440979028714,-2.5300844134039786,1.6664991613969533,0.5130808924277176,2.2087363797199484,1.1006416942659187,1.3095418325369654
ACH-000792,-1.7724747116669224,-0.2081809027825047,-1.203074819956593,0.30594158496632323,-0.2692734025006121,1.001331297525693,-1.377295025366218,0.1090562254833252,0.8479043746064068,0.5742635458221239,-0.06491005589443756,1.235440341561252,-0.36056982157377676,0.997707835414134
ACH-000793,-1.096621196738911,-0.8463304581395933,-0.42229868545116184,0.9727013494446405,-0.0032982010778991456,-0.1935972800956344,1.053514476181976,0.93458929107348,-0.005497019514316924,-0.5055709279090783,0.7236213251742154,0.2806910572267692,-0.20930451635983457,0.43434891564061573
ACH-000794,-1.8769400144253812,-1.35769210342973,-1.6664991613969526,-0.6841829470557181,2.434502406337297,3.0077865564732638,-2.740190897148869,-2.138747291002779,-1.9451711242093468,1.4395314709384563,2.588156152252214,-0.38177053102389197,3.3272129920738123,2.588156152252214
ACH-000796,-1.1169046698702836,-1.0767791384136673,-0.5130808924277176,0.4488931026100073,-0.351199618264902,0.111268405229855,0.9621686139074026,0.3465261059114201,-0.03848844324292296,0.6056655839920606,0.38413661720526443,-0.5510798360085835,0.46353287493828105,-0.3279063714436698
ACH-000798,-0.9621686139074026,0.6215914776366401,0.9311917474947266,1.4272467901741255,2.5300844134039813,1.180706601148497,-1.216789777201825,-1.93079206592976,-0.8307049118491973,-0.11569440979028714,1.5997722240383687,-2.138747291002779,0.6953402346145302,0.24994280625282192
ACH-000799,-0.2386158046284212,-1.203074819956593,0.5742635458221239,0.37704474771741014,2.1175815000165468,0.4881570607827634,-1.3043764426955688,-0.8749907341475217,-2.0238804284732894,0.4513263088819434,0.4708899878125548,0.36761826351379484,0.8463304581395933,0.029688116413677534
ACH-000800,0.7849956136784568,0.7236213251742154,-0.9552056993359318,1.5540376396994589,-1.264249885119523,0.5218792795289048,-0.8276041153933821,0.133421997906913,0.045090607775225125,0.133421997906913,-0.9244286998588876,1.5394920775526066,-0.43434891564061573,1.0573522020432227
ACH-000801,0.7940042065673264,0.6758705974557161,0.8400556357339782,1.525265125876848,-0.5794572240112413,-0.6731101878164727,-0.5155906372996497,0.10463345561407526,0.0032982010778990064,-0.0737264271610225,0.012093676817781056,2.0412290029455087,-0.0076958645280918465,-0.25107724811358983
ACH-000802,-1.001331297525693,-0.5005801054667398,-0.09800310908566968,-0.4079187409450348,-0.17793766577643882,1.1169046698702836,-0.5408710138672532,1.3199787729048944,-0.31863936396437514,-1.595831959558628,-0.6512079165600976,0.08254853290411288,-0.08254853290411272,1.6664991613969533
ACH-000804,1.5044865250697583,-0.3232693974936587,0.18688042682240702,0.8879616072736423,-0.9077031339772884,-1.883378271827183,0.31401615114926634,0.6621193482292987,1.3521860990673606,-0.5485222826980979,-0.1467449554865486,0.543417898162807,-0.4440346342705391,0.5639222930439727
ACH-000805,0.8621654280695802,0.7612776818506835,0.060503804356206815,1.71229615307867,-0.5206199068695524,-0.31170706540571,-0.16677910569435336,1.1985531246455747,1.6664991613969533,-0.10684457930145627,-0.2160518024972585,0.3936226596401808,-0.8879616072736423,-0.6814069363243779
ACH-000807,-0.23183436245300987,0.2590274836562649,0.8558056976363998,0.9244286998588873,0.16900911261324064,0.04288968208825873,-0.3699717912251274,-0.5383276331761137,0.25107724811358983,0.01649172302185786,0.1201226819205549,0.5510798360085837,-0.7701210841679732,0.18352517820603975
ACH-000809,-0.7909942130952893,-1.3916279593891947,-0.9833431160929378,-0.2025667456643214,-0.33487511031897577,-0.040688964142722606,0.4956017206389103,2.0973239031987645,0.55877426286374,-0.720767407181645,-0.2613019678849396,0.02748842052851622,-0.3093996404527934,-0.5357877300556416
ACH-000810,-0.08916929344660626,0.5459683122952279,0.14008036860853418,1.1719227553576743,-1.504486525069759,-1.6577476036291676,0.9278049190833458,0.28183481319966275,2.2346764695787313,0.22957626427974412,-0.12233769620313222,1.2941487795873434,-0.5434178981628068,-0.20593446239374766
ACH-000811,-0.0693175680314917,-1.415173801571812,-0.5951332776701089,1.2545308418114915,-0.4956017206389103,-0.03188795595915477,-0.2635778047071419,-0.5872772110380803,0.22506356525517032,-0.20930451635983457,0.41749580855344076,2.7401908971488735,-0.126769537138465,1.2790564074958748
ACH-000817,1.6843954831101982,0.8061169161858519,0.37940658020709866,0.6676046872592143,-0.045090607775225125,-0.9379976573047194,-0.060503804356206815,0.7970214110193488,0.737980472204168,-0.36761826351379506,-0.5485222826980979,0.9448472953663021,-2.740190897148869,-1.4457561326332704
ACH-000819,-1.1719227553576743,0.6593841418798565,-0.9656676214735342,2.3751070841947692,-0.33255040665749686,-0.5690853120379261,0.18688042682240702,0.7264811491633805,0.4856815279341636,0.600391105653359,-0.38413661720526454,1.4395314709384563,-0.4031442558096748,0.07152182381554832
ACH-000820,0.4586420594195474,0.04729175190637022,1.2545308418114915,1.8051409301306434,0.2590274836562649,0.7322187075540352,0.7642188383634371,-0.4856815279341637,-0.28183481319966286,-1.3199787729048944,0.111268405229855,-1.1397608101928185,-0.7466693788972909,-1.5182659475558995
ACH-000821,0.6607511271402553,0.16677910569435353,-0.16677910569435336,0.36997179122512724,-0.133421997906913,0.3888752642829679,-0.7790251288273163,-0.16677910569435336,0.05499763131262073,1.235440341561252,-1.001331297525693,1.1334685435697693,0.4782726775822579,-0.736537740079714
ACH-000822,0.5130808924277176,-0.6512079165600976,-0.4007604618510929,1.0159585554771338,1.7218995346777688,0.37468501661035775,-1.731664396122245,-1.4909869838078214,-1.3858606000569538,0.7150770996971557,1.0926183477238136,2.007120423125531,1.511340366291671,0.15341606674775615
ACH-000823,0.914362659472127,-0.5925105295130879,0.4856815279341636,-0.29329294516847637,-0.34652610591141986,-0.24767488561581988,0.22055544490025863,-0.014292665362238275,-0.6109569661538571,0.5281886287114783,-0.2772619848505169,-0.6593841418798564,-1.1334685435697693,1.4583763270590433
ACH-000824,-0.2772619848505169,0.6676046872592143,-1.216789777201825,0.4586420594195474,0.23748481037633742,0.7701210841679732,0.7009514195842119,1.0049679545269972,-0.8400556357339782,-0.8879616072736423,0.33952996655970646,-1.3688293262216265,-1.4843379083716668,-1.35769210342973
ACH-000826,-1.5689196324989267,-0.3794065802070989,-0.9869152030865421,0.83225830855338,-0.5977601260424784,0.08475503672812082,0.9210629853167461,1.023354316375886,-0.737980472204168,-0.692542841734797,0.007695864528091708,-1.3744621740061043,-0.16454992784911948,2.3570442297684577
ACH-000827,-0.8749907341475217,-1.8051409301306438,-1.2497154572329925,-0.03408794983083929,0.0032982010778990064,-1.3858606000569538,0.19808002089551385,0.5055709279090783,1.2890853356658603,0.43434891564061573,-0.5459683122952278,1.3801389729135718,0.7350965394144469,1.4977026374118692
ACH-000829,-0.08475503672812068,0.23183436245300987,0.7350965394144469,1.2593754934254444,-0.6593841418798564,-1.2121927750612842,1.959963984540054,1.8164703928646646,1.4712331679535513,0.12233769620313222,-2.5881561522522114,0.182407222834474,-1.1169046698702836,-1.330561513178897
ACH-000831,0.18464336299896014,1.9031763053671464,0.2864135425655283,1.0612055642645124,-0.5587742628637399,-0.9278049190833462,1.189582502828108,1.244928877873936,1.0728613416500028,-1.5540376396994589,-0.4586420594195472,0.28870515493445215,-2.8489799156823237,-0.6911461763255707
ACH-000832,-0.8589812200347285,-1.023354316375886,-0.5977601260424784,1.8280379276044878,-0.16232156739215686,1.511340366291671,-0.7408705559340103,-0.8526387817710663,-1.4395314709384563,0.7642188383634371,0.6269351360557498,0.8000458886844416,1.8642920563070784,1.4457561326332704
ACH-000833,0.3876897877871037,1.312137680736437,0.8621654280695802,0.787991369076319,-1.975198606229551,-0.4464625511109503,0.37704474771741014,-0.10242284336907123,0.2160518024972585,0.2590274836562649,-0.19135737335186584,0.5281886287114783,-0.9043884250002665,1.5764927829578514
ACH-000834,0.6457812190010196,1.1675645511806783,0.9762363202907715,-1.8398553707779415,1.6491212011468943,0.7642188383634371,-0.7037652988990366,-1.6577476036291676,-0.6869642403069018,-1.001331297525693,2.6565387878196796,-0.8847049421535803,0.005497019514316785,-0.3959996815356839
ACH-000835,0.5459683122952279,2.138747291002779,-0.1467449554865486,-0.3488619096190471,-2.5300844134039786,-2.262213582661452,1.5997722240383687,1.2840547279091354,0.7236213251742154,-1.207621247740275,-1.1719227553576743,0.7037652988990366,-0.3151713214155334,0.33022749879480895
ACH-000836,0.44646255111095046,-0.09800310908566968,0.0913770681701393,-0.8000458886844419,-0.2025667456643214,-0.9517415527940478,1.4977026374118692,0.5977601260424784,-0.08916929344660626,-0.2160518024972585,-0.5080710616447608,0.7583430960005929,-0.613609076561029,0.7524934190627787
ACH-000837,-0.46598243956846025,0.2795476683299405,-0.41030946828115844,-0.3652667703167784,-1.5323398326155178,-0.005497019514316924,0.994097425556237,0.33022749879480895,0.5639222930439727,-0.7760502810871098,0.32095352068442146,-0.198080020895514,-0.012093676817781196,0.08475503672812082
ACH-000838,1.1210168225962824,0.8214262635717874,0.45620076684730015,1.249715457232992,-0.8353711435721113,-1.1763033333991566,1.3467207852382685,1.3632395782217357,1.0383163332509597,-0.01869086043604103,-1.6406158005819216,-0.997707835414134,-0.9517415527940478,-0.8061169161858521
ACH-000839,0.26130196788493976,-0.8542211687923523,-1.2121927750612842,-0.41989603625014454,0.7730822853732383,1.053514476181976,-1.8398553707779415,-1.1719227553576743,-1.8164703928646655,1.2992456226917888,0.9586813467447275,-0.12455331087314676,1.640615800581922,0.3865048558827439
ACH-000840,-0.2160518024972585,-0.8416212335729142,-0.8685602224988808,-0.470889987812555,-1.1292985086514165,-0.08916929344660626,0.3605698215737769,0.6430749951728808,1.244928877873936,0.6897508578180003,-0.5846665799496998,0.7094098525076643,1.023354316375886,0.3936226596401808
ACH-000841,-0.5206199068695524,-0.023089417099562953,-1.264249885119523,1.0573522020432227,-1.8519354844002662,0.37704474771741014,0.6349843890817186,1.1503493803760079,0.42229868545116184,0.07372642716102264,-0.15341606674775615,-0.47334801394315534,-1.2840547279091354,0.38177053102389175
ACH-000843,0.600391105653359,-0.49808936995031894,-1.207621247740275,-0.16232156739215686,-0.7909942130952893,-0.0032982010778991456,0.8307049118491973,1.889895557520506,1.3916279593891947,-0.8152796042560035,-0.743766841141197,-0.46843480346397653,-0.9621686139074026,-0.31863936396437514
ACH-000845,-1.1503493803760079,-1.4843379083716668,-1.3688293262216265,-0.8030777025132918,-0.9797835324994979,0.5716725128166565,-0.18911842627279252,1.35769210342973,-0.6056655839920606,1.1251480193965842,0.2386158046284212,-0.13120386939339987,-0.5485222826980979,0.2048116325051352
ACH-000846,-0.38177053102389197,-0.22957626427974412,-1.1128113175429069,0.7350965394144469,0.20930451635983457,0.17347166056165078,0.6869642403069017,0.5231394804436903,-0.3093996404527934,0.3652667703167785,-0.32558700939032037,-0.09800310908566968,-1.3744621740061043,0.8494803943214633
ACH-000847,0.8526387817710663,0.22055544490025863,-0.36056982157377676,0.743766841141197,-1.6406158005819216,0.2340936433721047,1.2545308418114915,2.138747291002779,1.1087365265227942,-0.7264811491633805,-1.0420933076148031,-0.5206199068695524,-3.3272129920737776,-0.4319338747899584
ACH-000848,-1.1418682881513451,-1.40921389662192,-1.7028481400008508,0.41030946828115844,0.04949312519186336,0.8183490691100319,0.3070938616355657,0.7293469271307469,0.28870515493445215,-0.13120386939339987,1.1376583823177633,0.26699412540495254,-1.504486525069759,-0.8338137161324595
ACH-000849,-0.020890088246888563,-0.1868804268224072,-0.014292665362238275,0.33022749879480895,-0.10905622548332534,0.5459683122952279,-0.8122178014999129,-0.3558808140761946,-0.11348112962967796,1.053514476181976,0.5155906372996497,-0.1935972800956344,0.3070938616355657,0.33255040665749686
ACH-000851,-1.3744621740061043,-0.8494803943214633,0.5206199068695524,-0.1723557031392479,-0.9727013494446405,2.0412290029455087,-0.19135737335186584,-0.38177053102389197,-1.1632284115355502,-0.0693175680314917,1.6322274557352336,-1.6322274557352336,-0.9193840350404713,-1.1985531246455747
ACH-000853,-0.4881570607827635,-0.2658550075342102,-0.5742635458221241,0.5562057989339744,0.02528885764264936,0.8338137161324595,-0.2613019678849396,0.29788691693055386,0.3959996815356839,1.3252515904708695,0.46598243956846,0.1511916189534914,-0.997707835414134,1.1006416942659187
ACH-000855,-1.2354403415612518,0.3221112431421568,-1.3744621740061043,-0.26813358982999025,-1.0807135329098065,-0.46598243956846025,1.1985531246455747,1.2593754934254444,0.4031442558096748,-1.477753815705203,-0.28183481319966286,-0.019790462376635055,-0.6484921805928572,0.3605698215737769
ACH-000856,-1.7028481400008508,-1.5689196324989267,-1.4977026374118696,0.6296136839545463,0.44646255111095046,2.3939797998185104,-0.9177076724000351,0.020890088246888424,-0.6758705974557163,1.314742400923604,0.26357780470714204,0.47334801394315523,-1.6157871031954063,1.6157871031954063
ACH-000858,-1.9599639845400545,-0.8152796042560035,-1.8164703928646655,0.24540823817218774,1.2593754934254444,1.8398553707779408,-0.6676046872592142,0.45620076684730015,-1.2260617496750101,0.33255040665749686,1.6577476036291683,-1.2941487795873439,-0.4319338747899584,0.5357877300556416
ACH-000859,-1.975198606229551,0.040688964142722606,-0.11348112962967796,2.588156152252214,-0.32095352068442146,-0.198080020895514,0.3024871841193093,0.06931756803149183,-0.9043884250002665,0.8030777025132917,0.8653584018481154,1.2401706527892427,0.6814069363243775,0.0869619532731993
ACH-000860,-0.42229868545116184,0.41150571110325435,0.182407222834474,0.29558915126306257,-1.7724747116669224,-0.6593841418798564,0.39124785972875387,0.8091635941232459,-0.5794572240112413,-1.023354316375886,-0.2704135651114682,-0.016491723021857998,-1.0326784836034104,0.8091635941232459
ACH-000861,-0.5055709279090783,0.6539284638491971,-1.403303631420883,-0.0693175680314917,-0.8091635941232459,-1.1107716166367854,1.1292985086514165,0.8494803943214633,0.27041356511146836,0.009894746751425933,0.20144468564914078,1.3521860990673606,0.07813671986066943,-1.2890853356658603
ACH-000862,0.3511996182649021,0.36761826351379484,-0.11126840522985514,0.8749907341475217,0.00109939858753573,-0.4562007668473,-0.5281886287114783,0.014292665362238137,-0.1511916189534914,-0.1712399603207008,-0.2386158046284212,0.6897508578180003,0.32558700939032037,1.1829168441908855
ACH-000863,1.4909869838078207,1.4615679256432437,1.4909869838078207,2.434502406337297,0.5510798360085837,0.6897508578180003,-1.477753815705203,-2.6565387878196756,-0.25902748365626477,0.8076393180658424,1.1251480193965842,1.2545308418114915,0.27269494694940966,0.8431888970300973
ACH-000864,1.0308064799022894,1.0049679545269972,1.0650747484714616,1.8769400144253807,0.24767488561581988,1.1087365265227942,-1.8642920563070788,-0.9077031339772884,-1.023354316375886,0.37468501661035775,-0.1046334556140754,-0.6269351360557498,0.14230119170291788,1.640615800581922
ACH-000865,-0.9379976573047194,0.6648595171258198,-0.8091635941232459,-0.9448472953663021,-1.6843954831101975,-0.41030946828115844,2.3939797998185104,1.203074819956593,0.8431888970300973,-2.0071204231255315,-1.1376583823177633,0.22280893905460722,-0.4464625511109503,-0.7322187075540352
ACH-000866,0.9904999275311626,-0.3372016251408053,-0.8214262635717874,0.5294530175447887,0.33952996655970646,0.4782726775822579,-0.9482887899595908,0.543417898162807,-0.5281886287114783,2.3570442297684577,-0.016491723021857998,0.45620076684730015,-0.3794065802070989,1.2740898393217566
ACH-000867,-0.8122178014999129,0.009894746751425933,-0.6296136839545463,1.5044865250697583,2.184202539375764,2.007120423125531,-1.5540376396994589,-0.16009401266716553,-0.14008036860853418,0.3723273700334455,0.16009401266716566,0.12898638622825503,-0.8685602224988808,-0.22957626427974412
ACH-000869,-1.1895825028281073,-0.5130808924277176,0.5383276331761137,0.4162965969284969,-0.6403734728270288,-0.9210629853167462,-0.41030946828115844,0.1445227168573773,-0.19247720601206122,2.0412290029455087,-0.11569440979028714,0.6430749951728808,0.5472448513028344,0.3093996404527934
ACH-000871,-1.2840547279091354,-2.262213582661452,-1.0767791384136673,0.7642188383634371,0.03408794983083929,0.5562057989339744,-0.08475503672812068,0.8030777025132917,-0.8589812200347285,1.0573522020432227,-0.6731101878164727,0.3070938616355657,1.096621196738911,0.2340936433721047
ACH-000872,-0.2613019678849396,-1.0122814351089962,1.049692204225164,-0.48320896790027573,-1.1026586303989045,0.3279063714436698,0.26813358982999036,0.27269494694940966,-0.38177053102389197,0.26813358982999036,0.613609076561029,-0.8214262635717874,-0.1511916189534914,-0.7466693788972909
ACH-000873,-1.2307375139697694,-2.160916962144917,-1.2941487795873439,-1.0049679545269972,2.4794668853016666,1.9451711242093461,-1.8280379276044882,-0.6162655099475975,-1.5614354093618503,1.640615800581922,1.0807135329098068,-0.4856815279341637,-0.42952135053880236,0.05169473834966144
ACH-000874,1.3632395782217357,-0.2183030702235295,1.1087365265227942,-0.8152796042560035,-0.5005801054667398,-0.7350965394144469,1.330561513178897,0.19583815857485232,0.11348112962967796,-0.9210629853167462,-1.3632395782217357,-1.8051409301306438,-1.5614354093618503,-1.8051409301306438
ACH-000876,1.3521860990673606,0.9656676214735342,0.009894746751425933,1.6664991613969533,0.5105743752088904,1.6157871031954063,-0.8782195926748022,-1.3858606000569538,-1.0728613416500032,0.6648595171258198,1.70755309355966,-0.9077031339772884,-0.2726949469494098,-0.9517415527940478
ACH-000878,-0.7150770996971557,-0.9482887899595908,-1.4211844024982856,0.46598243956846,-1.084664727793081,0.32558700939032037,0.6897508578180003,0.29558915126306257,-0.1690091126132405,-0.6215914776366401,1.2167897772018257,0.6731101878164728,0.6376766160079513,1.1169046698702836
ACH-000879,-1.427246790174125,-1.8964941195457026,-1.9168014719289324,1.1632284115355502,0.3372016251408053,1.5689196324989263,0.29558915126306257,0.824511255955517,1.35769210342973,0.6814069363243775,-0.16232156739215686,0.4943590461177869,-1.5841574443680622,0.824511255955517
ACH-000880,-2.0973239031987645,-1.3252515904708695,-0.8653584018481154,1.1210168225962824,0.08034243090807264,0.3723273700334455,0.24994280625282192,1.4583763270590433,0.8589812200347285,0.6215914776366401,-0.5716725128166567,-0.7524934190627787,0.4416093321019699,2.1724125212937166
ACH-000881,1.0270732683507222,-0.3948108917411484,0.12233769620313222,0.5155906372996497,-0.9379976573047194,-1.4909869838078214,1.1376583823177633,0.8061169161858519,1.6077281211835148,-0.4127025430789826,-0.6593841418798564,1.1292985086514165,-0.8091635941232459,-1.0308064799022894
ACH-000882,0.3279063714436698,0.14896791903016532,0.04729175190637022,1.5182659475558995,0.07152182381554832,-0.04729175190637022,0.14008036860853418,0.2070575519737386,0.6566538597459012,-0.9077031339772884,-0.32095352068442146,1.1632284115355502,-1.0196494644127572,-0.9656676214735342
ACH-000884,0.27041356511146836,1.1763033333991566,-1.1418682881513451,0.17793766577643896,-0.18240722283447414,-0.24087871066839917,0.0891692934466064,0.26357780470714204,0.8717709721899588,-0.28412343330913126,-0.8000458886844419,0.16009401266716566,-1.35769210342973,-1.975198606229551
ACH-000885,-0.11790825683843847,0.03188795595915477,-0.0759313888959628,0.8558056976363998,0.16454992784911962,1.6491212011468943,-1.6239524138818737,-2.0973239031987645,0.5485222826980981,0.29329294516847626,0.7790251288273164,0.2806910572267692,-0.351199618264902,0.126769537138465
ACH-000886,-0.3652667703167784,0.569085312037926,-0.8912277173415939,0.41989603625014454,-1.5182659475558995,-0.09579396502978645,0.29329294516847626,-0.5459683122952278,-0.2340936433721047,0.5459683122952279,0.8526387817710663,0.7909942130952894,0.5256623794275063,0.7701210841679732
ACH-000887,-0.8400556357339782,-0.743766841141197,-0.5846665799496998,-0.5043220460777776,-0.5485222826980979,0.20032287919934852,0.9656676214735342,0.03848844324292296,0.4367664924616712,-0.3279063714436698,0.5977601260424784,-0.8400556357339782,-0.10905622548332534,-0.12455331087314676
ACH-000888,0.35822433329829123,-0.11569440979028714,0.46598243956846,0.9448472953663021,0.4055303428319633,0.914362659472127,-1.8769400144253812,-0.33952996655970646,-0.43918662474442877,0.9414169552077446,1.525265125876848,-0.133421997906913,-0.5990750974939978,0.20144468564914078
ACH-000889,1.2992456226917888,-0.7583430960005929,0.12455331087314676,0.045090607775225125,-0.7094098525076643,-0.8814576331714923,1.244928877873936,1.7831529838979576,1.7831529838979576,-0.3794065802070989,-2.1175815000165468,-0.6189262992365707,-0.9345892910734802,-0.8416212335729142
ACH-000890,-0.14896791903016532,0.6855729307670172,0.19583815857485232,0.3605698215737769,-1.3974419828247842,-1.9451711242093468,0.5820599275295223,0.8183490691100319,1.2545308418114915,0.045090607775225125,-0.9833431160929378,1.4777538157052024,-0.32558700939032037,1.203074819956593
ACH-000894,1.3412954040553924,0.5218792795289048,1.0573522020432227,-1.1087365265227942,-1.7028481400008508,-0.7495782208162746,1.0086179513174214,-1.415173801571812,0.060503804356206815,-0.15341606674775615,1.1610685209816873,-0.9379976573047194,-0.0032982010778991456,0.13786023618425697
ACH-000896,0.49311713453728256,-0.4586420594195472,0.6676046872592143,1.3467207852382685,0.32095352068442146,-0.5332512786684108,0.42470377494533396,-0.8653584018481154,0.38177053102389175,0.5639222930439727,-0.3070938616355657,-0.5794572240112413,0.6403734728270288,1.6577476036291683
ACH-000898,-2.4345024063372955,-0.3699717912251274,-0.8558056976363998,0.27269494694940966,1.1006416942659187,2.184202539375764,-0.6269351360557498,-0.3070938616355657,-1.3359092188098454,0.41030946828115844,0.5256623794275063,-1.9451711242093468,0.7065847616387614,0.9448472953663021
ACH-000899,-0.49808936995031894,-0.8977886334754037,-0.08254853290411272,0.17347166056165078,-1.194055802718205,-0.13120386939339987,0.5768584398705493,0.03188795595915477,1.6577476036291683,-0.9110278462898451,-0.17347166056165064,1.6577476036291683,-0.33487511031897577,-2.160916962144917
ACH-000900,-1.3359092188098454,-0.3664422636339671,0.19359728009563426,-0.9210629853167462,-1.5394920775526073,-0.09358528838052131,0.7760502810871098,1.7316643961222453,1.6491212011468943,-0.23635411982100163,-1.3688293262216265,0.38295330612550205,-2.323069137904312,0.17347166056165078
ACH-000901,-0.7554150263604693,0.29329294516847626,-0.7790251288273163,0.27041356511146836,-2.740190897148869,-1.525265125876848,0.8276041153933821,1.403303631420883,2.007120423125531,0.5510798360085837,-1.1418682881513451,0.8400556357339782,0.7583430960005929,0.5080710616447608
ACH-000903,0.4782726775822579,0.824511255955517,0.5357877300556416,2.4794668853016666,-0.17347166056165064,-0.712240616658132,-0.9656676214735342,-0.9379976573047194,1.1334685435697693,0.2183030702235295,0.6229257232100877,0.7150770996971557,-0.2160518024972585,0.35705232856706715
ACH-000905,0.3441921913165338,-0.22506356525517032,-0.24994280625282178,0.7466693788972909,-0.15786725204647467,-3.3272129920737776,1.4909869838078207,0.688356880905426,0.45620076684730015,-0.41989603625014454,0.26130196788493976,0.8814576331714923,0.5408710138672533,0.2864135425655283
ACH-000906,-0.600391105653359,0.6512079165600977,-0.1690091126132405,0.5055709279090783,0.29558915126306257,-0.3652667703167784,-0.03188795595915477,-0.3959996815356839,0.6322967567317324,-1.2992456226917888,0.029688116413677534,-0.34186015008841325,-0.45742107235979446,-0.014292665362238275
ACH-000907,0.014292665362238137,-0.32095352068442146,-0.25221201319248443,0.08475503672812082,1.6157871031954063,1.076779138413667,-2.262213582661452,-2.3939797998185095,-1.1546211199864427,2.077892100777044,1.4712331679535513,1.0122814351089962,1.6753802499246846,1.0866466897074571
ACH-000910,1.1546211199864427,0.30478971436541424,-0.1556412739305921,0.8814576331714923,-1.40921389662192,-1.3252515904708695,0.5408710138672533,0.1801719943942599,0.46598243956846,0.00109939858753573,0.8030777025132917,0.22957626427974412,-0.5925105295130879,-1.415173801571812
ACH-000911,0.3465261059114201,0.6457812190010196,-0.19135737335186584,-0.3001862564390561,-0.22506356525517032,-0.7909942130952893,0.55877426286374,-0.020890088246888563,0.7940042065673264,-1.5689196324989267,-0.25902748365626477,-1.2593754934254444,0.5155906372996497,-1.6491212011468943
ACH-000912,-1.546723953246356,-1.7940385403408095,-1.975198606229551,-0.24994280625282178,-2.291581144332876,-1.3521860990673606,1.0420933076148031,2.1175815000165468,1.9031763053671464,0.6189262992365707,-1.1046800621865227,1.4647744820388247,0.06491005589443756,0.4150979836847357
ACH-000913,-1.2214126379128527,-0.133421997906913,-2.208736379719948,0.4881570607827634,-0.5951332776701089,-0.8589812200347285,0.4782726775822579,0.9077031339772886,0.876604021028395,0.5181036339972976,0.045090607775225125,1.4551995151744364,0.3372016251408053,1.0122814351089962
ACH-000914,0.29788691693055386,-1.0926183477238136,-0.4956017206389103,0.22055544490025863,-1.3858606000569538,-1.8398553707779415,2.0973239031987645,2.434502406337297,1.9451711242093461,0.24314285086085877,-2.5300844134039786,0.4079187409450348,-1.2691545015397274,0.37704474771741014
ACH-000915,0.06931756803149183,-1.504486525069759,0.18464336299896014,1.1589140334197583,0.24994280625282192,-0.47827267758225805,-0.4031442558096748,-0.03408794983083929,0.5383276331761137,0.036288108699855263,0.30478971436541424,1.741597224503634,-0.7642188383634371,0.16009401266716566
ACH-000916,-0.6349843890817186,-1.2740898393217566,-0.720767407181645,-0.45376219016987945,0.9043884250002668,2.2622135826614524,-2.0973239031987645,-0.9797835324994979,-1.6935497311286343,0.9379976573047191,1.6753802499246846,0.5206199068695524,-0.3652667703167784,0.2749777489690046
ACH-000917,-0.3441921913165336,1.189582502828108,0.6731101878164728,-0.28412343330913126,-1.7218995346777684,-0.692542841734797,1.1128113175429069,0.688356880905426,0.040688964142722606,-0.5742635458221241,-0.3001862564390561,0.17793766577643896,0.28870515493445215,-0.30478971436541424
ACH-000919,-0.3959996815356839,0.23748481037633742,0.27041356511146836,0.162321567392157,1.1985531246455747,1.5919163168159876,-0.9010836231413344,-0.33255040665749686,-0.6953402346145302,-0.2613019678849396,1.2790564074958748,-1.7415972245036333,-1.3173560717447912,1.4777538157052024
ACH-000920,-1.40921389662192,-0.3888752642829681,-1.9599639845400545,-0.5885840279517417,0.5898918508060311,1.4712331679535513,-1.4211844024982856,0.712240616658132,-0.6296136839545463,1.9525141472300716,-2.0412290029455087,-0.28183481319966286,1.0178022767787656,0.8369305999126725
ACH-000921,0.09579396502978631,0.29788691693055386,-0.41749580855344076,0.0891692934466064,-1.8280379276044882,-1.2890853356658603,0.6512079165600977,0.5168467276526094,1.1940558027182056,-0.24994280625282178,-1.2121927750612842,0.6189262992365707,0.5729675484954635,-0.12233769620313222
ACH-000922,1.4395314709384563,-0.43434891564061573,-0.020890088246888563,0.7322187075540352,0.6403734728270288,0.1356407830643558,0.01649172302185786,0.20256674566432126,0.8291535170884398,0.2048116325051352,-0.7730822853732383,-1.3974419828247842,-0.3936226596401808,-1.0049679545269972
ACH-000924,2.0238804284732894,1.7517049145026056,0.8214262635717874,0.9552056993359318,-1.6491212011468943,-0.6430749951728808,0.07813671986066943,0.7612776818506835,0.8945033623459216,-1.3252515904708695,0.04949312519186336,0.876604021028395,-1.6577476036291676,-1.5079045914405589
ACH-000926,1.1046800621865227,2.8489799156823308,0.49311713453728256,1.4777538157052024,-0.03188795595915477,0.7466693788972909,-0.133421997906913,-0.5080710616447608,-0.2397471041879274,-1.7415972245036333,0.42470377494533396,-1.477753815705203,-0.7350965394144469,-0.8879616072736423
ACH-000928,1.0573522020432227,1.4909869838078207,1.7831529838979576,2.138747291002779,0.8830801236504551,0.649849449478297,-1.525265125876848,-1.6843954831101975,-0.23183436245300987,0.1913573733518657,0.4079187409450348,-0.36291729513935617,-0.023089417099562953,2.1724125212937166
ACH-000929,-0.0759313888959628,-1.5764927829578514,0.23296385427137234,-0.4956017206389103,-0.13120386939339987,1.0728613416500028,-0.9517415527940478,-0.36761826351379506,-1.0159585554771338,0.8558056976363998,0.6981430794317393,-0.1356407830643558,-0.4856815279341637,0.29788691693055386
ACH-000932,0.16677910569435353,1.001331297525693,-0.3746850166103579,2.0973239031987645,-0.3582243332982911,-0.14230119170291788,0.5977601260424784,1.3688293262216265,1.1546211199864427,-0.19135737335186584,-0.8369305999126725,0.0913770681701393,-1.8051409301306438,-0.7554150263604693
ACH-000934,0.46353287493828105,0.4513263088819434,-0.2183030702235295,1.096621196738911,-1.3359092188098454,-0.05169473834966144,0.05609872719514376,0.22506356525517032,0.29788691693055386,-0.2635778047071419,0.1556412739305921,-0.4464625511109503,0.11790825683843847,-0.46598243956846025
ACH-000935,0.530718253370961,0.530718253370961,1.6843954831101982,1.1675645511806783,-0.46720827028710954,-0.9482887899595908,0.014292665362238137,-0.6403734728270288,0.21380162923518106,0.14008036860853418,-0.08696195327319917,-0.029688116413677534,0.41030946828115844,0.6296136839545463
ACH-000936,-2.291581144332876,-2.291581144332876,-1.7940385403408095,1.5919163168159876,1.6843954831101982,2.2915811443328766,-1.427246790174125,-0.6981430794317393,-1.3974419828247842,0.9010836231413344,0.553640999069927,-0.8463304581395933,0.20032287919934852,2.2087363797199484
ACH-000937,-1.2545308418114915,0.22731933611251867,-1.1334685435697693,1.3632395782217357,0.6403734728270288,1.5997722240383687,-2.05921460987167,0.19808002089551385,-1.8898955575205072,1.8769400144253807,-1.3521860990673606,0.3865048558827439,0.4055303428319633,1.6491212011468943
ACH-000938,-1.8280379276044882,-1.7724747116669224,-1.8280379276044882,0.23635411982100163,1.7672104965977025,1.97519860622955,-0.4856815279341637,1.2545308418114915,-0.9261154898885466,1.97519860622955,-1.471233167953552,-0.22506356525517032,-0.23635411982100163,1.2214126379128531
ACH-000939,-1.0767791384136673,-0.8122178014999129,-0.7940042065673266,1.403303631420883,-1.0689599435351735,-0.6457812190010196,0.8653584018481154,1.511340366291671,2.0973239031987645,-0.9959010077811455,-0.9043884250002665,0.4138999665049935,-0.2048116325051352,0.7051743295571965
ACH-000941,-0.1690091126132405,-0.5872772110380803,-1.1675645511806783,0.14230119170291788,0.15341606674775615,2.05921460987167,-1.131381066884987,0.11569440979028714,-0.5256623794275063,0.8977886334754037,1.1851328811470352,-1.0728613416500032,-3.007786556473252,1.2593754934254444
ACH-000943,0.26357780470714204,0.2772619848505168,0.9177076724000355,-2.323069137904312,-1.5919163168159876,-0.9797835324994979,1.049692204225164,1.2307375139697694,0.4708899878125548,-0.4055303428319633,-1.4211844024982856,0.5977601260424784,-0.8928643423058017,-1.528792914470257
ACH-000944,1.3858606000569538,-0.5231394804436903,0.684182947055718,0.26813358982999036,-1.2214126379128527,-1.1210168225962824,1.1503493803760079,1.053514476181976,1.2840547279091354,-0.05609872719514376,-2.323069137904312,0.25448251959291907,-0.5130808924277176,-0.06491005589443756
ACH-000945,-0.07152182381554818,1.772474711666923,-1.023354316375886,-0.012093676817781196,-0.19583815857485246,0.5408710138672533,-0.22506356525517032,-0.0737264271610225,-1.2840547279091354,0.22280893905460722,-0.7065847616387614,-0.31863936396437514,0.8782195926748022,-1.6664991613969526
ACH-000946,-1.403303631420883,-0.31632691240551397,-0.9160338847350284,-0.8276041153933821,-0.23183436245300987,-0.34186015008841325,0.10463345561407526,0.9414169552077446,0.8621654280695802,0.060503804356206815,1.0086179513174214,-0.0803424309080725,-0.5562057989339743,0.6322967567317324
ACH-000947,0.20930451635983457,0.398378943033161,0.02528885764264936,2.2622135826614524,0.11569440979028714,1.0458852068138909,0.7790251288273164,0.20930451635983457,1.525265125876848,-0.6403734728270288,-0.6403734728270288,-0.720767407181645,-1.4744856551599712,-0.8637608141945027
ACH-000948,-2.0238804284732894,-0.7307820639859633,-0.4464625511109503,1.0383163332509597,1.5919163168159876,2.4794668853016666,-0.4127025430789826,-0.8782195926748022,-0.7009514195842119,-0.1201226819205549,0.5898918508060311,-1.5689196324989267,-1.4909869838078214,-0.347693770638922
ACH-000950,-0.7760502810871098,0.012093676817781056,0.07813671986066943,0.9482887899595908,0.5231394804436903,1.1006416942659187,-0.0693175680314917,0.553640999069927,0.2658550075342104,-0.8717709721899588,-0.17793766577643882,-1.1546211199864427,-2.0071204231255315,0.24767488561581988
ACH-000953,0.34186015008841325,-0.9727013494446405,-0.7322187075540352,0.26016455753258605,-1.6239524138818737,-1.7122961530786696,1.6843954831101982,2.2915811443328766,1.923749701216999,0.30133652085957624,-2.8489799156823237,0.31632691240551397,-1.194055802718205,0.005497019514316785
ACH-000956,-1.0383163332509597,-0.32558700939032037,0.3605698215737769,2.007120423125531,0.20032287919934852,1.4272467901741255,0.19583815857485232,0.5613464183360082,-0.23635411982100163,0.6731101878164728,-0.8589812200347285,-0.5030739503457283,-1.3858606000569538,-0.2340936433721047
ACH-000957,-1.8051409301306438,-0.5587742628637399,-1.3858606000569538,1.9909059489640788,1.1763033333991566,1.8164703928646646,0.33487511031897577,0.7179193476929423,0.04949312519186336,-0.9727013494446405,0.530718253370961,-1.3916279593891947,-1.8280379276044882,-0.7820068867537173
ACH-000958,-2.5881561522522114,-1.1851328811470352,-2.8489799156823237,-0.2887051549344523,-0.6430749951728808,0.9379976573047191,0.7466693788972909,1.5997722240383687,0.25675433866165864,-0.29329294516847637,0.02748842052851622,-0.3523691919070915,-0.15675416589931224,-0.9959010077811455
ACH-000959,-1.2593754934254444,0.1356407830643558,-0.040688964142722606,1.5997722240383687,0.9414169552077446,0.9517415527940478,0.7701210841679732,0.8879616072736423,0.6430749951728808,-2.3939797998185095,-0.24314285086085877,-0.8542211687923523,-1.9909059489640788,-0.7583430960005929
ACH-000960,0.5181036339972976,-0.6030262477869939,-0.24314285086085877,0.24314285086085877,-0.32558700939032037,-1.084664727793081,1.4520373218405722,1.9031763053671464,2.2915811443328766,-0.03188795595915477,-2.4345024063372955,0.24540823817218774,-1.7415972245036333,-0.3924349830336781
ACH-000961,-0.7790251288273163,-0.4367664924616712,-0.47827267758225805,-0.04288968208825873,0.42711132363530335,1.0689599435351733,-0.6621193482292986,0.06711364899267981,0.26813358982999036,1.5919163168159876,0.7554150263604693,-0.1467449554865486,-1.751704914502605,-0.12787788312763468
ACH-000962,-0.12455331087314676,-0.9143626594721268,-0.6512079165600976,0.4055303428319633,0.12233769620313222,1.3359092188098454,-1.0496922042251637,-0.11126840522985514,-0.06491005589443756,1.2941487795873434,0.21380162923518106,0.0682155670944874,-1.93079206592976,-0.3805882897619572
ACH-000963,-0.5820599275295225,-0.7466693788972909,-0.11790825683843847,1.1963014391468787,0.7236213251742154,0.8369305999126725,-0.0010993985875358693,1.1087365265227942,0.6648595171258198,-0.8307049118491973,0.3093996404527934,-1.4977026374118696,-1.1503493803760079,-2.0412290029455087
ACH-000965,0.4856815279341636,0.21380162923518106,-0.22168205125817075,0.12455331087314676,0.7642188383634371,1.1940558027182056,-0.7970214110193491,-0.08696195327319917,0.09358528838052117,-1.0573522020432222,0.8717709721899588,0.5626338890461772,-0.3865048558827441,-0.23748481037633762
ACH-000966,-0.33255040665749686,-0.28412343330913126,-0.02528885764264936,0.8717709721899588,-0.9552056993359318,0.040688964142722606,0.12455331087314676,0.5742635458221239,1.0420933076148031,0.08475503672812082,0.10684457930145613,-0.09358528838052131,-0.9869152030865421,0.8669582012035435
ACH-000968,-0.5574895711783843,0.4416093321019699,1.2401706527892427,0.43434891564061573,-0.06491005589443756,-0.4610860885253348,-0.3093996404527934,-0.4586420594195472,-0.0032982010778991456,0.8589812200347285,0.3959996815356839,0.162321567392157,-0.1046334556140754,-0.47211864431648093
ACH-000969,-0.24994280625282178,2.588156152252214,1.0458852068138909,-1.3279018717558337,0.4488931026100073,0.5510798360085837,0.4807393584696641,-0.5281886287114783,-0.2704135651114682,-0.7671666205857572,-0.24540823817218774,-0.5181036339972976,-1.1210168225962824,-1.0573522020432222
ACH-000970,-1.1292985086514165,-0.42952135053880236,-1.0906234731770659,1.5614354093618503,-1.3467207852382685,0.6162655099475975,-0.18017199439426004,0.5951332776701089,0.31401615114926634,-0.012093676817781196,-0.8814576331714923,0.5383276331761137,-0.22731933611251867,1.1675645511806783
ACH-000971,-1.4843379083716668,-1.084664727793081,-1.9909059489640788,-0.43434891564061573,-1.477753815705203,-0.8369305999126725,2.6565387878196796,2.8489799156823308,2.3939797998185104,-0.7849956136784567,-0.5587742628637399,-0.3070938616355657,-1.2449288778739365,-0.10021273153199595
ACH-000972,-0.17793766577643882,-1.471233167953552,-1.053514476181976,-2.05921460987167,-0.11126840522985514,0.787991369076319,0.7849956136784568,0.7150770996971557,1.640615800581922,-0.6162655099475975,-0.2726949469494098,-1.6406158005819216,-1.7218995346777684,-0.6786361667728743
ACH-000973,0.22957626427974412,0.7835003753897741,-1.3199787729048944,2.3751070841947692,-1.1675645511806783,-1.330561513178897,0.6758705974557161,1.3974419828247846,1.189582502828108,-0.2386158046284212,-1.6577476036291676,0.4708899878125548,-1.3252515904708695,1.049692204225164
ACH-000974,-0.05830112436099074,-0.3758646205464791,-0.04949312519186336,-2.5881561522522114,-0.05169473834966144,0.7671666205857572,-0.4367664924616712,-1.2545308418114915,-0.16009401266716553,-0.0803424309080725,-0.02528885764264936,-0.040688964142722606,-0.0010993985875358693,1.415173801571812
ACH-000975,-0.13120386939339987,-1.0650747484714613,0.2048116325051352,0.6349843890817186,-1.216789777201825,0.9043884250002668,-1.1169046698702836,0.21155253799139567,-0.48320896790027573,1.0807135329098068,-0.18911842627279252,-0.41749580855344076,-0.22393610986194148,1.6239524138818737
ACH-000976,2.184202539375764,1.3801389729135718,2.434502406337297,-1.6935497311286343,-2.184202539375764,-1.731664396122245,1.4211844024982856,-1.1292985086514165,0.18464336299896014,-1.3467207852382685,0.31401615114926634,-1.1334685435697693,-0.24540823817218774,-1.5430979274111278
ACH-000977,-0.3488619096190471,-0.3001862564390561,0.692542841734797,0.8091635941232459,1.8519354844002658,1.8519354844002658,-0.9621686139074026,-1.3252515904708695,-0.6083091460850765,0.569085312037926,0.21155253799139567,-0.4881570607827635,-1.415173801571812,-0.6566538597459011
ACH-000978,-0.040688964142722606,-0.6593841418798564,-1.0049679545269972,0.23183436245300987,-0.8494803943214633,0.5885840279517417,-0.3001862564390561,1.1829168441908855,1.1210168225962824,0.7730822853732383,-0.6189262992365707,0.14230119170291788,-1.1763033333991566,-0.4501093726372083
ACH-000979,0.133421997906913,0.31863936396437514,1.7940385403408106,-1.6843954831101975,-0.14896791903016532,1.3043764426955688,-1.6935497311286343,-2.160916962144917,-1.330561513178897,0.6621193482292987,2.8489799156823308,-2.262213582661452,0.8717709721899588,0.967421566101701
ACH-000980,1.189582502828108,-0.03848844324292296,0.15341606674775615,0.126769537138465,-0.49808936995031894,-1.5540376396994589,-0.33022749879480895,0.606986834803486,0.6484921805928574,1.2121927750612842,-0.4440346342705391,2.588156152252214,-0.6676046872592142,0.692542841734797
ACH-000981,0.6648595171258198,0.8338137161324595,0.45376219016987956,1.5841574443680622,0.07813671986066943,0.16900911261324064,0.08475503672812082,0.22957626427974412,-0.6512079165600976,-0.35353924775488027,-1.9599639845400545,-0.15007967622677654,0.03848844324292296,0.8847049421535803
ACH-000983,0.9797835324994979,0.07593138889596295,-0.46598243956846025,0.3652667703167785,0.33487511031897577,1.7316643961222453,-0.3372016251408053,-0.4758089033276058,0.46230913576474986,-0.7612776818506835,-0.41989603625014454,-0.7293469271307469,-0.49933435048938235,-0.7236213251742154
ACH-000984,-1.3632395782217357,-0.5690853120379261,-2.5881561522522114,-0.11569440979028714,-0.743766841141197,-1.1503493803760079,1.2307375139697694,2.2346764695787313,1.8280379276044878,0.4416093321019699,-1.48103783662357,0.9210629853167461,-0.0737264271610225,0.720767407181645
ACH-000985,-1.3688293262216265,0.9379976573047191,-0.43434891564061573,0.9077031339772886,0.543417898162807,1.7831529838979576,-0.3936226596401808,0.5030739503457283,-0.8091635941232459,-0.5536409990699268,1.2121927750612842,-1.0886329293768875,-0.7790251288273163,-0.38413661720526454
ACH-000986,0.7775368448340977,1.6239524138818737,1.7517049145026056,1.3359092188098454,-0.24994280625282178,-1.216789777201825,1.0612055642645124,0.05609872719514376,0.743766841141197,-2.8489799156823237,0.3511996182649021,-1.5614354093618503,-1.427246790174125,-0.9904999275311626
ACH-000988,0.28183481319966275,0.111268405229855,-0.7264811491633805,1.8519354844002658,-1.0122814351089962,-0.2160518024972585,-0.15786725204647467,-0.43434891564061573,1.235440341561252,0.16009401266716566,0.4488931026100073,0.12455331087314676,-0.29329294516847637,0.7466693788972909
ACH-000991,-1.93079206592976,-0.9210629853167462,-1.2545308418114915,-1.3549339667142233,1.4211844024982856,1.6843954831101982,0.2795476683299405,0.6484921805928574,0.17347166056165078,-0.8961447888982289,0.2590274836562649,-1.0573522020432222,0.11569440979028714,1.1418682881513451
ACH-000993,-1.6077281211835148,-1.3801389729135718,-0.8717709721899588,0.398378943033161,1.5689196324989263,0.9851275883347466,-2.208736379719948,-0.720767407181645,-1.6843954831101975,2.0973239031987645,2.1175815000165468,0.37704474771741014,1.9168014719289317,2.138747291002779
ACH-000994,-0.6109569661538571,-0.0759313888959628,-1.2307375139697694,-0.1046334556140754,-0.36056982157377676,0.5281886287114783,-0.29329294516847637,0.9744673127470274,1.5841574443680622,0.5665019148999156,-0.44767749627401204,0.10684457930145613,-1.3173560717447912,0.5118272318656253
ACH-000995,-1.1460985295534751,-0.5030739503457283,-3.3272129920737776,0.16454992784911962,0.34886190961904734,1.8051409301306434,-0.3959996815356839,0.9904999275311626,-0.25561826421633266,1.264249885119522,-2.077892100777044,-0.9552056993359318,-0.09579396502978645,0.8276041153933821
ACH-000996,-0.4856815279341637,-1.5997722240383687,-0.1201226819205549,-0.6322967567317324,0.6512079165600977,0.9904999275311626,-0.7554150263604693,1.063138166892302,-0.7671666205857572,0.8463304581395933,-0.3794065802070989,0.21155253799139567,-2.262213582661452,0.162321567392157
ACH-000997,-1.1985531246455747,0.32558700939032037,-2.0238804284732894,1.3412954040553924,-0.561346418336008,-0.31863936396437514,2.2915811443328766,1.0886329293768875,1.6935497311286343,-0.737980472204168,-0.9077031339772884,0.4807393584696641,-1.207621247740275,0.787991369076319
ACH-001001,0.6814069363243775,1.4520373218405722,0.33487511031897577,-1.3974419828247842,-3.3272129920737776,-0.9448472953663021,3.3272129920738123,1.4712331679535513,0.36761826351379484,-1.6077281211835148,-1.975198606229551,-0.8152796042560035,-1.0458852068138909,-1.314742400923604
ACH-001016,-0.4488931026100072,1.0846647277930805,-0.5055709279090783,-0.7539534182629265,-0.5055709279090783,-2.740190897148869,1.0270732683507222,1.3467207852382685,1.3744621740061043,0.029688116413677534,-1.0345541132346794,1.0477868072922607,0.692542841734797,0.409113812322807
ACH-001020,1.4712331679535513,1.7831529838979576,0.6897508578180003,-0.7970214110193491,-1.1418682881513451,-2.160916962144917,2.8489799156823308,1.6664991613969533,2.2087363797199484,-1.2214126379128527,-0.9379976573047194,-2.0412290029455087,-2.5881561522522114,-1.751704914502605
ACH-001021,-0.22280893905460722,-0.994097425556237,0.3001862564390561,-2.262213582661452,0.9762363202907715,1.0650747484714616,0.24087871066839917,-1.7218995346777684,-0.0693175680314917,-0.4150979836847357,1.6157871031954063,-2.3939797998185095,0.21380162923518106,-1.0612055642645126
ACH-001028,1.8769400144253807,2.160916962144917,2.588156152252214,-1.5689196324989267,1.511340366291671,-0.4758089033276058,0.10021273153199581,-1.2790564074958748,-1.4333620914605663,-2.05921460987167,-0.712240616658132,-2.234676469578731,-0.4416093321019698,-0.9959010077811455
ACH-001029,0.3001862564390561,-2.138747291002779,0.04288968208825873,-0.6814069363243779,-0.36291729513935617,0.26813358982999036,-0.06491005589443756,0.6215914776366401,-0.05830112436099074,0.31401615114926634,-1.2890853356658603,0.29558915126306257,-0.4956017206389103,0.45620076684730015
ACH-001031,0.5820599275295223,0.42229868545116184,1.6322274557352336,-0.49808936995031894,-0.7179193476929423,-0.6215914776366401,0.9904999275311626,0.24087871066839917,1.0807135329098068,-0.561346418336008,-0.8494803943214633,-0.7701210841679732,-0.25902748365626477,-0.1690091126132405
ACH-001033,1.3974419828247846,1.8164703928646646,0.2772619848505168,0.4807393584696641,-0.31401615114926634,-0.29788691693055386,0.6953402346145302,0.5332512786684108,1.8642920563070784,-0.9691784918913408,-0.7790251288273163,-0.3699717912251274,-0.9414169552077446,-0.3558808140761946
ACH-001036,0.23183436245300987,1.3716403100241132,0.040688964142722606,-0.9517415527940478,0.5639222930439727,-1.0049679545269972,0.8945033623459216,1.2401706527892427,0.876604021028395,-2.262213582661452,-1.2354403415612518,-0.05609872719514376,0.05169473834966144,-0.7150770996971557
ACH-001038,0.33952996655970646,1.330561513178897,0.649849449478297,-0.2658550075342102,0.17347166056165078,-1.1006416942659187,0.5510798360085837,0.6981430794317393,1.2167897772018257,-0.3865048558827441,-0.6109569661538571,0.19359728009563426,-1.3521860990673606,-1.4977026374118696
ACH-001041,-0.01869086043604103,-1.9451711242093468,-0.4440346342705391,-2.0973239031987645,-0.4758089033276058,-0.8431888970300973,1.0345541132346794,0.7745654303366722,-0.014292665362238275,0.15341606674775615,-0.6457812190010196,1.249715457232992,0.712240616658132,-0.8945033623459216
ACH-001048,0.32095352068442146,-0.4031442558096748,0.16900911261324064,1.3095418325369654,-0.09579396502978645,-0.9727013494446405,0.6731101878164728,-0.8945033623459216,-0.31170706540571,0.36997179122512724,0.25221201319248454,0.20256674566432126,0.5357877300556416,1.5394920775526066
ACH-001050,-0.33022749879480895,-0.30478971436541424,0.5977601260424784,-1.3916279593891947,-0.1690091126132405,-0.9311917474947267,1.2890853356658603,0.5562057989339744,0.5206199068695524,-1.1251480193965842,-1.264249885119523,-0.4416093321019698,0.7009514195842119,0.1511916189534914
ACH-001053,-0.31055314624791985,0.28870515493445215,-0.10242284336907123,-0.5964461873965076,1.9031763053671464,0.6322967567317324,-1.0886329293768875,-0.04288968208825873,0.4881570607827634,0.8431888970300973,-0.14008036860853418,-0.014292665362238275,-0.3959996815356839,0.31863936396437514
ACH-001054,0.8276041153933821,1.1006416942659187,1.3467207852382685,-1.0807135329098065,-0.18464336299896028,-0.1511916189534914,0.2160518024972585,-0.22506356525517032,0.7642188383634371,-0.33487511031897577,-0.13786023618425697,-0.24767488561581988,-0.2658550075342102,-1.2354403415612518
ACH-001061,0.009894746751425933,0.04949312519186336,-1.0458852068138909,0.5820599275295223,0.41989603625014454,0.1201226819205549,1.1785021110607337,0.30478971436541424,0.014292665362238137,-1.9909059489640788,1.249715457232992,-0.49311713453728256,-0.8558056976363998,-0.6322967567317324
ACH-001067,0.7775368448340977,1.1940558027182056,0.05830112436099074,0.3558808140761947,-1.4843379083716668,-1.3632395782217357,1.3199787729048944,1.3858606000569538,2.6565387878196796,-1.1128113175429069,-1.3252515904708695,-0.31632691240551397,0.7701210841679732,-1.2449288778739365
ACH-001075,-1.5394920775526073,-1.1985531246455747,-0.7730822853732383,-0.14008036860853418,1.6239524138818737,1.1334685435697693,-1.4909869838078214,-0.32558700939032037,-1.1918161716813946,2.2622135826614524,0.585971396290434,-2.0238804284732894,-0.03848844324292296,2.1175815000165468
ACH-001096,1.1851328811470352,0.18688042682240702,0.7970214110193488,-1.0122814351089962,-2.4794668853016644,-1.3359092188098454,1.772474711666923,1.6322274557352336,0.3372016251408053,-1.203074819956593,-0.35353924775488027,-0.19023778060730137,-1.6935497311286343,-1.194055802718205
ACH-001098,-0.7094098525076643,0.4956017206389103,0.5665019148999156,-0.9586813467447275,2.0238804284732894,0.33255040665749686,-0.9431307380316443,-0.05169473834966144,-1.9168014719289324,-0.13786023618425697,1.3632395782217357,0.020890088246888424,0.5206199068695524,0.1913573733518657
ACH-001099,0.46108608852533495,0.15341606674775615,-0.470889987812555,2.160916962144917,0.8977886334754037,1.6577476036291683,-1.203074819956593,0.23183436245300987,0.7701210841679732,0.24087871066839917,-0.49311713453728256,0.34186015008841325,-1.2790564074958748,-0.19247720601206122
ACH-001111,2.588156152252214,1.4457561326332704,2.077892100777044,-1.3688293262216265,-0.9345892910734802,-2.5300844134039786,1.3359092188098454,0.023089417099562953,0.111268405229855,-1.180706601148497,-0.47827267758225805,-1.6577476036291676,-0.29558915126306257,-1.1087365265227942
ACH-001119,-0.5005801054667398,0.6786361667728741,-0.7612776818506835,-0.870164476037764,1.6935497311286343,0.7583430960005929,-0.2160518024972585,0.26699412540495254,-0.5562057989339743,0.9762363202907715,-0.7150770996971557,0.24767488561581988,1.0049679545269972,-0.5421440164296353
ACH-001128,-0.32442798561590674,-1.2545308418114915,-2.4794668853016644,0.6430749951728808,0.18128949539346392,-0.1868804268224072,0.36761826351379484,0.7849956136784568,1.8769400144253807,0.31632691240551397,-1.2691545015397274,1.314742400923604,-0.6897508578180003,1.7517049145026056
ACH-001129,0.31401615114926634,0.8847049421535803,0.07372642716102264,0.5977601260424784,1.4977026374118692,0.45376219016987956,-0.997707835414134,-0.06711364899267981,-0.1868804268224072,0.6376766160079513,-0.303638248019504,0.29788691693055386,-0.24767488561581988,0.4031442558096748
ACH-001134,0.7150770996971557,0.7790251288273164,1.525265125876848,-2.184202539375764,1.741597224503634,0.8463304581395933,-0.2183030702235295,-0.9797835324994979,-0.3746850166103579,-0.4586420594195472,-0.0076958645280918465,-1.3467207852382685,0.4881570607827634,-1.3801389729135718
ACH-001145,-0.7879913690763187,-0.9077031339772884,-0.6676046872592142,-0.14896791903016532,-1.1719227553576743,-0.9244286998588876,1.415173801571812,0.9744673127470274,1.8051409301306434,0.24767488561581988,-0.5030739503457283,-0.17793766577643882,-2.4345024063372955,-1.084664727793081
ACH-001151,0.39124785972875387,2.2346764695787313,-0.28183481319966286,0.03188795595915477,-0.16454992784911948,0.7820068867537175,0.3093996404527934,-1.2992456226917888,-1.1046800621865227,-1.330561513178897,1.7940385403408106,-0.8814576331714923,0.3093996404527934,-0.7524934190627787
ACH-001163,0.7009514195842119,0.12455331087314676,0.9621686139074026,-1.2214126379128527,-0.8526387817710663,-0.6566538597459011,1.3412954040553924,-0.023089417099562953,1.7316643961222453,-0.9027347916438648,-0.8912277173415939,-0.8621654280695802,0.6349843890817186,0.08254853290411288
ACH-001164,1.546723953246356,0.22280893905460722,1.6753802499246846,-0.3888752642829681,1.0049679545269972,-0.7264811491633805,-0.5639222930439726,-1.4843379083716668,-0.7408705559340103,-0.16232156739215686,0.3279063714436698,-1.2890853356658603,1.3801389729135718,0.25675433866165864
ACH-001172,0.994097425556237,1.0308064799022894,0.8526387817710663,0.22731933611251867,-0.5639222930439726,-1.1719227553576743,0.03408794983083929,0.09579396502978631,-0.4464625511109503,-0.6731101878164727,0.7701210841679732,0.4586420594195474,0.6869642403069017,-0.47704042848944356
ACH-001183,-0.2544825195929189,0.25675433866165864,0.9517415527940478,-0.7539534182629265,-0.5231394804436903,-0.11790825683843847,-0.1511916189534914,0.3070938616355657,0.47334801394315523,-1.1334685435697693,0.35353924775488044,1.415173801571812,-0.5256623794275063,-1.7415972245036333
ACH-001184,0.18688042682240702,0.1467449554865486,0.1445227168573773,-0.7322187075540352,-0.27497774896900473,-0.5925105295130879,1.6664991613969533,1.4457561326332704,-0.24994280625282178,-0.6981430794317393,-1.2790564074958748,-0.3582243332982911,-0.9448472953663021,0.03188795595915477
ACH-001188,-1.6322274557352336,-0.9448472953663021,0.00109939858753573,-0.005497019514316924,0.6566538597459012,0.19583815857485232,-0.09137706817013944,0.9586813467447275,-0.2183030702235295,-0.12898638622825503,-1.3095418325369654,0.4832089679002755,0.93458929107348,0.18352517820603975
ACH-001190,0.03848844324292296,-1.7122961530786696,-0.39124785972875387,-1.415173801571812,-2.0071204231255315,-1.504486525069759,0.8814576331714923,1.3252515904708695,1.7619948036750113,-0.029688116413677534,-0.720767407181645,2.3570442297684577,0.1467449554865486,-1.9909059489640788
ACH-001192,-0.05169473834966144,-0.2048116325051352,0.05609872719514376,-0.009894746751426072,-0.2635778047071419,-1.427246790174125,1.546723953246356,3.0077865564732638,0.9833431160929378,-0.33952996655970646,-2.0071204231255315,0.9177076724000355,-2.1175815000165468,-0.09800310908566968
ACH-001193,-0.5574895711783843,-1.6491212011468943,-1.9031763053671469,0.25675433866165864,0.3441921913165338,0.6430749951728808,-0.9904999275311626,1.9909059489640788,0.1445227168573773,0.4127025430789826,-0.8977886334754037,1.6322274557352336,-1.2401706527892422,0.2772619848505168
ACH-001194,-0.6457812190010196,0.5485222826980981,0.22731933611251867,0.2749777489690046,-1.5997722240383687,-1.5841574443680622,-0.23070516632041416,0.09358528838052117,0.24767488561581988,0.4440346342705392,0.126769537138465,2.0238804284732894,0.4391866247444289,0.16566441386855307
ACH-001196,0.9656676214735342,0.42470377494533396,0.8061169161858519,-0.8307049118491973,-2.3939797998185095,-2.5881561522522114,1.3521860990673606,0.9379976573047191,1.415173801571812,-0.3001862564390561,-0.33255040665749686,-0.43434891564061573,-0.30478971436541424,-0.06711364899267981
ACH-001197,0.4007604618510929,0.2183030702235295,0.6566538597459012,0.4440346342705392,0.9244286998588873,0.22055544490025863,0.684182947055718,0.720767407181645,-0.09137706817013944,-0.600391105653359,-1.1334685435697693,-0.10905622548332534,-0.3024871841193093,-1.0689599435351735
ACH-001205,2.0973239031987645,-0.04729175190637022,0.8276041153933821,-1.0420933076148031,-0.21380162923518106,0.19359728009563426,0.02748842052851622,-0.5716725128166567,-0.8122178014999129,-1.0650747484714613,0.31863936396437514,-0.6215914776366401,-0.6566538597459011,-1.0946175798760684
ACH-001211,-0.5794572240112413,-1.1546211199864427,-1.525265125876848,0.9110278462898453,-0.009894746751426072,0.5055709279090783,0.00109939858753573,0.6731101878164728,2.3230691379043127,0.8847049421535803,-0.7701210841679732,-0.5294530175447888,-1.6077281211835148,0.8152796042560035
ACH-001227,0.4684348034639763,1.1251480193965842,2.2346764695787313,-0.8653584018481154,0.743766841141197,-0.16677910569435336,0.04729175190637022,-0.33487511031897577,-1.0308064799022894,-0.37704474771741026,0.8214262635717874,-0.6981430794317393,-0.2340936433721047,-1.6239524138818737
ACH-001228,1.1251480193965842,1.0159585554771338,1.71229615307867,-1.975198606229551,0.29099828444060294,-0.22731933611251867,0.1445227168573773,-0.009894746751426072,-1.3043764426955688,-1.4520373218405715,0.5181036339972976,-0.7849956136784567,-0.41989603625014454,-0.47211864431648093
ACH-001229,1.2401706527892427,0.04288968208825873,0.20256674566432126,-3.007786556473252,0.11348112962967796,-0.1723557031392479,-0.04949312519186336,-0.46598243956846025,-1.504486525069759,-0.3558808140761946,0.5742635458221239,-1.023354316375886,1.3974419828247846,-0.5562057989339743
ACH-001232,-0.19583815857485246,-0.27611968681983545,-0.2070575519737386,1.189582502828108,0.23748481037633742,0.21380162923518106,-0.6566538597459011,-1.330561513178897,-0.9482887899595908,1.244928877873936,1.3467207852382685,1.4457561326332704,1.415173801571812,0.49808936995031894
ACH-001239,0.2160518024972585,-1.6322274557352336,0.4586420594195474,-0.743766841141197,1.8769400144253807,1.1675645511806783,-0.6981430794317393,-0.02748842052851622,-1.1589140334197583,-0.23183436245300987,-0.31863936396437514,0.2590274836562649,-0.05609872719514376,1.0807135329098068
ACH-001270,1.525265125876848,1.0364333894937898,1.0728613416500028,0.6471361052960376,-1.1985531246455747,-0.9869152030865421,0.824511255955517,-0.3888752642829681,-0.7037652988990366,-0.6566538597459011,-0.5434178981628068,0.5951332776701089,0.684182947055718,-0.27954766832994066
ACH-001274,-0.26813358982999025,-0.24314285086085877,-0.0803424309080725,-0.4055303428319633,0.3279063714436698,0.12898638622825503,0.060503804356206815,-0.9043884250002665,-0.30478971436541424,-1.1589140334197583,1.3688293262216265,0.03408794983083929,0.7656918977970075,0.3723273700334455
ACH-001275,1.0886329293768875,1.0086179513174214,0.569085312037926,-0.7236213251742154,0.9869152030865421,-0.8400556357339782,0.16454992784911962,0.35822433329829123,0.569085312037926,-1.4909869838078214,-0.9691784918913408,0.4031442558096748,0.2772619848505168,0.6215914776366401
ACH-001277,0.04729175190637022,1.511340366291671,0.03188795595915477,-0.600391105653359,-0.653928463849197,-0.25902748365626477,1.0886329293768875,1.0846647277930805,0.16009401266716566,-0.48320896790027573,-0.8653584018481154,0.743766841141197,-1.731664396122245,-0.7264811491633805
ACH-001278,0.2048116325051352,-0.5332512786684108,0.9077031339772886,-0.4007604618510929,0.7466693788972909,1.3974419828247846,-0.4881570607827635,0.49808936995031894,-0.03408794983083929,0.17793766577643896,0.0869619532731993,-0.38413661720526454,-0.27954766832994066,0.30478971436541424
ACH-001279,-1.2497154572329925,1.2307375139697694,-0.05609872719514376,-0.49311713453728256,-0.4150979836847357,0.8000458886844416,0.35822433329829123,1.0383163332509597,0.32558700939032037,-0.3093996404527934,-1.3467207852382685,-0.5951332776701089,-0.8526387817710663,-0.1556412739305921
ACH-001280,1.7619948036750113,0.17347166056165078,0.9552056993359318,-1.053514476181976,-0.08254853290411272,-0.8030777025132918,-0.18464336299896028,-0.22957626427974412,0.2864135425655283,1.4488895818026868,-1.180706601148497,0.05169473834966144,1.1087365265227942,-0.24087871066839917
ACH-001283,2.138747291002779,0.5768584398705493,1.2790564074958748,-1.5919163168159876,-0.994097425556237,-2.234676469578731,2.184202539375764,0.37704474771741014,0.5951332776701089,-1.9031763053671469,-0.7940042065673266,-0.29673783825989797,-1.5689196324989267,-1.6157871031954063
ACH-001289,0.3640917815031294,0.4832089679002755,1.2260617496750101,-0.824511255955517,0.036288108699855263,-0.21380162923518106,0.3279063714436698,-0.43918662474442877,0.8977886334754037,-0.4319338747899584,-0.133421997906913,-0.3001862564390561,-0.5408710138672532,-1.0886329293768875
ACH-001295,0.8307049118491973,0.7350965394144469,0.25448251959291907,0.5332512786684108,-0.7350965394144469,-1.4520373218405715,1.2099038506989717,1.0308064799022894,0.7079966007456198,-1.0049679545269972,-0.824511255955517,-0.2887051549344523,-0.5690853120379261,-0.5168467276526095
ACH-001300,0.27269494694940966,0.3652667703167785,1.4333620914605663,-0.6457812190010196,-0.0737264271610225,-0.5206199068695524,0.7264811491633805,0.7452173252375651,-0.08475503672812068,-0.38413661720526454,-0.4562007668473,-0.14230119170291788,-1.0326784836034104,0.4956017206389103
ACH-001301,1.0612055642645124,-0.48444487770716366,0.600391105653359,-0.967421566101701,-0.41749580855344076,-1.93079206592976,0.9869152030865421,0.9244286998588873,0.8122178014999129,-1.1763033333991566,-1.35769210342973,0.8463304581395933,-0.7279132908816442,-1.0196494644127572
ACH-001302,0.4758089033276056,0.3558808140761947,1.0122814351089962,-0.9143626594721268,-0.6566538597459011,-1.0650747484714613,0.9379976573047191,0.9797835324994979,0.5768584398705493,-0.24201062568626536,-1.5540376396994589,-0.4906355888106408,-0.46843480346397653,-0.7037652988990366
ACH-001303,0.8749907341475217,1.2473185953357961,2.0412290029455087,-0.5820599275295225,-0.8183490691100319,-0.39124785972875387,0.47334801394315523,0.01869086043604089,0.0869619532731993,-1.0122814351089962,-1.1851328811470352,-0.8717709721899588,0.7150770996971557,-0.347693770638922
ACH-001306,0.4906355888106408,1.1210168225962824,0.30478971436541424,1.2167897772018257,-1.0767791384136673,-0.36761826351379506,-0.6162655099475975,-0.7236213251742154,0.38413661720526443,-0.6083091460850765,0.27041356511146836,1.4909869838078207,0.6676046872592143,0.7642188383634371
ACH-001307,0.3024871841193093,-0.04288968208825873,-0.9328891732059703,0.4832089679002755,-1.3916279593891947,-1.8280379276044882,1.1719227553576743,1.415173801571812,1.1503493803760079,-0.5562057989339743,-0.9621686139074026,1.6491212011468943,-0.20032287919934866,1.3744621740061043
ACH-001310,-0.4416093321019698,-0.5755605084058824,-0.22957626427974412,-0.42229868545116184,0.600391105653359,0.3465261059114201,-0.17347166056165064,-0.6296136839545463,-0.19247720601206122,0.8526387817710663,0.04729175190637022,0.8621654280695802,1.2740898393217566,1.741597224503634
ACH-001318,0.3876897877871037,-1.5323398326155178,0.6457812190010196,-0.43918662474442877,-1.203074819956593,0.9851275883347466,-0.994097425556237,-0.7037652988990366,0.787991369076319,0.9077031339772886,1.096621196738911,0.6457812190010196,-1.1895825028281073,-0.3888752642829681
ACH-001322,1.1503493803760079,0.17793766577643896,0.914362659472127,-0.6566538597459011,0.24087871066839917,0.7524934190627787,-0.5716725128166567,-0.5256623794275063,-1.2497154572329925,-0.7583430960005929,0.5951332776701089,-0.08696195327319917,0.1578672520464748,-0.3805882897619572
ACH-001328,0.41989603625014454,-0.29558915126306257,-0.49311713453728256,-2.5300844134039786,-0.534519074502606,0.42229868545116184,1.1851328811470352,-0.2864135425655284,-0.5155906372996497,-1.4843379083716668,1.1985531246455747,0.007695864528091708,0.35353924775488044,-0.7627474353478296
ACH-001329,1.5919163168159876,-0.11348112962967796,0.6296136839545463,0.7264811491633805,-0.040688964142722606,-0.24540823817218774,-0.2544825195929189,-0.3746850166103579,-1.0049679545269972,-0.04288968208825873,0.9077031339772886,0.3652667703167785,0.046191151866067835,-0.9278049190833462
ACH-001332,2.2087363797199484,2.2622135826614524,2.6565387878196796,-0.3699717912251274,-1.360460607395202,-0.7671666205857572,1.1334685435697693,-0.21380162923518106,-0.5510798360085835,-1.3801389729135718,0.5055709279090783,-1.9168014719289324,-0.5990750974939978,-0.5206199068695524
ACH-001333,1.0846647277930805,0.8685602224988808,1.1675645511806783,-1.3858606000569538,-1.1460985295534751,-0.8526387817710663,1.7940385403408106,1.97519860622955,1.5182659475558995,-2.5881561522522114,-1.751704914502605,-0.27954766832994066,-2.077892100777044,-0.198080020895514
ACH-001334,-0.5872772110380803,1.7028481400008513,-0.25902748365626477,-0.5964461873965076,0.8183490691100319,0.7408705559340103,-1.5689196324989267,-1.1675645511806783,-0.6376766160079513,-0.22957626427974412,1.2941487795873434,0.32558700939032037,2.007120423125531,0.38413661720526443
ACH-001335,-0.0032982010778991456,0.18464336299896014,0.22280893905460722,0.3629172951393563,0.6083091460850765,0.23748481037633742,-0.16009401266716553,-0.7150770996971557,-1.180706601148497,0.23635411982100163,1.330561513178897,-1.5323398326155178,0.6189262992365707,-0.8463304581395933
ACH-001336,0.9210629853167461,-0.798532736782798,-0.18464336299896028,-0.899434907667234,0.4367664924616712,1.0807135329098068,-1.1503493803760079,-1.3632395782217357,-2.8489799156823237,1.5182659475558995,0.8494803943214633,-1.0383163332509597,0.6215914776366401,0.9517415527940478
ACH-001338,-1.3467207852382685,-0.10684457930145627,-0.6030262477869939,0.39006128753870317,-1.0458852068138909,-0.6897508578180003,1.096621196738911,1.3095418325369654,2.7401908971488735,-0.3640917815031294,-1.48103783662357,0.7293469271307469,-0.9552056993359318,-0.4452482646105589
ACH-001340,2.05921460987167,1.269154501539727,2.0973239031987645,-1.8280379276044882,-1.9451711242093468,-1.3916279593891947,1.3801389729135718,-0.9177076724000351,-0.3488619096190471,-0.9762363202907715,-0.44767749627401204,-0.5846665799496998,0.6580183876678081,-1.0728613416500032
ACH-001341,0.37468501661035775,-0.8653584018481154,0.530718253370961,-0.2340936433721047,-0.4319338747899584,0.4513263088819434,-0.4562007668473,-0.1935972800956344,-0.18464336299896028,-1.0496922042251637,-0.33487511031897577,0.3888752642829679,0.9177076724000355,-1.528792914470257
ACH-001344,0.737980472204168,-0.7094098525076643,0.46353287493828105,-0.22506356525517032,0.5256623794275063,0.3865048558827439,-0.613609076561029,-0.8276041153933821,-0.7583430960005929,-0.48073935846966426,-0.09800310908566968,0.5130808924277176,0.9043884250002668,1.1503493803760079
ACH-001345,1.1632284115355502,1.8519354844002658,1.6077281211835148,0.22506356525517032,0.05169473834966144,-1.1675645511806783,1.3916279593891947,-0.5055709279090783,1.1046800621865227,-2.5300844134039786,-0.3372016251408053,-1.3858606000569538,-1.511340366291671,-2.234676469578731
ACH-001346,-0.4367664924616712,0.5018266377821731,-0.38413661720526454,-1.4977026374118696,0.3511996182649021,1.3632395782217357,-0.5357877300556416,-0.5742635458221241,-1.001331297525693,-0.1467449554865486,0.41030946828115844,-0.2692734025006121,0.38177053102389175,-0.08916929344660626
ACH-001347,-0.29788691693055386,-1.1610685209816873,-1.4520373218405715,-1.2449288778739365,1.7316643961222453,0.4079187409450348,-1.1546211199864427,0.0913770681701393,-2.05921460987167,0.543417898162807,0.9414169552077446,-0.24314285086085877,0.9691784918913408,1.2941487795873434
ACH-001349,0.7423179201735803,0.6162655099475975,1.4712331679535513,-1.3279018717558337,-0.7408705559340103,-0.5181036339972976,1.1418682881513451,0.22055544490025863,0.1913573733518657,-1.4333620914605663,-0.3441921913165336,-1.975198606229551,-0.8928643423058017,-2.138747291002779
ACH-001353,0.2070575519737386,0.199201324789267,1.1589140334197583,-1.2740898393217566,1.8642920563070784,1.1128113175429069,-0.5665019148999157,-2.291581144332876,-1.7122961530786696,-1.2740898393217566,0.9210629853167461,-1.216789777201825,1.0308064799022894,0.0032982010778990064
ACH-001354,1.3744621740061043,0.8526387817710663,1.4647744820388247,0.8369305999126725,-0.0759313888959628,-2.077892100777044,0.5130808924277176,1.1334685435697693,0.6869642403069017,-0.7495782208162746,-1.731664396122245,2.05921460987167,-0.15341606674775615,-0.5742635458221241
ACH-001356,-0.7495782208162746,-1.1169046698702836,-0.5716725128166567,-0.5459683122952278,-0.2613019678849396,-0.3232693974936587,-0.4440346342705391,0.03408794983083929,0.29329294516847626,-0.6814069363243779,-0.4610860885253348,1.0846647277930805,0.33022749879480895,0.3652667703167785
ACH-001360,0.09358528838052117,-0.46598243956846025,0.9586813467447275,-0.8183490691100319,-0.613609076561029,-0.16454992784911948,1.1046800621865227,0.8000458886844416,-0.9797835324994979,-1.504486525069759,0.8589812200347285,-1.8280379276044882,-0.3699717912251274,-3.007786556473252
ACH-001366,0.8653584018481154,0.4598637306105772,0.9110278462898453,-0.8912277173415939,-0.7879913690763187,-0.26813358982999025,0.2386158046284212,0.6162655099475975,-0.32558700939032037,-0.7236213251742154,-1.1503493803760079,-0.2613019678849396,0.29558915126306257,-0.5536409990699268
ACH-001367,1.3199787729048944,-0.39124785972875387,1.207621247740276,-0.8526387817710663,-1.0612055642645126,-1.7724747116669224,1.5764927829578514,0.3888752642829679,0.6981430794317393,-0.6953402346145302,-1.6753802499246842,-0.02528885764264936,0.347693770638922,-1.180706601148497
ACH-001368,1.5614354093618503,2.007120423125531,0.31170706540571,0.8653584018481154,-0.005497019514316924,-0.8977886334754037,0.8977886334754037,0.41989603625014454,1.5689196324989263,-1.2121927750612842,-0.6484921805928572,-0.5536409990699268,-1.975198606229551,-1.7940385403408095
ACH-001370,0.4079187409450348,-1.4333620914605663,-0.8945033623459216,-1.3744621740061043,1.3916279593891947,0.4031442558096748,-1.0308064799022894,-0.11348112962967796,-1.6157871031954063,0.6786361667728741,0.42229868545116184,-0.4610860885253348,0.9552056993359318,0.04288968208825873
ACH-001374,0.1556412739305921,-0.18911842627279252,-0.023089417099562953,-0.6593841418798564,-0.9143626594721268,0.7495782208162746,1.1210168225962824,0.6512079165600977,0.49808936995031894,-1.9168014719289324,-0.4856815279341637,-0.7009514195842119,-1.4583763270590426,-0.4452482646105589
ACH-001375,0.6786361667728741,2.184202539375764,0.5181036339972976,0.1578672520464748,-0.6189262992365707,-0.33022749879480895,1.6491212011468943,-0.31632691240551397,-0.2048116325051352,-1.7940385403408095,-1.053514476181976,1.6157871031954063,-0.8400556357339782,-0.23183436245300987
ACH-001376,0.5885840279517417,0.03408794983083929,1.514794075051709,-1.6322274557352336,0.27041356511146836,-0.17570422511146444,-0.4635328749382808,-2.184202539375764,-1.314742400923604,0.287559159985774,0.6189262992365707,-0.5677931397915426,1.049692204225164,0.44646255111095046
ACH-001377,1.2307375139697694,0.8573923780982864,1.97519860622955,-0.7760502810871098,-0.47334801394315534,-0.05609872719514376,0.7065847616387614,-1.0159585554771338,0.13120386939339987,-1.6577476036291676,1.415173801571812,-1.0159585554771338,-0.7879913690763187,-2.262213582661452
ACH-001379,-0.25902748365626477,0.6083091460850765,-0.0076958645280918465,0.1201226819205549,1.096621196738911,0.8621654280695802,0.04949312519186336,-0.5977601260424784,-0.4745780993810341,-1.8164703928646655,0.600391105653359,-1.0308064799022894,0.18688042682240702,-0.9709384144355823
ACH-001380,1.4977026374118692,0.2749777489690046,0.9278049190833458,-0.5080710616447608,0.4832089679002755,0.06931756803149183,0.14896791903016532,-0.27611968681983545,-0.6457812190010196,-0.8589812200347285,0.8621654280695802,-0.41030946828115844,-1.5394920775526073,-0.8589812200347285
ACH-001382,1.772474711666923,0.7909942130952894,2.3939797998185104,-0.2909982844406031,0.42470377494533396,0.126769537138465,-0.6322967567317324,-2.740190897148869,-0.9762363202907715,-0.1445227168573773,2.4794668853016666,-0.5587742628637399,0.33255040665749686,-0.016491723021857998
ACH-001385,-1.3521860990673606,-0.6175953580354795,-0.2772619848505169,-0.6069868348034859,0.914362659472127,0.19808002089551385,-0.3070938616355657,0.10021273153199581,-0.9586813467447275,1.0308064799022894,-0.2183030702235295,-0.7466693788972909,1.4272467901741255,0.42470377494533396
ACH-001386,0.4391866247444289,0.8653584018481154,0.8653584018481154,1.1546211199864427,-0.21155253799139567,-0.9904999275311626,0.3629172951393563,0.7408705559340103,-0.2613019678849396,-0.1868804268224072,-1.4583763270590426,-0.824511255955517,-0.4488931026100072,-1.427246790174125
ACH-001388,-2.3570442297684564,-1.1697408760198513,-1.4647744820388242,0.10684457930145613,3.3272129920738123,3.3272129920738123,-3.3272129920737776,-2.4794668853016644,-3.3272129920737776,1.9909059489640788,3.0077865564732638,-1.2307375139697694,1.741597224503634,0.9110278462898453
ACH-001389,-0.2081809027825047,1.1376583823177633,-1.2790564074958748,-0.5639222930439726,-1.096621196738911,0.22957626427974412,0.8542211687923525,0.33952996655970646,0.6215914776366401,-0.33255040665749686,-0.8061169161858521,0.35353924775488044,-0.7236213251742154,-0.31632691240551397
ACH-001390,1.7831529838979576,0.8945033623459216,1.403303631420883,-0.9379976573047194,-0.9448472953663021,-0.8122178014999129,0.4513263088819434,-0.5925105295130879,0.17123996032070093,-0.8782195926748022,-0.3232693974936587,-2.0973239031987645,-0.8214262635717874,-1.0420933076148031
ACH-001391,-0.8183490691100319,0.5357877300556416,-0.8152796042560035,-1.4211844024982856,0.14230119170291788,0.34886190961904734,-0.1201226819205549,0.162321567392157,0.6162655099475975,-1.314742400923604,-0.0737264271610225,0.31401615114926634,0.613609076561029,-0.6403734728270288
ACH-001392,0.613609076561029,-0.3582243332982911,0.9656676214735342,-0.997707835414134,0.46353287493828105,0.23183436245300987,-1.6322274557352336,-1.3412954040553924,-1.2121927750612842,1.3412954040553924,0.37704474771741014,-0.8653584018481154,1.2790564074958748,0.22506356525517032
ACH-001393,-0.720767407181645,2.0973239031987645,0.29558915126306257,1.3744621740061043,-0.012093676817781196,-0.3279063714436698,-0.43434891564061573,-1.0383163332509597,0.37468501661035775,0.2160518024972585,1.2307375139697694,0.9691784918913408,0.5281886287114783,-0.20930451635983457
ACH-001394,0.5332512786684108,0.3758646205464791,-0.15341606674775615,-1.8898955575205072,-0.36761826351379506,0.29329294516847626,0.133421997906913,0.02748842052851622,-0.398378943033161,-0.24767488561581988,0.8400556357339782,-0.6296136839545463,1.1169046698702836,-0.2658550075342102
ACH-001396,2.4794668853016666,1.1632284115355502,2.5300844134039813,-0.7879913690763187,-0.9833431160929378,-1.6322274557352336,0.1090562254833252,-0.5231394804436903,-0.6162655099475975,0.9833431160929378,0.22055544490025863,0.12233769620313222,-0.32095352068442146,-1.4062526237581048
ACH-001398,2.434502406337297,2.077892100777044,1.8769400144253807,0.5030739503457283,0.7849956136784568,-0.3723273700334457,-0.9833431160929378,-1.8519354844002662,-1.0573522020432222,-0.7150770996971557,0.8463304581395933,-0.6056655839920606,-0.7179193476929423,-0.5294530175447888
ACH-001399,1.235440341561252,-0.5485222826980979,0.08254853290411288,-1.0458852068138909,-0.7293469271307469,-0.6296136839545463,0.9043884250002668,0.5357877300556416,-0.29558915126306257,-2.740190897148869,-0.04949312519186336,-1.0067912763026081,0.060503804356206815,-1.0159585554771338
ACH-001400,-1.216789777201825,-1.6239524138818737,-0.1511916189534914,-1.5540376396994589,2.7401908971488735,2.2087363797199484,-2.323069137904312,-1.8398553707779415,-2.5881561522522114,1.1006416942659187,2.0412290029455087,-2.0071204231255315,0.8558056976363998,0.8717709721899588
ACH-001401,0.7179193476929423,0.8912277173415939,0.12898638622825503,-0.9621686139074026,-0.9762363202907715,-0.05830112436099074,0.737980472204168,0.19359728009563426,0.9482887899595908,-0.02748842052851622,-0.8276041153933821,0.26357780470714204,-1.2260617496750101,-0.7408705559340103
ACH-001402,0.7701210841679732,0.060503804356206815,0.17123996032070093,1.314742400923604,-0.6484921805928572,-1.2449288778739365,0.31170706540571,-0.036288108699855263,-0.32095352068442146,0.42831602611722197,-0.05609872719514376,1.35769210342973,0.994097425556237,0.5472448513028344
ACH-001403,0.49808936995031894,1.35769210342973,0.7264811491633805,-0.20930451635983457,-0.3372016251408053,-1.1418682881513451,-0.7940042065673266,-0.8000458886844419,-0.5846665799496998,1.4583763270590433,-0.29788691693055386,0.18688042682240702,1.269154501539727,0.023089417099562953
ACH-001407,-0.824511255955517,1.235440341561252,-0.09137706817013944,0.7760502810871098,-1.0364333894937898,-2.0973239031987645,1.0383163332509597,1.1128113175429069,0.824511255955517,-0.5105743752088904,-1.2307375139697694,0.4856815279341636,-0.5768584398705495,-0.4906355888106408
ACH-001408,0.26813358982999036,-0.5357877300556416,-0.0693175680314917,-0.4031442558096748,0.26357780470714204,-0.12233769620313222,-0.5977601260424784,-0.5898918508060312,-0.9379976573047194,-0.4906355888106408,1.2425462488162031,0.8091635941232459,2.8489799156823308,0.5408710138672533
ACH-001409,1.71229615307867,-0.3441921913165336,1.235440341561252,-0.992297071255654,-0.7524934190627787,-1.096621196738911,0.4856815279341636,-0.14230119170291788,0.16677910569435353,-0.5587742628637399,-0.6953402346145302,1.5614354093618503,-0.8369305999126725,-1.1632284115355502
ACH-001411,1.1087365265227942,-0.6083091460850765,0.08475503672812082,-1.261808941748472,0.93458929107348,0.3629172951393563,-0.530718253370961,-0.32095352068442146,-1.1006416942659187,-0.6897508578180003,1.0383163332509597,-0.8494803943214633,0.19808002089551385,-0.5093223194631401
ACH-001412,-0.7009514195842119,-1.0886329293768875,-0.2658550075342102,0.39006128753870317,0.16009401266716566,-0.4906355888106408,0.33255040665749686,0.07152182381554832,-0.11790825683843847,-0.6430749951728808,-0.5639222930439726,0.2772619848505168,0.5574895711783843,-0.40672425187136363
ACH-001413,0.8338137161324595,0.914362659472127,-0.0032982010778991456,-0.9311917474947267,-0.3746850166103579,-1.2260617496750101,1.2214126379128531,0.012093676817781056,-0.5080710616447608,-0.8338137161324595,-0.5218792795289049,0.8863320996731163,0.7820068867537175,0.33952996655970646
ACH-001414,-0.7293469271307469,0.6322967567317324,0.2749777489690046,-1.9031763053671469,-1.1128113175429069,0.009894746751425933,1.889895557520506,0.6593841418798565,0.3511996182649021,-2.138747291002779,-0.5357877300556416,-1.1251480193965842,0.3001862564390561,0.6539284638491971
ACH-001415,0.4416093321019699,0.1445227168573773,-0.3959996815356839,1.9168014719289317,0.7408705559340103,0.398378943033161,-0.2340936433721047,-0.24087871066839917,-0.05389660210587648,-0.9414169552077446,0.4586420594195474,0.11569440979028714,1.0086179513174214,0.5898918508060311
ACH-001416,0.02528885764264936,0.1090562254833252,0.9244286998588873,0.8782195926748022,2.3230691379043127,0.9959010077811455,-0.7598095710099186,-1.6322274557352336,-1.0270732683507222,-0.824511255955517,0.6512079165600977,0.19583815857485232,0.3936226596401808,-1.1675645511806783
ACH-001418,0.6242610786459207,0.7568782500346158,0.787991369076319,-0.6296136839545463,-1.6935497311286343,-0.37704474771741026,1.9451711242093461,-0.6786361667728743,-1.3252515904708695,-0.9552056993359318,-0.4881570607827635,-1.8164703928646655,0.06270677794321385,0.03408794983083929
ACH-001419,0.9010836231413344,0.1556412739305921,2.138747291002779,-1.525265125876848,-1.1210168225962824,0.020890088246888424,0.4586420594195474,-0.7009514195842119,-0.36291729513935617,-1.6491212011468943,1.6239524138818737,-2.4345024063372955,-0.47334801394315534,-1.6577476036291676
ACH-001421,0.6269351360557498,-0.17570422511146444,0.4007604618510929,-0.04949312519186336,-0.04949312519186336,0.01649172302185786,0.45376219016987956,0.04288968208825873,-0.33952996655970646,0.8879616072736423,-0.23635411982100163,-0.7236213251742154,-0.16009401266716553,0.3465261059114201
ACH-001422,1.4843379083716661,1.0458852068138909,0.7179193476929423,-1.0767791384136673,-0.5510798360085835,-0.530718253370961,-0.12233769620313222,-0.7466693788972909,-1.4843379083716668,0.10242284336907109,-0.1690091126132405,-1.0612055642645126,0.6897508578180003,0.6030262477869939
ACH-001428,0.04288968208825873,0.5562057989339744,0.028588251179981258,0.34886190961904734,-0.33022749879480895,-0.20032287919934866,0.07593138889596295,-0.5690853120379261,0.5716725128166565,0.08254853290411288,0.8431888970300973,0.9311917474947266,-0.17347166056165064,-1.4843379083716668
ACH-001430,0.684182947055718,-0.42711132363530335,-0.10684457930145627,-0.6648595171258197,0.20256674566432126,-0.3794065802070989,0.6215914776366401,0.6349843890817186,-0.4055303428319633,-0.27497774896900473,-0.8945033623459216,-0.5055709279090783,-0.7322187075540352,-1.0270732683507222
ACH-001431,1.5997722240383687,1.0612055642645124,1.8280379276044878,-0.6897508578180003,0.07593138889596295,-0.6512079165600976,0.1356407830643558,1.2740898393217566,0.5105743752088904,-1.1895825028281073,-1.93079206592976,-1.751704914502605,-1.4395314709384563,-1.0383163332509597
ACH-001433,0.4319338747899584,-0.09358528838052131,0.7150770996971557,-0.29558915126306257,0.8558056976363998,0.31632691240551397,-1.7028481400008508,-0.9110278462898451,0.3070938616355657,2.6565387878196796,-0.2544825195929189,0.33487511031897577,1.889895557520506,1.1128113175429069
ACH-001442,1.5689196324989263,0.41749580855344076,0.7790251288273164,-1.7028481400008508,-0.9517415527940478,-0.22055544490025863,1.3632395782217357,-0.8183490691100319,-0.33022749879480895,-2.077892100777044,0.5665019148999156,-0.6322967567317324,1.1589140334197583,-1.5540376396994589
ACH-001443,0.6030262477869939,1.4843379083716661,-0.3888752642829681,0.02748842052851622,-1.1763033333991566,-0.14008036860853418,0.398378943033161,0.1556412739305921,0.5068205987808351,-1.0612055642645126,-1.0383163332509597,0.692542841734797,-0.751035022116559,-0.48073935846966426
ACH-001450,0.10463345561407526,1.6664991613969533,0.720767407181645,-0.7583430960005929,-1.2840547279091354,-0.06711364899267981,1.870578631109212,1.189582502828108,1.203074819956593,-0.3232693974936587,-2.3939797998185095,-1.9909059489640788,-0.712240616658132,-0.0693175680314917
ACH-001451,1.1675645511806783,-2.323069137904312,-0.48073935846966426,-1.3412954040553924,-0.38532046640756773,-0.5155906372996497,-1.023354316375886,-0.5510798360085835,-1.6322274557352336,1.1418682881513451,0.4513263088819434,0.01869086043604089,1.5689196324989263,0.32558700939032037
ACH-001453,-0.05609872719514376,0.14230119170291788,-2.262213582661452,-1.6406158005819216,-0.5665019148999157,0.6349843890817186,0.4488931026100073,1.076779138413667,-0.15341606674775615,-0.4488931026100072,-1.0308064799022894,-0.045090607775225125,0.8091635941232459,0.06931756803149183
ACH-001454,0.4832089679002755,0.4391866247444289,0.5485222826980981,-0.06270677794321385,0.1090562254833252,-0.2340936433721047,-0.24540823817218774,-0.20032287919934866,-1.2593754934254444,0.7250504959319156,0.1356407830643558,-0.9193840350404713,1.8280379276044878,1.235440341561252
ACH-001458,0.5383276331761137,1.5577258683460022,1.6239524138818737,-0.719342648073704,0.6269351360557498,0.6376766160079513,-0.37704474771741026,-0.9311917474947267,-0.9414169552077446,-1.1985531246455747,1.3521860990673606,-3.007786556473252,-1.2593754934254444,-0.29558915126306257
ACH-001459,1.7517049145026056,0.9709384144355823,1.7028481400008513,-0.5105743752088904,1.3359092188098454,0.5383276331761137,-0.21380162923518106,-0.9517415527940478,-0.4331410794324745,-0.5665019148999157,1.0420933076148031,-2.6565387878196756,-0.04949312519186336,-1.8164703928646655
ACH-001460,1.244928877873936,1.1169046698702836,1.4272467901741255,0.282978937981591,0.5281886287114783,-0.2613019678849396,0.41030946828115844,-0.5587742628637399,0.05499763131262073,-1.679870800276251,0.9043884250002668,-2.3570442297684564,-0.5281886287114783,-2.0238804284732894
ACH-001461,1.9451711242093461,0.6855729307670172,1.93079206592976,-1.504486525069759,-0.6814069363243779,-0.5562057989339743,0.42711132363530335,-0.5181036339972976,-0.42952135053880236,-1.8769400144253812,0.585971396290434,-1.9031763053671469,-1.0270732683507222,-1.7619948036750106
ACH-001465,-0.42952135053880236,0.7079966007456198,0.9414169552077446,-0.6349843890817186,0.26130196788493976,0.25221201319248454,-0.6484921805928572,0.007695864528091708,-0.39124785972875387,0.27840464477979515,-0.8526387817710663,0.28412343330913115,0.9010836231413344,-0.9621686139074026
ACH-001481,1.4520373218405722,0.6122824830316481,0.6083091460850765,-0.0032982010778991456,-0.036288108699855263,-0.0759313888959628,0.22731933611251867,-0.6189262992365707,0.49311713453728256,-0.6109569661538571,-0.0781367198606693,0.5820599275295223,0.24087871066839917,-1.0767791384136673
ACH-001484,-0.012093676817781196,-0.16454992784911948,0.3024871841193093,-0.05609872719514376,0.9552056993359318,-0.21155253799139567,0.5872772110380802,0.42952135053880236,0.14230119170291788,-0.43918662474442877,-1.5841574443680622,-0.31401615114926634,1.2473185953357961,-0.3640917815031294
ACH-001494,0.31863936396437514,0.5130808924277176,1.5614354093618503,-1.207621247740275,1.3095418325369654,1.1985531246455747,-0.5130808924277176,-2.8489799156823237,-2.234676469578731,-0.25902748365626477,1.6077281211835148,-1.5079045914405589,0.7760502810871098,0.25221201319248454
ACH-001495,1.1589140334197583,-0.6430749951728808,1.203074819956593,-1.5323398326155178,-2.160916962144917,-1.0086179513174214,2.2087363797199484,0.04949312519186336,0.3865048558827439,-1.8642920563070788,-0.24087871066839917,-0.5562057989339743,-0.4881570607827635,-2.8489799156823237
ACH-001496,-0.2704135651114682,0.1612076900405599,0.18911842627279238,-0.23183436245300987,-0.7612776818506835,0.42711132363530335,0.8152796042560035,-0.31170706540571,-0.05169473834966144,-1.679870800276251,0.28870515493445215,-0.4956017206389103,0.4319338747899584,-1.1006416942659187
ACH-001497,-0.46843480346397653,1.3858606000569538,1.0846647277930805,-1.1546211199864427,0.8749907341475217,-0.2704135651114682,0.45620076684730015,-1.427246790174125,-0.25561826421633266,-0.6242610786459207,1.9168014719289317,-0.9278049190833462,0.8000458886844416,-0.7909942130952893
ACH-001498,-0.6403734728270288,0.7009514195842119,0.39124785972875387,0.22280893905460722,0.9077031339772886,-1.0289380816042055,0.7730822853732383,0.9517415527940478,1.2790564074958748,0.8338137161324595,-1.2497154572329925,-0.9448472953663021,0.8400556357339782,-0.5093223194631401
ACH-001500,-0.43434891564061573,0.28412343330913115,0.29788691693055386,0.8912277173415939,-1.0650747484714613,-0.08475503672812068,0.23183436245300987,-0.42711132363530335,-0.2160518024972585,-0.6269351360557498,0.28183481319966275,-1.2121927750612842,-0.045090607775225125,-0.6430749951728808
ACH-001502,0.6981430794317393,-0.3664422636339671,1.772474711666923,-0.33255040665749686,-0.1356407830643558,-0.22957626427974412,-0.31863936396437514,-0.0076958645280918465,0.8479043746064068,-0.9278049190833462,0.040688964142722606,-0.23635411982100163,0.012093676817781056,-0.5768584398705495
ACH-001508,-0.4635328749382808,0.42952135053880236,0.03848844324292296,0.8122178014999129,0.9517415527940478,0.7790251288273164,-1.1376583823177633,-0.3582243332982911,-0.9010836231413344,0.1801719943942599,0.03188795595915477,0.05830112436099074,0.8847049421535803,0.111268405229855
ACH-001509,0.14896791903016532,-0.8416212335729142,-1.1895825028281073,-3.3272129920737776,1.207621247740276,1.264249885119522,-1.314742400923604,0.1356407830643558,-1.415173801571812,0.6430749951728808,0.8912277173415939,-0.9656676214735342,0.19023778060730137,0.8749907341475217
ACH-001510,0.3232693974936587,-1.3688293262216265,-0.28412343330913126,-2.4345024063372955,-0.22957626427974412,-0.4319338747899584,0.2772619848505168,-0.9244286998588876,-0.7970214110193491,-0.14230119170291788,0.24540823817218774,-1.2449288778739365,2.2622135826614524,-1.0650747484714613
ACH-001511,0.5485222826980981,0.34886190961904734,1.0383163332509597,-1.096621196738911,0.6648595171258198,-0.17793766577643882,0.30478971436541424,-1.207621247740275,-1.4457561326332704,-1.0308064799022894,0.6390244634612506,-0.8749907341475217,0.6786361667728741,0.5155906372996497
ACH-001513,-1.7218995346777684,0.5055709279090783,0.22957626427974412,-0.7466693788972909,-0.7150770996971557,1.3744621740061043,-0.3547097878092182,-0.8621654280695802,-1.6577476036291676,1.0926183477238136,1.207621247740276,-1.0196494644127572,0.2340936433721047,0.6967409728285789
ACH-001515,-0.22957626427974412,1.93079206592976,0.8977886334754037,0.7495782208162746,-0.2692734025006121,-0.7849956136784567,0.6162655099475975,0.1913573733518657,-0.0737264271610225,-0.22506356525517032,0.6786361667728741,-0.6403734728270288,0.6269351360557498,-0.07152182381554818
ACH-001517,1.97519860622955,-0.3758646205464791,1.6664991613969533,-1.751704914502605,-1.4211844024982856,-1.5182659475558995,0.997707835414134,0.06270677794321385,0.7524934190627787,-0.6296136839545463,0.16677910569435353,-1.4909869838078214,-1.1376583823177633,-1.2593754934254444
ACH-001518,-0.5846665799496998,1.6753802499246846,-0.8589812200347285,-1.6077281211835148,0.7279132908816444,0.9959010077811455,-0.49808936995031894,-0.16232156739215686,0.4758089033276056,-0.6349843890817186,0.5231394804436903,-0.9043884250002665,0.7495782208162746,0.47334801394315523
ACH-001520,1.1460985295534751,-0.7909942130952893,0.6593841418798565,-2.0071204231255315,0.9833431160929378,0.0032982010778990064,-0.16454992784911948,-0.02528885764264936,-0.613609076561029,-0.021989739377545343,-0.6162655099475975,-0.8183490691100319,-0.6981430794317393,-0.16677910569435336
ACH-001521,-0.25221201319248443,-0.824511255955517,0.7094098525076643,-0.3279063714436698,-1.4333620914605663,-0.7790251288273163,2.2622135826614524,1.7028481400008513,0.8091635941232459,-3.007786556473252,0.28412343330913115,-0.18017199439426004,-1.525265125876848,-1.7218995346777684
ACH-001522,1.314742400923604,1.4777538157052024,0.8338137161324595,0.6731101878164728,-0.14008036860853418,-0.4127025430789826,0.2340936433721047,-0.6897508578180003,0.3441921913165338,-0.5898918508060312,-0.5332512786684108,0.8030777025132917,-0.17793766577643882,-1.3858606000569538
ACH-001523,0.6189262992365707,1.3974419828247846,1.3359092188098454,0.8431888970300973,1.5997722240383687,0.29788691693055386,-1.001331297525693,-1.4583763270590426,-1.40921389662192,-0.6376766160079513,0.9762363202907715,-0.19583815857485246,1.3199787729048944,1.5044865250697583
ACH-001524,0.2340936433721047,1.0926183477238136,0.01649172302185786,-0.7909942130952893,1.1482213614577501,0.2070575519737386,-0.17793766577643882,-1.0345541132346794,-0.7627474353478296,-0.2887051549344523,1.4457561326332704,-1.053514476181976,1.4615679256432437,-0.6269351360557498
ACH-001525,0.9311917474947266,1.4615679256432437,1.076779138413667,-1.2890853356658603,-1.8051409301306438,-0.06270677794321385,0.06931756803149183,-0.126769537138465,-1.2307375139697694,-0.7642188383634371,0.29788691693055386,-0.470889987812555,0.6981430794317393,-0.133421997906913
ACH-001526,1.8398553707779408,0.5510798360085837,1.7316643961222453,-0.6676046872592142,-0.720767407181645,-0.28183481319966286,-0.24994280625282178,-0.737980472204168,-1.0496922042251637,-0.21155253799139567,-0.0693175680314917,-0.2864135425655284,0.3279063714436698,0.31632691240551397
ACH-001528,-1.3916279593891947,-0.25902748365626477,-0.23183436245300987,0.11790825683843847,0.5018266377821731,0.9210629853167461,-0.5256623794275063,-0.4007604618510929,-0.2070575519737386,-0.22055544490025863,0.5613464183360082,0.08475503672812082,0.5872772110380802,1.0270732683507222
ACH-001529,2.160916962144917,1.5880249307148702,2.0238804284732894,-0.8847049421535803,-1.2593754934254444,-0.16009401266716553,1.0728613416500028,-0.5357877300556416,0.39124785972875387,-1.1719227553576743,-1.3412954040553924,-1.1128113175429069,-2.05921460987167,-0.7879913690763187
ACH-001530,0.9552056993359318,0.9077031339772886,1.8398553707779408,-0.22055544490025863,-0.6869642403069018,-0.3372016251408053,1.7831529838979576,0.6648595171258198,0.42831602611722197,-1.783152983897957,-1.203074819956593,-0.6786361667728743,-0.8494803943214633,-0.720767407181645
ACH-001532,0.1201226819205549,0.41989603625014454,1.35769210342973,-2.3570442297684564,-0.3441921913165336,0.46353287493828105,0.7524934190627787,-0.2025667456643214,0.7495782208162746,-0.8198866958893143,-0.7495782208162746,-2.05921460987167,0.126769537138465,-0.8912277173415939
ACH-001533,1.001331297525693,-1.1006416942659187,0.28870515493445215,-1.7415972245036333,0.29329294516847626,-0.2544825195929189,0.162321567392157,0.7539534182629265,-0.36761826351379506,0.5781573438545956,-1.6077281211835148,-0.9311917474947267,-0.5523599646345766,-0.1201226819205549
ACH-001536,1.0383163332509597,1.3412954040553924,2.8489799156823308,-2.740190897148869,0.8494803943214633,-0.4079187409450348,-0.05169473834966144,-1.8642920563070788,0.600391105653359,-1.3043764426955688,0.4440346342705392,-1.7724747116669224,0.6512079165600977,-1.6406158005819216
ACH-001538,-0.5181036339972976,0.46598243956846,0.2183030702235295,-1.1292985086514165,0.23070516632041402,-0.19583815857485246,0.6981430794317393,-0.5408710138672532,-0.5055709279090783,-0.5030739503457283,0.9010836231413344,0.6269351360557498,1.2401706527892427,-1.3974419828247842
ACH-001539,1.3095418325369654,0.9709384144355823,3.3272129920738123,-0.18017199439426004,1.1589140334197583,-0.6242610786459207,0.4367664924616712,-0.7612776818506835,-0.10242284336907123,-0.9797835324994979,-0.11790825683843847,-1.1632284115355502,-0.017591281094565297,-1.3744621740061043
ACH-001542,1.269154501539727,1.1546211199864427,2.007120423125531,-0.9797835324994979,-1.3801389729135718,-0.4586420594195472,0.4079187409450348,-0.39124785972875387,-0.8977886334754037,-2.4345024063372955,0.9797835324994979,-1.4395314709384563,0.12455331087314676,-0.5665019148999157
ACH-001543,1.1128113175429069,-1.0049679545269972,0.7065847616387614,-2.291581144332876,-0.28412343330913126,0.4150979836847357,-0.4055303428319633,-0.6030262477869939,-1.471233167953552,-0.41749580855344076,0.6676046872592143,-0.8061169161858521,0.31401615114926634,0.9414169552077446
ACH-001547,-0.4440346342705391,-0.27611968681983545,-0.45132630888194325,-0.46843480346397653,0.0913770681701393,0.0913770681701393,1.1460985295534751,0.32558700939032037,0.22731933611251867,-0.7879913690763187,0.5080710616447608,-0.712240616658132,0.023089417099562953,0.9193840350404713
ACH-001548,0.93458929107348,-0.2692734025006121,0.16677910569435353,-0.8558056976363998,-0.9691784918913408,-0.7524934190627787,2.0238804284732894,0.44646255111095046,0.9177076724000355,-1.8398553707779415,-0.6814069363243779,-0.12233769620313222,-0.3723273700334457,-0.32558700939032037
ACH-001549,0.4150979836847357,0.26813358982999036,1.0308064799022894,0.997707835414134,-1.1087365265227942,-0.2025667456643214,-0.8717709721899588,-0.5639222930439726,0.09579396502978631,0.49808936995031894,-0.6349843890817186,0.876604021028395,1.7316643961222453,1.1334685435697693
ACH-001550,-0.43918662474442877,0.5846665799496997,-0.6269351360557498,-0.4501093726372083,0.824511255955517,0.05609872719514376,-0.24314285086085877,-0.4150979836847357,0.4513263088819434,-0.5510798360085835,0.7307820639859635,0.23183436245300987,1.3744621740061043,0.6786361667728741
ACH-001551,0.28183481319966275,1.1851328811470352,0.6814069363243775,-0.2704135651114682,-0.6349843890817186,-0.6109569661538571,0.18911842627279238,0.040688964142722606,0.06711364899267981,-0.9143626594721268,-1.2545308418114915,-0.012093676817781196,1.7940385403408106,-0.9833431160929378
ACH-001552,-0.35353924775488027,0.737980472204168,0.3070938616355657,1.2740898393217566,-0.5155906372996497,-0.9077031339772884,0.18464336299896014,-0.22731933611251867,1.2401706527892427,-0.16677910569435336,0.6869642403069017,1.0728613416500028,-1.1251480193965842,-0.03188795595915477
ACH-001554,-0.19135737335186584,0.182407222834474,1.1418682881513451,-0.10021273153199595,-0.1556412739305921,-0.4956017206389103,-0.2070575519737386,-0.0759313888959628,0.6676046872592143,0.6593841418798565,0.11569440979028714,0.3372016251408053,-0.0803424309080725,-0.3723273700334457
ACH-001555,-1.6664991613969526,0.3024871841193093,-0.7009514195842119,-0.32095352068442146,0.19808002089551385,-0.5408710138672532,-0.2704135651114682,0.38177053102389175,0.44282165759651115,-0.198080020895514,-0.530718253370961,1.3359092188098454,1.5540376396994589,0.2070575519737386
ACH-001556,-1.7619948036750106,-0.3070938616355657,-0.4488931026100072,-1.1376583823177633,-0.7940042065673266,-0.4488931026100072,0.7094098525076643,1.249715457232992,1.5997722240383687,-0.6030262477869939,-0.4416093321019698,0.9110278462898453,0.8653584018481154,0.09468956896518256
ACH-001557,-0.5639222930439726,-0.7612776818506835,-0.6083091460850765,-1.1128113175429069,0.226191306811931,-0.5383276331761137,-0.2864135425655284,-0.530718253370961,1.1719227553576743,-0.2070575519737386,1.8280379276044878,1.7316643961222453,0.33952996655970646,0.20930451635983457
ACH-001558,-0.8463304581395933,-0.2887051549344523,-1.3043764426955688,-0.5768584398705495,1.264249885119522,-0.43918662474442877,0.46353287493828105,0.5872772110380802,0.2795476683299405,-0.7940042065673266,0.03848844324292296,-0.1201226819205549,0.7408705559340103,0.7970214110193488
ACH-001559,0.3558808140761947,1.2167897772018257,0.7037652988990366,-0.12566134685507402,-1.0420933076148031,-2.0412290029455087,1.249715457232992,0.37940658020709866,0.613609076561029,-0.7909942130952893,-0.3699717912251274,1.076779138413667,1.3632395782217357,0.20144468564914078
ACH-001560,-1.1851328811470352,-0.045090607775225125,-0.03408794983083929,-0.9833431160929378,-0.23635411982100163,-0.3441921913165336,0.35353924775488044,0.5281886287114783,0.7849956136784568,-0.3948108917411484,-0.7350965394144469,1.0926183477238136,1.1376583823177633,0.4488931026100073
ACH-001562,-1.415173801571812,-0.9397059329228009,-1.5689196324989267,-1.1985531246455747,0.5716725128166565,0.5357877300556416,0.7322187075540352,0.5665019148999156,0.3558808140761947,-0.45376219016987945,-0.126769537138465,-0.42952135053880236,0.6703548976824089,-0.6349843890817186
ACH-001563,-0.17570422511146444,0.8091635941232459,0.8494803943214633,-0.2048116325051352,0.19359728009563426,-1.1985531246455747,-0.43918662474442877,-0.1511916189534914,0.1801719943942599,-0.31170706540571,0.8814576331714923,-0.2909982844406031,0.600391105653359,0.08034243090807264
ACH-001566,2.3230691379043127,0.5281886287114783,1.7619948036750113,-1.471233167953552,-0.8431888970300973,-2.0071204231255315,0.9010836231413344,-0.6109569661538571,0.22280893905460722,-1.1292985086514165,-0.22280893905460722,1.4843379083716661,-0.13120386939339987,-2.05921460987167
ACH-001567,-0.014292665362238275,0.01869086043604089,0.712240616658132,-0.5665019148999157,-0.11901539642782029,-1.0345541132346794,1.2593754934254444,0.22280893905460722,-0.16677910569435336,-0.7037652988990366,0.4856815279341636,-0.7037652988990366,0.133421997906913,-0.2726949469494098
ACH-001568,2.1175815000165468,-1.0458852068138909,1.3252515904708695,-1.6491212011468943,1.3467207852382685,-1.314742400923604,-1.0196494644127572,-1.1169046698702836,-0.20930451635983457,-0.45132630888194325,0.29099828444060294,-0.5459683122952278,0.347693770638922,-1.3916279593891947
ACH-001570,0.7583430960005929,0.7701210841679732,1.4395314709384563,-0.8463304581395933,-1.0573522020432222,-1.1873547534130022,0.8685602224988808,0.25221201319248454,0.8061169161858519,-0.530718253370961,-0.25221201319248443,0.24994280625282192,-0.7760502810871098,-2.5881561522522114
ACH-001574,1.7028481400008513,-0.03188795595915477,1.314742400923604,-1.8642920563070788,0.7612776818506835,-0.7179193476929423,0.4055303428319633,-0.24314285086085877,-0.7293469271307469,-0.8479043746064066,-0.7466693788972909,-2.4794668853016644,-0.5332512786684108,-0.29788691693055386
ACH-001577,-1.471233167953552,0.05609872719514376,0.2070575519737386,-1.4520373218405715,3.0077865564732638,1.9031763053671464,-1.2121927750612842,-1.1418682881513451,-1.5764927829578514,0.5231394804436903,0.14008036860853418,-1.6239524138818737,1.959963984540054,0.5408710138672533
ACH-001578,-0.351199618264902,-0.5105743752088904,-0.5181036339972976,-1.314742400923604,0.51936135938285,0.012093676817781056,1.0458852068138909,1.4520373218405722,0.9656676214735342,-1.2354403415612518,-1.1292985086514165,1.0477868072922607,-0.8653584018481154,-0.3865048558827441
ACH-001603,-0.9328891732059703,-0.45132630888194325,-0.3558808140761946,-0.2864135425655284,0.3723273700334455,-0.07152182381554818,0.38413661720526443,0.7642188383634371,0.16900911261324064,-0.18240722283447414,-1.216789777201825,0.3723273700334455,0.029688116413677534,-0.2635778047071419
ACH-001605,1.1376583823177633,0.5820599275295223,0.3629172951393563,1.9451711242093461,0.10463345561407526,-0.47334801394315534,-0.36761826351379506,-1.0496922042251637,0.08034243090807264,1.269154501539727,0.6539284638491971,0.9656676214735342,-0.6030262477869939,-0.8214262635717874
ACH-001606,0.2772619848505168,0.5951332776701089,0.613609076561029,0.5665019148999156,0.04288968208825873,-0.27954766832994066,-0.351199618264902,-0.613609076561029,0.5833627582721874,-0.36056982157377676,1.049692204225164,0.4943590461177869,-0.06491005589443756,0.2149265798370044
ACH-001607,0.4488931026100073,1.0196494644127572,1.180706601148497,0.19808002089551385,-0.3652667703167784,-0.5030739503457283,0.7909942130952894,0.2749777489690046,-0.18017199439426004,-0.9833431160929378,0.13786023618425697,-2.208736379719948,0.17123996032070093,0.6648595171258198
ACH-001608,2.077892100777044,2.1175815000165468,1.2992456226917888,-0.7849956136784567,-0.5536409990699268,-1.1632284115355502,0.3959996815356839,-0.6242610786459207,0.05830112436099074,-1.4457561326332704,-0.06711364899267981,-0.2386158046284212,-0.7671666205857572,-0.21380162923518106
ACH-001609,0.9244286998588873,1.9451711242093461,0.42229868545116184,-0.613609076561029,-0.8061169161858521,-0.6030262477869939,0.7236213251742154,-0.8879616072736423,0.4055303428319633,-0.7820068867537173,0.4807393584696641,-0.03408794983083929,0.9210629853167461,-0.736537740079714
ACH-001610,0.14230119170291788,0.9294970005518174,1.269154501539727,-0.02748842052851622,-0.14230119170291788,-0.33952996655970646,0.16009401266716566,0.3511996182649021,-0.0076958645280918465,-0.08254853290411272,0.22731933611251867,0.347693770638922,-0.03188795595915477,1.5182659475558995
ACH-001611,1.1719227553576743,-0.25221201319248443,0.1913573733518657,-0.03188795595915477,-0.3699717912251274,0.09358528838052117,0.03188795595915477,-1.2449288778739365,-0.5332512786684108,-0.24201062568626536,-0.4150979836847357,0.5925105295130879,-0.1467449554865486,0.4586420594195474
ACH-001613,-0.34186015008841325,0.4807393584696641,0.42952135053880236,-0.06491005589443756,1.0728613416500028,0.8558056976363998,-0.1556412739305921,0.14230119170291788,0.12455331087314676,0.16677910569435353,-0.7322187075540352,-1.415173801571812,1.203074819956593,-0.14008036860853418
ACH-001616,-2.5300844134039786,-1.0573522020432222,-0.8782195926748022,-1.7218995346777684,1.5044865250697583,0.9797835324994979,-0.692542841734797,0.7065847616387614,-0.06270677794321385,0.720767407181645,-0.5155906372996497,-1.1006416942659187,0.29788691693055386,0.10684457930145613
ACH-001618,1.214488067996174,0.7940042065673264,1.377295025366218,-2.234676469578731,-0.712240616658132,-0.6322967567317324,1.93079206592976,0.9833431160929378,0.8384920942496082,-2.184202539375764,-1.7724747116669224,-1.8398553707779415,-0.7009514195842119,-1.4364399471193559
ACH-001619,1.8642920563070784,0.4856815279341636,1.546723953246356,-1.783152983897957,-0.6897508578180003,-0.8152796042560035,0.613609076561029,-1.1006416942659187,-0.6676046872592142,-1.0767791384136673,0.9691784918913408,0.029688116413677534,0.046191151866067835,-1.1128113175429069
ACH-001622,1.4211844024982856,-0.13120386939339987,1.096621196738911,0.4127025430789826,-0.7554150263604693,-0.9010836231413344,-0.8749907341475217,-1.5997722240383687,-0.24540823817218774,0.10463345561407526,1.2425462488162031,-0.5716725128166567,0.8152796042560035,-0.05830112436099074
ACH-001623,0.7642188383634371,0.3221112431421568,-1.0178022767787656,0.3936226596401808,0.9797835324994979,0.35822433329829123,-0.5510798360085835,-0.06491005589443756,-1.216789777201825,0.613609076561029,0.1801719943942599,1.001331297525693,-0.15675416589931224,0.712240616658132
ACH-001624,2.8489799156823308,1.3467207852382685,2.2915811443328766,-1.2307375139697694,-0.22731933611251867,-0.45132630888194325,-0.3547097878092182,-1.5841574443680622,-0.4610860885253348,-0.41030946828115844,-0.42711132363530335,-1.0122814351089962,1.3043764426955688,-0.10684457930145627
ACH-001625,0.06711364899267981,1.0270732683507222,0.5925105295130879,-0.3865048558827441,-1.8769400144253812,-2.184202539375764,1.71229615307867,0.3959996815356839,1.3412954040553924,-1.595831959558628,0.4055303428319633,1.2214126379128531,0.19583815857485232,0.036288108699855263
ACH-001626,0.00109939858753573,-0.41030946828115844,0.6786361667728741,-0.5231394804436903,0.5357877300556416,0.023089417099562953,-0.5794572240112413,-0.6731101878164727,-1.975198606229551,0.8912277173415939,1.1418682881513451,-0.2070575519737386,2.05921460987167,0.10463345561407526
ACH-001627,-0.6083091460850765,-0.1445227168573773,0.4758089033276056,-1.9451711242093468,1.4457561326332704,1.6239524138818737,-1.207621247740275,0.17123996032070093,-1.5919163168159876,-0.16454992784911948,0.712240616658132,-0.8542211687923523,-0.6648595171258197,0.7179193476929423
ACH-001628,0.7350965394144469,0.4782726775822579,0.6109569661538571,0.2048116325051352,-0.3794065802070989,0.014292665362238137,2.05921460987167,0.10684457930145613,0.06491005589443756,-3.3272129920737776,-0.2864135425655284,-1.5079045914405589,-1.40921389662192,-0.5030739503457283
ACH-001630,2.5300844134039813,-0.6869642403069018,1.5394920775526066,-1.6239524138818737,-1.0196494644127572,-1.9909059489640788,0.6593841418798565,-0.3024871841193093,-0.8621654280695802,-0.2658550075342102,0.37940658020709866,-1.084664727793081,0.4513263088819434,-0.1712399603207008
ACH-001632,1.6322274557352336,-0.6703548976824086,1.514794075051709,-2.6565387878196756,-1.0886329293768875,-0.6403734728270288,-0.13786023618425697,-1.180706601148497,-0.8338137161324595,-0.27954766832994066,0.036288108699855263,-1.2354403415612518,0.8621654280695802,-0.4031442558096748
ACH-001634,2.3939797998185104,-1.330561513178897,1.415173801571812,-1.3018067488856788,-0.4906355888106408,-1.3467207852382685,0.5846665799496997,-0.1201226819205549,-0.02528885764264936,0.1556412739305921,-1.8164703928646655,-1.783152983897957,-0.04729175190637022,0.17793766577643896
ACH-001641,0.5030739503457283,-0.470889987812555,1.0886329293768875,0.16677910569435353,-0.5885840279517417,-0.7293469271307469,1.6322274557352336,0.43434891564061573,0.41989603625014454,-1.751704914502605,0.46108608852533495,-1.1895825028281073,-0.27497774896900473,-1.5430979274111278
ACH-001642,-0.08696195327319917,-2.740190897148869,-0.653928463849197,-1.1460985295534751,1.0612055642645124,1.4333620914605663,-1.1985531246455747,0.2160518024972585,-1.2401706527892422,0.8717709721899588,-0.16454992784911948,-0.6512079165600976,-0.5357877300556416,-0.25107724811358983
ACH-001645,-0.8685602224988808,-0.1690091126132405,-0.31863936396437514,-0.33022749879480895,0.2772619848505168,-0.11126840522985514,0.7970214110193488,0.04729175190637022,0.8338137161324595,-0.9027347916438648,-0.03408794983083929,0.3001862564390561,0.2749777489690046,-0.6911461763255707
ACH-001647,-0.42470377494533396,1.053514476181976,-0.737980472204168,-1.261808941748472,1.244928877873936,0.28412343330913115,-0.3279063714436698,0.600391105653359,-0.42109705699096356,-0.19583815857485246,-0.6242610786459207,-1.0496922042251637,0.43434891564061573,0.4684348034639763
ACH-001648,-0.6322967567317324,-0.8061169161858521,-0.398378943033161,-1.0612055642645126,1.9909059489640788,1.546723953246356,-1.783152983897957,-1.6239524138818737,-1.731664396122245,0.21155253799139567,1.7218995346777688,0.5105743752088904,2.4794668853016666,0.7495782208162746
ACH-001649,-0.994097425556237,-0.9762363202907715,-0.6758705974557163,-1.2691545015397274,1.415173801571812,1.4520373218405722,-1.504486525069759,-0.7322187075540352,-1.5182659475558995,0.6758705974557161,1.001331297525693,-0.3794065802070989,0.553640999069927,1.249715457232992
ACH-001650,1.6935497311286343,2.7401908971488735,2.3230691379043127,1.023354316375886,-1.5689196324989267,-0.5536409990699268,0.26130196788493976,-0.6593841418798564,-0.5485222826980979,-0.6869642403069018,-0.2025667456643214,0.040688964142722606,0.24540823817218774,0.04949312519186336
ACH-001651,2.2915811443328766,1.261808941748472,1.5919163168159876,-1.4647744820388242,-0.9414169552077446,-1.8051409301306438,2.007120423125531,-0.5005801054667398,-0.0010993985875358693,-1.7724747116669224,0.12898638622825503,-1.6157871031954063,-0.7730822853732383,-1.1376583823177633
ACH-001652,1.35769210342973,-0.35353924775488027,1.1460985295534751,-1.6753802499246842,-0.2990363890604838,-0.023089417099562953,0.49311713453728256,-1.1460985295534751,-1.5841574443680622,-0.6189262992365707,0.9110278462898453,-1.1460985295534751,1.4777538157052024,-0.6731101878164727
ACH-001653,0.09800310908566955,0.0891692934466064,-0.33022749879480895,-1.0728613416500032,0.8589812200347285,0.613609076561029,-1.0383163332509597,-0.8912277173415939,-0.0759313888959628,0.5485222826980981,0.7466693788972909,-1.1985531246455747,1.2307375139697694,-0.7730822853732383
ACH-001654,0.33487511031897577,0.4055303428319633,0.162321567392157,-0.3959996815356839,0.5080710616447608,-0.18240722283447414,0.13120386939339987,0.24994280625282192,-0.2726949469494098,-1.511340366291671,0.7849956136784568,-0.4007604618510929,0.1801719943942599,-0.0781367198606693
ACH-001655,1.7218995346777688,-0.19583815857485246,1.3632395782217357,-1.4333620914605663,-0.41030946828115844,-1.1046800621865227,-0.3794065802070989,-0.6869642403069018,-1.3199787729048944,0.3948108917411486,-0.11348112962967796,-1.0345541132346794,0.31170706540571,0.16566441386855307
ACH-001656,-0.7466693788972909,-0.5510798360085835,-0.2909982844406031,0.46108608852533495,0.1445227168573773,0.2795476683299405,1.0573522020432227,1.3744621740061043,0.9278049190833458,-0.9904999275311626,-1.3043764426955688,-0.11790825683843847,-1.5323398326155178,-2.1175815000165468
ACH-001662,0.1511916189534914,-1.4977026374118696,-0.8621654280695802,-0.8749907341475217,1.1087365265227942,1.71229615307867,-1.6491212011468943,-0.4610860885253348,-1.427246790174125,0.9552056993359318,1.5841574443680622,-1.521756218163117,-0.5231394804436903,0.6758705974557161
ACH-001664,1.0807135329098068,0.8621654280695802,-0.06491005589443756,-0.8122178014999129,-1.330561513178897,-0.48073935846966426,1.7619948036750113,0.7236213251742154,-0.009894746751426072,-2.4794668853016644,-0.3488619096190471,-1.7122961530786696,-1.1006416942659187,-0.6484921805928572
ACH-001668,1.3916279593891947,-1.2307375139697694,1.4583763270590433,-2.8489799156823237,-0.8558056976363998,-0.8945033623459216,-0.1445227168573773,0.37468501661035775,-0.7730822853732383,-0.3372016251408053,-0.33952996655970646,-1.3095418325369654,-0.7079966007456198,0.24087871066839917
ACH-001669,-0.0076958645280918465,0.3001862564390561,0.012093676817781056,-1.7122961530786696,-0.9656676214735342,-0.743766841141197,1.8280379276044878,0.8847049421535803,0.9797835324994979,-0.46843480346397653,-1.2401706527892422,-0.27497774896900473,0.569085312037926,-1.6322274557352336
ACH-001670,0.31170706540571,-0.6322967567317324,0.10242284336907109,-0.5181036339972976,-0.5925105295130879,-0.3582243332982911,1.5841574443680622,1.0573522020432227,0.31632691240551397,-0.9517415527940478,-0.4906355888106408,-0.2658550075342102,-1.7940385403408095,-0.7094098525076643
ACH-001673,0.12233769620313222,1.6843954831101982,1.5841574443680622,0.08254853290411288,-1.360460607395202,0.07372642716102264,1.7218995346777688,-0.20930451635983457,-0.12898638622825503,-2.1175815000165468,-0.10242284336907123,-0.9833431160929378,0.27041356511146836,-0.21155253799139567
ACH-001674,1.4777538157052024,-0.5383276331761137,-0.5256623794275063,0.040688964142722606,-1.783152983897957,-1.5689196324989267,1.35769210342973,2.0412290029455087,0.5421440164296353,-0.6484921805928572,-1.330561513178897,0.5872772110380802,-0.5055709279090783,-0.18464336299896028
ACH-001675,-1.0886329293768875,0.8782195926748022,-0.38177053102389197,-0.10242284336907123,1.6077281211835148,0.33022749879480895,-1.0345541132346794,-1.0612055642645126,0.3629172951393563,-0.42470377494533396,0.39124785972875387,0.6814069363243775,2.7401908971488735,-0.5977601260424784
ACH-001676,-0.5434178981628068,-0.12233769620313222,-0.9762363202907715,-1.2401706527892422,0.045090607775225125,1.6077281211835148,-0.11569440979028714,0.6772527346288343,0.37704474771741014,0.04949312519186336,-1.504486525069759,0.005497019514316785,0.26813358982999036,-0.8558056976363998
ACH-001677,-0.03408794983083929,-0.48073935846966426,0.9210629853167461,-0.4367664924616712,0.24314285086085877,-0.4635328749382808,1.2992456226917888,1.5614354093618503,0.1201226819205549,0.5562057989339744,-2.0238804284732894,-0.9482887899595908,-0.4007604618510929,-0.6376766160079513
ACH-001683,1.40921389662192,0.8749907341475217,2.2622135826614524,-0.07152182381554818,0.4869189213624492,-0.46843480346397653,-1.35769210342973,-3.3272129920737776,1.0159585554771338,-0.4635328749382808,1.8398553707779408,-1.0946175798760684,1.1851328811470352,-1.0946175798760684
ACH-001685,-0.03188795595915477,0.4319338747899584,0.2160518024972585,-0.5846665799496998,0.06491005589443756,0.1445227168573773,0.38177053102389175,1.0086179513174214,0.5155906372996497,0.4684348034639763,-0.7264811491633805,-0.21155253799139567,0.8276041153933821,-0.8122178014999129
ACH-001687,-0.7322187075540352,-1.6981805824830807,-1.0689599435351735,-1.5394920775526073,2.3570442297684577,1.2840547279091354,-2.234676469578731,-1.2354403415612518,-1.3916279593891947,1.5764927829578514,1.0886329293768875,-0.15786725204647467,1.0573522020432227,1.4712331679535513
ACH-001688,1.023354316375886,-1.3858606000569538,-0.012093676817781196,-1.3549339667142233,1.2992456226917888,0.6566538597459012,-1.4977026374118696,-0.7179193476929423,-1.525265125876848,1.249715457232992,0.8276041153933821,-1.546723953246356,-0.18911842627279252,1.3688293262216265
ACH-001690,0.8912277173415939,-1.751704914502605,0.737980472204168,-2.0412290029455087,-0.29558915126306257,0.22506356525517032,-0.27497774896900473,-1.0573522020432222,-1.7940385403408095,-0.7009514195842119,1.4211844024982856,-0.3024871841193093,0.5055709279090783,0.5030739503457283
ACH-001691,-1.8164703928646655,0.44646255111095046,-0.9244286998588876,0.6758705974557161,0.39124785972875387,-0.09137706817013944,-0.38413661720526454,-0.18017199439426004,0.07593138889596295,-0.009894746751426072,1.0573522020432227,0.8653584018481154,2.2087363797199484,0.5925105295130879
ACH-001692,1.207621247740276,0.9414169552077446,1.9909059489640788,0.05389660210587648,0.01649172302185786,-0.8558056976363998,0.12898638622825503,-1.751704914502605,-1.3688293262216265,-1.6239524138818737,0.9517415527940478,-0.5768584398705495,2.588156152252214,0.6512079165600977
ACH-001694,0.3605698215737769,1.7619948036750113,0.41989603625014454,-1.2815515655446004,1.235440341561252,0.43434891564061573,-0.8879616072736423,-1.4520373218405715,-1.3744621740061043,0.4856815279341636,0.3723273700334455,-0.10684457930145627,1.8398553707779408,0.9294970005518174
ACH-001695,1.053514476181976,0.553640999069927,1.0345541132346794,-1.403303631420883,-0.49311713453728256,-0.398378943033161,0.8061169161858519,-1.1046800621865227,-1.2214126379128527,-1.0689599435351735,0.8685602224988808,-1.5997722240383687,1.7218995346777688,-1.471233167953552
ACH-001696,1.096621196738911,-0.798532736782798,1.3043764426955688,-2.3939797998185095,0.9210629853167461,1.0308064799022894,-1.3095418325369654,-1.9909059489640788,-2.3939797998185095,0.8076393180658424,1.3069547787185152,-1.7218995346777684,1.4211844024982856,1.0308064799022894
ACH-001698,0.28870515493445215,-1.6077281211835148,0.41030946828115844,-0.8214262635717874,1.0846647277930805,1.6664991613969533,-1.330561513178897,-1.0049679545269972,-2.6565387878196756,-0.6648595171258197,1.546723953246356,-2.291581144332876,0.2921454225191886,0.4127025430789826
ACH-001699,0.2749777489690046,-0.31863936396437514,1.0926183477238136,-0.992297071255654,1.8222236820625262,-0.41749580855344076,-0.6814069363243779,-1.1851328811470352,-2.149700064344469,0.8814576331714923,1.3069547787185152,-1.180706601148497,2.5300844134039813,1.330561513178897
ACH-001701,0.08034243090807264,-1.525265125876848,0.6376766160079513,-1.427246790174125,1.7517049145026056,-0.12455331087314676,-0.6109569661538571,-0.9691784918913408,-1.751704914502605,0.8621654280695802,1.5540376396994589,-1.2765691872998282,1.97519860622955,1.053514476181976
ACH-001702,-0.126769537138465,0.31055314624792,0.1556412739305921,-0.5716725128166567,-0.12898638622825503,0.34186015008841325,0.5665019148999156,-0.5434178981628068,-0.21380162923518106,-0.16009401266716553,-0.045090607775225125,-0.7745654303366722,0.05830112436099074,0.8526387817710663
ACH-001707,-0.5665019148999157,-1.1460985295534751,-0.9379976573047194,-1.8164703928646655,2.077892100777044,1.2545308418114915,-0.7642188383634371,-0.060503804356206815,-0.4079187409450348,1.5044865250697583,0.06270677794321385,-0.5130808924277176,1.3858606000569538,-0.5168467276526095
ACH-001709,0.2183030702235295,-0.1511916189534914,0.20930451635983457,-0.3936226596401808,0.4391866247444289,-0.08696195327319917,0.6676046872592143,0.6030262477869939,-0.5872772110380803,1.3688293262216265,-1.6935497311286343,-1.8642920563070788,0.17793766577643896,-1.9451711242093468
ACH-001711,2.7401908971488735,1.6077281211835148,1.4977026374118692,0.43072729929545744,-0.8912277173415939,-2.4345024063372955,1.8051409301306434,-0.4440346342705391,1.3095418325369654,-1.4211844024982856,-1.3359092188098454,0.18464336299896014,-0.653928463849197,-0.020890088246888563
ACH-001715,0.17347166056165078,1.1128113175429069,0.22506356525517032,-0.2183030702235295,-1.023354316375886,-1.0289380816042055,2.0412290029455087,0.29329294516847626,0.3605698215737769,-0.9604235203579609,-0.8558056976363998,0.6242610786459207,-0.42470377494533396,-0.5872772110380803
ACH-001719,0.020890088246888424,-0.10021273153199595,-0.2704135651114682,-0.5005801054667398,-0.8400556357339782,-0.1046334556140754,0.8912277173415939,-0.040688964142722606,-0.01869086043604103,-0.0781367198606693,0.9278049190833458,-0.4562007668473,0.36761826351379484,0.2149265798370044
ACH-001735,-1.3252515904708695,-1.2121927750612842,-0.9110278462898451,-0.6403734728270288,1.4712331679535513,0.6296136839545463,0.020890088246888424,1.1940558027182056,-0.653928463849197,0.7701210841679732,-0.9904999275311626,-0.6676046872592142,-0.11790825683843847,-0.44039765530823904
ACH-001736,-0.8717709721899588,0.7970214110193488,-0.7820068867537173,0.16900911261324064,2.2346764695787313,1.2593754934254444,-1.546723953246356,-0.23183436245300987,-1.264249885119523,1.6239524138818737,0.18464336299896014,-0.33022749879480895,0.543417898162807,0.7583430960005929
ACH-001737,0.824511255955517,-0.03408794983083929,-0.5281886287114783,-1.5764927829578514,-0.8307049118491973,-0.02748842052851622,0.8589812200347285,1.1418682881513451,1.1376583823177633,-0.9482887899595908,-2.6565387878196756,-0.33255040665749686,-0.18240722283447414,-0.9210629853167462
ACH-001740,0.13120386939339987,-0.21380162923518106,1.2167897772018257,-0.6953402346145302,-0.600391105653359,-1.4395314709384563,2.138747291002779,1.8642920563070784,0.33952996655970646,-1.5764927829578514,-0.7094098525076643,-0.6758705974557163,-0.9244286998588876,-0.4610860885253348
ACH-001745,-0.9077031339772884,-0.12898638622825503,-0.692542841734797,0.18688042682240702,-0.5130808924277176,-0.10684457930145627,0.41749580855344076,1.546723953246356,1.3858606000569538,-0.08916929344660626,-0.8863320996731163,-0.9345892910734802,-0.9709384144355823,0.3232693974936587
ACH-001750,0.16009401266716566,-0.02748842052851622,-0.9621686139074026,-1.3018067488856788,-1.0270732683507222,-1.0196494644127572,0.22957626427974412,0.45376219016987956,0.14896791903016532,0.7909942130952894,0.10463345561407526,1.403303631420883,0.8685602224988808,1.4909869838078207
ACH-001765,0.10242284336907109,1.3199787729048944,0.6953402346145302,-1.3632395782217357,-0.6296136839545463,-0.2726949469494098,0.5562057989339744,1.001331297525693,-0.5130808924277176,-0.14008036860853418,-0.5562057989339743,-0.9193840350404713,0.040688964142722606,0.5613464183360082
ACH-001786,-1.6491212011468943,0.2864135425655283,0.24540823817218774,-0.05389660210587648,1.1851328811470352,0.5332512786684108,0.25221201319248454,-0.45132630888194325,0.02748842052851622,-1.2890853356658603,0.787991369076319,-2.5300844134039786,0.9482887899595908,-0.8798374597961204
ACH-001791,2.3570442297684577,0.3936226596401808,1.2740898393217566,-1.0650747484714613,0.45620076684730015,-0.6869642403069018,-1.1210168225962824,-1.0308064799022894,-0.3794065802070989,0.22731933611251867,0.543417898162807,-2.1175815000165468,0.4150979836847357,-0.7293469271307469
ACH-001793,0.11569440979028714,0.8307049118491973,-0.6109569661538571,-0.3441921913165336,0.6953402346145302,0.6215914776366401,-1.0612055642645126,-1.3043764426955688,-1.2790564074958748,0.25221201319248454,0.9727013494446405,0.08034243090807264,2.184202539375764,0.5977601260424784
ACH-001794,-0.2025667456643214,-0.8369305999126725,0.4513263088819434,-0.5256623794275063,0.4440346342705392,0.649849449478297,-0.6512079165600976,-1.6664991613969526,-0.3723273700334457,0.6953402346145302,0.7037652988990366,1.1763033333991566,2.3570442297684577,-0.5639222930439726
ACH-001795,0.17570422511146458,0.1913573733518657,1.2941487795873434,-0.08916929344660626,0.30133652085957624,-0.8879616072736423,-0.5043220460777776,-1.0728613416500032,-1.0122814351089962,1.93079206592976,-0.22506356525517032,0.9727013494446405,2.434502406337297,1.0420933076148031
ACH-001796,0.3723273700334455,1.1589140334197583,0.4055303428319633,-1.2497154572329925,-0.8353711435721113,-0.5794572240112413,0.6430749951728808,-0.27611968681983545,-0.6030262477869939,-0.29558915126306257,-0.24994280625282178,0.31170706540571,0.8214262635717874,1.403303631420883
ACH-001799,-1.3412954040553924,-0.02528885764264936,-1.2840547279091354,0.036288108699855263,1.4647744820388247,1.4583763270590433,-0.8558056976363998,-0.42470377494533396,0.3232693974936587,0.33487511031897577,-0.036288108699855263,1.0807135329098068,0.4906355888106408,-1.2691545015397274
ACH-001802,0.6162655099475975,0.5256623794275063,-0.02748842052851622,-0.7009514195842119,1.2840547279091354,0.11348112962967796,-0.23070516632041416,0.07593138889596295,-0.7790251288273163,-0.1690091126132405,-0.3936226596401808,-0.2635778047071419,0.12898638622825503,0.060503804356206815
ACH-001804,-0.06711364899267981,0.9517415527940478,-0.029688116413677534,-0.398378943033161,1.1169046698702836,0.6703548976824089,-1.4457561326332704,-1.7415972245036333,-0.9160338847350284,-0.036288108699855263,0.15341606674775615,0.8494803943214633,1.6322274557352336,0.04729175190637022
ACH-001814,1.0122814351089962,0.18911842627279238,1.0612055642645124,-1.4583763270590426,-0.2658550075342102,-0.8307049118491973,0.28412343330913115,-0.2658550075342102,-0.045090607775225125,-0.8749907341475217,-0.5181036339972976,0.8863320996731163,-0.48073935846966426,-1.0345541132346794
ACH-001819,0.8463304581395933,0.6189262992365707,-0.14896791903016532,-1.477753815705203,0.12898638622825503,0.0869619532731993,-0.012093676817781196,-0.751035022116559,0.26357780470714204,-0.3582243332982911,-0.009894746751426072,0.35822433329829123,-0.08696195327319917,-0.4856815279341637
ACH-001820,-1.9451711242093468,-0.9278049190833462,-2.138747291002779,1.5394920775526066,0.8945033623459216,0.5105743752088904,0.06711364899267981,0.9110278462898453,0.994097425556237,-0.3948108917411484,-0.3582243332982911,-0.17347166056165064,-0.04288968208825873,-1.053514476181976
ACH-001834,-1.264249885119523,-0.6296136839545463,-1.0122814351089962,-0.37704474771741026,0.9656676214735342,0.5885840279517417,-0.8000458886844419,-0.6703548976824086,-0.6484921805928572,-0.9869152030865421,0.9177076724000355,1.0573522020432227,1.6239524138818737,-0.37704474771741026
ACH-001835,-0.5459683122952278,0.4758089033276056,0.33952996655970646,0.4007604618510929,1.049692204225164,-0.3936226596401808,0.15341606674775615,-0.7909942130952893,-0.7701210841679732,-0.42229868545116184,0.2070575519737386,0.20032287919934852,1.6843954831101982,0.409113812322807
ACH-001836,-0.21155253799139567,0.31632691240551397,0.6981430794317393,-0.9727013494446405,0.398378943033161,-0.11348112962967796,-0.48073935846966426,-0.8400556357339782,-0.9833431160929378,0.712240616658132,-0.6030262477869939,0.23522373135458813,2.160916962144917,0.0913770681701393
ACH-001838,0.05169473834966144,-0.1467449554865486,-0.2613019678849396,-2.160916962144917,1.1292985086514165,0.9311917474947266,-0.03848844324292296,-0.26813358982999025,-0.3279063714436698,-2.323069137904312,0.25448251959291907,-0.16009401266716553,0.25675433866165864,-0.6869642403069018
ACH-001839,0.5951332776701089,0.994097425556237,1.3974419828247846,-0.34186015008841325,0.04729175190637022,0.543417898162807,0.32095352068442146,-1.477753815705203,-0.3070938616355657,-1.731664396122245,2.5300844134039813,-1.2992456226917888,-0.49933435048938235,-1.3385974571794002
ACH-001841,0.9621686139074026,1.8051409301306434,0.7820068867537175,-1.93079206592976,-1.525265125876848,-0.18464336299896028,1.0650747484714616,-0.24994280625282178,-0.12455331087314676,-1.93079206592976,-0.08475503672812068,0.111268405229855,-0.4055303428319633,-1.7028481400008508
ACH-001842,-0.18240722283447414,-0.040688964142722606,0.743766841141197,-1.9599639845400545,-0.27954766832994066,1.5044865250697583,-0.09358528838052131,-1.5394920775526073,-1.4647744820388242,-0.653928463849197,0.31632691240551397,-1.264249885119523,2.0973239031987645,-0.29329294516847637
ACH-001843,1.076779138413667,-0.737980472204168,0.42470377494533396,-2.138747291002779,-0.6953402346145302,0.2590274836562649,0.9727013494446405,-0.198080020895514,-0.016491723021857998,-1.3660291169784808,-0.36291729513935617,-1.5394920775526073,1.8769400144253807,-0.33022749879480895
ACH-001844,1.049692204225164,0.5613464183360082,1.4457561326332704,0.18464336299896014,-0.1046334556140754,-0.03408794983083929,-0.22055544490025863,-1.3359092188098454,-1.0086179513174214,-1.0420933076148031,1.640615800581922,1.1251480193965842,0.5925105295130879,0.21155253799139567
ACH-001848,-0.11126840522985514,1.6577476036291683,1.2307375139697694,-0.5383276331761137,-0.22055544490025863,0.8912277173415939,-0.48320896790027573,-1.9451711242093468,-1.1460985295534751,-0.4610860885253348,1.5651665621287516,-0.5434178981628068,1.2260617496750101,-0.03848844324292296
ACH-001849,-1.194055802718205,-0.11126840522985514,-0.743766841141197,-1.7724747116669224,-0.12455331087314676,-0.04949312519186336,0.1467449554865486,0.684182947055718,-0.023089417099562953,-1.194055802718205,-0.11126840522985514,-0.5677931397915426,0.25448251959291907,-0.26016455753258605
ACH-001850,0.6676046872592143,0.4367664924616712,-0.42952135053880236,-0.36761826351379506,0.18688042682240702,-0.5898918508060312,0.3723273700334455,-0.27954766832994066,-0.08696195327319917,-0.8000458886844419,0.6083091460850765,-0.19023778060730137,-0.49311713453728256,0.39124785972875387
ACH-001852,2.2622135826614524,1.5689196324989263,0.23296385427137234,0.43072729929545744,-1.2307375139697694,-0.06491005589443756,0.22506356525517032,-0.751035022116559,-0.3558808140761946,-1.5841574443680622,0.6109569661538571,0.10021273153199581,1.1632284115355502,-0.8749907341475217
ACH-001853,-0.5332512786684108,1.096621196738911,0.5639222930439727,-1.1169046698702836,0.6403734728270288,0.6869642403069017,-0.6786361667728743,-0.4562007668473,-1.1128113175429069,-0.42952135053880236,0.13120386939339987,-0.009894746751426072,1.6664991613969533,0.46598243956846
ACH-001856,0.7539534182629265,-0.22055544490025863,1.5044865250697583,-0.6109569661538571,-1.427246790174125,-0.7701210841679732,1.8398553707779408,-1.2307375139697694,-0.36056982157377676,-1.9451711242093468,1.959963984540054,-1.5540376396994589,-0.2864135425655284,-1.6843954831101975
ACH-001857,0.8782195926748022,0.9110278462898453,-0.1300950478473683,0.4162965969284969,-0.18017199439426004,0.2658550075342104,0.3652667703167785,-0.8814576331714923,0.3652667703167785,-0.14896791903016532,1.5651665621287516,-0.43918662474442877,0.19023778060730137,-0.5485222826980979
ACH-001858,-0.27954766832994066,0.05830112436099074,0.11569440979028714,0.5005801054667398,0.24540823817218774,-0.0781367198606693,-0.8945033623459216,-1.4457561326332704,-1.0926183477238136,0.36761826351379484,1.4777538157052024,1.2992456226917888,2.0412290029455087,0.9904999275311626
ACH-001861,-0.2864135425655284,0.9043884250002668,1.5764927829578514,-0.6717319053072457,-0.198080020895514,-0.7466693788972909,0.5068205987808351,-0.6814069363243779,-0.22731933611251867,-1.415173801571812,0.398378943033161,-0.8912277173415939,0.9110278462898453,-0.24314285086085877
ACH-001862,0.5408710138672533,-0.8589812200347285,0.3500305248324728,-0.06711364899267981,0.4782726775822579,0.20256674566432126,0.43434891564061573,-1.2214126379128527,-0.9869152030865421,-0.11348112962967796,2.160916962144917,-0.30478971436541424,1.0846647277930805,1.8642920563070784
ACH-001863,0.22280893905460722,-0.20032287919934866,0.46108608852533495,-0.023089417099562953,-0.11901539642782029,-0.737980472204168,0.8122178014999129,-0.3723273700334457,-0.6566538597459011,-0.9959010077811455,1.0196494644127572,0.0682155670944874,-0.17570422511146444,0.49311713453728256
ACH-001864,0.5105743752088904,0.4488931026100073,0.6869642403069017,-1.2545308418114915,-0.5408710138672532,-0.7642188383634371,1.1632284115355502,-1.203074819956593,-0.11126840522985514,-1.7122961530786696,0.06711364899267981,1.053514476181976,0.3024871841193093,-3.3272129920737776
ACH-001959,0.8400556357339782,1.1418682881513451,1.1940558027182056,-1.2815515655446004,-2.05921460987167,-2.3939797998185095,2.160916962144917,1.0345541132346794,1.5323398326155173,-1.0926183477238136,-1.1251480193965842,-0.05169473834966144,-0.4367664924616712,-1.5614354093618503
ACH-001960,0.3640917815031294,0.21155253799139567,0.9869152030865421,-1.0308064799022894,0.6621193482292987,0.5613464183360082,0.20032287919934852,-0.8152796042560035,-1.1918161716813946,-0.8558056976363998,0.8977886334754037,-0.692542841734797,-0.05389660210587648,0.8030777025132917
ACH-001961,0.6869642403069017,0.3959996815356839,0.3093996404527934,-1.0496922042251637,0.8830801236504551,0.6109569661538571,-0.9762363202907715,-1.783152983897957,-1.1334685435697693,0.6512079165600977,2.7401908971488735,-0.5294530175447888,1.93079206592976,-0.13786023618425697
ACH-001970,-3.007786556473252,-0.5155906372996497,-0.4367664924616712,0.06270677794321385,1.0573522020432227,-0.23183436245300987,0.4758089033276056,1.5540376396994589,1.249715457232992,-1.4395314709384563,-0.7909942130952893,0.4138999665049935,1.0270732683507222,-0.9762363202907715
ACH-001972,1.1963014391468787,1.0573522020432227,1.5540376396994589,0.6539284638491971,-0.9043884250002665,-2.291581144332876,0.5231394804436903,0.08034243090807264,1.2237338875341546,-0.18464336299896028,-1.2740898393217566,1.2790564074958748,-0.6242610786459207,-0.5600598774313398
ACH-001973,-1.5614354093618503,-0.14008036860853418,-1.2401706527892422,0.6621193482292987,1.5394920775526066,0.47334801394315523,-0.2909982844406031,0.3558808140761947,0.8152796042560035,-0.8653584018481154,0.1511916189534914,2.2622135826614524,1.35769210342973,-0.09137706817013944
ACH-001975,1.5182659475558995,1.8769400144253807,0.6162655099475975,2.2087363797199484,-0.5080710616447608,-1.3688293262216265,0.8782195926748022,-0.3279063714436698,1.049692204225164,-1.2790564074958748,-0.3558808140761946,1.9168014719289317,-0.8183490691100319,-1.1439808499181296
ACH-001977,-0.3582243332982911,1.8398553707779408,0.7009514195842119,0.07813671986066943,-1.6664991613969526,-1.0159585554771338,0.42952135053880236,0.7940042065673264,0.5977601260424784,-0.22731933611251867,-0.014292665362238275,0.1090562254833252,-0.020890088246888563,1.0866466897074571
ACH-001982,-0.30478971436541424,1.5997722240383687,-0.4610860885253348,0.5357877300556416,2.2915811443328766,1.4457561326332704,-1.0270732683507222,-0.7970214110193491,0.6056655839920606,-0.08696195327319917,1.1292985086514165,0.4007604618510929,0.16009401266716566,-1.6077281211835148
ACH-001986,0.8685602224988808,1.0728613416500028,1.0196494644127572,0.5716725128166565,-0.25221201319248443,-0.18911842627279252,-0.6376766160079513,-1.403303631420883,0.33255040665749686,0.3232693974936587,0.824511255955517,1.5997722240383687,0.8977886334754037,-0.10905622548332534
ACH-001990,-0.6648595171258197,0.126769537138465,0.05389660210587648,-0.6621193482292986,0.6981430794317393,-0.653928463849197,-0.7009514195842119,-0.09800310908566968,0.6593841418798565,0.3605698215737769,-0.1511916189534914,1.0086179513174214,0.997707835414134,-1.1439808499181296
ACH-001991,0.37940658020709866,1.1046800621865227,1.1763033333991566,0.5383276331761137,0.09800310908566955,-0.9143626594721268,0.5794572240112412,0.17793766577643896,0.93458929107348,-0.6786361667728743,-0.43918662474442877,0.014292665362238137,-0.1201226819205549,0.11790825683843847
ACH-001992,-2.138747291002779,-0.1201226819205549,-0.9010836231413344,0.46598243956846,-1.0159585554771338,-0.5639222930439726,0.44646255111095046,-0.4956017206389103,-0.040688964142722606,1.741597224503634,1.1675645511806783,1.11895838106256,1.4395314709384563,0.31170706540571
ACH-001993,-1.2260617496750101,-1.8164703928646655,-1.096621196738911,-0.42711132363530335,1.2307375139697694,1.2740898393217566,-0.5434178981628068,0.8814576331714923,-1.2354403415612518,-0.014292665362238275,-0.5383276331761137,-0.46598243956846025,0.5231394804436903,1.2307375139697694
ACH-001997,-0.2340936433721047,-0.23183436245300987,0.7524934190627787,-1.546723953246356,-0.43434891564061573,-1.203074819956593,1.3043764426955688,0.28870515493445215,-0.42109705699096356,-2.0412290029455087,-0.36761826351379506,-0.5105743752088904,0.5574895711783843,1.244928877873936
ACH-001999,0.7909942130952894,2.6565387878196796,1.4520373218405722,-0.7671666205857572,2.160916962144917,0.6030262477869939,-0.2567543386616585,-3.007786556473252,-1.6077281211835148,-0.8400556357339782,0.8945033623459216,-0.2544825195929189,1.7028481400008513,0.25448251959291907
ACH-002001,-0.47827267758225805,-0.6242610786459207,-0.37704474771741026,-0.4150979836847357,0.633640000779701,-0.045090607775225125,1.269154501539727,0.2772619848505168,0.3093996404527934,-0.613609076561029,-0.8431888970300973,0.22506356525517032,-0.2909982844406031,-0.40672425187136363
ACH-002002,1.1169046698702836,0.11458769954491836,0.04949312519186336,-0.10905622548332534,0.01869086043604089,-0.7065847616387614,0.8000458886844416,-0.12233769620313222,1.0846647277930805,-1.7218995346777684,-0.6841829470557181,0.2921454225191886,0.13120386939339987,-1.0458852068138909
ACH-002003,-0.5155906372996497,-2.4345024063372955,-0.7466693788972909,-0.02528885764264936,0.8717709721899588,-0.31401615114926634,0.8431888970300973,0.5408710138672533,0.6953402346145302,-0.08475503672812068,-0.7554150263604693,0.11901539642782043,-0.47827267758225805,0.18688042682240702
ACH-002004,1.3688293262216265,0.1201226819205549,0.8749907341475217,-0.3723273700334457,0.21155253799139567,-0.009894746751426072,-0.05830112436099074,-0.3093996404527934,0.5005801054667398,-1.6664991613969526,0.19359728009563426,0.9959010077811455,0.4832089679002755,-1.93079206592976
ACH-002005,1.6239524138818737,0.8717709721899588,0.25221201319248454,1.6077281211835148,-0.4881570607827635,-1.3801389729135718,1.2167897772018257,0.4881570607827634,0.9586813467447275,-1.1087365265227942,-0.8152796042560035,0.9586813467447275,0.18464336299896014,-1.3095418325369654
ACH-002014,-0.6953402346145302,0.19471759711251935,0.3372016251408053,-1.0573522020432222,-0.6215914776366401,-0.14785634592807573,1.1006416942659187,0.4055303428319633,0.9010836231413344,-0.17347166056165064,-0.7009514195842119,0.6648595171258198,-0.22055544490025863,-1.1292985086514165
ACH-002015,0.5562057989339744,0.20256674566432126,-1.35769210342973,-1.4843379083716668,0.19583815857485232,0.1801719943942599,1.1087365265227942,-0.8214262635717874,0.04729175190637022,-1.2666983844847988,0.8307049118491973,-1.1719227553576743,0.4684348034639763,-0.36879477202082767
ACH-002016,1.4333620914605663,-0.036288108699855263,1.1546211199864427,-0.045090607775225125,0.9691784918913408,0.4906355888106408,0.6242610786459207,-1.0926183477238136,-0.8152796042560035,-1.1632284115355502,1.1334685435697693,-0.7150770996971557,-0.0781367198606693,-0.16009401266716553
ACH-002018,0.9448472953663021,1.4062526237581048,0.93458929107348,0.914362659472127,-0.9904999275311626,-0.2070575519737386,-0.3024871841193093,-1.2260617496750101,-0.2887051549344523,0.5332512786684108,0.7820068867537175,1.11895838106256,0.9833431160929378,-1.2941487795873439
ACH-002019,-0.1445227168573773,0.27041356511146836,-0.6322967567317324,-2.1175815000165468,-0.8276041153933821,0.684182947055718,0.5206199068695524,0.045090607775225125,-0.2635778047071419,-0.8431888970300973,0.7065847616387614,0.20930451635983457,0.6484921805928574,-0.41749580855344076
ACH-002020,-0.03848844324292296,-0.8912277173415939,0.43434891564061573,-0.8091635941232459,1.6322274557352336,2.138747291002779,-0.9311917474947267,-0.6376766160079513,-1.6239524138818737,-0.9177076724000351,1.6664991613969533,-1.8898955575205072,1.2121927750612842,0.5281886287114783
ACH-002021,-0.0781367198606693,-0.2921454225191886,0.6269351360557498,0.0913770681701393,-1.415173801571812,-0.9414169552077446,2.3230691379043127,1.4272467901741255,2.0238804284732894,-1.35769210342973,-1.207621247740275,-0.0032982010778991456,-1.0612055642645126,-0.6056655839920606
ACH-002023,-1.5323398326155178,-2.0412290029455087,0.5613464183360082,0.6056655839920606,1.0308064799022894,0.36997179122512724,-0.5536409990699268,-0.3794065802070989,-0.7940042065673266,0.8653584018481154,1.2992456226917888,-0.08254853290411272,1.0926183477238136,0.6621193482292987
ACH-002024,1.5841574443680622,0.8122178014999129,1.8164703928646646,0.5951332776701089,0.25448251959291907,-0.34652610591141986,-1.264249885119523,-0.994097425556237,-0.9210629853167462,0.33952996655970646,0.2160518024972585,-0.6349843890817186,1.2840547279091354,-0.600391105653359
ACH-002025,-0.41150571110325423,0.0032982010778990064,0.2590274836562649,-0.2386158046284212,-0.9621686139074026,0.16454992784911962,0.17570422511146458,-0.08475503672812068,0.5794572240112412,-0.7701210841679732,1.1763033333991566,-1.0767791384136673,0.9278049190833458,0.14896791903016532
ACH-002026,-0.5408710138672532,-0.49311713453728256,-0.198080020895514,-0.31863936396437514,-0.17570422511146444,-1.1376583823177633,0.9586813467447275,0.4513263088819434,0.5256623794275063,-1.3412954040553924,0.4782726775822579,0.3558808140761947,0.15341606674775615,1.0364333894937898
ACH-002027,0.6083091460850765,-0.15786725204647467,1.053514476181976,-1.216789777201825,0.9586813467447275,-0.126769537138465,-1.6077281211835148,-2.0412290029455087,-0.5690853120379261,1.1546211199864427,0.6484921805928574,-0.8338137161324595,1.9909059489640788,1.93079206592976
ACH-002029,0.997707835414134,2.5300844134039813,1.0270732683507222,-0.8369305999126725,-1.5841574443680622,-0.994097425556237,1.3252515904708695,0.7495782208162746,0.182407222834474,-2.208736379719948,-1.1632284115355502,-0.33487511031897577,0.162321567392157,-1.477753815705203
ACH-002030,0.5885840279517417,0.1801719943942599,2.2087363797199484,-1.4909869838078214,1.9168014719289317,0.30478971436541424,-1.1632284115355502,-1.731664396122245,-2.4794668853016644,0.5872772110380802,1.8051409301306434,-1.1210168225962824,1.5919163168159876,0.3024871841193093
ACH-002033,0.55877426286374,1.0650747484714616,0.3652667703167785,-0.8494803943214633,-0.5256623794275063,0.029688116413677534,-0.5872772110380803,-0.2887051549344523,0.07152182381554832,0.3888752642829679,0.42711132363530335,1.1546211199864427,1.3467207852382685,-0.023089417099562953
ACH-002035,-1.053514476181976,-0.7009514195842119,0.4416093321019699,0.47334801394315523,0.18911842627279238,0.27041356511146836,0.07372642716102264,0.9691784918913408,0.7466693788972909,-0.21380162923518106,-1.5323398326155178,0.3279063714436698,-0.36761826351379506,-1.0122814351089962
ACH-002039,-0.530718253370961,1.3018067488856788,-0.2160518024972585,-0.31632691240551397,0.162321567392157,-0.38177053102389197,0.7554150263604693,0.606986834803486,1.1675645511806783,-1.6157871031954063,0.06931756803149183,-0.9621686139074026,-0.7970214110193491,-1.2307375139697694
ACH-002040,1.0159585554771338,2.3939797998185104,2.3570442297684577,1.1251480193965842,0.47334801394315523,-0.3888752642829681,-0.029688116413677534,-0.7790251288273163,0.7820068867537175,-1.471233167953552,-0.4079187409450348,0.2386158046284212,-0.7583430960005929,-2.208736379719948
ACH-002041,0.9177076724000355,1.2260617496750101,-0.6242610786459207,-1.0345541132346794,0.7037652988990366,0.5485222826980981,-0.07152182381554818,-1.3095418325369654,0.04288968208825873,-0.5716725128166567,0.7150770996971557,0.9904999275311626,1.1251480193965842,-2.4794668853016644
ACH-002042,-0.14119069311066273,0.7481230085891353,-0.31632691240551397,-1.9909059489640788,-0.9586813467447275,-0.43434891564061573,0.7293469271307469,0.6109569661538571,-0.28412343330913126,-0.7466693788972909,-0.7849956136784567,1.025212019950189,-0.21155253799139567,-0.6175953580354795
ACH-002043,0.5055709279090783,-0.10905622548332534,0.8782195926748022,-2.077892100777044,1.7672104965977025,1.269154501539727,-0.2887051549344523,-2.05921460987167,-1.3095418325369654,-0.7790251288273163,0.9656676214735342,-2.160916962144917,1.4843379083716661,0.1801719943942599
ACH-002044,0.21155253799139567,1.7316643961222453,0.44646255111095046,-0.040688964142722606,-0.5846665799496998,-1.264249885119523,1.6753802499246846,0.9210629853167461,1.772474711666923,-2.6565387878196756,0.0891692934466064,0.39124785972875387,0.16454992784911962,-2.291581144332876
ACH-002045,-0.5951332776701089,1.2890853356658603,-0.10905622548332534,1.0196494644127572,-0.8669582012035436,-0.18017199439426004,1.076779138413667,0.7790251288273164,0.20256674566432126,-1.975198606229551,0.33255040665749686,-0.7894919012223263,0.11348112962967796,-0.03408794983083929
ACH-002046,-0.6269351360557498,1.6322274557352336,0.649849449478297,1.772474711666923,-0.41989603625014454,-1.6753802499246842,-0.09579396502978645,-0.1445227168573773,-0.3441921913165336,0.1445227168573773,-0.09579396502978645,0.8214262635717874,1.4977026374118692,1.264249885119522
ACH-002048,0.17793766577643896,0.4598637306105772,-0.09358528838052131,-0.17570422511146444,0.009894746751425933,-1.7415972245036333,0.4007604618510929,1.4843379083716661,0.126769537138465,0.6566538597459012,0.29329294516847626,0.009894746751425933,0.2624397163848644,-0.42229868545116184
ACH-002051,1.3043764426955688,1.7218995346777688,0.2386158046284212,1.0670153327128908,-0.1467449554865486,0.05169473834966144,-0.7293469271307469,-0.7820068867537173,-0.7466693788972909,1.0728613416500028,-0.43434891564061573,0.33255040665749686,0.020890088246888424,0.8183490691100319
ACH-002052,0.5925105295130879,1.7940385403408106,1.1292985086514165,-0.3024871841193093,-1.2497154572329925,-1.415173801571812,1.4583763270590433,0.8621654280695802,0.37940658020709866,-1.525265125876848,-1.5919163168159876,-0.7583430960005929,-0.5080710616447608,-0.6083091460850765
ACH-002055,-3.3272129920737776,-0.5820599275295225,-0.6800208989694217,0.029688116413677534,1.5614354093618503,0.5768584398705493,-0.737980472204168,1.1376583823177633,0.4684348034639763,1.1210168225962824,-0.6869642403069018,-1.0946175798760684,1.076779138413667,-0.15786725204647467
ACH-002059,-1.5764927829578514,-0.3995694191657052,-1.4843379083716668,0.8276041153933821,0.6855729307670172,-0.42470377494533396,0.9077031339772886,1.741597224503634,1.741597224503634,-0.1356407830643558,-1.0689599435351735,-1.0807135329098065,-0.08916929344660626,-0.3640917815031294
ACH-002060,0.6215914776366401,-0.19135737335186584,-0.7701210841679732,1.1763033333991566,0.30478971436541424,-0.02528885764264936,0.1556412739305921,0.8122178014999129,1.8519354844002658,0.5951332776701089,-0.8749907341475217,-1.9599639845400545,-0.4150979836847357,0.13009504784736844
ACH-002061,-0.31632691240551397,0.6731101878164728,-0.16009401266716553,-0.4586420594195472,-0.4452482646105589,-1.023354316375886,0.8621654280695802,0.9311917474947266,1.4977026374118692,-0.10905622548332534,-0.7524934190627787,-0.2183030702235295,0.5472448513028344,-0.1356407830643558
ACH-002062,0.7423179201735803,0.7264811491633805,1.1334685435697693,0.07593138889596295,0.21380162923518106,-0.8000458886844419,0.5742635458221239,0.4956017206389103,0.7079966007456198,-0.743766841141197,-0.5665019148999157,-0.1868804268224072,1.1503493803760079,-0.9143626594721268
ACH-002066,-1.0196494644127572,0.33487511031897577,0.47334801394315523,-0.21380162923518106,0.3805882897619572,-1.4211844024982856,1.0049679545269972,0.3279063714436698,0.9244286998588873,-1.40921389662192,-1.1589140334197583,1.0178022767787656,0.28183481319966275,-1.4520373218405715
ACH-002067,-0.3024871841193093,0.5408710138672533,0.32558700939032037,0.29903638906048396,0.7701210841679732,0.8814576331714923,0.126769537138465,-0.5155906372996497,-0.4906355888106408,-0.5332512786684108,0.4832089679002755,-0.5383276331761137,-0.5872772110380803,1.0728613416500028
ACH-002069,-0.31863936396437514,0.600391105653359,-1.194055802718205,0.6322967567317324,-0.12233769620313222,-0.997707835414134,0.06270677794321385,1.2167897772018257,0.5562057989339744,-0.49808936995031894,0.07593138889596295,0.8945033623459216,-0.5716725128166567,0.23635411982100163
ACH-002070,-1.8519354844002662,-0.9552056993359318,-2.0071204231255315,-0.12233769620313222,0.5820599275295223,0.33952996655970646,-0.7264811491633805,-0.5485222826980979,0.007695864528091708,0.32558700939032037,1.5044865250697583,0.7671666205857572,1.8519354844002658,1.8769400144253807
ACH-002077,0.6484921805928574,0.3070938616355657,-0.7970214110193491,0.18911842627279238,0.023089417099562953,0.7193426480737041,-0.2726949469494098,0.46353287493828105,-0.15786725204647467,0.27269494694940966,-2.05921460987167,1.0308064799022894,1.3521860990673606,-1.1210168225962824
ACH-002080,-0.9328891732059703,-0.5055709279090783,0.4684348034639763,-0.1201226819205549,0.3605698215737769,0.5130808924277176,-0.9077031339772884,-0.0010993985875358693,0.1356407830643558,0.03848844324292296,-0.198080020895514,-0.1445227168573773,1.1940558027182056,0.3070938616355657
ACH-002084,0.4127025430789826,0.9294970005518174,0.42711132363530335,-0.7350965394144469,-0.7236213251742154,0.0891692934466064,-0.020890088246888563,-0.17570422511146444,0.11569440979028714,-0.33022749879480895,0.09358528838052117,1.3688293262216265,0.20256674566432126,-0.6296136839545463
ACH-002142,0.7236213251742154,1.2214126379128531,1.3095418325369654,0.0032982010778990064,0.2160518024972585,-0.3699717912251274,-1.2992456226917888,-2.0071204231255315,-0.9311917474947267,-0.126769537138465,1.1210168225962824,1.096621196738911,0.6109569661538571,0.11348112962967796
ACH-002214,-0.2726949469494098,0.14008036860853418,-0.17347166056165064,-0.6525675864670615,0.6162655099475975,-0.020890088246888563,0.7350965394144469,1.6077281211835148,1.0926183477238136,-1.6935497311286343,-0.6621193482292986,-0.4586420594195472,0.5080710616447608,-0.9797835324994979
ACH-002215,-0.3699717912251274,-1.4395314709384563,-0.04729175190637022,-1.5997722240383687,-0.1445227168573773,-0.4416093321019698,-0.03408794983083929,1.8051409301306434,0.997707835414134,-0.6703548976824086,-0.4319338747899584,-0.6030262477869939,0.6731101878164728,-0.14896791903016532
ACH-002283,-0.7037652988990366,-1.8964941195457026,-0.6484921805928572,-1.9168014719289324,-0.48320896790027573,-0.036288108699855263,0.10684457930145613,0.28412343330913115,1.2740898393217566,0.9656676214735342,-0.600391105653359,1.5044865250697583,1.0178022767787656,-0.05389660210587648
ACH-002291,-0.6162655099475975,-0.3995694191657052,0.7466693788972909,-1.2121927750612842,0.7350965394144469,1.023354316375886,-1.2941487795873439,-1.0767791384136673,-0.06711364899267981,0.4488931026100073,0.3605698215737769,0.6390244634612506,0.42229868545116184,0.5846665799496997
ACH-002399,-0.09800310908566968,-0.07152182381554818,0.3279063714436698,0.13009504784736844,-1.2354403415612518,0.6403734728270288,-0.02528885764264936,-0.3372016251408053,-0.8526387817710663,-0.9244286998588876,0.720767407181645,-0.36761826351379506,1.546723953246356,0.28412343330913115
ACH-002400,-1.0270732683507222,0.8977886334754037,0.994097425556237,0.4259072407049483,0.25221201319248454,1.4843379083716661,-0.7879913690763187,-0.8431888970300973,-0.4745780993810341,-1.1503493803760079,0.7408705559340103,-0.9762363202907715,1.1046800621865227,0.27269494694940966
ACH-002401,-0.6731101878164727,0.7293469271307469,1.0420933076148031,-0.9043884250002665,0.17123996032070093,0.9278049190833458,-0.06711364899267981,-0.7701210841679732,-0.600391105653359,-2.291581144332876,1.1046800621865227,-1.322610585186737,0.22506356525517032,-0.6981430794317393
ACH-002433,0.1356407830643558,0.5332512786684108,1.6935497311286343,-1.731664396122245,0.4758089033276056,-0.7970214110193491,-0.5587742628637399,-1.4333620914605663,-2.3570442297684564,0.03408794983083929,1.4909869838078207,0.2183030702235295,0.47334801394315523,-0.026388623126804504
ACH-002446,3.3272129920738123,2.3230691379043127,1.889895557520506,0.24087871066839917,-0.08696195327319917,-1.2992456226917888,0.8749907341475217,-0.9482887899595908,-0.46843480346397653,-0.4758089033276058,1.3199787729048944,-0.7805151403568917,-0.9311917474947267,-0.8369305999126725
ACH-002458,1.2740898393217566,0.6981430794317393,0.111268405229855,0.1445227168573773,0.2749777489690046,-0.5281886287114783,-0.1935972800956344,-0.04729175190637022,-0.7150770996971557,-0.3453589134608607,0.17570422511146458,-0.9244286998588876,1.4457561326332704,-1.3521860990673606
ACH-002460,-0.37704474771741026,-0.9244286998588876,-0.31401615114926634,-0.4440346342705391,1.5323398326155173,0.16009401266716566,-0.8400556357339782,-0.3488619096190471,-0.27954766832994066,0.4906355888106408,0.6349843890817186,0.5665019148999156,1.9451711242093461,-1.3632395782217357
ACH-002461,1.330561513178897,0.787991369076319,0.7583430960005929,1.076779138413667,0.13786023618425697,0.31863936396437514,-0.6296136839545463,-0.9143626594721268,-0.6786361667728743,0.09358528838052117,0.7970214110193488,-0.15341606674775615,-0.3151713214155334,0.7094098525076643
ACH-002462,0.32558700939032037,-0.009894746751426072,0.023089417099562953,0.060503804356206815,0.07372642716102264,0.14896791903016532,-0.6457812190010196,-0.4367664924616712,-0.7350965394144469,0.08034243090807264,1.7619948036750113,0.4367664924616712,1.3095418325369654,1.889895557520506
ACH-002463,0.12455331087314676,0.36997179122512724,0.8847049421535803,0.07372642716102264,1.1632284115355502,0.5639222930439727,-1.5919163168159876,-1.6077281211835148,-1.7218995346777684,0.3441921913165338,2.3570442297684577,0.00109939858753573,1.8164703928646646,0.9851275883347466
ACH-002464,-0.41749580855344076,-0.653928463849197,0.3465261059114201,0.02528885764264936,0.28870515493445215,0.21155253799139567,-1.1087365265227942,-0.7554150263604693,-1.0458852068138909,1.2545308418114915,1.4583763270590433,0.6162655099475975,2.138747291002779,1.9909059489640788
ACH-002465,-0.8621654280695802,-0.33022749879480895,-0.6215914776366401,0.19359728009563426,0.5613464183360082,0.31170706540571,-1.1589140334197583,-0.5833627582721874,-0.8494803943214633,1.4647744820388247,2.3939797998185104,0.9414169552077446,2.3230691379043127,1.511340366291671
ACH-002467,-0.5925105295130879,-0.6109569661538571,0.045090607775225125,0.8977886334754037,0.8621654280695802,0.08034243090807264,-0.7150770996971557,-1.053514476181976,-0.8749907341475217,0.4319338747899584,2.434502406337297,0.5794572240112412,1.4712331679535513,1.4272467901741255
ACH-002470,0.47334801394315523,0.036288108699855263,0.7307820639859635,0.35822433329829123,0.03188795595915477,-0.8463304581395933,1.2260617496750101,0.8431888970300973,1.7028481400008513,-0.5977601260424784,-0.666231474605669,0.1445227168573773,-1.4744856551599712,-1.2121927750612842
ACH-002471,0.10684457930145613,0.9177076724000355,0.14896791903016532,-0.41030946828115844,-0.31632691240551397,-1.180706601148497,1.4333620914605663,0.7671666205857572,-0.7094098525076643,-0.5181036339972976,-1.1128113175429069,0.6621193482292987,-1.3467207852382685,0.00109939858753573
ACH-002475,0.23635411982100163,1.959963984540054,0.13120386939339987,1.330561513178897,0.23070516632041402,0.045090607775225125,0.5716725128166565,0.46598243956846,1.001331297525693,-1.4977026374118696,-0.47334801394315534,-0.4043370115636151,-1.001331297525693,-0.4355573858394751
ACH-002478,0.5639222930439727,0.3279063714436698,0.6189262992365707,-0.7940042065673266,0.3664422636339671,-0.8847049421535803,1.870578631109212,0.9869152030865421,1.3632395782217357,-1.2593754934254444,-1.1087365265227942,-1.6664991613969526,-0.14230119170291788,-0.9869152030865421
ACH-002485,-0.6593841418798564,-0.16232156739215686,-0.5206199068695524,-1.4395314709384563,0.6593841418798565,-0.4150979836847357,0.08254853290411288,0.7583430960005929,0.5872772110380802,0.35353924775488044,-0.5794572240112413,-0.29673783825989797,0.08475503672812082,-1.2740898393217566
ACH-002486,-0.8214262635717874,-0.1356407830643558,0.7554150263604693,0.282978937981591,0.7094098525076643,-1.1589140334197583,0.46108608852533495,-0.12455331087314676,1.076779138413667,0.18911842627279238,-0.9278049190833462,0.09358528838052117,-0.35353924775488027,1.1087365265227942
ACH-002490,0.07813671986066943,-0.06491005589443756,0.8431888970300973,0.07152182381554832,0.31170706540571,-0.41989603625014454,-0.3232693974936587,-0.09579396502978645,0.18688042682240702,0.5206199068695524,-0.4758089033276058,-0.9110278462898451,0.4807393584696641,0.37468501661035775
ACH-002499,0.7322187075540352,0.133421997906913,-1.1460985295534751,-0.0737264271610225,-2.323069137904312,-1.0767791384136673,1.001331297525693,0.5383276331761137,-0.18911842627279252,1.1087365265227942,-0.46598243956846025,-1.0420933076148031,0.7236213251742154,1.2260617496750101
ACH-002500,-1.2740898393217566,-0.28183481319966286,0.126769537138465,-0.5408710138672532,-0.0803424309080725,-0.7820068867537173,0.6484921805928574,1.5044865250697583,0.8183490691100319,0.5898918508060311,-1.8398553707779415,-0.6897508578180003,0.2590274836562649,-0.3441921913165336
ACH-002508,-0.24087871066839917,-0.27954766832994066,-0.29788691693055386,-1.511340366291671,0.7065847616387614,-1.207621247740275,0.09800310908566955,-0.09358528838052131,-0.17570422511146444,0.182407222834474,0.24767488561581988,-0.39124785972875387,0.8928643423058017,0.1090562254833252
ACH-002510,0.8589812200347285,2.0238804284732894,0.31632691240551397,-0.036288108699855263,1.3043764426955688,-0.3001862564390561,0.6322967567317324,-0.5833627582721874,-0.27497774896900473,-0.2544825195929189,1.2740898393217566,0.6953402346145302,-0.10242284336907123,-0.9010836231413344
ACH-002511,-0.41150571110325423,-0.5281886287114783,-0.03188795595915477,-0.6869642403069018,1.3974419828247846,0.06270677794321385,-0.8076393180658424,-0.8685602224988808,-1.0196494644127572,1.1128113175429069,0.37468501661035775,0.5549229427026537,2.2915811443328766,1.001331297525693
ACH-002512,0.33022749879480895,0.6122824830316481,0.28183481319966275,-0.1935972800956344,-1.1376583823177633,-0.3558808140761946,0.743766841141197,0.25561826421633266,1.3467207852382685,-0.8526387817710663,0.34186015008841325,-0.6162655099475975,0.33487511031897577,-1.2840547279091354
ACH-002522,-0.7849956136784567,-0.3488619096190471,0.14230119170291788,0.6403734728270288,1.1675645511806783,0.6457812190010196,-1.3467207852382685,-0.9448472953663021,-0.5231394804436903,0.8782195926748022,1.2840547279091354,0.9278049190833458,0.8338137161324595,0.8945033623459216
ACH-002523,-0.06270677794321385,-1.0159585554771338,0.4079187409450348,-0.6525675864670615,-0.08916929344660626,0.18464336299896014,-0.5383276331761137,-1.0270732683507222,-0.6189262992365707,1.546723953246356,0.8558056976363998,-0.019790462376635055,0.9077031339772886,0.5181036339972976
ACH-002524,0.08475503672812082,1.71229615307867,0.7495782208162746,0.04949312519186336,0.8276041153933821,-0.4367664924616712,-0.4007604618510929,-0.8717709721899588,-0.9621686139074026,1.0159585554771338,0.26699412540495254,0.14008036860853418,0.7909942130952894,0.4782726775822579
ACH-002526,0.7612776818506835,1.889895557520506,2.4794668853016666,-0.6717319053072457,-0.16009401266716553,-1.3095418325369654,0.182407222834474,-0.6525675864670615,0.15341606674775615,-1.403303631420883,-0.41030946828115844,-0.3558808140761946,0.5383276331761137,-1.001331297525693
ACH-002528,-0.8338137161324595,-1.9599639845400545,-0.31170706540571,0.8183490691100319,1.2740898393217566,1.0159585554771338,-1.2260617496750101,-1.504486525069759,-0.3582243332982911,0.06711364899267981,2.05921460987167,0.42711132363530335,1.1546211199864427,0.5206199068695524
ACH-002531,-1.4211844024982856,-0.4319338747899584,-0.6349843890817186,-0.3805882897619572,-0.6162655099475975,0.07593138889596295,-0.32095352068442146,-0.8122178014999129,-0.22280893905460722,-0.5846665799496998,1.5182659475558995,-0.3372016251408053,1.8051409301306434,1.0612055642645124
ACH-002533,-2.1175815000165468,0.16900911261324064,1.264249885119522,0.7583430960005929,1.3801389729135718,-0.012093676817781196,0.009894746751425933,0.009894746751425933,0.2340936433721047,-1.1046800621865227,0.7307820639859635,0.09579396502978631,0.10684457930145613,0.4007604618510929
ACH-002535,-0.15341606674775615,0.24540823817218774,0.24767488561581988,-1.1632284115355502,0.09358528838052117,-0.7322187075540352,0.4150979836847357,-0.1356407830643558,0.3465261059114201,-1.1460985295534751,-0.48073935846966426,-0.6083091460850765,1.7517049145026056,-1.7724747116669224
ACH-002538,-0.9904999275311626,0.7671666205857572,0.35353924775488044,-0.4906355888106408,0.5155906372996497,-1.471233167953552,0.2864135425655283,0.31863936396437514,0.8653584018481154,-1.3974419828247842,-0.20032287919934866,0.036288108699855263,0.42711132363530335,-1.2497154572329925
ACH-002544,-0.3876897877871037,-0.4079187409450348,-0.2386158046284212,-0.19583815857485246,0.9177076724000355,1.0420933076148031,0.5613464183360082,0.33487511031897577,0.10463345561407526,-0.39124785972875387,-0.4367664924616712,-0.5820599275295225,-0.3372016251408053,0.4807393584696641
ACH-002647,0.8717709721899588,1.9168014719289317,-0.6621193482292986,0.31401615114926634,0.7583430960005929,-0.19135737335186584,-1.131381066884987,-1.7122961530786696,-0.5925105295130879,-0.2772619848505169,2.184202539375764,0.5898918508060311,1.5841574443680622,0.07372642716102264
ACH-002650,0.5256623794275063,-0.05830112436099074,0.6621193482292987,-1.7619948036750106,0.37468501661035775,-0.7583430960005929,0.09358528838052117,-0.47827267758225805,0.6786361667728741,0.31170706540571,0.05609872719514376,-0.5332512786684108,2.0238804284732894,-1.3467207852382685
ACH-002654,0.11790825683843847,1.2840547279091354,1.0159585554771338,0.12233769620313222,-0.8749907341475217,-0.600391105653359,0.6703548976824089,0.08034243090807264,1.2237338875341546,-1.5323398326155178,0.45376219016987956,-1.001331297525693,-0.09137706817013944,-0.42952135053880236
ACH-002659,-1.35769210342973,0.35353924775488044,0.1467449554865486,-0.16454992784911948,1.1418682881513451,0.4007604618510929,-0.31170706540571,-1.1251480193965842,0.31170706540571,-1.2545308418114915,0.8847049421535803,-0.3723273700334457,0.5105743752088904,-0.0759313888959628
ACH-002660,0.6363299260229047,1.3359092188098454,0.6648595171258198,-0.9869152030865421,-0.5105743752088904,0.29558915126306257,0.33952996655970646,-1.0807135329098065,0.44282165759651115,-2.0238804284732894,0.005497019514316785,-1.7028481400008508,0.44646255111095046,-0.3024871841193093
ACH-002662,0.8977886334754037,1.8642920563070784,1.0689599435351733,0.11458769954491836,0.08254853290411288,-1.0612055642645126,0.7150770996971557,-0.23635411982100163,0.32095352068442146,-2.0973239031987645,0.020890088246888424,-1.4211844024982856,-0.8621654280695802,-2.323069137904312
ACH-002664,-0.8977886334754037,0.5218792795289048,0.1090562254833252,1.001331297525693,0.8782195926748022,0.38177053102389175,0.20930451635983457,-0.36291729513935617,-0.5105743752088904,-0.4416093321019698,-0.37704474771741026,-0.7970214110193491,0.4956017206389103,-0.1046334556140754
ACH-002669,0.029688116413677534,0.8573923780982864,0.5794572240112412,-0.4610860885253348,-0.5281886287114783,-0.5587742628637399,0.692542841734797,0.41749580855344076,0.7150770996971557,-0.4079187409450348,0.36761826351379484,-1.2260617496750101,0.1201226819205549,-0.35353924775488027
ACH-002672,-0.1556412739305921,1.0807135329098068,1.1251480193965842,0.2070575519737386,1.2790564074958748,-0.22280893905460722,0.05169473834966144,-1.194055802718205,-1.1985531246455747,-0.2909982844406031,1.6843954831101982,0.23522373135458813,0.8431888970300973,0.32095352068442146
ACH-002677,-2.077892100777044,-1.194055802718205,0.6043453896483838,-0.7701210841679732,1.6577476036291683,0.1556412739305921,-0.27954766832994066,0.9448472953663021,0.6030262477869939,0.93458929107348,-0.9448472953663021,-1.3632395782217357,-0.2887051549344523,-0.44039765530823904
ACH-002678,-0.3558808140761946,0.07372642716102264,-0.6703548976824086,0.4956017206389103,0.6189262992365707,-1.2740898393217566,1.5044865250697583,2.588156152252214,1.5614354093618503,-0.8369305999126725,-1.0270732683507222,-1.731664396122245,-1.6406158005819216,-1.5079045914405589
ACH-002680,-0.198080020895514,-0.1046334556140754,0.08034243090807264,0.6566538597459012,0.31401615114926634,0.6189262992365707,-1.0689599435351735,-0.8977886334754037,-0.17347166056165064,-0.4007604618510929,0.7179193476929423,0.9244286998588873,0.6430749951728808,0.9621686139074026
ACH-002681,1.1006416942659187,0.13786023618425697,1.330561513178897,-0.060503804356206815,1.001331297525693,-0.13786023618425697,-0.9431307380316443,-1.8164703928646655,-0.9904999275311626,0.25675433866165864,1.4272467901741255,-0.4319338747899584,0.4367664924616712,0.1445227168573773
ACH-002687,0.712240616658132,0.00109939858753573,0.36997179122512724,-1.203074819956593,0.43072729929545744,0.36761826351379484,-0.9244286998588876,-1.546723953246356,-0.7879913690763187,0.5408710138672533,1.1940558027182056,0.2864135425655283,1.264249885119522,-0.4956017206389103
ACH-002688,0.7094098525076643,1.2401706527892427,0.8945033623459216,0.5231394804436903,-0.2726949469494098,-0.9043884250002665,-0.0032982010778991456,-1.3744621740061043,0.017591281094565297,0.0891692934466064,0.03408794983083929,0.8912277173415939,1.1334685435697693,-0.22055544490025863
ACH-002690,-0.48073935846966426,-0.04949312519186336,0.17347166056165078,0.2386158046284212,0.8431888970300973,-0.12898638622825503,0.3558808140761947,-0.9010836231413344,-0.5742635458221241,0.2340936433721047,1.1087365265227942,-0.2160518024972585,0.9621686139074026,1.023354316375886
ACH-002693,-0.7656918977970075,0.22957626427974412,0.0869619532731993,-0.5510798360085835,1.8222236820625262,0.6269351360557498,-0.6731101878164727,-0.19583815857485246,-0.3232693974936587,0.111268405229855,0.25675433866165864,-1.5919163168159876,-0.029688116413677534,-0.22731933611251867
ACH-002705,-1.6843954831101975,-1.9909059489640788,-0.7065847616387614,-0.09358528838052131,1.4520373218405722,0.3605698215737769,-0.26813358982999025,-0.2160518024972585,-1.3467207852382685,0.994097425556237,1.93079206592976,-0.2772619848505169,0.8122178014999129,1.0196494644127572
ACH-002706,-1.0573522020432222,-1.3043764426955688,-0.27954766832994066,-0.719342648073704,1.0650747484714616,0.6648595171258198,-0.04729175190637022,0.23635411982100163,-0.21155253799139567,1.2307375139697694,0.7350965394144469,-1.0458852068138909,0.35822433329829123,-0.2692734025006121
ACH-002708,-0.18017199439426004,1.1719227553576743,0.9833431160929378,0.11458769954491836,0.46598243956846,-0.7730822853732383,-0.47334801394315534,-1.3199787729048944,0.029688116413677534,0.4007604618510929,1.0846647277930805,0.3511996182649021,0.7730822853732383,0.3279063714436698
ACH-002709,0.007695864528091708,0.9210629853167461,-0.05169473834966144,-0.8589812200347285,1.2941487795873434,0.1511916189534914,-0.1356407830643558,0.4586420594195474,1.3688293262216265,-0.4881570607827635,-0.9656676214735342,-0.9797835324994979,0.36997179122512724,-1.4211844024982856
ACH-002710,0.6403734728270288,0.7760502810871098,1.1851328811470352,-0.5587742628637399,1.1376583823177633,0.26357780470714204,-0.6349843890817186,-1.2593754934254444,-0.6621193482292986,0.5925105295130879,1.0049679545269972,1.5764927829578514,0.16900911261324064,0.41989603625014454
ACH-002711,0.0869619532731993,-0.2025667456643214,0.5408710138672533,-0.5206199068695524,0.4684348034639763,0.133421997906913,-0.9379976573047194,-0.8558056976363998,-0.3865048558827441,0.29558915126306257,1.3359092188098454,-0.22957626427974412,1.001331297525693,0.2806910572267692
ACH-002778,0.5005801054667398,0.24767488561581988,1.2121927750612842,-0.8814576331714923,0.5794572240112412,0.7150770996971557,-0.8653584018481154,-1.3801389729135718,-1.7724747116669224,0.27840464477979515,0.5510798360085837,0.32095352068442146,0.17570422511146458,-0.5846665799496998
ACH-002780,0.05389660210587648,0.712240616658132,-0.016491723021857998,-0.31170706540571,0.32558700939032037,-0.15341606674775615,-0.23635411982100163,-0.18240722283447414,-0.34186015008841325,-0.18911842627279252,-0.5281886287114783,0.684182947055718,-0.040688964142722606,-0.6457812190010196
ACH-002782,0.21380162923518106,-0.6457812190010196,-0.3001862564390561,1.6491212011468943,0.3093996404527934,-0.33255040665749686,-0.7730822853732383,-0.6457812190010196,0.4586420594195474,0.040688964142722606,0.162321567392157,0.7179193476929423,1.3359092188098454,0.45376219016987956
ACH-002784,0.42470377494533396,-0.7879913690763187,0.05169473834966144,1.4583763270590433,-1.1026586303989045,-0.5080710616447608,-0.743766841141197,-0.21155253799139567,0.14008036860853418,0.9210629853167461,0.07262408136663782,1.1589140334197583,0.3605698215737769,1.189582502828108
ACH-002785,-0.692542841734797,1.4977026374118692,1.4211844024982856,-0.8338137161324595,-0.5690853120379261,-0.470889987812555,-0.4464625511109503,-0.10021273153199595,-0.1467449554865486,0.46108608852533495,-0.7583430960005929,1.71229615307867,0.8369305999126725,-0.289851529166503
ACH-002792,0.24540823817218774,0.3629172951393563,1.4777538157052024,0.4391866247444289,-0.6322967567317324,0.13786023618425697,-0.2025667456643214,-0.7849956136784567,0.5742635458221239,0.7179193476929423,0.08254853290411288,0.9797835324994979,0.4708899878125548,-1.1719227553576743
ACH-002799,0.7264811491633805,1.5880249307148702,2.184202539375764,-0.9482887899595908,0.13120386939339987,0.03408794983083929,-0.25902748365626477,-0.6525675864670615,-0.4562007668473,-0.3453589134608607,-0.613609076561029,0.6539284638491971,-0.3232693974936587,-1.5997722240383687
ACH-002800,-0.11569440979028714,0.9815617696693695,0.133421997906913,0.553640999069927,0.9110278462898453,1.235440341561252,-1.1851328811470352,-2.262213582661452,-1.1087365265227942,0.7970214110193488,1.203074819956593,-0.2025667456643214,0.5820599275295223,0.7322187075540352
ACH-002801,0.22731933611251867,-0.016491723021857998,-0.7408705559340103,-0.24767488561581988,0.7671666205857572,-0.42711132363530335,0.1201226819205549,-0.997707835414134,-0.08254853290411272,0.7009514195842119,0.133421997906913,-0.06711364899267981,1.3916279593891947,0.8463304581395933
ACH-002806,0.9414169552077446,0.7568782500346158,1.8642920563070784,0.05830112436099074,-0.6772527346288343,-0.8749907341475217,-0.33952996655970646,-0.9797835324994979,-0.5030739503457283,0.8945033623459216,0.12233769620313222,-0.8782195926748022,0.6083091460850765,-0.4501093726372083
ACH-002834,-0.5231394804436903,-1.0196494644127572,-0.20032287919934866,-0.5332512786684108,0.6786361667728741,1.1589140334197583,-0.7760502810871098,-0.8847049421535803,-1.0345541132346794,1.8051409301306434,0.23296385427137234,0.06270677794321385,1.053514476181976,1.269154501539727
ACH-002847,0.01869086043604089,1.1503493803760079,0.6349843890817186,-0.7094098525076643,-0.6376766160079513,-0.4007604618510929,-0.20930451635983457,-0.6593841418798564,-0.22957626427974412,1.0458852068138909,0.22957626427974412,0.03848844324292296,1.7619948036750113,1.772474711666923
ACH-002922,0.5768584398705493,-1.7415972245036333,0.7940042065673264,-0.899434907667234,0.4708899878125548,1.1546211199864427,-1.053514476181976,-1.4977026374118696,-0.7909942130952893,-0.3640917815031294,0.4956017206389103,-0.33952996655970646,0.8589812200347285,-1.5764927829578514
ACH-002923,2.6565387878196796,0.7730822853732383,1.8051409301306434,-0.712240616658132,-0.9869152030865421,-1.0420933076148031,0.6109569661538571,-0.22280893905460722,0.6242610786459207,-1.5394920775526073,0.0032982010778990064,-1.7940385403408095,-1.2545308418114915,-0.7760502810871098
ACH-002925,1.511340366291671,0.3511996182649021,1.189582502828108,-2.4794668853016644,0.6242610786459207,0.5080710616447608,-0.41749580855344076,-1.1589140334197583,-0.4007604618510929,-0.32095352068442146,0.14230119170291788,-0.8276041153933821,-0.014292665362238275,-1.2401706527892422
ACH-002926,1.0650747484714616,0.9904999275311626,0.9482887899595908,-0.13786023618425697,0.05830112436099074,-0.5742635458221241,-0.39124785972875387,-0.6269351360557498,0.6403734728270288,0.7524934190627787,0.3465261059114201,0.6676046872592143,0.31632691240551397,-0.28412343330913126
ACH-002928,0.25221201319248454,-0.012093676817781196,0.7849956136784568,1.5689196324989263,0.8061169161858519,-0.8338137161324595,-0.5043220460777776,0.05389660210587648,-0.3936226596401808,0.4367664924616712,0.07813671986066943,-0.6953402346145302,0.4007604618510929,0.5005801054667398
ACH-003012,-0.3070938616355657,-0.5434178981628068,-0.15786725204647467,-0.8621654280695802,-0.24087871066839917,1.1632284115355502,-1.377295025366218,0.9278049190833458,-0.4488931026100072,0.4782726775822579,0.7264811491633805,-1.207621247740275,-0.12455331087314676,0.0891692934466064
ACH-003064,-1.1128113175429069,-1.6406158005819216,-0.6897508578180003,0.9010836231413344,1.9451711242093461,0.8091635941232459,-1.0807135329098065,-1.40921389662192,-0.743766841141197,0.787991369076319,1.2214126379128531,0.7970214110193488,0.9727013494446405,0.9851275883347466
ACH-003065,-0.5256623794275063,-0.9043884250002665,-0.24087871066839917,0.023089417099562953,1.959963984540054,1.0049679545269972,-1.5841574443680622,-0.824511255955517,-0.692542841734797,1.2401706527892427,0.2864135425655283,-0.6566538597459011,1.0383163332509597,0.9762363202907715
ACH-003171,0.20256674566432126,0.8276041153933821,0.553640999069927,0.31863936396437514,-0.37704474771741026,-0.8912277173415939,-1.4395314709384563,-1.7995620080435373,0.31863936396437514,0.5357877300556416,0.6814069363243775,2.160916962144917,1.0420933076148031,0.14008036860853418
ACH-003176,-1.0689599435351735,-0.3558808140761946,-0.530718253370961,-1.1851328811470352,-0.6242610786459207,0.600391105653359,0.21380162923518106,0.2340936433721047,0.7408705559340103,-1.1169046698702836,0.914362659472127,-0.18240722283447414,0.743766841141197,-0.012093676817781196
ACH-003177,0.7820068867537175,0.22506356525517032,1.4843379083716661,0.05169473834966144,-0.2340936433721047,0.07152182381554832,-1.1128113175429069,-1.2890853356658603,-0.6981430794317393,0.287559159985774,0.8122178014999129,0.6580183876678081,0.2048116325051352,-0.2567543386616585
ACH-003178,1.2790564074958748,1.97519860622955,1.9031763053671464,0.83225830855338,-0.4007604618510929,-1.6935497311286343,0.05389660210587648,-1.1503493803760079,0.03188795595915477,-1.1210168225962824,0.07262408136663782,0.7322187075540352,0.8061169161858519,-2.3570442297684564
ACH-003180,1.0926183477238136,0.4708899878125548,0.3888752642829679,-0.2284476547399025,0.2059344623937478,-0.7408705559340103,0.0913770681701393,-1.1128113175429069,0.6269351360557498,-1.5614354093618503,0.4367664924616712,0.012093676817781056,0.09579396502978631,-0.6175953580354795
ACH-003184,1.1763033333991566,0.3758646205464791,2.7401908971488735,-1.194055802718205,1.0420933076148031,-0.5256623794275063,-1.415173801571812,-2.1175815000165468,-1.5997722240383687,0.6539284638491971,0.8749907341475217,0.25221201319248454,1.403303631420883,0.42711132363530335
ACH-003185,1.9031763053671464,0.9586813467447275,1.741597224503634,-0.8431888970300973,-0.38532046640756773,-0.6162655099475975,-0.08696195327319917,-0.8061169161858521,-0.9727013494446405,-0.10131772558851632,0.23296385427137234,0.4452482646105589,-0.02748842052851622,-1.3018067488856788
ACH-003186,-0.470889987812555,-1.2354403415612518,0.543417898162807,-1.2354403415612518,1.4583763270590433,0.6758705974557161,-1.8051409301306438,-1.6406158005819216,-0.8879616072736423,1.1632284115355502,1.8164703928646646,-0.4127025430789826,2.1175815000165468,-0.0032982010778991456
ACH-003189,0.36761826351379484,0.12233769620313222,0.1801719943942599,-0.7408705559340103,0.7524934190627787,-0.6269351360557498,-0.36056982157377676,-2.0238804284732894,-0.8214262635717874,0.5781573438545956,1.076779138413667,-1.194055802718205,0.9379976573047191,-0.33255040665749686
ACH-003190,1.180706601148497,-0.31170706540571,1.1046800621865227,-1.3467207852382685,0.26813358982999036,0.3936226596401808,-1.4333620914605663,-1.7028481400008508,-0.6814069363243779,1.0846647277930805,0.49311713453728256,0.7408705559340103,1.0612055642645124,0.8798374597961204
ACH-003191,2.007120423125531,1.521756218163117,0.9010836231413344,-1.0086179513174214,-0.18911842627279252,0.4319338747899584,-1.2497154572329925,-1.9168014719289324,-0.5716725128166567,0.10684457930145613,1.4977026374118692,0.7554150263604693,1.0122814351089962,0.9294970005518174
ACH-003273,-1.6577476036291676,-0.41389996650499333,-0.2864135425655284,-0.9244286998588876,1.2214126379128531,0.737980472204168,-0.045090607775225125,0.9552056993359318,1.314742400923604,-0.6841829470557181,-1.546723953246356,-0.6731101878164727,1.330561513178897,-1.7122961530786696
ACH-003410,-0.1356407830643558,-1.314742400923604,0.8091635941232459,0.49808936995031894,0.8137477493040163,0.7730822853732383,-1.7940385403408095,-2.077892100777044,-0.2864135425655284,1.0689599435351733,0.7940042065673264,-0.42229868545116184,1.1292985086514165,0.02748842052851622
ACH-003573,-0.16232156739215686,0.3372016251408053,0.5231394804436903,1.2260617496750101,-0.10242284336907123,-0.1556412739305921,0.6296136839545463,-0.005497019514316924,0.4079187409450348,-0.1511916189534914,-0.3652667703167784,1.3467207852382685,0.4856815279341636,-0.34186015008841325
ACH-003587,0.0032982010778990064,0.13009504784736844,0.9797835324994979,0.5256623794275063,-0.692542841734797,-0.2183030702235295,0.19359728009563426,-0.7671666205857572,0.3723273700334455,0.19583815857485232,-0.45376219016987945,0.7495782208162746,-0.24994280625282178,0.07593138889596295
ACH-003590,-0.2081809027825047,0.07152182381554832,0.10021273153199581,0.03408794983083929,-0.2567543386616585,0.3024871841193093,0.24314285086085877,1.1763033333991566,0.3001862564390561,-0.5281886287114783,-0.5055709279090783,-1.35769210342973,-0.6869642403069018,-0.5256623794275063
