,SPCA_00,SPCA_01,SPCA_02,SPCA_03,SPCA_04,SPCA_05,SPCA_06,SPCA_07,SPCA_08,SPCA_09,SPCA_10,SPCA_11,SPCA_12,SPCA_13
ACH-000001,2.2475697462944964,0.5336166045411781,0.10668017359425144,2.1211667749260528,0.39910868112692327,1.1944395550345992,0.8028572010226707,-0.7853675049868938,0.5194110004867256,-0.2233296018049768,1.6751509334642634,-2.485970580297883,1.282779494762718,-1.0612952134099127
ACH-000004,-0.17226113479123864,-1.7913786096157245,-1.8232539218178148,-1.337614143451522,0.6506927611235691,-1.2183532663290717,4.448931694390022,3.666012790691189,1.4913512136021991,3.668204637479138,-0.9590827521255755,-1.8681618807392835,-2.7351858100594053,-0.3847205501087102
ACH-000005,-0.9643580121265211,-1.985804747440631,-3.8209700378259708,-2.768925948003122,-2.202661647609175,-5.622900562285985,1.5952707515987543,1.6750856642155876,-0.4569837475349875,4.43880744501962,-3.3111852328648466,-1.1099689238648018,-4.095633618444322,0.062372135959057495
ACH-000007,1.3919780469350667,-0.38421487780721475,1.9204062656487948,0.06980398430294997,1.9947344245962495,4.036128132316385,1.6091215865348814,1.1740984774231038,-0.2136559273973866,0.3009541035534922,3.047684371533705,-2.8629594430092373,2.937755543024116,-1.2298600027063713
ACH-000009,1.436283954579586,0.0326297635687805,-0.598280080226725,-1.292686412498706,-1.0890539132392065,-1.3778786458685641,0.971949753970242,1.1766340443467669,1.8963220217968428,0.6706623386401499,1.5131297860785118,-2.7200516427398402,0.7903083061575787,-0.18062675838466266
ACH-000011,2.3844182148193442,0.05816151462669533,2.8551734784190286,1.8237109938130567,1.889344501725903,4.326567017341214,3.942197881648584,1.988994407794238,0.7196474907157956,-3.1308042336922473,1.0660128526647414,1.0273107033292541,-1.07123889579633,-0.8949342095526839
ACH-000012,2.2480616832619966,0.8685219741601595,1.7789784378020543,0.4380636171048487,0.46809102868268626,1.0742124575871772,1.9576532917624585,1.8550009918910948,2.525749896854596,-2.2713313940663236,0.5988233841826266,-2.63864412389906,0.6090583711568505,-1.6112352999499606
ACH-000013,3.763545238724358,1.013499234894191,2.7338743823061065,2.5794079812183304,2.1469154938817234,3.388825897833392,2.4679238395079977,1.4958584598586433,1.5424165394817786,-1.3043327529727162,3.092943198849314,-2.514016277645003,0.7706642336001192,-1.4068071194747012
ACH-000014,0.49681221799528985,1.4771321928717631,0.7665833820238227,1.0748121654807319,-0.28579333092179626,1.8531082775274634,2.9984855015645566,2.6668600354107457,0.3515264443603223,-0.34866850848016107,-1.3008554334345086,-0.23930593340125184,-0.15065640759113413,0.4918721764332509
ACH-000015,0.8361412348155558,0.9509561122775363,0.00769890189167019,0.22241147792720536,-0.5081375034178458,2.1682678763819063,2.9810688353763974,3.407475763945535,1.4583771203266451,1.0622753414938586,-1.2201540576577772,-1.09879827090684,-1.7348497900796174,1.0145337745577978
ACH-000017,0.6985707332508699,2.647830687469452,2.490616372354166,-0.2524408950035922,1.1357146456923772,6.419848919959199,3.1520785244725267,3.1968268035439475,2.5245096639166777,-0.3015588951047643,1.5695324455341164,-3.405437653695012,1.761787620444293,-1.104660290760728
ACH-000018,-2.669317968165058,0.47884799611784484,-0.678401122888956,0.23120446715221643,1.675100355924366,-0.4202583079387188,2.776027928464716,3.1690064338238706,2.0713524857491836,-0.03776312181769101,-2.0829365317094126,-3.171981093687896,0.530835752867334,-1.5863985117376633
ACH-000019,-1.2545551977457219,1.8028556727830323,0.01248151448666935,1.8197500149003014,0.8205016922089992,3.553114752447757,2.166056756120851,1.2868135073464886,0.960375785176646,-0.45796367314526853,1.4149081221384248,-0.6666170209726607,-0.8442056643350918,-0.06772607887146444
ACH-000021,-2.3851706042188616,-0.5323705936648913,-2.781236816290695,1.0874641587900429,1.1291184713718414,0.14337821530319178,-1.9333639494666723,-2.2217468659747204,0.7986260040080082,-1.953021960020349,-1.2335513554493012,-0.2868095656262679,1.0479241508748602,-0.36561248235151117
ACH-000022,4.303879503057044,1.8113038608090812,4.326426477005439,2.0856351481510567,2.494701275597516,6.216540152501726,3.259382695508932,1.8561113699349887,0.6406072162752088,-0.03639692150947247,4.652949684763786,-1.9396908699060325,0.7747469741441416,-0.7339319303198686
ACH-000023,-1.4826783628443245,-0.3992626237325505,-1.9477375155817647,-0.9126712997152331,-1.7821498468039452,-3.4961297318069313,2.777531256118571,1.2812707648307031,-0.040872802929882976,1.3823644530219474,-1.659726958164885,-1.5946411667684526,-0.9673344079295616,-0.1769385101388025
ACH-000024,1.1132900920612419,0.1585477013266685,1.2151613995831088,-1.5341669762377257,-2.6114895796187603,-3.339754822223663,2.7073721681238765,1.5485466012340219,0.23944571468121298,3.2221260466798665,-1.5113121632909718,0.3533608011707505,-2.4610283369696258,-0.03144228870836885
ACH-000025,-1.9622368911411618,-0.6307512382019994,-1.2880639861046403,-1.0957214978921441,-1.0213527996591845,-4.308306468844703,0.2223579696297997,0.5780209832926559,0.24410039754387197,0.10081530391065123,-2.6819419929139734,-1.2846011722502948,0.5716238124476605,0.1772591296954138
ACH-000026,0.04077988587127378,-0.601671608773265,-0.17187420294556333,1.0925930610307903,0.8252580647881759,1.4796351504024796,2.6064642830300975,2.094779592556978,0.4784869383012702,-2.004099109929935,-0.6126155348993684,-0.4411269633087138,-0.7737283575771545,-0.6340866236784616
ACH-000028,0.6896006128058588,2.066027659306877,1.432896184940901,2.427625902456541,2.480989166911865,5.095576778422084,4.156007538867218,2.383064286791818,1.849698635140947,-0.945399319010938,2.6023308586691707,-1.391734623539798,0.5334289642342651,-0.5096468385511643
ACH-000029,1.1020401583996418,-0.2853273787722998,1.4222657010574926,1.9426393716422719,1.8967254926501675,2.4420440425781935,-0.1936376452721833,0.3416599638196945,-0.08301458935423878,-1.4880985652490206,1.0291941803034994,0.017208501939510804,0.8607095151616349,-1.0852062492014551
ACH-000030,3.4892847001005554,1.2524681084498104,3.1350196517750812,2.3359889583455775,3.070014998351883,4.46355883787047,1.335223638114102,1.9908376900657871,0.7097958973767178,-2.9382728188730147,2.5757545466488345,-1.7535477195219866,2.8262024994201953,-1.8172880717681958
ACH-000035,0.5492168472625418,0.817662139768164,1.0822057742526594,0.3746548384650535,1.2183553287022275,1.0820274205392564,2.1526376987534346,2.6732274667157054,1.4654970939758813,-2.3571278277739016,-0.9516068589719069,-1.2236975642563077,2.595477750411327,-1.23371381520296
ACH-000036,-0.11572718502685019,1.4443756673775556,0.7348022260812229,1.9986844351820638,0.9273371663530867,1.8583410662883197,2.8045001972180357,1.8373886992527033,-0.1447772457128437,-2.5633875726013615,-1.6523022270600594,2.715196301013806,-1.4099834218498506,-0.4536184120818847
ACH-000037,0.681319684516121,1.4606989333636284,1.2665842137697167,0.21382057276877617,0.33168669570861153,-0.025380030571979625,4.454466679222834,3.791753789175878,0.9786953113202823,-1.960276805173814,-2.9925288062546778,-1.1625303366725988,-0.8656064547795301,-1.0382451056464326
ACH-000039,-1.208553989660734,1.2531398824130133,-1.0145623607180339,-0.37690066269929423,-2.931774888054807,-2.5420966942775087,2.305598241091176,2.119453647772621,3.302443414248784,3.3736102329665973,-3.6323496692448733,-2.3012336300417546,-4.558785456907993,1.745699069091029
ACH-000040,-0.7483176337628931,1.3454542837873487,-0.21043595042871036,0.5753366942970117,-1.0859591359977832,-2.9401169109546976,2.975193025145646,2.5483328397485976,3.35022642769718,-0.9009396789252552,-2.4278392953139423,-0.9563458588213202,-1.4213166066706087,0.011716124134498906
ACH-000041,0.3750972892175938,0.9591506007853932,-0.05445977326058987,-0.328976696728137,-1.6950346397394234,-0.3124140923535394,4.482179064839231,3.537221822387661,2.155479328380458,2.627768817073315,-2.355158455820805,-2.181438809981807,-3.18657550635177,1.8232289584804982
ACH-000042,8.931014859514184,1.346331478077044,8.471724677199786,3.918600986711805,5.0930557834087296,8.327370239318034,3.424775127599971,2.648643681994252,1.3773174040967593,-3.035089465758564,4.163495554571676,-3.582025977968102,3.670530867332957,-3.558191047024332
ACH-000045,0.8525335051858219,2.6442627804729435,1.5835887001835922,1.5806859232528576,3.027024937115137,2.545096459950989,3.9274652060868207,5.803429840628792,4.063345610624217,0.7855241429093276,-0.830099528033697,-1.2035993406360599,-0.7381043020703059,-0.4718227725102742
ACH-000048,2.654589923876066,-0.5349668855194313,0.7661249297638215,-0.43540151608768163,-1.8641734426614005,-2.5875650461041557,4.150236180225745,2.372260204249156,1.8143226463709472,1.8112472404161446,-2.4560294503633444,-1.587162492861288,-3.1109185429106887,1.0781650092444595
ACH-000052,-0.7498536034774975,1.1905560514060591,0.8263654282149278,-0.04759029435652151,-1.0297348006186877,-0.7406329134786933,3.7672701046357737,2.171063454640214,2.519747199644623,0.9630478530426448,-1.9873352037586842,-0.7112572267046114,-2.692991821908443,2.459691684574471
ACH-000053,1.0992339837747236,-0.09396080568243326,3.398219451023865,0.6687086887915752,2.627778779699167,0.6165715431986084,3.6066732682515177,1.4115017144019122,2.319024650900631,-0.23173203058742792,0.7225337291889551,-0.48392658951614015,-0.6429266526261821,-1.0945726580575104
ACH-000054,-0.7863383631573115,-0.4817619628993148,-0.8329004491672235,-1.192924998470408,0.21645271552746925,-2.4638250100765373,2.2179698702111525,-0.09753802473571625,0.23286621946942526,1.387380838757278,-2.832262776718017,-1.9284287575550296,-1.0394978162998398,-0.581239872130472
ACH-000055,0.8742232245238762,0.5050442006473236,1.205428091182953,0.3336100387098509,-1.6466792439649656,-1.607689446238263,3.7338058450106666,1.659143728954773,2.1128067289448684,1.6743843525491766,-1.4435538146308209,-2.0369575083857074,-2.8862124987996993,1.9927184889672813
ACH-000060,0.8607000352399247,0.6733146547908749,1.2910768977212845,2.415334239068213,1.7885112965650307,2.6023010097992088,2.363826496012081,1.6384578473185933,1.6857010265136494,-1.3431714219660689,0.006309915280048553,-1.0716299091908148,2.133870879402017,-1.8918475565863866
ACH-000067,0.9400024878413049,0.737880046677436,0.31361586472184577,0.5309622578150265,-0.41481462376368267,-0.06603505277658707,2.077702351164346,2.66449546969515,1.03263052677729,-0.6357479390068607,-1.4958685324211032,-1.0606991811187538,-0.681314809687667,0.004992307404816709
ACH-000070,0.7686310459774224,0.1288955302281738,0.1883851066614151,-1.4445058461710367,0.46559567470704166,-2.6157814646558655,3.5900306207480024,4.777756381345348,2.431872549107704,4.506784404523077,-0.8474942995544651,-2.9313695037454885,-3.7565538768608833,1.0226361480209811
ACH-000074,0.08178697582939205,0.22343295457527979,-0.34416721531120675,-1.0388990546940975,-0.27946754499580917,-0.44796703293567747,3.6528571145609434,2.7289307396941136,1.809516224847481,2.5831506301575144,-0.7568095512136609,-2.8166362383682992,-2.3467419794755937,-0.30437277321814243
ACH-000075,-1.8725873903180832,0.19606860697674675,-1.2189925808336552,0.23878261523462407,0.4851435081433173,-2.1666054295319928,3.026365884152426,1.9804739250505312,0.16704287945581203,-0.2558353843494068,-2.769657281128732,0.03186073100447612,-0.8736573663323322,0.4629450885101593
ACH-000076,1.2015996713030095,-1.9093070956746632,1.3223314967101976,-1.3718563931467438,-0.5435341966277333,-2.1410541817347237,3.6168968547052236,1.8991722842385377,1.5849804973017017,2.256079932403587,-0.8302277732317822,-2.21337839096292,-2.04697668777917,-0.2520482319474134
ACH-000077,-0.1375090100617571,-1.1562075810077954,-0.9001828834356781,-2.8365451884497577,-0.6113807342649672,-4.691189448090312,3.350301618867463,2.01078186339516,0.685870684771573,3.347695729247156,-0.36696503990073126,-2.554837907652205,-3.8335645122188002,0.1755796392182068
ACH-000078,1.8628733670486137,-0.5334375468794649,1.2704255372609226,1.4175570861231555,-0.10521304022886757,-0.4289650028910268,5.589403457232489,2.909217393956681,0.7381369966438083,2.9620896487252315,1.9835113835435705,0.23318188651591398,-3.2994635213851327,0.8709028612248945
ACH-000082,-0.7691100632718167,-0.378902870469032,-1.4693925140377553,-1.215862889309314,-3.040525759017058,-4.726477939596153,1.476670508736077,1.535134967551262,1.4977320762118282,0.4846534519481936,-3.0721394029981024,-1.2983955583315114,-0.7525240989630795,0.8067893667567188
ACH-000085,3.0428541217731744,0.746772844202908,4.631580060646792,0.30867848598551506,2.88211659531074,5.456176303479492,1.1773794381396225,1.012580111171221,0.31989203236642477,-1.5529304868778144,2.8528034481506226,-3.7552354916163138,2.846149405769488,-1.7449803136923505
ACH-000086,-6.0411301128118255,-1.9159171615783135,-4.535376668976426,0.11474703960242744,-0.5675357575755645,-3.7441726668059556,-3.605883848134942,-1.9796987400311845,-0.17869570141866875,-1.2990576955943889,-3.3929288911441278,1.3640013800045951,0.8344232690865724,-0.42867521176718637
ACH-000087,-0.5475061588643162,0.4462155561136145,-1.14875766355643,-0.4233161578357747,-2.368336345895469,-1.939616964536613,3.6027618915687296,3.122026120794217,3.2076356456358672,2.4016801130948595,-2.2747960895244916,-2.9577204149255163,-4.092425179890007,2.1530968201589777
ACH-000090,5.059991644857032,2.5556096563752524,2.5057591278542373,0.4821764484229484,1.9652365605540734,4.167706389065086,1.9439811746778912,3.289108417107693,2.566193897469466,-2.1677323834079245,1.7659298449372207,-2.076055283565798,0.8291935675784878,-1.072040957810362
ACH-000092,-1.2591205238839587,-0.22767455397426928,-0.0037945053980675734,1.219627456976337,-0.1107205434252009,-1.561799912499794,0.2876014904380444,0.7606509888497826,0.020769094157197326,-1.3832259638517843,-2.098348570695716,-0.44725383624634474,1.7905480939204395,-2.295489160952776
ACH-000093,2.7458397094655087,0.6425578744203899,3.7171278797715357,2.1398097753490686,3.983674196291478,4.6474378636246625,3.546707597019818,2.294134766469522,1.3615403988666153,-2.5330932607526235,2.544262405769068,-1.4473246160105573,2.992344948040245,-2.2818944628416182
ACH-000094,3.505638438508979,0.5834969451207839,3.4600429627463183,2.0694432092731168,3.28024703897022,5.7143794643844235,0.19495926318514295,-0.1436116375101255,0.6074035203031647,-1.8417014992331742,3.8298322798551596,-0.6762560150224766,3.1632079629873164,-3.20829213499877
ACH-000095,2.838652811858743,-1.3883192825387258,1.9376419365159903,-2.7700362477597964,-1.0120733437511802,0.2712257504175246,3.1944964041997,1.2987818864151206,-0.24052674389862844,2.2418439633898,-0.48167201487153527,-0.2380803340214263,-2.9525961041063216,2.8821619615549303
ACH-000096,-0.19702184552986923,-1.5354292603044866,-0.4709120185222684,-1.388117835112634,-4.558595734833643,-6.442832262852719,1.7158704589780782,0.41149697736238394,0.910478798837006,2.2465847718084153,-3.644901244369252,-1.8683887223293567,-1.4659276585531453,3.1166449936982175
ACH-000097,-3.0352039434276747,0.7928076742997705,-1.332191508859552,1.2621694976985733,1.3762841657433458,5.6369720413983595,1.2124730363088565,-0.5144857847896134,0.355927878718742,-1.2054698807030244,0.7782285725565911,-0.962806087519076,-0.5232875649971221,-0.9260963233693118
ACH-000098,-1.5674184702002396,0.07245767922400412,-1.214459734797795,0.06175631009854539,-2.0240599501059013,-4.203411860024088,1.0023199059962555,1.3059629759147446,0.7145273194870982,-0.06147940927490084,-2.382706384054466,-0.4458034014954952,-0.9284608608230406,-0.6456580618458614
ACH-000099,0.5843767866259152,0.325743094665466,1.034871492424497,0.5685983317192909,-0.771232830168923,0.021541481420114014,3.362324397810037,0.8315871354071216,0.9687132629767955,2.6927032912902025,1.4234798879877608,1.3976032981068147,-4.255057060713669,1.837085710765657
ACH-000100,3.061560509652311,0.5034993830777598,1.0750460340111037,0.0887305750200858,-2.3734848235940986,-1.6405155405643619,4.421593050666032,3.462241057126543,2.5824222745931804,1.0639908514014458,-1.659983718649604,-4.153462426973377,-3.115289894427359,0.2842884296656954
ACH-000101,1.1036492841298415,-1.7626101444827051,1.2345377096603367,-1.6223154216911686,-0.14542141664811037,-2.877707704926385,3.8475216611437224,3.7557362691414493,0.3944488018813078,4.231182602061459,-2.4855304601072716,-2.5879778980338473,-2.8519880036684544,-0.4344767061181467
ACH-000103,4.982603915198539,1.4077980379847368,3.596403977487065,0.9796229784874115,1.5483514028425334,5.200468523844897,4.371815327885033,1.7889451810679178,0.5480935837093982,-0.7894351501715996,2.6371982176580047,-1.8638111147265837,1.9126065688285436,-1.32204436441682
ACH-000106,0.7760279118557918,-2.2247797802039697,0.7112313616485,-2.4893844356387698,2.636192607061878,0.9841889512812442,3.4240239459358652,0.9661339647687951,-0.028630495464677913,2.0797370731256937,0.5313929384074225,-0.7570676301285801,-0.5338414947480119,-0.6208527276258642
ACH-000108,2.1522278363712437,-1.1568869817087446,1.2376401620398754,2.284739713724589,0.8823108018903183,1.666900873900244,1.4773409905536203,0.9657807025740648,0.6084388846730303,-2.283265312798775,-0.4558100356260607,-0.6341354611731104,2.7656398353554827,-2.3973612807404505
ACH-000111,3.238289689650971,1.1671864035650392,2.192466755211912,0.8373735284457525,1.0532743963637954,4.145137513116625,3.769350743184336,2.5733982176583727,0.4442265612017081,0.004358907374471583,1.7410750927841636,-2.4960577916439743,0.825003961782738,-1.8029308080789974
ACH-000113,-1.3301025069325008,-1.740092394869737,-0.22031243971470454,-0.7241842741172677,0.6516745479060879,-2.0819469822662793,2.31424792631256,1.457583820129774,0.20965923066147357,2.234636024072069,-1.63798628050951,0.7156268445758364,-1.467404808286804,-0.45795282974630963
ACH-000114,6.054084146721324,-0.5249797390520083,6.453181872465827,2.8754413585001193,5.500904726269396,7.849605707027038,1.3400298032579212,1.2039261903697203,0.14820526870108802,-4.28317222528091,3.3520374397820025,-1.1487772349279586,5.4508737579869235,-2.2460425206218115
ACH-000115,2.069541957075934,1.3742204286182524,1.0403223315153514,0.24871534341544754,-3.06814088458391,0.7610834308917257,2.5880586911346453,2.147597933948753,-0.375607380600591,1.3031295819904687,1.6572784476832287,-2.0433056613430605,-0.09291681102034295,0.8792072674730418
ACH-000116,1.8061825538065595,0.5212207756056856,1.0788562010806901,1.7767574485514743,2.4544184794508324,4.167079305159416,3.9627136490960053,1.6315554045957876,0.8436875319595674,0.5944793594730237,1.717596535188206,-2.123103286705468,0.5747469097455842,-1.6202811545288769
ACH-000118,5.358898041511947,1.5190954625740454,3.7724112320133574,2.2370433789957396,1.6100261207159507,4.773880809112694,3.3204766467594933,3.062578496561992,2.9323930660459263,-2.0857713489933345,1.8552132779167025,-3.2479411304318972,1.387974599455284,-3.1867564168665963
ACH-000120,1.5535607991308638,0.5157207994268462,0.05272656698145957,1.0572341767022635,-1.1275644939176022,-2.6367924754308616,1.882362145439245,1.1367646400980165,0.5817415338573922,1.4288755742667933,-1.0389094241062293,0.9044967970069357,-0.8015820288253936,1.212553577512794
ACH-000123,1.499639085115082,-0.5216756549979753,-0.133902013529059,-1.396862988222444,-1.7745958164341935,-3.556766778751396,2.842517177454371,1.3830024675026624,0.32349863999105144,3.7497747702180915,-3.4603872947809076,-1.1256975087340726,-1.7357863735970362,1.3468112762663889
ACH-000124,0.09703846476481126,-0.37137198746966466,0.44703244850729185,-1.1035808051212768,0.6300053404069049,-1.4801004010582843,5.132896097939132,4.525481313845743,2.6477210714972057,3.217770814188192,-0.7226984729097689,-0.8273924672131308,-2.3642385866644866,0.3390311117452621
ACH-000127,-0.3747031141361501,-0.39115086131364585,0.1814206277400571,-0.7728772697159992,0.4062259871361596,-0.24162621401447576,2.3659890960790193,0.7311491893026519,-0.2982634005906067,0.2598164425531138,0.34299829200351795,0.8521319794673502,0.40727647702205216,-1.5519198508010887
ACH-000128,3.2309129264358827,0.8266198385194177,2.368552952008948,0.7605387214183165,0.1466638737039892,2.3298525143373716,3.4444009710725343,3.256216482067723,0.9092307075191539,0.3603996574554812,0.001606337817905851,-3.425122128114764,0.7157590359981165,0.40750724099112257
ACH-000132,-0.35813209333810386,-1.2870296901941365,-3.019017315317461,1.7668525083335866,1.8981640700298412,2.1522104772315385,-3.112324064333701,-2.6224784992593855,-0.7687844938535064,-0.6263482113802725,0.4264804063083169,1.0002076460351097,2.6964870873442233,-0.38301034390080196
ACH-000133,-2.3140758881094343,0.6270616097212085,-0.2611259246638767,0.6416904748081079,1.0550882344875752,0.1630534568164983,2.5559811307591382,2.258454598785294,2.576465791313717,-1.9842377367488955,-1.6886927098657118,-1.1069489867947802,-0.1958351569861608,-0.3826300696985321
ACH-000137,-0.7780551031396381,0.39079372286001923,0.10555451196107773,0.941400062021972,2.0416234426832878,2.0938551070335505,2.5528429827056667,1.687260283362168,-0.8957885078517233,-1.1418993714141124,-1.411349334903575,-1.1046253592932813,0.4246397107698986,-1.188608669401952
ACH-000138,5.451085585857235,0.8818066963168871,5.2226062782390725,3.0318760214051435,4.337684828484842,7.0755141011720175,0.027912907722956404,0.3923760195903126,-2.25723669568626,-3.8918134428402134,4.021366596260052,-0.015663229147682645,4.369007779969573,-3.467068290354036
ACH-000139,6.209675609731656,3.243849315042855,5.665215995447986,2.7883702655847893,4.083369481169824,5.924922158535439,1.5515481485995766,2.442573032389003,0.7704312467859089,-2.7829526691517192,3.916162915176224,-0.7943973912432802,3.9118648895902983,-1.794786308528702
ACH-000141,1.072217797221227,0.2309963330452242,1.8697081814574041,0.10198930726623393,2.22783858293765,3.3735910303051693,3.5254093572568275,2.1301549789004772,1.8687783528693986,-1.363063814472474,2.264564266751837,-3.2041356853997427,1.4207490387521506,-1.8451015376680542
ACH-000142,3.918177110089697,1.383165871335331,4.39295110876583,1.8770592717138421,3.6950913266110907,5.5743474312816685,1.2077872254926858,2.0073399959037874,-0.6065643923465359,-2.366210158034986,3.3842110780944172,-2.5542550718210593,2.9069460426900124,-1.9567680666341443
ACH-000143,-0.021546917747839976,0.021450478601699796,-0.11467249117326057,-1.1579172730186318,-1.2200295157166046,-1.5874901423180003,1.534190487090735,0.5335889963413842,0.49634347665020817,1.3334644723759226,0.06547633287020059,-2.043817291070967,-1.7069549668885067,-0.490984266307578
ACH-000144,1.3648663531307639,0.4221409682939542,2.5883441975832984,0.878966813658263,1.594028385857257,4.93671790278903,4.887846104710782,4.014065982744322,1.936241978656807,-0.03673408680855769,1.7960917044906721,-1.9705657085689448,-0.046460152035343205,-0.5814666670573229
ACH-000145,-1.5059574700368348,0.2697368405091985,0.2881190080529167,1.9698778530277838,0.7003299531294136,0.5259862776626719,1.684442662116274,1.0657440130460867,1.7843204537005277,-1.460831840869582,-1.6819141806453386,0.5024081581243258,-0.9862595321166913,-1.0239170051508508
ACH-000146,0.12092218608874174,0.49117559302401326,-0.8465749948214759,0.6266845685731711,0.22259533374245472,0.6944266078662538,4.531099270903208,3.324164479260645,2.499869855648683,1.3800616126384735,-1.3666271154791243,-1.5738362448400438,-0.18610101693081854,-1.86212597772181
ACH-000147,2.580826390809035,1.334154837816936,2.955196924261938,0.2836434510618935,2.7296674291592296,7.160746312806514,1.8527285107510068,0.7945884199054529,-0.23842673203470133,-0.36751484594804695,1.3336680697849133,-2.200461047205024,0.770592024586106,0.005591454732400636
ACH-000148,1.4955100884135104,0.6954210236830147,1.6011483119994947,-0.171819643329377,0.5790514946012769,-0.5593307316480409,2.541063222481071,4.06120230510881,1.110950123523065,-3.261098177739761,-2.7756172649050033,-0.32797079886189034,0.8412420521182967,-0.5651796124515093
ACH-000149,1.0732703501538636,0.4949530303453915,0.753119791269219,0.8038272107665259,-0.8337913731038614,-1.0850966706040035,3.3187807088142858,1.1437421148090503,0.2897791565157888,1.7384825135691924,-0.1270551770816009,-0.21755777440623109,-2.164172835423157,0.13473532889377676
ACH-000151,-0.7974520399263072,-0.06622242814826168,-1.470182279370357,-2.189773626039446,-2.969355651252124,-4.50974000245313,3.864759171281536,3.220529608829351,0.8606243513545133,5.044675510994504,-3.7506272095539877,-2.177326721921804,-2.844038400919885,0.7577130770198355
ACH-000152,0.026084951401478144,0.5004654050630188,1.4521909594883298,-0.44356326500750953,-0.27019729829157557,-0.042292983922777326,4.199944250226448,1.0681600771385535,1.435798169547178,-0.47932669760423596,-1.945831451670155,-0.40755216792343035,0.37229743121338443,-1.1159636421339791
ACH-000153,-2.3369354916884353,-1.416600208111478,-2.5711339755013456,0.730289393234855,0.2869847417671118,-1.7128986198912115,1.7245618241738176,0.13994063390860723,0.7436364006044263,-2.087783484161232,-1.3230040370217913,0.7893184963472274,0.9936277360463156,-1.221018941354192
ACH-000155,-1.4000897767556215,-0.12031102065661436,-0.9001826816609616,0.8937454053522368,2.004756615581649,1.1510301924618882,-0.07678397446837089,0.6023146467483695,1.5017528942998146,-1.4586149317338306,-0.06446552230518414,-1.4714784604782,2.517126674207912,-0.18128662933825174
ACH-000159,2.944865933901072,1.4640037563462454,1.9732399085050354,0.5690881562449439,3.082208772139803,4.384383257234019,3.4054187487651646,3.3631131879305785,0.18996301200606155,-2.7726683075874576,0.7742737476003136,-1.5268948439015384,0.8149080672989236,-2.358437728728643
ACH-000160,1.2138464328920249,-0.43213925755808125,-0.5262874926380382,-2.4826569183726783,-2.469019911688603,-1.7782215088772628,1.5646093608770189,1.1427982679266715,0.6729499774127783,1.7646690097033775,-0.259603861591244,-1.2660792732168789,-1.029518707815662,2.8679091309486267
ACH-000161,2.605271664978223,2.3903678630533722,2.746064047552174,1.9328949250366503,1.301702630732334,3.8350992796558128,3.8192591700003673,1.318553163942381,1.3806491646322776,-1.352989831747893,2.170070042888634,-0.223096146866988,0.49417374936979624,-0.781505954053695
ACH-000163,0.04996427171164123,1.0507019852088284,0.6696167127301794,0.7821170360909564,0.0090284482112186,-1.3939031760315101,2.559865460373037,1.9645911938216163,2.9890604542241475,-1.8126043190416645,-2.071411859633855,-2.0587589191096187,-0.38984844026592375,-0.04077113066695122
ACH-000164,-0.751316093241452,-0.6885831464452992,-0.4033850466099373,0.45627091134952336,0.11982395607940033,-1.5930369968728588,3.089054663195925,2.267306532182994,2.5092848496384565,-1.117280416634879,-1.5440797656081906,-2.0182437866315883,1.2877891000453887,-0.3208057344767393
ACH-000167,-1.5794971356471432,-2.6414023146549757,-3.555207936354953,-6.689444214854654,-2.643180112904122,-5.864170822822956,0.598842184696171,0.06998068266001492,0.02649530572363168,5.327061128971621,-2.5667067524380833,-1.5628866722506725,-3.342742336333594,1.4099763996220442
ACH-000168,1.6386058472891483,0.13961568119963663,1.31357787845413,1.4731810350056638,2.2304411566365783,2.7500832281174366,3.2823128753203568,4.129885511944684,1.708165406560165,0.7166040447269432,-0.44117434001792305,-0.05808262424589561,-0.394956851251162,-1.2275130333037005
ACH-000169,0.7041036498467605,-0.05077286821492513,0.8484068035326906,0.3792759235745752,-0.9798329276830723,-2.8693533263591995,3.580208078200481,3.0960878181034195,3.0526004560691424,0.4792332066851722,-2.1263742095695943,-2.3577576558640763,-1.5166304873404945,0.3547571475291353
ACH-000172,1.3571440512826027,-1.9584513268108494,0.3606325677215222,-0.26578843838386934,-2.3291727217326157,-1.9117270628454759,2.537189512882325,1.10499986832705,0.03824741680631107,0.6622187810687009,-2.374869869146509,0.5874181376819896,-1.4231734571591481,2.3733577224913365
ACH-000174,0.29622624760392846,0.1209667319894368,2.535380812779138,0.08554366960519731,1.232459597059682,0.9607706327123655,2.8908847747708357,2.4227698704241263,1.7785341982558165,-0.3715444385119168,-0.7312653652115273,-1.556589900090843,0.8066522026663833,-0.18163303787493212
ACH-000176,-1.0380732467729574,-0.26154506755280693,0.1273770562267986,0.678880428050321,1.1757356037585758,-0.045850354281418704,2.2709577580109515,2.3509780582001123,1.1553015086454979,-2.00242960930353,-1.5260635728672962,-0.8154187483552386,1.7824630171645273,-0.7323587706053105
ACH-000178,0.40112763824084835,-0.6050929175732324,0.0731753879861505,0.5193564064214827,-0.34310489422464174,0.15583195267003067,1.6037861496551233,0.5418107957431522,0.1355887607352162,-1.1490950626744183,-0.8524920029420459,-1.0445312628381536,3.187731335020413,-1.6169012397477003
ACH-000181,8.510955395607544,2.910854415786445,8.04002346771866,2.8900226353630676,5.010917145644793,10.235928551314732,5.794132541739272,5.993994999824785,1.3680344163939877,-4.281265440188197,4.482355876899627,-3.5084935639688917,3.465608151137115,-3.9773097788382215
ACH-000182,4.016850432009745,-0.6058645042410848,4.999005624592206,2.7173977458918532,3.49549907158662,6.067544704476839,0.7101566107315023,0.0034003183387307442,-1.456014149895077,-1.445148729245998,2.916728474618027,-1.581374271211283,5.7090649432125,-2.1720903436077195
ACH-000183,-3.8559162846952884,-0.764069723939759,-3.6129682255118127,-3.078661632168769,-3.774481986489528,-6.874092243731855,-2.5530388562384343,-0.589369457085788,0.09037167235366977,2.4296912578652092,-2.7595734448965326,-0.20596825743390174,-2.2851318179942903,0.46293715293397525
ACH-000187,3.387628767884308,0.2842688401000122,1.443043368264339,-1.8166422618842604,-3.5203608411341776,-1.596075543955433,2.6974430202582984,1.2162714788235054,-0.7487170408888881,3.117470771677298,1.321812982323527,-1.352750854955954,-3.0500690122240175,3.950686932517771
ACH-000188,8.602169672793714,1.2807062720682878,9.104279650709683,1.5556427022622066,5.756461076382889,7.777722345557251,0.04679975358390819,1.414399979913977,1.082290942341399,-4.978774078290915,4.2675998500533545,-2.7572663848973495,3.7985285377800984,-2.838765491352913
ACH-000189,2.4427485095840407,1.1069253876792913,3.0210197852995972,3.2042244197564096,8.217889605111525,7.891668005277524,2.5740631008806973,2.9270929885572428,1.314168959896676,-4.91180850001699,2.3617672944904307,0.15727533889170425,2.5607185366804237,-1.799670493632902
ACH-000190,-1.0681654383164965,-1.9566402310131683,-0.35923313006493335,-0.755804543918268,-1.380529002115675,-4.613671993722087,1.4068152156018838,0.7865728056698982,0.7787823293695897,0.9540136100758201,-2.4277252235884417,0.6517811002433624,-1.27841080470656,0.24268567313126505
ACH-000191,2.6647393656063727,-1.16706029628103,2.5368548970562372,1.7943001704409327,1.250599996043508,1.23076647303773,0.8949171483190141,1.9551947549909099,-0.19180283566415976,-1.7619457412490558,0.8928649859004404,-1.7012521179996605,1.3196493444398418,-2.213692739647108
ACH-000192,3.8444595090339444,2.08260003251604,3.46189928809853,1.7543625623272785,1.2411447630647436,4.309070630260886,2.94856360512076,2.0182346772172517,3.8842339043346787,-0.8463546967620229,3.19183238980642,-0.16143383854939536,-1.2895440626903327,0.47751513261139433
ACH-000195,1.8704235008050354,-1.068135672206111,1.214366574235494,-0.7260664043862807,2.2820501208202457,1.0919400761035443,4.911769915565246,3.9361431146170345,0.7163570152140861,1.6293962292558761,-1.1742295638133182,-2.908760956366452,-0.4098500209166508,-0.9985869965876438
ACH-000197,-0.8819228878713558,-0.5440883215297404,-1.559289793431565,-0.7353264070847461,-0.28391025271820813,-1.8319826340988625,5.2211781291971056,4.245379554401664,1.465871576179206,4.0498955768544,-3.058576510541712,-1.804252421168378,-2.653644054301518,-0.333401031422604
ACH-000198,1.1903573914567098,-0.03571260284083416,1.8273851232803282,-0.7038011762613094,0.8475701690825808,-1.0261122722624123,4.544809547764387,3.737852477378056,1.5943666215405803,2.363200068162864,-1.3244120823619772,-1.9075839983828384,-2.8901228944813893,-1.3368141258676804
ACH-000200,-2.628763636279687,-0.4586322900363024,-0.6391267995162695,0.3783861175968263,-0.8247346513378329,-0.603445195455686,1.6495558103660635,1.7381461882973204,-0.4854228947141233,-1.0253731889614737,-1.0867285767875217,0.432013428833111,-1.3669755852496202,0.5893826836787055
ACH-000202,2.0097477556701007,-0.3417058676869841,0.7580136219013066,-0.33158009545456585,-2.4298971356099495,-2.055932940979766,4.307023016815593,2.1609069409251873,2.4189468371749734,3.189049053052033,-1.4147986089274416,-1.5657665843195625,-2.8751817224799074,0.5087519526455051
ACH-000203,3.0101794036753113,0.2619353403564734,2.143594675750389,1.3466262564840425,-2.444199392123895,-1.7721477118611455,4.670735850241159,2.0854220472980782,0.2235169264101315,2.744002819330338,1.1366475919619785,0.16415905144803195,-4.242174001490331,1.8379737438767256
ACH-000204,-0.8188259530173981,-1.7609846576191588,-0.12075790526215086,-1.0039065650619265,-0.5234758889664269,-2.3524252057526094,0.8135742546158587,0.4966768563547719,-0.8462784538453724,3.8742937400208426,-1.1828116607724264,0.7305667263084255,-1.8100246680994854,-0.4634272408546625
ACH-000206,1.1956958604054575,-1.895211054080582,0.3511356494963214,-2.287347173489976,-1.0131932627261222,-3.6738565624420847,3.0174341370859548,1.596362555886262,-0.44191978463446613,3.921040532987327,0.2862983559562472,-2.727399242054427,-3.4425068819302043,1.3164321680076423
ACH-000207,6.005705402449307,1.1909116108697526,3.816575005560912,-0.30155117096850104,3.197121375659261,2.7442581334336125,-0.4148553630148454,-0.5399611848132594,1.629710475812355,-1.8098948706239724,2.6303522466187297,-2.4441563931141577,2.701751955622877,0.7299866179583567
ACH-000208,0.5001446230197765,-0.37230497872192675,0.39352006635415865,-0.008735238108495535,-0.3326019879266117,-3.036994992878349,3.0602255834548138,1.3940468508909756,1.055525974144899,-0.1255933692185605,-4.57799385688944,0.4165351981824126,-1.80219712626607,-0.9512356824651361
ACH-000209,6.070970712836943,1.2196078141656452,6.474382499371242,3.645950480392867,6.367049985135453,8.442665650291808,4.129834673913811,2.2072147795859216,1.6164576270822124,-3.612604815488893,4.698596307675899,-0.15590892124584985,0.8991009826264602,-0.9467124898482899
ACH-000210,0.28767420792651033,0.8707033846145864,1.5888976143288598,0.15066265588718591,0.568022934106068,1.2728739058230183,4.17297168596223,2.487020391951534,1.6878115883917386,3.0357824335221557,-0.7320491639397105,-0.9461369869819602,-4.483023717288564,3.165351271687324
ACH-000211,0.7344631103465962,-0.919451559368275,0.7244924204621924,-1.3280042757675765,-0.8005815670134029,-2.2933666985650283,0.7322131240158244,0.3914537066547042,-1.1098002966071792,-0.5469854621197959,-0.8237130554920372,-0.3942176981458042,-0.9741635648209892,0.42079065941200233
ACH-000212,-0.8824776494017889,-0.23803578721452784,-1.2150364503161968,0.16579503488641434,-0.7422389053463174,-2.3154360637547824,-0.5253967188619416,-1.6185834125471248,0.5450756562305886,-0.16221254799967688,-0.9677412985459172,2.5061623222888625,-0.40591688812069715,-0.7797257972278789
ACH-000213,2.4609477095136256,0.06753418796503984,4.024711911047598,2.122267313257039,1.8073017379130354,4.845611051952934,-0.595604316194655,0.49250671386818445,-1.3286124881499068,-1.637532699495712,2.5504777539444734,-1.341826647707215,3.4900247994234954,-2.1037436427828964
ACH-000215,0.16618507279887787,0.8906822300978587,0.508258890540001,0.16305317583310602,0.14071389820321945,0.31913411993590707,1.3092183775759683,2.258519132394679,-0.2868597524326211,-0.7818313576557082,-0.7491446230490976,-0.49647374139448064,-0.9703682960845944,-0.727692426410975
ACH-000216,2.4926536017430285,0.5446010040037828,1.8275536188172774,1.9429666918165316,1.9323683829937244,3.632598179082272,-1.28733116749865,-0.8660926205081612,-1.033142524416249,-3.6763500748373636,1.2115741220444982,-0.6245896615517509,3.7128730195312474,-1.6455759713035694
ACH-000217,1.8904985087998059,1.2708388431188498,1.0857791105694612,0.9420536878649153,2.2590369168971423,3.4049767628704877,2.362087605524599,2.333162152196073,0.6213670981048401,-2.2761692484238965,1.3786914641985701,-0.17967748243869966,1.4369547187275085,-0.5002151289883294
ACH-000219,-1.9016107427023847,-1.174230813395427,-1.0558899406122013,-0.8821810860877521,-1.0728199871444093,-3.606375215121092,2.6219636353370994,1.1970658195051012,-0.11547644590684866,1.8313449770619727,-3.024043597835385,-1.540406126334365,-1.4827208811619625,0.48555918890335403
ACH-000221,0.3480502211079574,-0.6922006849799397,-3.466676505175814,-0.5034457934379186,-2.319103521815267,-4.286239255841504,4.148650073168003,2.743939688147737,2.4360095325244013,2.1261908930104494,-2.6132776647227836,-3.374457247023608,-2.9657382988292875,0.7370496324865669
ACH-000222,3.0195857135278055,-0.46962189324483716,4.764589805494413,4.510379659055464,3.2430919616867264,5.700923204871949,0.6023357855605039,-0.29127543754253105,-0.3996210992568482,-2.5118710390457797,3.9561898638594535,-0.3122687385192807,4.086803741272461,-2.6271926705187
ACH-000223,-1.2664757010816117,1.313313732342705,2.178986056622349,0.602340262096137,2.8949196693527552,4.737337835521564,1.7428805196323205,1.4318745891312388,3.43938257357697,-1.483854966088409,1.9990475055927137,-2.6522516573540713,2.5791318216669716,-2.042803479880774
ACH-000226,-3.2768866188034926,-1.617046448602548,-0.9975512031957037,1.1974883490779096,0.45186649158706543,-3.1652079515440428,0.9756344367567591,-0.15067293581773555,-1.839375418483345,0.6251782445829983,-0.574399418196421,1.6748527586996047,-1.6876925792707749,-1.4387058119907263
ACH-000227,1.4510960093794725,0.9246234204031192,0.7741178741737061,0.9302214906614048,-2.909991602674156,-1.6897600542442277,3.97432488930041,1.7106378591860263,1.579115840473206,3.0086535379846304,0.5077035064616878,0.0936497981669386,-5.311097763072942,2.7190035611919643
ACH-000228,2.9751055389777146,1.7753909855161718,4.795469329314171,2.0463488294529073,4.939060566262133,7.605817211296918,0.6889598057430475,1.1547565942167957,1.3631332663067184,-3.288262809286369,4.073367071336133,-1.6641103290842745,3.4440658605417567,-1.4583709807994236
ACH-000231,-1.8131862897188686,0.13967107150107677,0.8982399053606644,0.4638962648736757,0.2383727547420964,0.1588884429436782,1.9981986099506488,2.0608347444406325,-0.37870011183015884,-0.9486368939987714,-2.597533471541774,-1.9405438363890395,0.7418288965135548,-1.6176213874148981
ACH-000232,-1.5193446360482716,-0.37659402453736424,0.07813278397919632,0.17809656092154688,-1.3156364349425862,-0.22782937530419087,1.3553424472409388,0.33050702505114643,-0.8516539293624378,0.36665217351129303,-1.8662901032843564,1.2580420916751722,-1.1988042154394591,0.5455332558492814
ACH-000233,1.0736509574917419,-1.3640785830417395,1.6630678773225267,-0.19436114957328207,2.0346642018760592,-0.016189824859372485,2.3756749872249094,1.03892051797151,-0.7477998724203853,0.03159385023708852,0.7117938923646617,0.6846761497516094,-1.0517444389409114,0.2057500858589847
ACH-000234,2.322810066561462,1.2150868859095936,2.1405239485886045,1.9255030047418076,2.8480624678099806,5.104733857036748,2.7736822729051536,1.3077995720611735,1.229003593425531,-3.395052399743598,1.7974333592255178,-1.2832541275615537,1.9946243876286067,-2.4370568213577366
ACH-000235,5.62447759092328,0.5350500008610055,4.480281620677402,1.0477783503202394,2.229456730977791,2.720582397724102,0.3803883176516872,0.08626321260315625,-0.7990400340293253,-2.732074726942078,1.9851305903063112,-0.6604439853394241,4.098812396840649,-1.4310878280018482
ACH-000237,2.2127654605290044,0.19854250240232366,1.1551893341759523,1.16259806172713,1.6627391370713194,2.240364895816551,2.5118317354153237,0.27091926441831804,-1.261701752305056,-3.1354719553176267,0.6879853936958967,0.12994157088303068,0.7935293042558205,-2.3592865278361757
ACH-000238,5.180479327069284,2.9426186085289667,6.031946512870663,2.4256178862038444,4.335638651840939,8.046578133933467,1.7581102847715786,3.5160028312655967,1.3759201820043756,-3.8329192337658897,3.9771241977059755,-3.407745663993217,4.153473525166303,-2.5156404870957596
ACH-000239,1.4409279505470005,1.0772888470918576,2.527456887791421,1.393882481294268,1.2537731390526017,4.142009222274966,0.7359818703149855,2.344186744942369,0.894273783303633,-0.16265301239144847,2.390143242051212,-4.235426315993659,2.2969092339991466,-1.3888904959749815
ACH-000242,-0.4827522379230096,0.20973165973947563,-0.890177277247869,0.3411018798499771,2.1999091368710038,0.888340994255464,2.7649194905633743,0.9327500886862774,0.03928930443561318,0.6093384708349318,2.441626174303091,-1.4601449319996849,-0.6683471573462205,-1.592356878221949
ACH-000243,-0.07700704178182463,0.7593327309323388,2.9114093163413206,-0.6691953567373821,1.0556275676133131,1.8812832677778375,1.2528508101469762,1.6639578461364088,0.4905999302243939,-1.7574589016556252,0.4271801306053039,-2.4809077925651777,3.06741192935171,-2.755376244199135
ACH-000244,0.30859039347470885,-0.07603050262967057,0.3887748224871058,1.0283359324868233,-0.07269187059415533,-1.5133749133250505,0.9449817255508135,0.6794638803414788,-0.19837042188022208,-1.0393275301735385,-2.237471314366275,1.169285263148919,-0.2812191494436782,0.5056440234631102
ACH-000247,2.235838705530204,0.4970968840094798,2.936315994517266,2.1791892369023045,2.0623528658133283,5.5338512262824615,2.7168296035884154,2.0337104150976906,1.4321957959503098,0.11393129326721432,3.4405386822174484,-2.218283177587727,1.3321499539853645,-1.7565824681957374
ACH-000248,-0.8049236357506975,0.9293595473925839,1.0229414983421206,-1.563036544898726,0.527188631119759,4.167931523302858,3.0921209373939758,2.7144603340973568,1.0675512694483664,-0.8810490184998406,0.9606312819402659,-3.5169742945574445,1.4745916616564396,-1.7968631704779017
ACH-000249,1.5192871971412554,0.7447640332998646,3.5158725968329914,3.046214192362087,1.4091237616048118,3.4739564096803486,2.5658264768533305,2.3078871991707928,1.8445984476695156,-0.7129318795976526,1.6969411513596517,-2.387326307634494,3.6020637805588045,-1.5149508901495088
ACH-000250,2.7541213118345724,0.6224875174861786,0.4391364179164045,1.4577746757770818,0.9758028367305991,2.9801347884555667,1.8253518191202451,1.6140963083055115,0.3723765155454207,-2.337080700214137,1.5453360783978447,-1.6388736369248174,-0.11215098921730711,-1.8713416189486947
ACH-000251,0.011532134858546178,0.1321018910430879,0.9984561830409932,1.0940676051656555,0.6396514758587938,2.2282410573491758,1.4947751515170575,-0.7101815213767931,0.5840810161936549,-0.9459476311181735,1.4698415978567894,0.6605237379820166,1.6869612569101575,-1.8038669207215468
ACH-000252,1.8211344430666974,0.9489165188658142,3.2963429142079392,2.1076560644457434,2.151211359789251,4.8413196958974085,3.023367821927299,1.7585143113242578,3.2862020435559143,-0.1448515871294922,3.230043050489621,-1.4993036025648527,3.6956414607162826,-1.6819408642714464
ACH-000253,0.7147090546976164,1.4251866262413204,1.8334537231657566,0.42363531799726983,3.5816503291417217,4.101087233913436,1.5229990498956079,1.7172434550171385,0.7339246075485872,0.07403269212473645,2.0462131820997302,-3.412759939449904,3.4569088542958033,-1.7940362544832102
ACH-000255,2.0822082389698395,0.9470044766342307,0.9015603648134126,-0.5874763985432516,0.1853581120486738,-2.9472768080146436,2.2958286225411078,2.9363486663402507,1.1442636699401354,-0.3667260943330974,-3.237925765721332,-2.1451071277051525,0.567834618396992,-1.5860654475236409
ACH-000256,7.808065924019955,0.7519429517757632,5.361468751106875,1.7412086160541458,1.5222108579264821,4.760426345018442,3.039502244257455,1.6015315212175696,0.8093995630496262,-1.3574837598094496,3.2715955900060325,-0.16535619592481737,2.486854406113297,-0.5375429398362401
ACH-000257,1.3783513024469223,0.3428159009357774,1.7372065622850184,0.5605840840317357,-1.7496604124505895,-0.009540681093036081,2.2771074270413716,2.0391194043084093,2.9228243008580206,0.8630739597546715,-0.8682191293434011,-0.6513483341510127,-1.757349871177507,1.092932285633933
ACH-000258,1.783913326186928,0.5736511298016842,1.5934462751726648,0.3462833968037902,-0.3985599529178233,4.052481515033668,3.5336717010476826,2.6154812091789963,0.0580685647350449,1.4278151403423749,3.1956182918705616,-0.8860817915918666,0.8768392548251859,0.0034043281778733947
ACH-000259,0.1661399642259087,0.024334418177743844,0.771602658579319,0.04298799143272952,-2.441431656484233,-1.4474345553455092,3.0853707758497064,3.481038312408999,2.662491925329459,4.279276749939736,0.5326598525397795,-2.6697000188597286,-3.6114871001677358,3.740255100267903
ACH-000260,2.236784049101562,0.9733288779960083,1.0383098071207373,1.7048517421241909,0.0303111411742501,0.5296193280991368,3.4624984575105815,1.503546483855424,-0.26756721824348056,0.17604473183685704,-0.3305930330125599,-0.9540408130003547,-1.665506671683006,-0.5004139811953016
ACH-000261,0.7035843452693801,-0.12218964171531954,1.286381191590164,0.6496896942914616,1.3810325898032227,-0.830301821236902,2.1107626119230534,2.114590308953318,1.3834542034646065,-0.23212570031004903,-1.6876853359938795,-1.0936099123925318,0.050192503528835156,-0.07981775751281922
ACH-000262,0.12172868300037384,-0.2755043750174051,1.1381182622314197,1.173809348901403,2.376169276936273,2.1352952277080623,1.0100471251070566,0.7916740357389368,0.23524786120284208,-2.425268684835021,-0.5484388346875925,-0.40481224766516405,-0.1528110187945754,-0.5908382010371699
ACH-000263,0.9772279480412029,0.5453276722602564,-0.3582422879423602,-0.7634306984457097,0.31407302999267916,-1.100464073184255,4.226990036899801,3.024704503431999,0.30603031682587817,2.995243953391866,-1.5161112552438047,-2.0911692614732025,-1.6713354659709223,-0.9855708462622942
ACH-000264,2.610947278846061,0.662305364183938,3.362442711045966,0.4776257797400423,0.835407164387052,1.3925428690853585,3.2927345751951553,2.011820156234842,1.27322623005528,-0.7315472237901866,1.3609151344509425,-2.155219981072957,0.8391523355030468,-0.026000162588793202
ACH-000265,0.8717801310220639,-0.9626811229873923,0.7547683493782538,0.4339387878667016,-0.24119344121248754,-1.4570366298860185,0.7605790544371331,1.0641332312976521,0.056732923999956913,0.43674433982291494,-1.8506103029417311,-0.5576590407795168,-0.7366623386000937,0.11020118491741887
ACH-000266,3.997459940241469,0.9592328282787528,4.272840874848891,3.611245537743795,4.499864124015793,5.630122028002281,1.6127170351551843,1.0884389900147566,0.02370404702214679,-2.6239960596166823,2.150171585092644,-2.7395969794204302,4.037970805333689,-2.861932849908296
ACH-000268,2.6493425281754934,0.9341077193788957,2.488303085045729,2.2045980121301665,2.5840306113652596,5.637167604513854,2.3046043299681336,2.1367159480493187,1.3377694605647612,-0.15135072076448686,3.103458734157243,-2.6974873821290486,0.9831561975108103,-1.7145511927327317
ACH-000269,-1.9322190040514913,0.0002724677952082033,-0.501177504494443,0.38621295404508726,-0.2917011330023537,-3.281690931485965,1.4958949016005112,1.355093915967068,0.5265978600536466,1.1973004040919313,-2.650432245367148,-0.8411297651631007,-2.2224645848881357,-0.6060469970489342
ACH-000271,-0.5635732178634589,-0.8189841062120207,-0.3516334836803994,-2.3617299248859833,-2.2522361472355406,-4.348785514126901,3.4083640311754846,2.3395460936323342,1.868342624991169,4.90604394344625,-3.1816721265154513,-0.19387562192843058,-3.0423111749248726,1.4314069542540506
ACH-000272,7.081216527800312,1.2162257309897329,5.0773025709740915,2.0982526724449784,5.061216679728317,5.804733024420762,1.740722790112661,1.82999483190119,1.0855780515806595,-3.551011350654777,3.468029118396493,0.13509397809145057,1.2251396759518587,-1.8531874441472975
ACH-000273,0.3051032713970024,1.8791278784096703,2.539917200661548,2.0902870082699834,1.6785701339808592,2.226882557362192,2.8157948055085367,1.8429737025593174,1.7808407834610236,-2.8792608620400153,-1.2740965191112026,-0.8967717904750447,0.47542218891649346,-1.6806486348357723
ACH-000274,-3.9378401362477033,1.2615158441762044,-3.7681644820026197,0.5496590888100253,0.21607881702543774,-0.45083495766160814,2.421792204747027,1.4596266732147276,1.5333724695684614,-1.8998717780546708,-2.530420049492758,0.4223829890570162,-0.7996351690284278,-1.2697928904236222
ACH-000276,0.3241482786075525,-0.21628951205681513,1.2031923161632767,1.773246135721715,1.4557321062972135,1.4769979397387192,2.2511215908173527,0.8066610278875068,1.0171076246489803,-1.0296198978977842,0.7093781438875981,-0.7936198456195636,2.3399644530845696,0.3145649013963531
ACH-000277,0.5203522420625212,2.3951580684096827,2.378727722475655,2.205495933428863,-0.3660076818379038,4.068074229989209,1.2484805604220774,1.8070746709253611,1.51550954644381,-0.5386651039514652,0.7960946380015811,-1.316314783697557,0.6007194831005638,0.47793979991890256
ACH-000278,1.3281990914545323,-0.1061989280628661,0.7136508427920639,2.6228850256616574,1.5218876915826924,2.272151789725256,1.2862481853444607,0.8642810858387926,0.44060561279359517,-0.6246190604367925,1.1282609112821063,-0.31237192210153125,1.6969327252705164,-2.261545908633684
ACH-000279,-0.3711600684991201,0.4697842865875169,-1.9636120092442686,-2.2421981605491634,-3.2547353135689883,-4.4628046517876765,1.5382879328870884,3.1463694708117003,2.4653777008541033,2.9236821805174724,-3.7635240953176177,-2.322202930048767,-3.9202123670172813,0.8673764503769639
ACH-000280,3.96081062891179,0.9602865824390354,2.4269117682797066,0.5364058049061464,2.113073862141925,4.6677419599429495,3.7508150573592247,2.2992906302895517,1.196815349907935,-1.0294322088748127,1.1698212221505186,-2.5224997208579314,1.4431648071061312,-2.3441845520794886
ACH-000281,1.8491496564576189,1.3213555945503535,2.788640998329995,2.310615079738669,2.3811801344107733,4.584329031666966,0.06781088026719868,-0.2655008170022118,-1.4297566789772225,-0.3585849021257205,1.7439137511365175,0.38824481459461097,2.3504058109717882,-0.1531996610400338
ACH-000286,5.69299522124008,2.2501391603509937,5.513919907758753,3.164251500242958,3.3626045226016705,7.101180733408505,1.4261265451912621,2.024527706221424,1.4598986030655512,-1.507334865281284,4.611363578812352,-1.9354410709162093,2.8208768706925187,-1.834617276355905
ACH-000288,0.058518689231080806,1.4954878775660205,0.0132686565236763,0.5785963352271138,-2.0170211617139437,-1.0785337680193112,1.4610504130862543,2.3289750924065102,1.8839983845681214,-0.7309272634448577,-2.3884166233627613,-3.014963850745851,-0.8339981403858115,-0.3626645770675565
ACH-000290,-0.8859980959154841,1.1334462768470388,-1.2894079631681787,-0.8043555758308906,-2.294666483255501,-2.163645770787787,1.9273740009780775,1.2741543650615492,0.27318222347602417,2.7077377474641398,-2.185876037324726,-0.0594727433087478,-3.6156338688185414,5.252254192877236
ACH-000291,1.2789457412726501,2.733149274595805,0.24199079419016886,0.8953003169340472,1.3355005850398878,5.035314988482976,2.11988324138598,3.2512245612118713,3.219290843437009,-1.596745896520804,2.9902124043607508,-0.41421111630723545,-0.05277856204841046,-0.6933531150635184
ACH-000292,1.6702038625154734,0.12436712327713384,1.7292632701239878,-0.14756808761357645,0.47723678632589805,-0.7238038730769077,2.1896698387521454,2.4244451615816742,-0.6347724670089372,0.9580391572171982,-0.4212590778172061,-0.18725133004525388,-2.528431384979377,0.5736444804285741
ACH-000293,-0.07060009175191602,1.5118215823932526,0.11044985974571203,0.42259711237954556,2.103904238830743,1.428051058068455,4.882177738165703,2.8473866035860387,4.568713247551704,0.2035575818824917,-0.7529087868515509,-2.2125265197091872,0.20496513471500408,-1.494557550450556
ACH-000294,-0.6083450162371483,0.04408247703793222,-0.8071598957863773,-2.4267444378709992,-2.75307219861817,-4.221003023530701,3.813174249766029,3.3950813156436155,1.376830922889555,2.899638825370683,-1.993934017915497,-2.3914100927546635,-2.66439232416561,-0.2227818458746717
ACH-000295,1.2862985188933143,1.4432208455544164,1.3192384268047808,0.4697370123461216,1.1589107382219541,-1.261070628790291,4.854510003189621,4.030476571626036,2.299403195201395,2.036837639375022,0.09581101803977377,-2.624134126977716,-1.083683246372466,-1.0920225428440282
ACH-000296,4.064194742195865,0.44900984997193505,4.130234580348488,1.5301614680478284,3.3030101070071907,5.458302849655795,2.5291013940563163,1.2016199223173074,2.20610600220646,-1.5053650068469766,3.0714336306084937,-2.0821349152677646,1.7602429770946426,-1.1729443482137734
ACH-000299,2.5624110503867636,-0.9227490857297983,1.7508064912822887,0.869018354071344,3.1067048404194746,1.624172848394754,3.203182564069537,2.3785783887561287,0.8834299574748652,1.8315593902830785,-2.875882770812034,-1.068828704024264,-1.3359402875435542,-0.9727394986452802
ACH-000302,7.224388436456905,0.4718706176125951,5.103841899259243,3.653195281307914,3.32656348076438,6.610330736943368,3.0446985541939253,0.9210964903803032,1.3607003442645502,-1.9698952413941222,3.6810174312130295,0.0657671597764794,-0.22723899550607768,-0.5458899593352895
ACH-000303,0.6839969555593097,1.0100977308690071,0.8244982411472546,1.2892821231109666,-0.8779712232700144,1.3631424410070128,1.4383454781228493,2.2700568064120104,1.7047092976204103,0.3914416726804174,-0.04319631201202154,-1.2052805806701066,0.8779300621957228,-2.215553691517338
ACH-000304,-2.8955389878763373,-0.12731541662147472,-0.5497807743199274,-0.09492816610533514,0.2747828412169351,-1.1415278276528746,2.7107486273713532,0.653093009923215,1.074652035869466,-1.3473517583915715,-3.5725074136593586,1.1784268803341287,-1.3058332867453255,1.1896440699370692
ACH-000305,6.075010763139005,-0.004094832388549574,6.070901768472776,2.803924921616522,5.0247092393293515,7.331675885548786,1.972904268183672,0.7885651690121828,1.3206393752689676,-4.009143007380063,4.9963799426652,-2.735243192634504,4.284575324266612,-1.9920825457300082
ACH-000307,1.4058870242949382,0.39914549293619134,2.154835303142293,-0.65355888901397,2.324682114393819,0.9643324111795719,0.5122348064776083,0.20872114576065698,0.32628267214484563,-0.5085996103302848,1.1627288663304376,-3.2644850921927513,2.480163863219529,-1.21586239906887
ACH-000308,1.281491700052493,-0.336187725626092,0.7251933495732099,-0.49414464284717474,1.6666610084972031,0.6585422850161127,0.7486902790124529,0.8942227615457154,2.2842173782554704,-0.9012519086330099,0.10512504842196979,0.1533438619508899,2.775636354800467,-1.1188567720812033
ACH-000310,0.8731928826488978,0.21394384043129058,0.1107802706018178,-0.8693583048430442,-3.3710306547566082,-3.4667079107135432,2.3737345462336408,0.36326945195466614,0.8429292269499737,3.1627211019073993,0.4626491014290881,0.7355154465067012,-5.108004052793878,1.531767030743552
ACH-000311,1.6109379298692637,0.5773927436108361,1.684002564038914,-1.0196832183795648,0.8923399655475371,1.9669871308406455,0.9752628707871351,-0.796340891151402,-0.6158711690581898,-1.9569121174004873,2.57273338354999,0.4854494231901837,0.9183950533636722,-1.1122995435732772
ACH-000312,-0.3205515993441885,0.41263330255938385,1.3171110124856127,0.15844274766857747,-2.4357095984603867,-2.366858965752303,2.9431968637197903,1.1044361160446479,1.2675375860952525,2.724838680442734,-0.4498422944345041,-0.28520794413508727,-5.058898528954387,1.8319504378318145
ACH-000313,0.9668341167951136,1.7981373441291106,2.6372798802574993,1.9485259866101972,4.449399287630461,6.779921703917847,2.945626463861232,0.29300992100562256,-0.2864594141348557,-4.516050538620358,2.156303487714042,1.1304567524854194,2.139388236352321,-2.4353268443466547
ACH-000315,-2.332271005142041,-1.724459470358715,-2.432066796962822,-2.73451451543807,-2.2133518433577515,-4.364161385716353,4.491614392603461,1.9129080743797902,0.38069696461090485,3.8919226175158177,-3.973633390924849,-3.1464479941782244,-0.9597552341801932,0.8955706080397894
ACH-000316,0.6473540455271339,0.9397167189035167,0.46625427962620586,1.7644855339915262,-0.22945061052412286,1.5769786886234927,1.2916718013008184,1.2008915890707896,0.06544895041066412,-2.1864562707093236,1.3212583479027464,-1.37959803857018,-0.47921972677834734,0.38059647216856013
ACH-000317,2.779194661987824,1.377109222950772,2.71332545645479,3.466981006529945,4.022233293155266,5.817000423050702,2.067213207159517,0.6469775418658376,-0.019153249828162786,-3.7212362993114954,2.713059253223688,1.5788283657068702,1.9470974825341283,-1.7519078824317331
ACH-000318,6.451192881567763,3.022299625605441,5.658860923451155,2.2054196619733415,3.4367633000351665,9.428784490987832,3.8774438197739407,4.415846705122683,4.835353149670925,-2.707781092707783,3.0089140622270745,-3.6998770085087154,2.5090911947072874,-0.07948122719815309
ACH-000319,-3.887144913622412,0.8991900666376498,-2.1446164386678195,-0.532017158335301,0.17205697934025913,0.07905288550956402,1.6902823130176294,-0.14316138308712767,1.3380277972161263,-1.1682288780354317,-0.8468532987273797,-0.14106332777926733,0.29869545932128827,-0.8179248684520958
ACH-000320,-0.09098515941403507,-1.4958667378046688,-0.7951929976148104,-0.05664869951129229,-0.8515150045833817,-1.2385921610314081,2.382431325387128,0.2973869687059334,0.1356656824605648,-0.038341425218242325,-0.7932747359872313,-0.2933837412604069,0.9341779160548725,-1.257043560969457
ACH-000322,-1.000162850329168,0.3253075505172246,-0.38147614059403034,-0.23898061942271556,-0.4276375527428823,-1.2271498206625342,3.258600915458286,1.7714916379431604,2.0925442567633885,0.2959281860441779,-2.43293702524875,-1.1493488583296847,-1.0849611319842918,1.2154874822768165
ACH-000323,-0.3350890565955138,0.7709138157736618,-0.9003374399030896,0.8594549795872765,0.22054376016574861,-2.0846873810361157,3.0138193854844095,2.783693688580794,1.9328223886046352,-2.0206162767475173,-2.199425825431676,-1.4433009531545178,-1.0637503030018762,-0.7342066882357738
ACH-000324,3.153095309504336,0.620286568471241,1.7388994382204583,0.3615397639826514,1.3319289043874243,-0.8397368511791387,1.179140814380506,0.019920267415644316,-0.2725840590975911,-0.3559585955516753,-1.8436664200819841,-0.606273446970484,-0.7026620485636643,-1.360350297855379
ACH-000325,1.3992604152775654,2.0920459623918255,2.415506760007205,1.9282631955210523,3.8735251800045516,4.523103461207668,1.4755421964549729,2.6585257302296257,1.2573062208051051,0.6796961600162726,3.4315740879340195,-3.1528986128542025,1.4672864249180495,-3.058357116371407
ACH-000326,2.418290688727824,-1.2383344471264182,2.773153022518248,-0.09771648197769348,3.7713218514097253,0.9837828861096743,3.695685235094666,3.69877316221176,1.1768357116873258,1.7504597129487507,-0.572542420763828,-2.474393048893451,0.46903186020792403,-1.312702430137366
ACH-000329,-0.9303405745507127,1.4637764404096607,0.37798742631924764,0.013040746451127586,-0.48451836886920974,-2.5237689044410687,1.7304745279143645,3.3546485963713213,2.032545532415878,-0.44207065973340676,-1.7429782444141877,-1.18220111432353,-1.6934111027394514,0.33394486513209143
ACH-000330,3.811112662875008,2.2103115875497528,3.276899662186309,2.475575233345947,-0.24120990717049928,2.8355878184126855,0.31407557057454916,0.24129292952408432,1.2176149407213297,0.9239512640099404,2.6326971688175846,-1.0575281899301818,0.9572165418950062,1.3077500711756047
ACH-000331,-0.0766783548130325,0.8226011813687714,-1.161118569346568,0.044542726110813564,-1.219265385745524,-2.5771554983614715,2.2938354978029216,1.3803567592434502,0.2888089543358572,0.6990237893016232,-2.3940044969947527,-0.5030359704305646,1.4980125363432002,-1.3718087184397105
ACH-000332,-0.9929752139377798,0.009171734865050185,0.022301903364422712,3.2855642198588835,3.3156283341937343,4.176797438984578,0.21226906346235888,-0.03236786439968799,-1.433675873915113,-1.7736024126817223,1.9526581518017012,0.9053252948785017,3.188231678560087,-1.4949585353600616
ACH-000334,0.6485081995847509,-1.1041618951386298,-1.3023218690073968,-2.8192904649634545,-5.762788590695,-6.1253019030230895,1.415090043901099,1.0674337108661938,-0.20293937109674576,3.680491191437646,-3.801874203848318,-0.5610633438765118,-4.074981937768986,-0.42915237925667016
ACH-000335,-0.4037875762897516,-0.7603726140141538,-0.7054029071086785,-1.639779048228407,-1.976285444533571,-5.487097943801944,1.0547523226231057,-0.1397079684183373,1.7466391175571212,1.0861499668831924,-3.2739034679383616,-0.44144892666774316,-1.3206488396694112,0.4272770310194617
ACH-000336,0.5797012275896037,0.14258155227044694,1.2279034262096524,1.5230283550108532,2.0656461354489273,2.5210653870882123,3.8312025575722894,4.091694102504456,2.35806320449159,0.05994410634985413,-0.41355883683373473,0.35194083040854574,-0.9255392864464703,-0.8476157314898563
ACH-000337,0.733872004716377,-0.5587665568719397,-0.30084666454093417,-0.248746556375819,0.22178762307540262,0.021298568077122368,-2.3671489208060126,-1.614810966578407,-1.469750547309525,0.2904955087755862,1.2613695218546581,-2.4546409331749297,0.9127386467845339,-0.46437720828871787
ACH-000338,0.0639388988249927,-1.361647857759761,2.401008498944056,-1.438345079557929,1.0302985549105812,-2.7426008905911354,1.4812032209033057,0.5859183333997154,-0.03836374032730683,0.1936650639359113,-1.3182553505639738,0.052099454639412776,-0.9536859461991287,-0.8925500127059051
ACH-000339,0.9361737822416609,0.1957664950797974,0.1096456284158128,0.07311819421850121,-0.3425214948855274,-1.7955612892759805,1.0885506681807293,0.4682540865674174,0.5143079572453094,-1.566042267827518,-1.4917506031757353,-2.1559626982320905,0.6316203372965546,-0.15561459179667686
ACH-000341,-0.1372527466927188,-0.20945574281770218,0.010643672530017315,-0.3149459592204443,-0.8414706550700227,-1.446359000388055,4.347009243488951,1.6561326385612536,0.7281376656081467,2.4968653871586497,0.058220519027707,-0.9644613097950114,-3.666751654207394,1.6315692395383516
ACH-000343,0.7434401324402993,-0.6619484099025342,-0.9621029367135195,0.47410045724104083,-1.7808126224583738,-0.8333021782519009,3.8791945014188025,2.454148986683832,0.9951173650356316,2.1806603401831586,-1.6543669598192354,-2.2934447408792327,-0.44816769476331214,-0.6855821213691826
ACH-000344,1.192786612010968,2.1143053629548882,1.8481672456052287,1.2669249853401474,1.9636642658935695,2.9796636584909,3.720869230135997,4.320933875643658,1.7435262523800334,-1.0063693512068472,1.6804966614086743,-1.0837889812545327,0.5866169738086777,-0.3387373046006364
ACH-000345,1.707469978022041,0.9178917992823371,1.5206122460018185,1.208375819385044,-1.7043459970567787,-1.0769735107026062,5.468106917404927,3.3504050893188357,2.3763026597463943,2.0081492411866275,0.5103042822819472,-0.9005789072000909,-5.548336994167921,2.6736583156240066
ACH-000346,1.7022609077391808,-1.0632113134820715,1.2898745304115957,-1.8750870568528637,1.2891909494893048,1.1169311189427393,3.9123445868831817,2.4925342869056,0.30570740810299013,3.7197511296998758,0.4658618431138839,-0.8013319641085173,-0.6106728171592434,-0.09362693620215712
ACH-000348,-1.1227107164398256,0.7779489084010107,0.06067415882517664,0.33855984216423324,0.1851213922583893,-0.029992904489645172,2.1768163031266945,0.5954743604830778,1.4641831461913435,-0.7740283025175353,-2.2145642899616877,0.3053763535628218,0.19040882724559322,-0.5041992756071924
ACH-000350,3.4058928030558557,2.466042695487322,2.313644583253597,5.424856040759109,2.0756339942754374,7.386480381847062,3.921864698059143,3.859268267270129,0.31142265139057373,-0.22955674203071266,2.219837547392509,-0.7461236286012437,2.4555690153385874,-2.1166662201802615
ACH-000352,0.8867306347116362,0.8720643791955515,-0.3408786553837446,1.30884204369629,0.7842322093161274,3.1827059144870073,1.7890173543619579,2.1882521826660954,0.69019023930811,-0.9485292976919995,-0.5184741359662809,-1.3621266568148303,-1.006946606758851,0.6830474410633
ACH-000354,2.0379661204569395,1.9328707156683231,2.892886268790491,3.6277250079071015,2.9550117255797312,6.9820059433140385,1.7100104120959607,2.200687291955082,1.5622955331886805,-2.989846019858086,4.26563769921629,-2.1699848940172446,4.385205315631356,-2.396034916729829
ACH-000355,-0.8819294906596381,-0.5420884825065007,-1.3097663355630387,-4.157567496168412,-4.603839150655729,-6.758735031166419,1.2296441350754492,1.1963222865766017,1.3332494650823954,4.038671778170372,-2.368347091587432,-2.317206585269883,-4.962394808813288,3.322610041619871
ACH-000356,-0.6914937988318515,0.5717926485975303,0.06542801819444752,-0.6429717533860668,0.016296222815461114,0.8199728057016025,3.158517803908071,2.8151440876197924,0.41987419800895387,1.6642218636879667,0.6692316473570292,-1.7048020499253305,0.642956667864596,-1.6622375327175332
ACH-000359,2.4201942359216186,0.4080588937752196,0.8198545845079706,-0.4033852416403353,0.06257861458702474,-0.5604627200912254,2.1404860104547137,1.4258096361760766,1.543201572753923,-0.2588710047889772,-1.6166073827279952,-0.46442213004013666,-1.0958706972123586,0.07069719547772924
ACH-000361,1.756853238134179,0.46291416664086166,1.6606487997678225,0.27951851600591754,1.4258205128699153,0.4924706401312137,1.1606433561821619,1.3046386654480955,0.36581671932891535,-0.9331046344543023,-0.9325495341960471,1.570095785159412,-1.0657000708037463,0.42856383429191097
ACH-000362,-1.3074946704073827,0.4335477780013837,-0.0798888514730225,-1.038479427460795,-0.7717335519204336,-2.0214084839201565,2.1023576847167385,2.652589802544947,2.423241637472529,1.9133101476119099,-2.2116525877844606,-0.9422040454021636,-2.307252561753028,-0.08693161257591864
ACH-000363,0.9080480127558401,0.47592662665177715,-0.9292195051530054,-0.8923391076216873,-0.18332795698361012,0.4817845560004407,3.4426063892963765,3.9524582792335363,1.5986287117700515,2.6832558654710343,0.7595030699604443,-1.5831348245898926,-2.6906870189522007,-1.065390667284086
ACH-000364,0.5644705959060632,1.1369639009515928,0.7639971000677237,0.8019664245304813,2.0646868354788515,0.14760872049910342,2.490007455642171,1.8189384042984325,0.5672454555226574,-0.12775888420461728,0.342596458874769,-2.091163110557974,-0.590559080374198,-0.5303031225249052
ACH-000365,-0.03340300043972305,-0.10604533461366049,0.24164978203972473,-2.521592320887409,-1.4985940903085013,-2.665921856523461,3.6986925423941623,4.287818524085351,2.1478162068922284,4.585330748828018,-0.6437962805206233,-0.6039906838108815,-3.4363617927024124,1.3598805327475683
ACH-000366,-3.3447867510059,0.376972110515593,-2.552664698929378,-0.5077950673170482,-3.555284484118365,-4.214800582434063,1.9085076528934548,1.2024733199468187,2.3174301103498918,4.24496456204721,-1.2483986389245991,-1.1759324864998761,-4.4584024831939955,3.988297074211255
ACH-000367,-2.8201713489261873,-2.143537720909059,-2.5373240372616968,-0.6509630998116918,0.1412307956518035,-2.1070973650871645,0.4219881487031091,-0.06203605486553267,-0.13127637458995864,-0.4840443964370062,-2.203651777726585,-0.8087514002167203,0.8320187040514843,-1.0395988847554012
ACH-000368,-1.3077744248647896,0.5591382216886972,-0.2671021841527005,0.9919650748743383,0.4824997182500835,-0.5358122655783196,2.3197280163636393,2.6068630156575194,1.8986492707422826,-1.5364148282556511,-2.8482455296979454,-1.1577366630851884,-0.9025795866439735,-0.6069761955471809
ACH-000370,1.3575719456635493,1.748705396971682,0.9863776125814544,0.40550219302859336,-0.8604510693673595,1.6034858396531655,2.579290108356114,2.4922364079028108,0.6379718254406499,-0.6400294917821332,-0.008884715667379271,0.42931708344463226,-0.17863874412557396,0.4198323514436608
ACH-000371,-1.709392751038318,-0.9489131989150228,-1.8823323828303098,-5.183495299607462,-4.024647334239342,-6.896513757602342,1.0784127778866324,1.5046722011804838,-0.4408336020667633,6.282038783672373,-3.956220387445649,-2.5092533352007393,-2.9239358862165146,1.7428783424115815
ACH-000373,1.2836329997305527,0.2209414445468668,1.010697373076498,0.6173265111278187,1.5527945843074558,0.9653006694188233,5.282864090831603,3.86654709047508,0.861081203869469,1.6327321665780028,-0.020635298334333335,-1.1357576336099824,-0.10920052842466604,-0.6596262394728903
ACH-000374,4.437126814974762,1.3251884390285948,4.06502297875699,2.263951609854389,4.20085819778186,4.709424144388032,2.8021431266551002,3.814586611295936,0.8843612874731311,-2.5691970067371055,2.448766260552908,-3.8128986941772443,2.937449407323837,-1.9917057313599897
ACH-000375,2.488960993219113,-0.4360097870756207,1.0717353422157352,0.8890946548428339,-1.5240145935910883,-2.52274353013343,3.534147173252181,1.2816848796280818,1.8106793224661761,2.0582657477037642,-1.882044842994181,-2.4533481465933855,-0.9528496814385468,0.7677375339929535
ACH-000376,-1.9764243139217357,-0.12592576233513525,-1.2203542019114255,-1.035039661082462,-1.4036648799565214,-3.2075832962187425,1.9131589505524225,2.4653532855465543,1.7267989572966482,-0.05649722761766417,-2.4502301565646225,-0.2782496183258636,-1.3188283091004493,0.755047107805118
ACH-000377,1.8691250024005632,2.3843831489245826,2.078552541802803,0.1540010668993012,0.9819630305981222,2.0700748813016743,2.616195972495315,2.2205331080155064,0.8757947035268306,-0.714195994505419,2.6119008525117207,-3.452337089317041,1.6306232299626109,-2.0903812916780318
ACH-000378,1.7749386697986267,0.7465663044720697,1.551667375087051,-0.13286749514137372,1.492820268151045,0.3352236850025777,1.020900791965873,0.4945332590435293,1.3781637518761791,-1.3750796430813723,0.8362162092410979,-1.3160640121322646,1.932117535467311,-0.8093712786471537
ACH-000381,3.7937103385470947,1.8310301276992125,5.142628191189445,1.097509494200585,2.197294013696558,5.64452459142626,2.7371561768090107,3.695484909167471,2.1426782737618506,-1.2404063797841816,4.048274970805931,-3.288910083886877,2.0092384730960267,-4.050665191553723
ACH-000383,1.5983976492700573,1.6685244809522983,3.1805570817235833,1.9615358256986295,2.1014822799796073,3.684279676812767,1.5565145177413633,1.2603903904050524,0.2495684634448864,-2.3721292783822396,1.7751063154736442,-1.0660301552202947,3.9299589482187907,-2.606695950823209
ACH-000385,0.8008916973430479,0.8761703153334051,0.03372123718955446,0.4974730562056316,0.9168127831021485,3.9398648540167964,1.6018663005968055,2.025993316041814,-0.12382649306399474,-1.9752272145120584,0.7592844139732944,0.11072498683755602,1.1713140625901566,-2.2906354484356726
ACH-000387,0.3831679845896703,-0.02452525629551916,-0.010649482581704898,-1.7129338666767844,-0.5347752638688846,-1.9645951731688232,4.059310519055577,2.5087558906116514,1.631189997142367,1.6049182585235415,-1.3811953057015076,-3.7840132392989094,-2.2315152220452297,-0.7476363903022227
ACH-000389,-0.6619209694308054,0.5154622462219305,0.5171507394935171,1.0504423486775387,1.1176308656621465,0.7182551449982849,3.526828646237678,3.0575900227535415,2.2402544670762046,-1.1632989950486283,-1.2643476777772669,0.07127836071993787,-0.9232908914896707,-2.130920357197569
ACH-000390,2.077267659165911,2.2464554924918443,2.66231559864495,0.3014399109580229,1.1628141682084983,7.070417591897381,2.251096560954362,2.8768438647293095,0.8070327737061266,-2.324374327968328,3.193716345910539,-1.5535367790323305,1.8246814820919943,-1.1358079116785926
ACH-000391,-0.9055830964290656,0.07704479440095624,0.3699273525913922,0.3396500966144262,0.7246477406935727,-0.40680067059270925,2.745748922535314,2.4334654173804977,2.8240694115166236,0.19780014748724087,-1.5768208112349829,-0.165035407783657,-1.676413810917238,0.8718114294466444
ACH-000393,-0.43674206641200597,-0.3213384493440109,-0.6189741059722462,-0.1133169332349276,-0.4175683582837806,-4.975912635323706,1.7177003809279034,0.2367267877439327,0.34555777662804954,-0.5443414628104947,-4.046447244834575,-0.062061129343398136,-1.1573807640381881,0.236909674558967
ACH-000395,-1.368790705221949,0.2729350150809835,-0.34258563975823036,-0.7556787370710508,-1.1830461513150952,-2.4319944805566993,1.084716308716619,1.5282045304409486,2.3738184827726183,1.6390266693751445,-0.26235269710854847,-1.4482984579694178,-0.18979145646636358,0.9488474738494135
ACH-000396,-0.9440156419284487,1.756845436162417,-0.8908018350937833,0.6049903912581415,0.844452335536634,-0.8473288538260549,3.6618705708781825,2.524082604468806,2.3439094415043713,0.07892070864901228,-0.8884338652212764,-2.822450205407207,1.2555088961919525,-0.8737487929663589
ACH-000397,1.7807991234763445,-0.25692976301329945,2.3234992843970153,1.4526948242127269,1.4793568584376653,0.7020541221084445,1.264217071722382,0.46538901795647303,0.3409772383612919,-1.1864831956443154,-0.4315519200024076,-0.17576897134771902,-0.5572046125155692,-1.5635986537735589
ACH-000398,0.4217206874214062,2.9032010677170836,-0.4653394051537234,-0.0985513554219846,0.9621680194312621,0.2551394376997445,5.569473131506103,6.159958254819773,4.30063893055932,3.570968510355165,0.037206865831043004,-2.105821409805104,-1.998622137420559,0.36261427594473855
ACH-000401,1.3204186632975925,0.485281096610918,0.488035318509465,-0.36642073775778083,0.34033116639677274,-1.067532687888821,1.8609418778721776,2.2586343245892495,0.577841046992023,-0.23173399090276006,-1.9204189550108204,-1.0452219660724777,-0.47809685645429123,2.1766093166136153
ACH-000402,1.0258263380074066,0.038299760888347134,1.014748509533029,-2.390778169243948,-1.98581752624342,-3.9658540553713446,3.8611851502119583,4.332720024264852,1.8782218979884775,4.939059941825302,-0.28053846907065333,-4.009936767804447,-1.9661997891469962,1.1763802645595913
ACH-000403,1.2902701722588121,0.6199661452775307,3.3246059948464315,1.5688373311535315,1.6948705196505596,2.82929375560959,0.33114102468916434,0.08148078016518034,0.6624081617506048,-0.7687142678675937,1.8852074851153902,-1.7408283921746013,3.5459037724093654,-2.231610076758737
ACH-000404,0.618266686241185,0.2566524129794919,0.13816325246443598,-2.6105660931901173,-0.678541872341683,-0.6344706233722148,3.4631761827691223,2.2786847729131234,2.395899016577715,0.0586621838024658,-2.742340899285054,-1.140712312713452,-1.5229186684120035,1.427488772278074
ACH-000405,0.5226303940994689,-1.1208333211407742,-0.4347768318289946,-1.1182727498468505,-1.6759582636552395,-2.3863072071068294,3.0576821111548607,1.9563101529930158,-0.5801111296117757,4.25146881448061,-1.4123677774476031,-1.4559805708041194,-1.7620584581129728,-0.1316503293304303
ACH-000406,-0.5553759495654265,-1.8642431991445256,0.4752884912783263,-2.80516314803763,-0.99327625166806,-4.274181603603359,3.750459755837867,2.508493934344012,0.6754820885139659,0.8387036047802063,-4.108800577584757,-1.8182898336040616,-1.9021949188463987,-1.855043644212241
ACH-000407,4.005502539477493,0.8316183247326464,2.438385921211421,1.8101102513592473,0.2864447329024413,1.3011457080073414,3.3537282035135294,2.41712698066318,0.4667227091792303,-0.6067727191346048,-0.0151223901445951,-0.45426161305753926,-0.789623431154002,-0.7997818513552932
ACH-000408,5.062928136623164,1.247146200771348,4.516302960576947,1.4644655052488416,4.612352688404913,8.961247548362307,-0.014716753635119477,0.2544711730578563,-0.4496496849250817,-4.035790933375145,4.962947677978779,-0.132388117134115,4.656967818558663,-1.1797547207215624
ACH-000410,-0.010128417727620631,0.9747045897794352,-1.1862904707934654,0.7306118134286879,-1.860516876459872,-2.2474376490265873,3.712233511689929,4.735410033395993,2.7045391031190014,-0.14675454250999825,-3.443790866321984,-2.980420291522326,-1.1335084519598553,0.3470220541742823
ACH-000411,0.11909394371839394,1.1559434304486753,-0.5119111690896985,-0.20567196331237914,0.9471051420205213,-0.6803492883371364,0.31712248266891824,-0.035762984914193593,0.8711237734526647,-1.973007574129546,-0.5285295890321795,-0.6714503157739835,-0.6105797721834175,0.6294854222277705
ACH-000414,-1.491691163172809,0.8299824707263168,-2.471579472142689,-0.19143331860280347,-0.7063545586864776,1.3204643522186468,-0.34833182672483537,0.27929962605259673,0.6179948392633416,-0.09972373696503216,2.0637285142741333,-0.9924000376426432,0.03395394365673243,-2.2490620909917705
ACH-000415,11.454105879973186,3.422323048731897,12.491283244793493,3.6281389765535934,6.372058893920537,13.293472784225116,1.1264753487132124,2.487916100277885,2.7607943988866337,-5.619688345578061,7.745273644381318,-2.1896094571573386,5.1117772063716505,-2.34260325618177
ACH-000416,-2.263666412122696,0.3526164208971049,-3.3182266128042244,-1.1668453545394244,-2.1702837897209544,-3.3583655051350947,-3.3798257351637337,-2.969385979982959,-0.9940067487014502,-0.9899586099147116,-2.2398252471857143,-0.29640098549756644,0.4939805989843092,0.10341050976695666
ACH-000417,3.0662472786618515,-0.06598701590600684,1.7941369458781367,1.5637044230164516,2.37854965714829,0.7458861539090245,1.3065548221537595,0.6950752254515882,0.6419121329800868,-1.4313844869868226,1.7810857391410515,-4.30036636089234,3.707690854683554,-2.7817795298824692
ACH-000420,2.864033055258733,2.6811084977790616,2.2339892010028093,3.081411726810376,1.8269610202432027,5.036827754572304,3.9616183947320627,2.5345457296815446,1.3765025324357505,-2.2064278627565543,2.6293872148971857,-0.5150510344388219,0.3725064728636383,-0.5157420776484996
ACH-000421,1.3565445003484395,-0.4661971530333332,2.3970958951113146,2.3679425270078305,1.3504296311406763,2.64296054920669,1.42231702669071,0.9907733528142759,0.45441450246891874,-1.3649535024866817,1.6130927215839985,-2.925438937772305,3.2580829066838106,-3.106406519236784
ACH-000422,1.795394326672231,1.3967735813916926,1.4218136549183698,0.7414593213555946,2.0664529530539197,2.950880769843142,2.8445555889434964,2.4322853507557256,0.0010874966964212751,-2.3617022339725775,0.18698715747381492,-1.4988249993200213,0.5755711193860975,-1.3177946713684205
ACH-000424,-1.4465673406816935,-0.2451583049026819,-2.1994874096447834,-2.50701331799717,-2.0253041073443327,-4.6827368900011725,2.7183072765885616,3.001031326045866,2.494370762826646,2.3332722056540707,-3.742600056152362,-2.434588843207568,-4.028027184735011,1.311546907959996
ACH-000425,-1.2087481328081566,1.3514861642764613,-0.37532356594002325,-0.7538648258035482,-0.19722423004879389,-0.20886065923455674,2.9592696925699404,2.56764423782855,3.712617474603647,-0.6776350387317253,-3.017017058727433,-0.8723153582092276,-1.8914725933180094,1.0103275132749456
ACH-000427,1.6283950309811335,1.0055528051282936,2.957034312946843,0.9195113445553494,1.6507362773368401,2.691300793734076,0.6311157289057991,0.043101873639938455,0.5162221096699449,-0.08157402886965187,3.302395850156897,-1.9096750132955047,2.2614701641535877,-1.753727655693436
ACH-000430,0.6206208358148682,0.21889246136785717,-0.19277240716870617,-0.7750928222348972,-1.8568122271292293,-3.042544126032614,2.119052256856722,2.057437946877681,0.9229576455952815,0.6062696663120039,-3.112400643643766,-1.9218554396248404,-0.0014157202142576764,-0.2395184716286407
ACH-000431,-1.7616310855066706,0.04523249114923,-0.5930295920507809,-0.46597804082667915,-2.1872282589415186,-3.571958730692669,2.8735425082652775,2.2804873960753445,1.134582391481688,3.294140234449734,-2.2535828566447282,-2.2202216781974915,-3.9703541858910936,1.8653512081985497
ACH-000433,-3.177995518270307,-0.2387245000481586,-2.3684115192192654,0.4128949101706618,0.8523768913590173,1.8335423000826951,-0.6880992093184906,-1.6220057108247319,-0.5306758955306488,-2.180958878113826,-0.5614255758477853,2.768982562488509,0.22995571630571596,-0.2911384510250632
ACH-000434,-5.445026199138784,-1.1022018273084142,-4.836710838263452,-0.2713659446384472,0.39023189981635176,-2.3014655965448787,-1.051392504985471,0.3704500701606226,3.0036288300601024,-1.0247262113208329,-0.09129178077207817,-0.5292701196078012,0.381838193548132,0.38726171788797803
ACH-000435,8.49240759707553,0.6162159032956431,5.236138618016804,1.9404236486801014,2.185554309197763,4.981821728477087,0.8718187360049376,-0.17609246469012538,0.634564845918087,-2.755575739432087,3.0391153236495656,0.19391740861913193,2.4797721525521923,-0.6559282829028787
ACH-000436,0.93312093982861,-2.3517295336615227,-1.1500499708507572,-0.016511459422475186,0.729807718244182,0.33514263991407905,3.3698869682608654,2.4397870552008913,-1.2755982926053129,1.475411738426428,1.9824179576684668,0.41216602638276634,-1.557029343329263,0.07615769978377729
ACH-000437,-2.1799151437241107,0.5548473818039762,-0.6196254283492162,0.7403043120681236,-1.773342923868467,-1.9510824562312234,2.1382940866398585,1.9014123457378025,1.6695124386508775,-0.8638830255671792,-2.092643039444968,-0.9234588577306517,-0.2118332951377575,-0.4163445383045428
ACH-000438,-1.456940575715976,1.5351265934438219,-0.19165738185669434,-0.21643972650176618,-0.7859472567802688,-0.35039027505413606,2.4689663090260723,1.8465737513080127,1.4878323588400457,0.29061233697794536,1.0809320023894486,-2.745243379515988,-0.3408407436456623,-0.5399003648303782
ACH-000441,0.3978777123431472,0.9517345243557237,0.3978447108750853,-0.1761614706647257,-0.8905415969458146,-1.8843418065929483,3.3910543174959553,1.4763794558129462,0.3335270852453438,0.39986721860100166,-2.0883031224827047,0.7087688747878044,-1.1353496617643968,0.2295873724512018
ACH-000442,0.1911913143413236,0.7175117577748811,1.1585029487848153,-0.38748451856906374,1.6385822842936628,1.561526782779279,0.8276970039381799,1.3478153893296005,1.0181837447040947,-2.1447362910472245,-0.7606807470196776,-0.6045905524988634,0.7746848319831818,-0.32646966570086333
ACH-000444,0.9174430604752485,0.698740905584025,0.1628314360463445,-0.2908408993735408,-0.0813614932090138,-1.2737993167521389,2.185244496087183,0.8659720699897473,1.7751248423579857,0.6623424823107131,-1.3073156934355057,-2.1999300432566784,-2.100349557787662,-0.5852859492605053
ACH-000445,0.04442836378495271,0.48146001817584405,0.5369529871115767,1.5439205085559817,0.3738461366646484,0.1072872225243254,-0.07232252039544064,0.79661680468526,-1.397123185613689,-2.1751878825181876,-1.2914478336779198,0.051664891475003305,-0.9433844117947552,-0.6064236723339684
ACH-000446,1.0355904034597723,1.3544872179897993,1.2038238585265537,0.6864332006264913,0.22882549793367118,1.2159986471198225,3.1965599434225505,0.5977539940274185,-0.02655644629799754,0.09748093515477846,0.30170201778179684,1.595218484802455,-1.8640689930714562,0.48777695695018436
ACH-000448,3.4218371700139514,0.271036726586041,2.9071642988982633,1.4349292250559535,1.8003918256876736,4.170291618087233,1.7257401244118784,-0.12872778079672487,-0.9520644016274658,-3.075823673954524,3.206374894746337,-0.04518172171511166,2.2181423275339864,-0.622774362767593
ACH-000450,0.43571897875507976,1.0043892891984016,0.2639719947199325,-1.9327246955838846,-0.782916107158659,-2.1532345707334,4.459036563713489,2.268902072112974,1.9953733939106781,0.2395547548197568,-2.422130418499848,-1.4792446176720868,-1.5541637896946017,0.44556056581239123
ACH-000452,0.6594542678260598,1.8711275418691966,4.499484362757937,2.8314888503210556,2.5231833512493225,5.643135029173145,2.3687388693868137,2.8848584402809148,1.7593027093185378,-1.4331457678301296,0.9713590293759773,-1.7190062002612545,1.3146067942959694,-0.18610266926427776
ACH-000454,-0.12336199751872584,0.18386090278549333,0.2753824152958716,0.3293998405229251,0.7510599884849104,1.5177824888297198,0.05474535380035006,0.5915349933513763,0.7989261429434855,-0.4863774530540623,1.4446290179892487,-0.6815609325859399,-0.4610771253099649,0.2217324171022888
ACH-000455,5.761929806199756,1.3040032460706443,5.791457001786607,2.5191066789190444,1.784666297760748,6.110883358426088,4.424539321958231,3.0595555274403754,0.044645992243050714,-2.079255522802086,1.4457768571195053,-1.580035555026623,-0.20865982111566883,-1.9930167256389308
ACH-000456,0.24434887206987405,0.02713735996564448,1.8564811995736419,2.723985050259404,4.408631747253228,5.528765116914782,4.745644484306271,1.3441040094380168,0.8593009568566693,-2.806236405135212,1.044956717986378,0.05730479822608214,0.8939689596312065,-1.4808831035360754
ACH-000458,1.978774810864772,2.003995704868529,3.6641447182838554,1.0084647574906795,2.54464209246829,2.274648934048401,-0.31690272377228634,-0.351575937026516,0.06642560657480762,-2.767268627765013,1.6086615425731998,-2.4697236580975983,3.379733400156306,-2.894687165376081
ACH-000459,-0.8047999594741411,1.5191875889118331,-1.068073415931246,1.2505449104413466,1.012850683231507,1.1988707705105106,0.6543573061166817,1.4828669068658944,0.5274750237608299,-3.7451364344604814,0.03448275658288166,0.6435168229877424,1.1888627284100473,-2.755543833039865
ACH-000460,3.9769956755744564,0.9778642164312631,3.720359588987197,1.1950654743571385,2.6078237319231112,3.538726950914291,2.2608944939074744,-0.2435417105852858,-0.5577660666134884,-1.8162190054729859,1.94718273108742,-1.3515785145422037,1.8339281968522196,-1.6184479452705207
ACH-000461,2.5392175087591786,1.6286818379181227,2.683536773423245,2.2156936333535135,2.007093888762192,3.7146609911038313,1.8538785793485437,2.5123564135425327,2.078262317009893,0.49673953687269257,1.8476060560559404,-3.94437090483278,2.6616448786516735,-1.394983027437542
ACH-000463,0.5741217374926463,-0.41097621580712224,-0.20965560644607545,-2.9211219155940986,-1.7723730423365172,-2.7820045709777177,3.2666718696961072,1.132056172618722,0.7867640412743502,-0.32242374846607263,-0.8416622886267109,-1.0829195125208013,-1.4932128619265945,-0.4558639758902309
ACH-000464,5.041701650683746,1.4279781234135152,4.357013964053174,1.5523804446125875,0.3936514544344134,2.696924762708963,2.1366229828696937,2.1171136535614017,0.4223378029768686,-1.381223623264072,0.5154219990696131,0.3605365286765475,0.22422580068274617,0.8147915042812193
ACH-000466,0.5279875988035584,0.08913360200345782,2.1235107873612495,3.335321229901166,2.858820631534133,3.703302864118015,2.345877061694408,1.402155173856256,1.8480831712479748,-0.8593534336080226,1.4335614710158278,-2.0308520168095914,3.257054476258193,-1.8828926814359048
ACH-000467,3.6256455608820475,0.3335502342625075,3.889323181929852,1.1762732886592056,1.3646482126014134,5.518446022431981,3.8981758160226763,1.3435210573522105,1.6263840140652166,-0.3187017997285394,3.695488568019429,-2.083937797553645,2.7369047958949695,-2.780902429379565
ACH-000468,0.786957226506944,1.0347264717363698,1.8471760337662768,2.6399244439004885,1.9058127143510535,2.1588837445250664,1.2546163985564844,2.708808788968772,0.7358680051405501,-2.231939941306051,-0.6530997405676949,-2.0653355815901953,2.530140135216979,-1.5170004592323947
ACH-000469,-1.9127958301015138,1.168449381187522,-0.5694208876716288,1.2881884975231426,-0.21941136532692185,0.788860930018085,3.4313341649234976,1.902906692048976,1.7705916774970838,-0.3412802248643789,-2.4398803691671205,-0.029173276377027324,0.35577206641312614,0.5959197404027595
ACH-000470,2.371873608360168,1.5349880370125666,2.0729053428294337,0.5315608436169361,0.7693432166643629,3.696327535068326,1.1559889370241765,1.7832293967698585,2.521982111618134,0.6364321062352496,4.072348878704654,-2.757679589359376,2.3193298446719486,-1.5816136791130009
ACH-000471,0.9124236051265573,2.267908277019327,0.8596909943434704,1.9616496061110322,0.986550035352385,1.9505882468284113,1.5956820635684554,1.7401876720910359,1.383450693187408,-0.6832266701169313,2.97562963809922,-0.2378586667810954,-0.13422381054086374,-0.15387379374649782
ACH-000472,8.738649245979952,1.8582886220166581,7.821332616926517,2.41882661173959,5.546918958585909,7.766048582050801,1.5920008048043073,2.4877829423150972,0.7813550351950291,-2.4094623523396206,4.87065634713376,-1.1446906479592145,2.350615843236607,-1.4157438773921351
ACH-000473,0.659376103115331,0.8590513293611807,0.873030630808682,0.5554766950492643,3.413762601559292,2.4442199328243195,1.7893377762605054,2.8553571208456536,0.5205154202309065,-1.068830498272948,0.38023945323450625,-2.5015146512973305,1.1346140986257538,-0.4862555625876763
ACH-000475,4.129660058821614,2.394967605983337,3.5034043210298345,0.5908256354297553,2.019598262351966,6.467056030175892,2.9129681252168127,2.9272241408969193,2.828094399170012,-2.2496016951347095,4.190741098232097,-2.8143038755031813,2.4433355114208375,-2.593443950391512
ACH-000476,3.210274658874596,1.6742368131010186,2.8986922406553406,3.1780905470613274,4.720180087613927,5.413370967312665,3.851370851562131,2.2588624206189647,0.7490869730310797,-1.3671363642291499,3.768472080831834,-1.0613428797323308,-0.3182331230476123,0.0006005238337985289
ACH-000477,2.099317280905367,0.746177587606772,2.08240898068232,1.3511303206882495,0.20680343782009722,0.11855699471512962,3.0084290330798953,0.7058404209949282,1.024016785592357,-0.7396908362270087,-0.9869605267088698,0.8048908189321633,-0.17496107111563752,0.3913445324568132
ACH-000478,-0.0009536530718534247,0.6488757407491914,0.7263925694587235,2.3604568696757267,0.7745425354310008,1.4452858324985685,2.4944407359736736,2.349736645275738,0.5433657380619521,-2.117799357774419,-0.15709795357052783,-0.8619996309969365,0.9634585060588635,-0.9076644524863136
ACH-000479,-1.1969156732912023,-0.5563377809789909,-0.9283516749750524,0.005613961935057463,-2.037407576331386,-2.0565525031835294,0.9851061831177473,-0.5736521197063049,0.2083576664665654,-0.26576034244008284,-1.487537573662271,1.9535995209784172,-0.5937310998528673,0.39468573447129385
ACH-000480,1.120832922799038,1.272388145187133,1.3033303047076217,-0.029732236843386398,2.6879717453285594,3.875070256883595,2.934342453389756,3.249760861865926,2.8529519648857025,-0.5236009968722714,3.3815216793829275,-2.6362383351560292,-0.005305744584578265,-0.5592860722757865
ACH-000481,1.8709045187056148,1.462727298023258,0.8988756975507097,-1.2384025995202042,-1.1075937732295562,-1.4450007827089655,2.329136129331645,0.9498072430586855,1.430676801043268,0.49743785622482356,-0.20033044279939863,-1.4461949260741882,0.24817744756958837,0.4007160899996943
ACH-000483,-1.5848519558751912,-0.47172229566603047,-1.121830242137113,-0.4602641417552671,-1.0034505946211962,-1.993631714332614,2.1188124415139833,0.5497239279938174,0.7967773544640533,0.0343027441603541,-0.20447368604506594,0.2417512655387133,0.6459687831786989,0.6963290943898196
ACH-000484,1.3107830397545088,0.6120234695059728,1.8059418138724825,3.15113852059009,4.322921110205753,3.938382586894975,1.1652003961858897,1.6007162189973156,1.3033158000447953,-3.2881132973775955,0.2712468346156661,0.23169895722452816,1.23554569613404,-1.3389864534596108
ACH-000485,1.7114728994584503,-0.2211358051011765,2.697375978347529,2.216791355165816,2.375195685170497,6.029750016237082,1.2663380622247675,-0.05050592599404803,-1.1649651968514634,-0.2757888303696324,5.32477918693116,-1.482432679320481,2.6378682848903847,-2.992637978209523
ACH-000486,5.161200800219558,1.424263556519315,4.489822830085372,1.6960761619064424,2.292949274414394,6.064970793211383,3.2035290138875303,3.51302856378071,2.348717323686955,-1.9652633605446896,2.371288894658902,-2.7405150964950353,2.4092637472479965,-0.38155429671347674
ACH-000487,-0.8873930428874574,-1.3671797966907528,-0.9746137060276808,-1.26907840168896,1.7244677875871108,-2.5194944548007094,1.0291188992901972,1.2465436071968705,-0.19406945839524753,3.0292349260464264,-0.6445850181189179,0.5535789811546468,-1.525573797378116,-1.227336983067954
ACH-000488,4.429579439529105,1.8991102098464256,4.463049386310867,0.40011471712434327,4.025671083728232,4.872072727455727,1.536838319653779,1.7645687279920899,0.7343303279175898,-2.535474111896188,2.88267620966819,-3.0668901432556086,2.778979369285559,-2.716439958940499
ACH-000489,9.145080852551851,1.5735200922228803,8.701078667768298,3.5955212405693087,4.567628387624894,9.115140768223773,3.394384897193879,2.1516673911300757,1.9843512144282298,-2.217876861375368,6.164503656315852,-2.917677999977727,4.067440503815994,-1.9927481152327617
ACH-000490,0.43438256283476867,1.1238679301248116,1.5930883631150796,-0.6361469683682444,2.208447688379346,4.1338975159147475,0.30839173924600394,0.9934438452060559,1.5779470586489162,-1.718727452205737,2.2391229848754626,-2.816898438875252,1.4519937821617912,-1.026486822117164
ACH-000491,0.9485444897957975,-0.8041176966077757,0.48271157717347735,-0.9856086649112223,-2.42466537527647,-2.315652025426826,2.273961281259326,1.1805669104567058,1.219021335005695,1.509750743914352,0.08099675686167829,-1.3378675149882322,-3.5321912647939158,1.415608041042522
ACH-000493,-0.2835988245895487,1.2669295362932946,-0.1485553097658106,1.8423851834286191,0.5196205153716196,0.015269984043448514,2.28878402889692,1.6437697086948118,0.7864982353072207,-1.3553216896721267,-1.702027719066217,0.5614552341488694,-0.2796496889443003,-0.10592381222828287
ACH-000495,1.1983684748848662,-0.2908181175027309,0.2995666826570677,1.3969759603696663,2.916213240506686,2.7073024242342636,0.2829822526493646,-0.765748973728348,-0.5935306665827295,-2.3340387721007914,0.6071117944634165,1.9813040285790342,0.7698307694552473,0.36513549883919094
ACH-000496,1.0559852924083368,0.5321767987607522,-1.0353171484818215,-0.9032282643419898,-2.802792697695323,-2.7215322957144883,2.1765736726379545,1.2879981061393428,1.3252264930534638,-0.14990645391134438,-0.14537236655726596,-0.9945052334936135,0.32417901872095134,-1.1118781227932146
ACH-000498,1.2441318241484278,-0.7385064467173078,1.1003925890037256,-0.2754649220900459,1.3164461146174844,0.9446384411684192,5.150430106078236,3.680166271576149,1.0783061897813542,2.758214017899332,-1.484817444146207,-3.6717591335946014,-1.105032340182057,-0.6741288477679155
ACH-000499,1.1015200627429862,1.2867733829065942,1.1434851176314447,-1.6145628588897347,-2.771236186527848,-2.7946590786783982,1.7697627731766234,2.7942559641683062,2.7857359894800666,2.14144898198383,-2.5301247862382286,-0.09359608525989377,-3.66980313160507,2.4121325470474884
ACH-000500,0.06662766589892484,0.017247764892711515,0.895065864564177,1.0162042959738145,0.46768929272513815,0.995754173883056,2.599898838160191,1.5953833219750293,1.3949554946507334,-1.1815212790194964,-0.2095917273955949,-1.3242121941915812,1.3417991977464567,-1.442046631791756
ACH-000501,5.991745143418902,3.0759574700101764,7.258066758830944,2.027522641467277,3.044439268278015,7.34886938627643,2.7130300172353397,3.8094642877801563,2.3867808819405436,-1.7458106076171362,4.304029399410789,-2.027307202323999,3.1011035560915094,-2.2116044781298902
ACH-000502,0.9183653315147116,0.6076514481573502,1.5418600340953945,1.970723292991218,2.6970678649812885,4.978004242148971,0.427720175423848,-0.7506028184412943,0.7676610168778042,-2.926817721770698,3.469947999543284,0.9319485651132876,2.3900080247321016,-1.5083758526708317
ACH-000503,6.4908652369349635,1.888089954355985,5.717529028451273,0.6006813321806576,4.122154772390143,5.567243646472983,0.42956818889341547,1.1349493401627995,1.3044368322464905,-2.158099317139329,3.9167010555380037,-0.3747547078090046,2.5791948584703066,-0.666655030345439
ACH-000504,-1.8585844473324402,0.9582732210892442,0.1754034869692845,1.2225083143755295,0.6142273357542738,0.21400249469845467,2.275521721550564,1.677095664401489,0.37608856382558725,-1.2395264894862739,-1.752023836813168,-0.3478232460677355,-0.44347189998461345,-0.43700130524159175
ACH-000505,0.057641266279638025,0.3526989099401729,1.4623829242803048,1.2050253153182786,1.1785419125151022,0.09710717556011324,1.5881835522106453,0.42986959652776524,-0.29933241398570093,-1.5868962124012067,-1.146835087333772,-0.8435857985960623,0.9409191176490634,-1.7532088055054873
ACH-000507,1.2934307123461224,0.11072911312908879,1.073823896239216,0.07948149243112279,0.2812743974294473,1.8894006138897645,0.926561853323336,1.2898783019305895,0.28239578351062466,2.0821051588240276,2.027420803212686,-2.087617168156503,1.9106079663811593,-1.4389882667220435
ACH-000510,2.705683405180618,0.5297515163527499,1.28411531954533,0.36958862013827715,-0.1066135517148476,-2.2232777800223786,1.2412770831839446,2.6646717148488754,2.746678910293264,0.4284183131441646,-2.039547295835516,-1.6130241915582002,-1.2023543722272263,0.3170207842200594
ACH-000511,-0.009289757585334815,-0.07668577784435138,-1.43393006263665,1.4359218089743182,-0.9505540514741995,-2.313501318711329,0.9269317176278812,0.44110601430773694,0.7221639117918534,-1.2711846139820249,-1.8994932594952536,0.21555520929739955,0.5566915185447456,-0.7657544755323238
ACH-000512,0.22765961384658107,-1.6696501441380878,0.10770809614335972,-2.883666962096915,-1.8607410283883636,-4.105680839661218,1.0995827962412545,1.5606349563710402,-0.5529530393189879,5.5106650609089955,-0.741886156809605,-0.9391138599126772,-1.4216753524166488,-0.5764385795526817
ACH-000514,0.7320388978259968,0.6665122472079029,0.24755241243672493,-0.392081576544364,-2.6126842286953416,0.5155416242886773,4.110450732611356,2.3681893752665837,2.2812952355463385,4.980531001428371,-1.5335725059356342,-2.8361075176243724,-4.5185188320991285,4.780045798226336
ACH-000515,1.142790475157396,-0.5219766174144715,-0.7229022151849337,0.041988152151963325,-3.0440356235373023,-2.6678440651813453,1.3860592518757906,-0.3501815039662103,-0.5098379470951644,3.0275387700917955,-1.0284159350835247,-0.19735749965042537,-5.199357979063594,2.839663016254323
ACH-000516,-4.370848021490495,0.6451670046489524,-1.4761110173648726,0.3961050400115229,-0.41966297784481843,-2.670380496721514,1.7237999742220687,0.655426405643118,0.17265867610939908,-0.9019966314592697,-3.9764609027240803,-1.0547562455684316,0.32264417187245276,-0.07751415146982946
ACH-000517,1.0093237414372367,1.5008433150227543,2.977482837920681,2.424263466591291,2.5176245333238616,4.733238536254518,0.9026364759584847,1.7078262400182167,1.1013447742503628,-2.270410974001094,1.3311261517580826,0.7554479968528314,2.921547931224116,-1.2803257847448943
ACH-000518,2.109924531593425,0.1805549906499809,4.555675167893464,0.0208531185583562,4.266814849651223,5.443573231109902,2.4269696739253814,2.747117259700106,0.598181890859608,-3.936379050915714,1.8254808970686647,-3.378940215867486,4.328745445872952,-2.8445260540415362
ACH-000519,1.1643746324849749,0.38998525226598185,-0.03364116671773749,-2.4142133617880663,-1.7477085001816457,-4.079681361350528,3.4486369123649094,3.6907429214532574,2.041232046687408,4.253449755062562,-1.4914578465488129,-1.7793827543731395,-2.297577095434515,0.14325948899952062
ACH-000520,1.4120912357698987,-0.19279425502626124,0.6563969130494982,-0.12475653681747222,-0.10363084430190807,-0.5636056660885892,0.7114286327057149,0.2320254163894822,-0.47133489587555805,-2.2390195080925417,-0.8515048467602545,0.41233666495029453,0.3456883780346647,-0.2190032251632769
ACH-000521,2.5644277026923095,-0.11335497520566391,1.586696917353796,-0.11931293273419344,0.43097385002562105,1.5892911951682527,4.507862253422474,3.398089039418588,1.7484734038865648,-2.8766429326114116,-0.10601017993299822,-0.32340644044833733,0.9778156338367557,-1.3935871701591056
ACH-000522,-1.6471659744835818,-0.7364136706977257,-1.7089028168921054,-1.2698414027872158,-1.0400483659857116,-4.721022984537693,1.20692397763277,0.9250413213571336,2.9528936512165944,-0.04792587656007399,-3.2959957275384806,0.03801939570876284,-1.6283807540246613,-0.34297236606796655
ACH-000524,4.775323966523076,-0.07025880120854022,4.355758279645703,1.9381727386425656,2.7943136218328255,4.318528223095663,2.4996836872526247,1.3030495807604834,-0.12344052124905927,-0.14167682414026705,0.7887337054015054,-1.700083945852127,3.078802309229452,-0.6008671872104987
ACH-000525,0.9546975841047219,0.808173540985461,3.12203274128239,-1.939349596684151,-0.5400511126757207,-0.3849299803285369,3.331737278421287,3.518253764480631,3.7986020507219576,1.8388802490435878,-1.055310680118684,-4.5556347384007285,-2.5055698277458167,0.8999964175422319
ACH-000527,4.658975470794968,0.8499093023823652,4.798116812387463,3.202452391784606,4.301790756252117,6.357962488655435,3.070582511622077,0.28242078113391034,-0.2995274613981227,-2.440548256035366,2.1263453275908906,0.1504231085908317,1.3138699864692716,-1.9833294169460634
ACH-000528,1.6172348857136556,1.3146619489789786,-0.5859671685281861,0.2931477277959562,-0.6049163202279576,-1.4120405180913442,0.7450786036432336,0.362975104125073,0.205262937623048,-0.0166440054835637,0.139360741444395,-1.7013916709653776,-0.7501375796490084,0.5329379518661459
ACH-000532,2.550951919401855,0.7966657081447052,3.5320651494820954,0.3753093000232122,2.056584708058768,4.721686606850106,1.837303548860449,0.9534839525085793,0.8288225874948125,-0.5958948582329032,3.5383257917624764,-2.5959558815428965,2.586781198150374,-2.1291794381772005
ACH-000533,1.3247554827152328,-0.9566700947230323,0.0870489647894743,-0.11201107398139605,-2.2797171432035537,-2.576124916871183,2.6652402204458543,1.1131554451890415,0.7269244781675368,2.4457927098246692,-2.735783874005433,-0.7279523651457414,-0.82098841955095,1.0014076001864733
ACH-000535,0.5221895753937305,1.3374719833410227,2.654410138973151,0.431350867503376,3.145088977807028,4.224216791286734,2.118034753829185,1.8695399083893114,2.020525523030026,-2.654628240052255,2.600161638316664,-2.7487858513027743,3.4945314782366723,-2.6852639699281076
ACH-000537,4.860269998765731,1.8702325145859526,5.3364513764388555,2.9470997753150003,9.79947820666945,9.453688252592444,5.3673915108604096,3.3255965113853923,1.9989236253707259,-3.8110501517472866,6.016995603357705,-0.7010618775771453,1.5435202981182128,-0.6652198774035938
ACH-000541,-0.8780554580058832,1.6488657637536168,-2.3344825708183894,-1.4245336651134402,-3.178819043874867,-4.562815245525991,1.6962702684407742,2.0398082257620747,1.2108780695817711,4.622903188597075,-2.5800405778405686,-1.2264967988894075,-2.9369758042146668,0.2688267384605212
ACH-000542,-1.7201145991719704,-1.8519723297962851,-1.7451010149143253,-1.0902134333000306,-0.858473737977258,-5.542369156186729,-2.329912991543928,-3.208288424808938,-0.25284190566231224,0.9093313426699893,-1.5606847665740067,0.9909103251120144,-0.27310442750977193,0.3422385413250436
ACH-000544,8.340360774229,3.0813555966038306,7.385021710288937,1.9045692894064161,4.026963016355246,7.95866567250427,0.09211968367186457,2.15617986308643,2.441221566372098,-3.128194061992618,5.44971288260582,-1.0455927622344916,3.247754653661502,-0.6956847269717998
ACH-000545,4.076119687028365,1.1993095759796388,6.382445868178431,1.736418221813274,4.055527770098536,6.951809594961104,2.9690207327221776,2.402166657293073,-0.5113738197728647,-1.5674689365616263,3.082853807606211,-3.3811050419181954,2.439488820357414,-2.4744412742946578
ACH-000546,4.991229065035553,1.242721852548923,5.911761361421198,2.726941602787403,5.172525167989274,9.39693173405623,2.793125783485483,2.5110001588776485,0.33295487494203985,-3.2945777011980537,4.63763901244671,0.25236914352346573,4.629371616962179,-2.1743380661263814
ACH-000547,0.38707945559137236,0.5590781263136156,0.1791465814904576,0.2589560254318085,3.1383111056038557,1.1197165586225788,-0.5583772105007005,1.1188127674956718,0.7290035810726566,-1.1997295445550997,-0.15573644575779688,-2.4983753933431383,2.467824488709716,-1.7624874907601082
ACH-000548,6.041325644371978,1.2191130880528078,8.246235289472086,2.601118737218802,6.03869127200856,9.543071729869405,5.608848035417353,5.618720115046562,-0.14263702079225563,-4.640866572417843,4.622510440878168,-4.305178379848606,4.077442155190665,-4.385658233674139
ACH-000549,6.162574081769703,1.1743832804524361,6.495385464602657,2.414365981958241,5.295930443211437,9.482997835383816,1.1523450856964508,0.011001912895558345,-0.08667105394444649,-4.836456826300634,3.9592436528935657,-1.8717964439443533,4.23314478884974,-2.9177597207148445
ACH-000550,-0.44886585923169897,1.3026373571931222,1.8586833888237027,0.4363086987451156,1.156689690278453,1.6274291231888753,3.0743402689337755,1.9925271136865224,2.7583758698816765,-2.258387306488056,-0.8612360652845441,-0.48384717148365797,-0.07428395728094919,-0.2499295034728911
ACH-000551,-1.1569680078824005,-1.9565467525592235,-0.8749618387311187,-1.9728389694676136,-0.6627882133231073,-4.095189266085886,0.6555294009336098,1.7521363207849703,-0.664268665867146,1.949222438948645,-2.2468577708377135,-1.0242758914248524,-0.3847347615973322,0.39706674368329364
ACH-000552,0.6430999019900997,1.0378316710346378,1.6534883556109388,1.6978898350094698,2.1150738972207046,3.6405248051875945,0.2511304488896071,0.9821708419347182,0.39895267697031356,0.28346424434768536,2.7740666673078067,-2.5693615253268267,2.7909171220456304,-0.0755361781026253
ACH-000554,1.9811066790002212,1.7957391740876183,2.5243971058964805,0.0937385561003442,1.3934963000714733,4.073801313762398,2.1288052650344813,0.47463139795784337,1.7346227096581377,-1.6307635637691842,1.7044731065865044,-1.750155877188771,0.32348680347133196,-0.25455726169887644
ACH-000556,-2.1621346192605744,-0.8338057843219548,-3.102240863065833,-2.6567946475827218,-0.712113681548609,-0.22445841955576443,-0.7805836948675929,-0.3589001517347878,-1.4975469148539444,-1.7032499525514588,-0.9803664346024327,-0.3242248596997097,2.027516561863307,-1.313251047344629
ACH-000557,0.2523517315792112,1.6688410574996255,-1.4034380116616776,0.6733937527398742,0.11017241861446106,-0.9880672926396743,3.3596637133283203,3.789146191713698,3.1986666062146307,1.7794896208271413,-1.1968416701327285,-2.0051533720564994,-1.1561218892167076,-0.9823297999219343
ACH-000558,-0.6951372246223575,1.0167971928213468,0.6783040162082457,0.34869260428815485,-0.6679695591763866,-2.3568261361325025,0.7000162598894873,0.07431243565931468,1.1235280603724422,-0.8019908624743426,-2.518069148889762,1.7667700007578517,-0.7970469037763886,0.17933617311288869
ACH-000559,1.949688597904682,2.161919285992541,1.7379976961542118,0.35698587272203997,-0.5435502995857909,1.7977896251810341,4.384442919488748,3.069796418679466,2.5834056329880517,2.4842839634312575,-1.2698094101236619,-1.1068115775205838,-1.8840516739125988,1.3200304309876474
ACH-000561,2.9952934181448683,-0.7085194023423277,4.159005579288234,0.2846997449161036,3.653538184926086,6.528035196195277,0.12774624075983518,-0.2035184446182514,-1.7212913586272114,-0.5859857091434993,3.9703362629473107,-0.9655224924480421,1.1535326745834664,-0.7394980948059626
ACH-000562,0.8695779961614372,1.560990618038582,2.5814281668427097,1.6580935472214702,1.3640684077612197,4.50399495861493,2.915689210041288,2.5475479893227964,2.122326042665961,-2.730536737865599,1.1025791462666468,-1.3801824989006128,2.366212337807868,-2.558539454868045
ACH-000563,-0.17738182990021073,1.4354781995434798,0.8640514724462699,0.9571885667240982,0.6958156296989112,0.5451997031984805,1.8213791342371934,2.883143227622604,1.999835389308413,-0.18152462805726732,-1.1629671340625125,-2.7193608957445994,0.7337137156268859,-0.4641395951321712
ACH-000565,7.263444742435211,1.0929017262458984,7.483290422827763,4.522747240422744,4.095744827426507,9.446776656748648,2.851067288484615,2.3626053018584874,0.23358809206911982,-1.507485277712656,4.706836906335095,-0.974197017326471,4.558472872495696,-2.3227670352266947
ACH-000567,-1.0839868984737033,-0.07464350943236625,-0.9586234191702402,-2.860745791562279,-1.9784467944331365,-7.017119461024946,3.1393546095071767,3.2324665418473466,2.5676306447624926,6.243962454585549,-2.8360273478488165,-3.638593377903666,-2.7068649933850226,0.5730649470922515
ACH-000569,-2.1680391092518474,-0.1636364813032839,-2.290595017419987,-0.050618855746587824,-0.5466056565384144,-2.0694877302824954,1.8704375172131422,0.6405341528248458,-0.5274390796582361,-0.11666073785115322,-2.016864008981927,2.1976801988561245,-0.37198934656970467,0.41722065085242244
ACH-000570,-2.5623915455898567,-0.33207658117149896,-0.6727184906708967,0.8028870116636014,-1.630786709733475,-0.7783644415196339,2.9332189520691467,2.3716172126689714,0.6747103622647261,-0.16844436298682391,-1.5009657643393644,0.9972837092540188,-2.096953809105407,0.561200634374645
ACH-000571,-0.03453607085007701,1.092993183630081,-0.6807065965738952,0.7814549948410319,0.6229363618486159,0.416606424244582,2.3364586896382824,2.133582322282928,1.3282699084013703,-0.2937416030702628,-0.761522117243839,-0.133224487881912,0.08179196499112576,-0.013858145677842854
ACH-000573,-1.4444692847888978,-0.1782852986030565,0.36044275080222776,-0.4305078634836731,-1.1810902247751507,-2.4314774153573326,3.6117273582078604,2.422174755849401,1.582142650603366,-0.6145712958505317,-0.933463934660479,-0.41857498314476815,0.12781985001487112,-1.141755549659547
ACH-000576,0.02937040140079043,1.3773653160141397,1.0650521967317523,-1.4837513144526178,1.9423814496754548,2.1169726860319935,4.145875110861358,3.8423183938530903,0.3476420481667884,1.5200115644744159,1.785051719409993,-0.5881807414841635,-1.4095638074332142,-0.30253628480750716
ACH-000577,0.7776217260803984,1.9814176492061213,2.9850803153855385,3.3896554472177933,1.1122766759259581,4.767989904190957,1.8420620058078727,2.1756893951887557,2.796275216124361,-4.3286214039579285,2.5465835813604563,1.104970557429319,1.9824530894969583,-1.8544557612325239
ACH-000579,-1.55975029344156,1.3213537250992948,-2.0301943005752983,-1.6631598402198733,-0.7134400240843659,-1.2386651405468136,4.268522106747102,3.3244783462140317,2.7757523849108234,0.3433704853947122,-2.7745863447366665,-0.4813287812159177,-1.3748989154253597,0.7359681828883604
ACH-000580,-1.9193730771822597,-1.2329871279083697,-1.7644929643853986,-2.528352869157318,-0.9273306058385157,-3.6156796382160845,1.5736108297194829,0.8714950859023729,1.456535067319753,-0.007273892641282614,-4.1847921307421165,0.1339752111798525,-1.2818119670173045,1.241502172495446
ACH-000581,1.533558036915951,-0.04338337018066285,1.8886701353602557,-0.2903212353365672,0.14576590645587953,2.7423200891997164,2.698966000467957,2.4069537046133807,0.49187556714769953,-0.04938147149687993,2.862485580491334,-2.4078281869295965,0.4448785101726417,-2.1291605430365985
ACH-000583,-0.868777962592909,-0.3406906375442345,-1.2290161286143677,-4.544050242633215,-1.3371246332591231,-6.60164055737465,1.5938813776185792,2.3431261874261304,1.1869339057342045,6.344044259319174,-2.3683700874270897,-1.1321098895151251,-2.4139301999349594,1.5887266707828624
ACH-000584,1.0256520101811737,0.9532069382914309,-0.16077231959571603,0.29914821469486075,0.3622671282673016,1.1369820493551237,2.0087295204341475,1.1933375039217557,0.9618151017522791,1.1653846924986764,1.4258905769270194,-1.1478317152316175,-0.4211627738602105,-1.9629103910909023
ACH-000585,2.627816136925009,2.403510127035329,3.5853133967515403,0.6791719782951636,2.699109256790698,3.2297534890590422,1.0542829266414058,2.0608762126330027,0.621712600108022,-0.9081446457637522,2.843459231966965,-0.7355262592351255,2.224695637656487,-0.8081025021503996
ACH-000587,-0.15093079586171407,0.29549334680575373,1.695099098695086,0.3637255253986541,0.2661637056139455,0.9633648801077803,1.5924195942780892,0.7736602740006334,1.2243537492988816,-1.215879898604749,0.3322611170481147,-0.598539803737703,1.4435218236212781,-1.4265458769269252
ACH-000588,-2.404413059881756,-1.2575833800919836,-2.601951401006808,-1.2208810136474197,-2.5046043876812667,-6.025849535403707,0.24618448433614634,1.0361211061975448,-0.7945070634990667,4.568203940977455,-2.365104425962072,-1.054928420495976,-3.301829106686034,0.9817701089739175
ACH-000589,0.2700487955014869,1.3450552414351633,1.5518128980451042,0.9709098326589887,2.023467086495999,6.502198685595279,1.7933802051642247,1.3773020586369729,0.8413717098910297,-3.1815196346778127,3.172031887568397,-0.16807078388882596,1.2673504269033586,-0.7064481629584237
ACH-000591,-3.70124542092007,0.02109123860358514,-1.9743674558360378,-0.2812346563545195,-1.0601834598158049,-0.05144342789892019,1.4520913451550714,1.3190918084775531,1.6444585630378468,-0.3633435680659135,-2.8527627568308076,0.36996850650000446,-1.40795547473209,-1.1563333216199974
ACH-000592,-1.452570859694795,-0.6492806960727062,-1.6200179000692754,0.1519857105205315,0.405814992558936,-0.6525982527464095,0.23098212594511308,-0.24560596743266183,0.16845063483967565,0.17126945347726752,-2.0621221678772166,1.3052067228694901,-1.3405248317782175,0.4194828376967116
ACH-000593,-0.9758504467457753,0.8394901493428938,0.36417602163393353,-1.3088480251570858,1.2799008836356778,0.9991953139836306,2.567470572727881,1.26380106420873,2.151492182289552,-1.6321878822758753,1.5707179019964568,-3.1617554203405227,1.7467099648909659,-2.4090894924329604
ACH-000595,-0.8881046888049282,0.6269262286108085,-1.3400239214692213,0.6214042302296661,-0.3420027040454978,-2.6364093292888677,2.627104096238628,2.1867190952685567,-0.40030321647610406,0.8325310210394031,-3.527642978527856,0.32955242316723976,-1.048106795764595,0.4720107689666222
ACH-000596,0.8261950334672794,0.4344656428877145,1.5262260910133723,1.4886484533345126,1.957060835745259,3.1156665824563183,2.38725636816887,1.0624826162634025,1.3342022430088964,-0.9082579922095128,0.32582360564212576,-1.5699520265757803,1.2995826861363153,-2.3492128026902135
ACH-000597,1.0562178557187456,-0.34806201515108914,-0.007010093522944849,-1.1074649206055907,-1.5909441154284318,-3.261361648878146,2.54283281813336,1.795630120240023,1.1133393699231413,3.1361693446699217,-2.0156363059173046,-1.3108744300859876,-2.3393311806358743,2.0446506039149877
ACH-000599,1.0612356869784272,0.5482364731159004,1.7902980780904478,1.3917675799976705,1.9125123579054597,1.3240935491559354,-0.6600537398287036,0.2151606730914209,1.266005944062065,-0.9209574081676576,-0.035275723596287584,-2.6873369212522915,2.501739771177054,-0.6510878677050983
ACH-000601,-1.2265395539752955,1.093986275507547,-0.024304814761437768,0.15617027536541106,0.2766253152207314,0.4618264788763896,2.6179769896314373,3.5210835195790082,3.823020799892402,-0.054836756868003454,-1.4250400804806225,-2.5222886337968773,0.43066504575832415,0.6509229777363396
ACH-000602,0.78303629422296,-0.3077850381345766,1.1039536008864648,-1.6642738747573762,-1.5531742481937707,-3.4821204401099104,3.5640826830235226,2.7916460458432786,1.0437436147040593,4.970249773997579,-1.7752210726753794,-2.9488765960348577,-3.7772652647237104,-0.0061644944721093164
ACH-000604,0.36483939154842304,-0.40153933291148597,0.48568794761364914,0.1967828502376595,0.6983364994917445,2.183133169190198,3.7180389091771224,1.9443239110835182,1.476982645984945,1.8008270565084326,-0.4608487163436872,-0.344161485237767,-1.8788441053754177,-0.2453825064173951
ACH-000605,2.0857685940738087,1.1268562317169097,2.105044336037758,0.7240532584690795,1.6700696008399492,3.9078362174339216,1.6108288820132552,1.4131935575673058,0.8525963951765055,-1.2707376417612841,2.2371549051794264,-1.879617415134363,0.2801388371719524,-1.4530870491532548
ACH-000606,1.1129793623298625,1.2041271072525848,2.9791805083881946,-0.05027379233860828,4.776260089791631,5.928824325962999,0.3871399331561594,1.0091146723130737,1.6438089130353708,-2.8715338748896175,2.2660844280840924,-2.0619845485069175,3.889457082793315,-1.4982608397698156
ACH-000607,1.5660335197146058,0.11417802681683403,2.210876513759747,0.6576766395250466,-2.3272466574808672,-1.131686517113549,5.893974477429118,3.1359864530322397,2.251826433131494,0.9281005015852657,-3.008909704910098,-1.4570640419575913,-1.3595247483618382,3.3520751455093936
ACH-000608,3.5251361647255126,0.8294303226834301,3.968988450651542,1.3342970237541532,2.1703157675685127,2.3835826359196037,1.0307557152107147,-0.3617735854456853,-0.44093864500908525,-2.0620467044088397,2.501035165365082,0.6900584052134571,2.361034475135565,-2.216610276644266
ACH-000609,-2.2434317381155866,0.6736122638647346,-1.414264906341034,-0.39201495041432105,-0.5063692550368929,-3.143984464422495,0.8437631588577305,1.1493165520778406,1.4424914636245314,-1.4209243444977848,-3.036242739331367,-0.22439642923829364,-1.6342845564380644,-0.3813506064825646
ACH-000614,1.6216679718202582,1.5643750308692401,2.0509220639561083,0.7539801861426138,-1.1896946833214352,-0.8108329065222346,1.732935945830318,-0.18871440460043293,1.7364941763529202,0.3034079565711089,-2.2145176526974835,1.1911450270595345,-1.1807069361823663,1.9302396957846117
ACH-000616,-1.8764675825335415,-0.21107427682548535,-1.8228142796557716,1.0987824203321197,-0.5415845640644199,-1.895130887894769,0.3333958296406059,1.544416734657115,1.201221450134901,-1.5112340765324754,-2.36764704199586,-1.1453367437380089,-0.005208216631184999,-1.8573429582921512
ACH-000618,1.816861048053365,2.475685018562836,2.9086045246687324,1.3002765586027776,3.2493160482279007,5.20683030765538,1.2136606529390974,0.6835905654307473,1.7557712354298276,-2.2470170005911845,3.3122891202142024,-1.4730900989626887,2.890563674353446,-0.7607610445952616
ACH-000619,7.14011767019888,1.6972695769472086,8.55304470529816,2.7474845639317396,5.195901450500803,8.654118222642934,3.566968960871945,2.3208340376309016,1.2563221507603932,-3.529760433397374,4.783515948598944,-2.822760596461542,4.554784232997256,-3.0240050142431416
ACH-000620,4.1995353506657915,0.9601834583744645,3.9169344743160988,1.6600367370321505,2.6794285989571325,4.412582020729586,2.0192015004914636,1.2026277108408532,0.3684038979909242,-0.017614274008422644,1.9172565906665362,-0.9120704349064113,0.3944381605487764,-0.29136479900811363
ACH-000621,-2.811610141283657,0.061130356498014,-1.8229956776588045,0.8636858538041732,1.0709280076622214,-0.20290770543441253,2.2375110265640257,1.3817417587805185,1.0416681617063437,-1.0232878198387287,-2.1923601565229256,0.13167616191191256,-1.8758377870899847,0.02206598611904481
ACH-000622,-0.28069893575284033,0.461462762138273,-0.6865171947614609,0.583234789385794,-1.8518083540054504,-1.6275148735451517,2.964756920222707,1.4611663180598755,3.0292658596556468,0.08213871313870309,-0.8499490775077223,0.8487002614100708,-0.7707141345683507,0.9643585026286753
ACH-000623,-0.5881407826795606,0.3250205287405988,0.9295258358552706,1.9379173839433126,0.2580480561505086,2.024369478331047,2.7491310871255963,1.7024839376148255,0.9620507805498016,-1.039801036753864,-0.45796803443413464,1.5375205707626116,-2.0679568754335658,-0.19028200089670927
ACH-000624,8.550687694003923,0.9508526542655265,9.44972527162633,2.67331594906266,4.924229083508627,10.442366074669385,2.5655552316987107,3.394673491064194,0.9112153340724702,-4.103132988681351,5.480850652755281,-1.9257626454542243,2.5992484641332303,-2.353410513336277
ACH-000627,1.4837138921749091,0.3338129853082211,2.7800758060251907,1.9933495166638706,1.4310316593489287,1.5271076003903652,1.5726012996389738,1.870745463394447,0.5350366671288392,-1.5396267981223577,-0.20170391157601092,-0.9799072014438561,0.8792448364172418,-2.0556915315765254
ACH-000630,-0.8489426151586421,-0.27542364053945256,1.6531983642315737,2.0182081020048948,2.2212546792159578,1.147021914503413,2.5056930039052268,-0.4097722269830408,-0.47483343459115124,-3.562798088843711,-0.15852360944708174,-0.2710855102004426,2.593470507941216,-2.672131603368009
ACH-000631,0.6282183945517968,1.0057333028534592,0.4199615303501205,1.1652382890122879,-0.17869877839722265,-0.8215214123927634,3.071634910978671,1.3887740303552802,0.6063478220089313,-0.7308341564394552,-1.486630558782761,0.7269208222216768,-1.674901323701169,0.24257777748194206
ACH-000632,-1.1650443441640457,0.8467833756772584,-1.0571530058346288,-0.04603336095597668,-1.1616180740858675,-2.0898261138494028,2.557995038662267,0.7233072746857846,0.16882833540669928,-0.2032394454738791,-1.5301464993312175,-0.9967973073068911,-0.6744842621862827,0.054151352211599946
ACH-000633,0.7595562632526051,1.974971029875089,-0.1555553368711159,-0.987682747497017,-0.5413182728074112,3.047237010019291,0.860262366815303,1.4168340920771618,0.9638603846398938,0.03160155013530055,2.101897158689712,-2.787431365228571,-1.1958759739684084,0.2162004433901997
ACH-000634,-2.981412624006623,0.22223842286432655,-1.4160484529080921,-0.7876921697625512,-1.1545788717741805,-2.301143433402274,0.5309784089108429,1.7236990396501992,1.617226629624541,0.6181739260535275,-3.3274804052061415,1.438978547693938,-2.38219954025132,0.4037924105205453
ACH-000637,5.701110657225661,1.2262501736580385,5.026949503492201,0.6806374450476219,2.5842393012405935,6.7582514614438285,2.597379664957426,1.0409980978553475,1.4494064732072638,-3.490579393242031,2.4971948658172054,-0.19132406394692378,1.5791893307879523,-2.263762112986777
ACH-000638,2.6513172721745617,0.9161156315888739,1.6015251541847275,2.291890436096155,3.1798203693783806,3.7724895490208805,2.0830010314939478,2.142790933636957,1.0105540440877514,-1.6794137335748778,0.15947718021041127,-1.8833608483680915,2.0711554284581735,-1.74822258455456
ACH-000639,3.4224366457276,0.8666107839169634,-0.9095313239262366,-1.697708067885195,-4.254770394998991,-2.840383269985353,2.3721078703012823,2.078691422501043,3.1531984015191137,2.581155494245812,-0.8385722314948624,-2.623050916143746,-1.9600899350507701,0.42683270505939147
ACH-000645,0.5327143899311426,1.4877879156138982,0.8794119550684765,2.823795156786326,0.45267365412620775,1.0825188498864806,2.8360754592514748,0.8762874420145503,2.1658505333411413,-2.524233711025446,-0.5206761103119864,0.9190087225815728,2.344001740762839,-1.843306201050932
ACH-000646,10.60760812140269,1.909486840330559,9.193738620094889,5.617918804256415,7.230810928995118,13.564627753973017,3.2856011976146844,4.114676152657171,1.0733022513441006,-4.500077298911149,7.7374290546389215,-0.5110505540693213,4.102690242833013,-3.4725428864195225
ACH-000647,1.4873231906510258,-0.2177645881558044,1.7906022826105048,0.18907715176421705,-0.1997932621498586,1.1725106358836062,1.2157673000263247,0.9502412260123007,1.7269230796526305,-1.3066965109555804,1.4833555737319752,-2.8785350975177906,3.039788183746123,-0.38970596438685146
ACH-000648,2.2127349566927412,0.6501481207380351,0.2099128677341678,1.3180999182461761,0.15468090742725554,0.4885090659772614,2.390888446820148,1.140578158753311,1.5837861525073351,-0.8392159139059471,1.7546817933152423,-0.4160932581634098,-0.7446720598758805,-0.32138134230210436
ACH-000649,1.1651707687389377,0.10745545202724288,-0.647915627568974,-0.6853020931642662,-1.5363372450340298,-4.399949642634018,-0.906539291962194,2.6948035725275643,-0.7409534717221785,-2.358191261556249,-2.603075372433152,-1.864061135659304,1.0650557932540665,-1.0795453518222167
ACH-000651,-0.41385043774054897,0.8105787866263234,0.6398852318753018,-0.9801603863616676,-1.220975127142516,1.8268354290318887,2.694895203521293,2.6786948880484336,1.4564056404084935,1.9280552008121088,0.2448703978651408,-2.296848355410531,-0.4634313010470854,-0.6020911868924465
ACH-000652,-0.14135834307289047,0.3907878051340129,-0.5671971091931081,0.6382205976726234,-0.0020281145515118615,-0.023110938036959836,1.2319313514386416,0.816970309486224,0.6797199982324797,0.5695935326490454,0.6190378192431749,-0.8124472050234476,0.9165845849488825,-0.4968190048996229
ACH-000653,-0.38994557277602426,-0.5447240017816465,-1.432750416559417,-1.961083152531263,-2.90376718395471,-4.465577558460626,1.617063389960324,2.1404067517358505,0.6153594962952993,3.5337650486096983,-1.8117623497413944,-0.9405256698095715,-1.2667614485638201,1.3218218577469651
ACH-000654,0.5608901138467193,0.38621973037141444,-1.2412241821293386,-3.746247201919512,-1.6093714996125847,-5.80316984390832,5.365792519386835,5.0290522642012165,2.5866798980899355,5.764218228656731,-1.907134309295262,-4.649926821541067,-3.2710272052729126,1.8239220455658698
ACH-000655,-1.7557248164730588,2.2293291606698356,-0.8246327338702755,0.649623026794258,-0.5034546566192192,-1.4029619539794904,5.144643251152347,4.3961093904457735,4.423553830206072,0.980927853417856,-1.9236673095653174,-0.6903346986191392,-0.9004259961938408,0.4830084798699603
ACH-000656,-0.5405443077291574,0.7863174980342482,0.18552913896177073,-1.7740099448541378,0.7837196300984007,-3.204266588800935,3.464624623950495,4.014675650338698,3.2494065135196464,3.88719021096674,-2.7686745063172697,-2.158356740101654,-1.72794133411886,1.149558670766178
ACH-000657,1.6864257793439914,-0.24740053543851676,0.1867683304489702,-1.8633163020841357,-2.299151335563704,-4.379267389664065,4.36360357480485,2.278718230864555,0.9068867846209172,3.2537868533965444,-2.2163509458856785,-2.479343537474188,-2.4037847581457616,0.7313404606241802
ACH-000660,1.1836752783550306,-0.03514589588861794,0.40494762444528803,-2.880894182764108,-2.6290108627613824,-4.596856345255562,3.12987910539975,3.7835240519284485,0.946250369516671,5.476832233012516,-2.856422597825688,-2.889469685335182,-1.5986398958750079,1.529181175605634
ACH-000661,-0.4338169816215704,0.12057319139006861,-1.4209249620740023,-0.34408640454713846,0.004893558374135749,-0.2025062466414146,2.376031817217963,2.1404636002836246,2.0480057287050872,0.2413107314668832,-3.1171620004978404,-0.8008707190340314,-1.1174797205544187,0.865063919068406
ACH-000662,1.1830474637699737,-0.27216865545678826,2.183988565290567,0.46176286147135726,0.2652776385422281,0.8781837585968649,0.7373925319424991,-1.586291108556896,0.3005007157165298,0.5540307458761176,0.4414111172967334,0.1933624550791241,0.7461477992318428,-1.2997788149398353
ACH-000663,5.87791772062872,2.4293874462638008,3.855047888518394,2.2623500311961795,2.7578414952734147,3.3760460431010726,1.7665953084033124,1.1876614225547655,0.6593744006911606,-2.511207609522091,1.4892552209714092,-0.8253812092767571,1.1033012255913213,-1.3032517925025977
ACH-000664,-1.1418882714928196,-0.07224806432797964,0.7884912358660555,-2.451602528634587,-1.4219293047134238,-2.87216934093256,2.9214592485324506,2.6283285178490607,2.8103328409864745,1.6632309579765485,-1.6911283280469658,0.4031765946613388,-2.082886888648157,0.0962410237896902
ACH-000665,1.226569430147613,-0.2070052451822752,1.793633171905264,2.265675738982152,2.0276464349862215,3.2795295399819313,1.1058593975340323,-0.21930265942820182,-1.142229680940782,-2.631139798118322,1.1687338708518475,0.8504164799703168,1.411697120611212,-2.170246513003492
ACH-000666,2.0717598211715376,1.1101678755793505,0.08437882409171364,-0.03200085298764502,-0.28619885514350063,0.8852709451813277,3.0062735389549973,2.910454631281387,1.9837045411277998,-1.866225874823398,0.403294543725249,-2.7585480717048454,-0.36304423314184786,-1.9413587848383693
ACH-000667,7.628799482082827,1.6671314207588568,6.200809925920927,1.6539714461335397,1.4961349044004328,3.4176552335176447,1.3483637169581109,2.148074162343176,1.6418884192771095,-1.9857499992089984,1.9076764108561055,-3.5321401511880772,2.506397162936563,-0.7621473585968395
ACH-000668,1.2649295342080022,1.2081964155356288,2.7804617508485867,0.60284363856746,1.4995022551241988,1.9910934573584536,1.5062867122640151,2.496405808467249,-0.9139527006049912,-1.9565126245915672,0.44229001167041726,-2.952835374141459,5.771865514348745,-2.061652169019248
ACH-000671,6.719235233425484,0.945050392928313,3.8417292678912824,1.0289187568203442,0.12386463700594408,4.966637807354611,2.906054300863642,3.7236900424324677,0.5716922706526494,0.6691917349510381,2.7662988013139964,-2.2161948587472335,-0.06509305750596635,-0.93895796706907
ACH-000672,2.271648917411511,0.3447620054292372,1.1397647714862493,1.3713915543001594,0.8476111596086129,1.8803940948231328,2.1067952641298047,0.8598213821020313,1.1530292703847234,-1.705849216997569,-0.16584629294547565,-0.1493986892632879,-0.8457357366721423,-0.6588109922335277
ACH-000673,0.34879510799902513,0.5043573599969366,0.4549341643092916,0.5095421123744246,-0.5052294864895889,-0.286831066145121,3.166183404208576,2.5214169406947837,2.256031587333402,-0.7875407516477998,-3.138812197065511,-2.220796824280246,-2.044270168081555,-0.29162566912591437
ACH-000676,-0.30254203207449115,-0.17629953079105956,0.004846425079984944,-1.559678526391445,-0.8858501913629186,-1.6613967244270362,1.3757273519113713,0.45277026847145685,1.2561715298624534,-0.736161814498078,-2.5051663394130452,-1.993721777783803,-0.6504080208131706,0.841367635017389
ACH-000677,-2.589228013993218,-0.7341147353674644,-0.7883666454961767,0.7842265614413877,0.22083600882270626,-1.2864470326472661,1.2814372684040374,1.0130972685512252,2.0472642780986225,0.3175066554459291,-1.9123376263689176,0.2563961739439274,0.6207068828866402,-0.0035226278558882773
ACH-000681,2.1430633835389985,0.6984476101371282,0.647783342534883,-0.9068305413487431,-1.4222804745323903,-1.398050091220404,-0.6444928385962492,-2.231093380169985,0.2357857895415117,-0.9866895498557284,0.2896997934202862,2.0941007042895983,-0.4415601574421058,0.03790076056829317
ACH-000682,3.601944766249007,0.4237374241716239,4.062149902017728,2.7736849525279177,6.487712636077644,8.094189404984979,0.520521105131313,0.2121677138396731,0.6473166583898147,-4.0820870498789255,3.4643209831347503,-1.0329799357518503,3.949549657422979,-1.7451810819284366
ACH-000683,-0.6639691327558579,-0.016364829287250526,0.7975359439259178,-0.011266004443000365,1.478002647149993,3.0591835462727213,1.3505307047671538,0.23930912933937576,1.0403251310451676,0.15832884581220463,2.4889653001469423,-1.5175774182483945,-0.7467785125174048,0.3772872490951798
ACH-000684,0.13609114691090426,2.0887182838770415,0.9804151727449154,0.23444408303980632,1.624792384583266,0.872162910941077,-2.1507074502863452,-1.6434230095645141,-0.3619522417009533,-3.3887711472608095,0.2735920581576312,2.8330894102743587,1.280610019702838,-0.2271127653055528
ACH-000685,3.3430488346051566,1.1345430744506333,3.334272203017843,0.4835085754767675,2.5103840649640614,4.760395755036665,1.6586557615915627,1.232042916148168,1.2005708959469132,-1.2345554697823355,3.1405594707882445,-0.785031187523554,1.1286369576440622,-1.4667145102305885
ACH-000688,0.29876065424135967,0.9783521627903627,-0.122528492483944,1.3231438149118635,0.1830706262193683,-0.28449202603548374,2.5937132990349236,2.0219061792058013,2.4624840442375144,-1.0243462858313832,-0.5915545272420258,-0.9382244594498538,1.2565342585328025,-1.538894805319026
ACH-000693,4.885347845185693,1.2810221589324862,3.1170477861025967,-1.2020394254645592,0.2192495996305344,0.9160475590417989,0.26024877270495994,0.6644650976748395,1.664021362372947,0.4985073868009822,1.5178998801955506,-2.935280473052094,0.23121255692836873,-0.4194577666312916
ACH-000694,3.073349891449377,0.7519848889001023,3.880132978573937,-0.041817784926708054,3.458802770486123,6.243250514976476,2.4116748169257263,1.8045619190410063,0.9041469791409577,-2.512086758071668,2.961256267341514,-3.4486391686041284,2.2452305823924816,-1.259629512629384
ACH-000695,-1.2562619228383531,2.2359886223324494,0.37474918732808643,-0.03130473406762757,-1.1943340141070897,1.3158777244735278,4.763155408936518,2.8885257804184143,4.454702884141194,3.988603473642351,-1.212495085613999,-1.0589900973199757,-4.016939879087318,3.242647267227387
ACH-000696,-1.2043525352165048,0.7616460572248996,-1.2213536989236085,-0.37896407871691595,0.27597950898588475,-0.7455681365650778,1.7935636821270589,2.214860955082668,4.629612809973493,-0.7615146275149027,-0.895099213351984,-0.8926231745523563,-0.6681495478650912,-0.1575508080976565
ACH-000697,2.0177184029578625,0.023617024746957094,1.7687407748459567,-0.8277397584269157,-0.13055104501154444,1.0505373025758327,5.310813853379837,3.0691280873476248,-0.07212470673233776,3.234691050911745,0.22430670775438744,-1.4021425942844556,-2.286095306352372,-0.9974041644156957
ACH-000698,0.06735965549469052,0.7984763510090778,-0.24623669280365712,0.20083714809895203,-2.1791324572459345,-0.03903937116894015,0.8476877535079348,1.937712145625143,-0.6042281317412838,0.24833608237879357,-1.725048540098988,-0.1721769364470161,-1.709269460309451,-0.12415726312883145
ACH-000699,0.37421193017726095,0.28696921387338403,0.8326226252356395,0.08676768293433071,0.9307211957117185,0.752580396322429,3.3171821950796647,3.2831901070820892,1.9096196822845712,-0.653833791196138,-0.23820355154726133,-2.3310730722788304,0.9471934385549554,0.40640706829926454
ACH-000700,-0.38044678335310034,0.6332112932946178,0.21000357688547905,2.0403460344473894,-0.47487956716495605,0.7015303002968033,0.9570216305273758,1.8792848596045573,-0.40018332937828227,-0.13446674044975854,-1.6220948823540706,-1.9819718491996976,-0.2539768670314443,-0.997333757439886
ACH-000701,2.476116539298272,3.11464515134917,0.9243108458848363,1.0951148378662932,2.7818100149389813,5.850687460579959,2.1419472584264994,1.778775372539862,3.288791029572657,-2.363625462077995,2.108985339517555,-1.6857853274817192,1.864614216163971,-0.8251763368637436
ACH-000702,2.22577502235835,0.785546904134474,0.8998241576161217,-1.903199847761642,-0.921919395675355,-0.8662921368343225,3.581866566297868,2.9861103583749045,0.9992338652796886,3.4828944270250197,-1.9693107046896579,-2.027894169629467,-1.3434009234208941,0.3760309953110118
ACH-000704,0.0692875109732933,1.223464831858378,-0.8689622625837548,0.7273806549409193,-0.2799193478164903,0.23925953016500776,1.4750901999151647,1.346789889235085,1.0438891080911032,0.29147345683023446,1.4333288605657688,-0.1392336642326737,-1.1333190811708072,-0.8553521498600762
ACH-000706,0.18880707952887743,0.5402420363608087,-0.5576107702281711,-0.07174748673577197,-0.2748958901894637,1.7814065640554126,1.7478538193071944,0.9903740350360709,-0.6187741860756825,-2.4655870074208783,2.2891974022948656,-0.013190495915111254,1.1838756857522423,-1.4458787674754734
ACH-000709,2.7679131273131046,2.5006615944535797,2.4278877375147774,2.0286654735972762,2.412009509770442,3.0839242646943283,0.19019733584860338,-0.7634536530058985,0.09480107479181121,-3.4275390208452254,0.08583840006482613,2.134583696024574,-0.2727361506344995,0.4127997726307187
ACH-000711,2.0781813659711164,1.7258194065619492,3.760859554788381,1.1373087450201786,3.0256639946062576,4.037068007989111,1.1473730215859124,0.3408339366685579,2.6137812365172652,-2.0074761547808557,0.669879103636652,-0.5199331031239263,2.3871858885232484,-1.8890753775781075
ACH-000713,1.4148431795563696,1.4849580014257708,0.34741461685878966,2.276541746607034,1.7179251188089097,4.576432783643831,-0.1595170451561382,-0.2267098615404992,-2.1216174162007873,-2.0152912275310015,3.384823719952019,0.28374827820872794,2.9067302221407147,-1.8826718561106417
ACH-000714,1.4879603598200375,1.3072626164752865,-0.21517325135508278,-1.0673024974336043,-2.9242859868964066,-2.5433378497970165,2.3081756476139788,3.1908265294194367,0.8132341937312704,4.446974601812424,-1.4315531397399734,-2.779366506387885,-1.2277588558024959,1.292369649221753
ACH-000716,-0.2572567245288031,0.8876969878725891,-0.2509101872265018,-0.4325453502318538,-0.8655923569203293,-1.1827083982499695,1.7468734334336757,1.0985416424577439,1.172330192766028,0.6703037787276043,-0.8599873039880843,-1.0439874652711938,0.6364561453410976,0.14723800718173322
ACH-000717,2.293378902109044,-1.0560358509245358,2.605468473548781,1.2568322199987407,5.786441737251295,6.43234275684016,2.064514469871398,1.1710429965995852,-0.4248798291445975,-2.351823142012303,2.024554830900962,-0.7982734561580728,4.153742514332134,-2.9657486070358896
ACH-000718,2.4735844583665796,1.754711187348827,4.078287877808343,1.9272841720683074,0.9331879734867021,4.746822537160942,1.569164805539676,3.304581079116853,1.618284660919213,-2.866338221970935,2.199109378586256,-3.686253540720396,2.4679261422396106,-2.3696506905294323
ACH-000719,2.6856005139754053,2.180493023096731,1.6141472602136715,2.7423988247063553,3.7973344044189954,5.484107366265112,1.7532173410897212,0.9031232587404721,1.7221045271597428,-1.1288952531405028,3.216796938185601,0.3172716660797904,0.7683216431332119,-1.4494280373986745
ACH-000720,1.7303592993493306,1.3787086198072642,3.2889028849109776,2.556845180686211,1.8709467190996145,3.231102809894177,1.834368100905374,2.3311965613105743,1.8668908736134135,-1.3957124530640035,0.09052900013175505,-1.100520703870948,1.8689262313959523,-1.2923174599511962
ACH-000721,2.448806543396176,-0.5911880796425717,1.9844709778770915,0.032141687368781785,-1.386214320700024,-2.5382792717376748,2.41805235760248,1.3343908659490828,2.3562956954418115,1.4747155828214897,-2.1423874503962166,-2.0287425624529503,-0.8758581933084508,-0.6256913984065852
ACH-000722,1.0836966712737424,0.8710162930891862,1.3270780030698321,-0.6031230772178396,0.6873361937930597,3.0582787286369917,1.305084562386669,0.9187779638031628,0.8203771023912034,1.432323713610896,2.6484617105774966,-3.5224578052663884,1.6041054932334775,-0.8484063176328234
ACH-000724,2.619330053536531,0.36700195119672396,2.5423492490121453,1.6523961835228964,2.0338983582174923,3.4951305755080035,2.6837443678561406,1.5328423381331842,0.24221376023354943,-0.9986238377955994,2.1074495280934538,-2.14294813768954,2.0038094761483025,-1.8240891164814768
ACH-000725,3.092371268208392,2.4722840341897108,2.936661217128995,3.191061870042657,1.1371917045334385,7.485567356193176,3.126184416274785,1.7533191041365552,0.07693103691123843,-0.585219368619755,2.5178647654426056,-1.7542314645923454,1.1990564212122738,-0.9312703849389611
ACH-000732,9.001222750732476,2.39591494747015,8.967917473819837,2.7863181086577633,5.327962748004426,8.668334655724875,0.08335955157500902,0.6303072462525288,0.9289204593565408,-5.080573689659782,4.769981743778082,-1.529095849860662,4.633933409473895,-1.8035302934015076
ACH-000734,1.3268248160852198,2.304226975335013,1.3251148477637682,0.8692716256268269,1.399626304809126,6.935551689687082,3.4786818391504992,2.462007594505652,2.737056548327655,-0.17301661736383048,5.818855770290635,-2.2456750570192665,1.0630120288208693,0.19499905796414202
ACH-000735,1.2448494865167385,2.353494917371343,4.222818917047257,2.014451414068448,3.528213217534735,3.784467735172069,-0.0771385185040519,0.9545241794283622,3.117582351721453,-2.250536791658334,1.6522767369142026,-1.027106413997953,3.548289307149093,-1.2569737386221076
ACH-000736,1.544769680452829,2.0340008652697805,2.525378033941762,0.5637641820839802,2.3595601318657113,2.520568547700339,3.1083749703296846,4.076142123272585,3.4820936938840634,-1.2364523187843357,2.470661888868803,-3.598055906042291,1.8845228575568698,-1.8955672180653824
ACH-000738,-1.1992448732967294,-0.09135111506555046,-1.5523745840591192,-0.4312448859667422,-0.8520222751641459,-1.9539372280044138,1.7821503055931058,3.2470549215055957,0.8576658856709495,0.4944229255019083,-1.9859459702440658,-2.243799509376496,-1.6672985635195126,0.12965224270152406
ACH-000739,4.17974981317166,0.07708827158878215,3.0005158606937328,0.285616795398792,4.580350769660325,6.820256259987424,3.8169546941641292,2.2811583260954458,0.7199963272730253,0.8135541560178811,5.6070814785036145,-1.5463818661579976,0.4935917563480729,-0.4553912713284878
ACH-000740,-0.29572362522209494,0.6800882740271139,1.8149548905265203,0.15703838210883334,2.7768157997406844,3.407388710796489,0.8935091257324906,1.3694676692012513,2.3429623978883645,-2.5808110632984085,2.847106542095241,-2.8138945714674066,2.500750153620332,-1.2343947315475647
ACH-000741,4.967226053810067,1.4162324005363387,2.0690906670689535,2.069917280841162,2.6490426977156525,1.8606231629178682,-1.11004524511738,-0.02541926472979461,-1.003466581582508,-2.7996054221368802,1.7126975054252962,1.43169895304385,0.01620364433053799,-0.7911630138783827
ACH-000746,-0.6774467051134657,-1.0974063470560933,-0.17264461570447523,0.17532341777750604,-0.893194615928356,-2.576262523464834,1.431542298250361,-0.36079895806948165,0.09007098869201624,2.66951645931628,1.509517713125428,0.24517043562464702,-1.0902731669022085,0.7220382387863697
ACH-000747,1.0551968649802492,0.0055671018052732835,-0.192702165809171,0.08196849321818762,-0.7332071841082896,-2.815849995298812,1.8157624530410186,3.32578966968939,0.12835162608748438,-0.7773313252233354,-3.4181269925964735,-1.7726160379369005,-0.7448668224094466,0.5926077279174762
ACH-000748,-2.3888184258058955,0.10765366209319673,-1.5956606396897037,0.13331369993258194,0.4355900573492722,-0.9394632142417598,3.0023144538454964,2.506736171677309,2.1010752499711116,-1.1762228843993263,-2.440242910941962,-1.3999809237581171,0.8374637321012408,-0.20635350556434562
ACH-000749,0.2284661646783722,0.27443300437156637,0.009889384988514594,-1.9927434622265332,-3.0437109882656186,-3.620007212909998,2.9527563066461293,0.6952022733401141,2.194565706282979,2.7687076963081263,-1.4447588022765492,-0.15802100523430346,-3.4448826790208984,1.6185143715372043
ACH-000753,-1.1642835346532556,0.7095880540229207,-1.7344543815654545,1.223857863079024,0.09086022640852352,-2.5967005403973893,4.5687445681286825,3.366573241643658,2.0299952100794574,0.2363986434552715,-2.5637853123213015,-3.9835289452337896,-0.9643485666514197,-1.5438778113824787
ACH-000754,2.756972952258393,-0.2521002899973346,0.3541600984077905,-2.2247147250991706,-0.8015459293716997,-2.454677298220313,3.5548463773795604,4.443683268294663,0.6331873934719159,2.619427384096442,-1.432581216414973,-2.5752020899509613,-2.269804655884534,-0.15005960880930394
ACH-000756,0.7860832473717457,1.970579489170456,0.4043614033284206,0.4716607112025419,-0.0773745217943439,0.12035344204894174,2.7293704681080113,2.6727352801483777,0.7965803584163497,-0.4508700770410684,-1.7719370946247222,-1.4007802893817223,-2.4013511457800867,0.6411543215774549
ACH-000757,3.9160405383343777,1.0411690402659042,1.2092376692087559,1.1927450582372674,0.138392745663162,0.17463047706313406,2.3861419927920036,3.1057470333415935,1.1686114193518042,0.6601545575633876,-1.3119978941709296,-1.3326326625759481,-1.2449016997691669,1.1580580973523722
ACH-000758,-2.200208697193379,-0.7623981509132318,-0.9289586196463957,-1.2552145221142346,0.5829071406074586,-3.876956075389587,-2.1307038026777128,-2.1864604188093306,0.0915986548612199,-0.5914857064337217,-1.8110313554492663,-0.3106809700598222,3.2158390876563794,-0.0004177715736639054
ACH-000760,-2.3149231305337494,0.3780545218211139,-2.041720452974741,-2.5791447296040855,-1.8585455053955908,-4.600807398753252,1.7453921498035632,2.8137162156108038,-0.20859822155236935,0.8118879593220062,-3.2290789530222797,-1.13621802502455,0.4937414551107764,0.7840279760387869
ACH-000762,2.6030829526107904,0.5547361986560648,4.2496058061590265,-0.10169242871148376,2.79985438311616,1.2343552059913718,1.200032857326769,0.8586730917122203,2.850944146875172,-1.8094123111441915,0.5110693331617412,-2.210182636537974,2.807878785448154,-1.6417557528027562
ACH-000763,0.5734435925193336,2.2824992016315946,0.7204570875132433,-1.8490446698166974,-2.0152453801883525,-2.6027498979283203,3.409833226459411,4.052026931450826,1.7791821395481733,5.020212158130247,-0.3153831616543574,-2.593060212851089,-0.9140213751325005,0.43230177431800126
ACH-000764,-0.01297016198564227,0.04838382989152676,0.5008710919831758,0.4718414246411878,0.7779539686798506,-2.32848147138367,0.7789591083438262,1.0518606946165272,0.2383636364293309,-1.0339333516222524,-1.7110077993783974,-2.055834448918143,0.35058097698810176,-0.8182467182831542
ACH-000765,-0.3810334719908142,1.2693434486253357,-0.11949767869610822,0.22017941508993522,-0.764206755060548,-2.600087641254595,2.7226776221448694,1.63309425921418,0.9857510187888541,-0.5361000236103126,-3.162008506480265,-2.346467471101624,-0.3034003022182737,1.2850628860945987
ACH-000766,2.8710559525473576,1.5423557764136187,3.602595141071597,1.166252042961853,2.9882958968626765,6.29972071560865,2.9157450930807762,2.76630972622853,1.2337614538810096,-3.17451269331955,3.558924946506344,-3.4844567985510135,2.11503097160404,-1.7875572658592547
ACH-000767,-0.4388269043543927,0.15321955794164355,-1.9042717224394976,-2.456757624897975,-3.374042407181112,-2.457017031331391,1.9220442431228069,1.6663278502553456,0.2907109466304888,3.1669795096011852,-0.7193378832514624,-0.6015667507271194,-3.238470416977,2.8047177309378237
ACH-000768,1.0257434445756366,1.1099576097966697,0.9870703941034461,1.087122364240305,1.0828533450544584,-0.14548691932104035,1.6745156504036325,2.382067827754179,1.1028784645277152,-1.7610697396527897,-0.6922816001569928,-1.9619328584689726,1.6616423954752841,-1.1597600245756996
ACH-000769,-0.5969343974817748,-0.11145837976419248,-2.272869021073191,-0.4047383802414375,-1.7337926015094944,-3.342078251211818,-0.038939566602908385,-1.176295161254067,1.7584956474897626,3.3686233848040525,-0.9758699907887154,-1.6706322326799032,-1.1757834590060228,2.2804361849274684
ACH-000770,-0.9386382139255895,-0.4572714812909132,-1.4767638021562308,-2.0457083869892405,-0.04125558901235301,-4.357335638712396,3.5249746883189426,3.625570201405916,1.6807181841516472,1.9247743016146601,-2.2547740674645014,-1.0928597526290473,-1.3610940487244712,-1.130834118843679
ACH-000771,10.811677565501448,2.500098240892301,11.28748876491874,2.6420230996048275,7.068547112598651,10.566750840642385,0.6197540110761366,0.12150755894534054,-1.129365040171799,-5.406570686430173,6.999561017550587,-0.1554720849562622,6.855088600316097,-3.131119814116682
ACH-000773,-0.26808612634788676,0.5085284157605624,1.6366669561496179,0.4775200582130863,-0.2864893508483247,-1.5630622340430902,3.7618963284985285,1.827714344430484,1.8222912437579466,0.37306423565737445,-0.6792883402372799,-1.6742402784218546,-1.3713163803122403,-1.8809804654992146
ACH-000774,6.398909746553777,2.1560724149107857,5.8421455358328265,3.240546387238165,4.277647304589252,7.291215234863186,1.4930557480416484,1.3906149289957688,0.8332097883235173,-2.432654896379769,3.1113241093166146,-2.0855324851479082,2.5868857082729866,-1.3720503333181315
ACH-000775,0.9810918091897216,0.3812628001455769,2.0203121001278945,0.07107058046711077,0.8883357189987572,1.7712840388817703,3.232745116176388,2.4760613487998198,1.3724240396912906,-0.7187144056636575,2.185970049956226,-1.434383675830388,-0.7397200341076925,-0.679530605688234
ACH-000776,2.9200095964410817,1.8395102624430106,3.222838535626312,2.814320566957245,2.0133237045962664,4.980028348262966,4.917002824845503,4.415509734784205,0.7010605853726065,-0.5560864898216656,1.3602108852334462,-2.079148227133034,0.035760866441834155,-0.8705231827059161
ACH-000777,3.0015048090078325,-0.18806110390523878,3.0284779167168554,3.708565175025492,4.5497061831274905,7.699978136252211,0.7431953046709474,-0.7819169145028557,-0.36801156811426405,-4.20447950154994,2.627307282390495,-0.38456116359818604,2.744070284562963,-1.945490048417327
ACH-000778,2.233166349506586,-0.0637395359805957,0.9095173256114246,-1.292238258417093,0.884010568173097,-1.9517002608471021,-1.5051827369528057,-0.8630791090973392,-0.2998496862234855,-0.22548041925878176,-0.8312992160392406,-2.4817738396819253,1.2863321976319526,-0.9516620554023555
ACH-000781,1.5435918583064983,1.1982776915100226,1.742578053216575,0.724279189102868,0.6420046695422371,1.8636218277036143,1.2330099173167905,0.7761728001215131,0.9503981788917892,-2.9871876649988187,1.4920470977772187,-1.6030804978060478,0.045070693231636205,-0.9949292807849708
ACH-000782,-1.6387548442247772,-1.2543186813901404,-2.0679989107705463,-0.4902690226343948,-0.5967302437131967,-3.955117083168523,3.495561192477468,2.622315593203368,1.3086070342650336,2.7184149873106325,-2.0071847757921657,-3.030901484970705,-3.1035167638032752,0.09867334302239017
ACH-000783,1.8699847619623187,1.7738728923081837,2.6862687179816462,1.5797871797975644,0.966169751071594,3.7701102290563795,3.870258058734707,3.104059661768177,1.533063342988128,0.7122967319584962,1.5875685863990048,-2.781303901786003,0.19798873404201794,1.1167185894219158
ACH-000784,2.8553638658003617,0.5102437331636288,3.54944308083413,0.12664679143975954,1.3337065433490662,3.8283091238554707,0.505371602382853,1.0676222231261,-0.22270947498466193,-0.25887712684930125,2.657018815659514,-2.0816879863341415,0.1301156234373434,0.13927480056498892
ACH-000785,1.367509245155261,1.2735975674636573,2.3435263252646057,1.1270106629213075,2.203898202093268,5.9351212636560335,2.728288172275781,2.177838721755819,-0.5314915899550756,-2.0885381782290615,2.2800357560426883,-0.1791330330152134,2.4476937481020884,-1.4451769881324712
ACH-000787,3.4154994788338935,1.0861473251078815,4.354926198910221,1.6208148949540198,2.4683605142161804,3.1641464266767594,3.339195710469,2.8522603715792565,2.2377642560466837,-2.7270263294677024,0.22008927883435403,-1.0443171547684875,2.268496036978362,-1.5953500609315894
ACH-000788,-0.7996563552862689,-0.15879528776580892,-1.45867375756225,-0.9821631946679776,-0.638939089954136,-3.049331408516134,1.7163259820809582,0.9742844954347082,-0.48125454649380217,0.6857004010582498,-3.6472380851356,-1.226307044449506,-1.7404471478068197,0.872227495080919
ACH-000790,0.867726633267944,-0.06897564066011341,-0.6314878006901873,-1.6979465572819448,-1.7439689419257423,0.321909186518183,4.343906517601054,2.662927033032837,3.5103385886229432,2.384083743560127,-0.6137653859900767,-2.7243521005123585,-3.6909636887547386,1.6717270318393027
ACH-000791,0.31269126772548556,0.7629172370365215,1.88649324461218,3.5302210151127564,2.8580716986377146,4.514630108568773,2.6555732507630485,1.559876918135594,0.6303814345329776,-3.518636554735182,1.2953270766987321,-0.5965993630278628,3.2835025807259077,-2.78060708836759
ACH-000792,2.095182559601812,1.266988746032713,2.282149316252381,1.9197078495131565,1.8489313588646128,1.122516697456029,3.437649407039523,5.407878414847814,0.34572202110364797,-2.0490119394170185,-1.5067743403287222,-1.984322355400162,0.1515437830153688,-1.2807325047794849
ACH-000793,1.2182243919448468,1.372283473326896,0.8237983281547386,0.15810457944060227,1.787710713862378,1.7995762620888327,-0.5577390420579595,1.0952513109843784,1.440941824403006,0.6031743553514383,1.6688441910168146,-2.608579319914237,2.7225188327389906,-2.5367507871559414
ACH-000794,10.040672189033451,2.4047101598996274,12.382126294109007,3.1214857796587525,7.604651025607705,12.439096920029654,0.14909695554775215,0.1987109136824777,-0.7037788102250071,-6.532190000732186,7.356714937785501,-1.7795884548929113,6.525974904677833,-2.904570620553747
ACH-000796,4.727622834962002,1.3705344908440078,4.418772289450868,2.0094456168800243,2.2133933825541887,2.4685085765947647,0.6737742945223819,0.09276820446377884,0.33797322729833035,-1.5434914620275035,2.343563117363799,-1.700344594517944,2.742938551196174,-2.3293282713670607
ACH-000798,4.63295046071179,1.1675751571829873,3.4867426342679053,0.7735565302788407,2.9008859598837415,5.168742480755795,0.8582284778022924,0.22931694506646289,0.9648436073667502,-1.3667545558916125,5.566195911838734,-1.40219071914879,3.835413121952508,-1.066670186194629
ACH-000799,1.8773006451635585,0.5031281343168907,2.4957175531311413,2.130245584589399,1.9709851510609377,1.9047204062353293,3.0501134824529315,3.1840886175977303,1.838708488252919,-1.9669267510741377,-0.8037203668936679,-0.5281851830854968,-0.6698224692148751,-0.1863327846980275
ACH-000800,-0.8640712934866643,-0.37006405043904467,0.29729079078228504,-1.0017359569352822,-1.6149518955833597,-1.7091149582379894,2.140284817651663,1.3349527139516069,0.5014856556964191,3.63027934393394,-0.9798498237473718,-1.2004968867268584,-4.7177042761231505,1.490749555477487
ACH-000801,-1.6995955644750722,-0.6367569561554756,-0.6974085007182722,-1.2415943775699847,-0.8383983522291141,-2.7022574379335,2.303236750105388,0.4006854575758945,-0.8143111628088213,-0.17239896347403727,-3.680689839951982,-0.1911398387373793,-0.8799737887169871,0.8009728159840642
ACH-000802,2.649211896991545,0.9003935992169463,2.0235200995702183,0.15653547748691068,2.413848459450209,2.5653142785501033,0.6467973120404991,0.7822829452431217,0.7589080889750609,-2.1039026924441706,2.947262386863306,-1.797984448119627,2.3073642325062735,-1.7742938332782057
ACH-000804,-0.7496090332945483,0.1608213365331821,-0.6617690407299197,-1.0749918309652073,-2.5800883353813022,-4.1291635980846735,1.1645446486873443,0.27188385865977044,1.859670443397326,3.0148264273628764,-0.4487373596367998,0.5347956161543381,-3.716441813150652,1.9779901386952918
ACH-000805,0.39243761466738847,0.23268785855941745,0.42996955547291404,-1.3879873879083322,-1.6739235783363444,-1.6313511340073181,3.261563950271599,2.1851649798927513,2.545836721894335,0.17645404540300344,-2.815207026701381,-1.3222390859293496,-1.1673313989132874,0.7187354971450681
ACH-000807,-0.4273421979672048,0.1729663146340741,0.11862052611695581,0.15236217167123628,1.1705025353307543,-0.13383743586021254,2.8806242262465447,0.8531822240789371,1.813494431720491,-1.8695605381435825,-1.077466069812957,1.7556856887533305,0.5046351149049292,0.4361231992513027
ACH-000809,4.644005144975571,1.3546458679832827,3.4000373386544234,-0.2032994678734594,0.3509235177307606,0.399560947473851,-0.9481742039152133,1.3960309672888573,0.8916559525909702,-0.9372790573703248,1.0892773399239304,-1.956200421385701,0.8187920983427913,0.25784009221965276
ACH-000810,-0.10223054836135997,0.18469939481277883,-0.4146066561412408,-0.9830259896596921,-1.0577025742820465,-1.8059963808980124,3.7330661967603276,2.192167999919621,0.7142420559860079,-0.3936609136249601,-2.4837764143332377,-1.8518715839809523,-1.0333884278957697,-0.07726347156645474
ACH-000811,0.24671276410686432,0.9699867854690671,-0.28601894433355307,1.4602909959735813,1.6095711799198202,-0.39867836466918705,2.6220506343341206,1.3694143456206278,1.2418823955537108,-0.892958288722709,-0.872740056563495,-0.75170926099111,1.1238896565497631,-1.82545937640894
ACH-000817,1.5956627621929804,1.691004996907171,1.0939910231373957,-1.035559983883727,-0.56204892614855,1.000918554726455,3.7546093436037515,3.89565562253362,1.0536370487182432,3.216458568790493,-1.1429771576135914,-1.9666359527934891,-0.1363520878634106,0.6941544641430781
ACH-000819,-0.5099756928137623,0.6508527183926174,-0.12837960181921776,0.31450332204075304,-1.162098123189127,-2.0533822556793053,4.767844379461322,3.519374669232848,1.6572686648631523,1.8521281271775714,-1.9987332882090925,-2.37784324963879,-1.001982113418912,0.5318232860905638
ACH-000820,0.9087160481145742,1.2867373945182323,2.020084225028541,0.780763183437033,1.9034820562160562,5.577328685053536,1.9864788447337283,1.090034576512941,1.7374081694231784,1.0749692646534046,2.2297510564620473,-2.3485614608149663,1.7999136086792813,-1.701250899794962
ACH-000821,-1.2555106797393423,-0.5145145393739161,-0.6029294040284822,-1.6747857800361028,-1.7947824048075356,-1.3500529939346195,2.3527229931678804,1.9526366354270555,-0.06728217470311137,2.7477488633643476,-0.04806132798163654,-1.0409878429008084,-0.12831824735885666,-0.38641234377449807
ACH-000822,-0.7386918198141993,0.48071613463806967,0.08622619941852648,0.7360581741113996,1.2558065499845283,1.4903330661306062,2.3634349992714827,0.8570047468593734,0.40820830795619795,-1.8010203386049297,-2.7391757340073895,1.3650963330251908,-1.0619805028176146,0.15461093405198878
ACH-000823,2.4040038210949954,2.648832246347585,4.542964120215792,0.05581744217032554,3.589601076616383,3.850671224657719,1.4534874761268368,1.8704308137023755,3.047885222326052,-1.805195833902831,0.997392428766696,-3.2583988848841323,0.34496380701283624,0.41392462817320486
ACH-000824,0.8747408919101259,0.49171927916640196,1.4976119022378531,-0.2013262648975016,0.7995853652499025,0.47626857472986056,0.1734864413545751,-0.7008249404193971,0.4322939801349849,-1.8939948695955622,0.6526104853257917,-2.7499836672504223,0.587370964703096,-1.0012721559185327
ACH-000826,1.6032803469070929,0.7183207010822454,1.7752468068700709,1.3751869935722865,2.965777917107188,3.5188380832290638,1.9718450843795203,1.5863613512749304,0.8269655415690833,-2.1757902623944045,0.3811915656770227,-2.9348287054843194,3.0517698723632134,-1.0948924255036134
ACH-000827,-0.7501979889470306,0.963698291034679,0.44086479710515863,0.10270208352081155,-0.38514649215819663,-0.7335186222014537,3.1466078527962784,2.147183709392696,0.9184668184087669,-2.011214970789206,-2.058420177031455,-1.5354430497918043,-0.1461671487542093,-0.6050893069797679
ACH-000829,1.052530581840007,-0.911485637394843,-0.4720598103353656,-3.7567459864302233,-1.1901182083060942,-4.439247222719076,4.8180152102609055,3.4944484520785117,1.0913144246136386,4.574820875710292,-1.8471429222848728,-3.0540572233833814,-2.583320066539996,0.6713991566089472
ACH-000831,1.7675222169534033,-0.27712311114594007,0.382823524167481,-1.024750139789962,0.9324871404701793,-1.8433027918421971,2.056428270961406,2.001929346620155,2.9011136630044474,-1.0324070512511403,-0.8964785863029302,-3.833634318925587,-0.1626207201791303,-0.9402672705939975
ACH-000832,3.5660791610773552,0.9885686811369712,4.4363277515980535,0.36644884232039376,2.381995105334793,4.469191941624683,0.17684402509776903,0.6389345620808462,-0.01371688143021138,-3.4953545761354814,2.6595229521609336,-2.120481746439581,3.768177852629694,-1.7080784041251673
ACH-000833,0.19267672497118282,1.564795363500051,-1.7527432397054923,-0.4237812866088482,-0.870445973718214,-1.3385984511315798,3.2028533424469052,3.513944793142601,4.606685663234665,2.089317939508232,-1.8477082835692284,-1.4594647159797083,-1.1114621150705202,1.8861087621365291
ACH-000834,4.61001000987708,1.8586365373532505,4.109902238220216,1.3586223976859093,3.8101792650596726,6.201072417652113,2.157989223414085,1.542294746463532,-0.14740029297541013,-1.3232019448294736,3.3210926096365854,0.55113901850001,2.243617147900908,-1.1377253834506482
ACH-000835,-0.18664800387042024,-0.027944709742314305,-0.6857253321282162,0.4024823359565371,0.852147457633326,-1.6379863937585994,2.669193183123518,1.234992648527216,0.8549857076786807,-0.9998808725192629,-1.4004605876202625,-1.1688801053718973,-0.3774946789722974,-1.1610371906196695
ACH-000836,4.4970671956659,0.14910700221400577,2.4228474227563535,-0.5722560497275406,2.933663701196047,1.2145122084095705,1.5527139362604654,1.522480628067404,0.15367418051348336,-0.8016018712659854,0.9135852775412083,-2.225132218977878,2.18851316471579,-0.7257326819624867
ACH-000837,5.410433916681363,1.582200651615996,3.106353030347575,-0.1387332052413187,1.3576255504580401,1.5731595071433908,2.154150475872996,1.6489498704265846,2.8496642317372354,-1.1685609667600185,-0.0012259223878850478,-3.19914372828016,1.613309085981303,-0.9361455287597664
ACH-000838,-0.06586271588785335,1.1050549823424183,-1.2074763988265744,-4.307545592144863,-1.4960272286750416,-4.107000286811553,2.802174591126288,1.8270443551572888,2.2343683182838037,4.818122099004678,-1.5261411520734915,-1.8068798091358593,-2.105431229490959,0.8419626111598735
ACH-000839,7.6079169080159925,2.4532863365942195,8.432684664777787,1.0217217022558636,4.042420694237211,6.683491196778024,1.2729800901104815,1.5959960741874195,0.8912956117543351,-4.045723657646518,4.36281000165041,-2.393942886884395,3.7992319672567825,-2.5366548428053175
ACH-000840,-1.9067396148877516,1.1983163055365877,-2.024880558288353,0.24591071562935046,0.7018675747157115,0.5915893707905773,3.7369720403598494,1.5870796403307823,2.220284661358604,-2.1168665249956167,-1.2119161094881648,-1.1894855623669154,1.3762178092196087,-3.1757762189548915
ACH-000841,0.7145682129897284,-0.8165797030087918,1.2744470887512962,-0.16794442102724286,1.0475035066939586,1.3192643769575296,1.7015298456051473,0.9373345531179996,2.166998790522766,-1.670152435447638,0.6127718854080506,-2.762153453832428,1.2372073135419746,-1.7647780311716685
ACH-000843,0.33455585595044474,0.5000077497422516,-0.4174833665548466,-1.6787494966610712,-1.4010241518316324,-1.2689100005169227,0.930048954000989,0.8928746743290012,1.795649906898991,0.9991207361320663,-0.18752188991987204,-3.36155863881318,-0.8556483582463605,-1.370173422953223
ACH-000845,6.42423667535657,1.3028640253257957,4.330664146895536,2.9175632854416507,2.509382437059288,3.7478687301849463,2.1684928020637018,2.4220618087687424,0.7579889382679039,-2.6034369004654483,1.3087520732363747,-2.9746927297285266,3.4175673413200207,-2.2119459124807386
ACH-000846,0.24572638652769702,-1.3557426626793116,0.22669766548399317,-0.35590925625181136,0.6694545334593638,1.559605799246322,2.2472521588825907,1.362562884126775,-0.14271376781473571,-0.30961471401370483,-0.759470331899966,-2.0130537089975973,1.3186490073928723,-0.6534514235611449
ACH-000847,0.9909569011919804,0.15568703369745684,-0.09916265975753111,-1.9523759086235675,-2.382800701740049,-2.7240760659880103,2.426395859120394,2.0675190508186376,2.2896377840988915,1.6823974884200603,-1.3643974160272707,-1.9149504514083002,-2.3424034308322828,1.9764107488620917
ACH-000848,0.27439062352348204,1.143098299492229,1.0553554721181098,-0.741690260759985,1.693118699922059,2.1801337152707263,2.9235953582585665,4.2723380271403135,1.5622146587851589,1.363307692263778,3.351471394438413,-2.7834071458859437,-1.3712822570099865,0.8237435803876988
ACH-000849,1.9628941916474139,2.4275431141969035,1.115083175604311,0.5839109863424704,1.4596406932094146,2.81426669459035,2.1548718529731388,0.6838609081920144,0.330877470071254,-0.410047635612467,2.0545654657047687,-1.153538713994653,1.745759180648507,-0.9461850037888484
ACH-000851,4.546003640389956,2.224645563836,3.083351532682658,1.13305328623373,1.6891400879016283,3.765415299220201,0.06777464310946196,2.2767614810091734,0.4174599323893654,-1.2595675680967515,2.816341584536652,-1.011033564324622,1.1060543565678476,0.2727896140314346
ACH-000853,1.7852715369853935,0.5268799897931855,0.5701498816749955,-0.5147125099764177,-0.9006258390180037,-2.1594677771216237,2.514590433935937,1.171149123230011,1.8384721886402753,0.32578118939471307,-0.6589523925850815,-1.382445451978855,-0.49269681152379696,0.8270563845728456
ACH-000855,-1.0650102437744204,-0.5185257671320074,-0.09172985866210268,-0.5964437640902694,1.1676017548109754,-0.5925078248311059,1.1424989093974895,-1.235371305471837,0.011407197991070678,1.0131371119024055,-1.7604487511053033,-1.293353660553279,0.9946241867846884,-0.978943902933824
ACH-000856,0.8310399273471044,-0.27693710542566774,0.4396325968602227,0.30455976668211254,-0.5481655522477834,-0.21639124475524407,3.7645699313295355,2.3850820137640816,0.8013247287674726,1.4456331487351093,0.4125361271943948,-1.189703430488287,-1.2758296487257663,-0.36026610949392235
ACH-000858,7.963965459586981,1.572883364877822,7.234764882268992,0.5958353024321313,3.743773872502673,7.234184604878357,0.18046651039936343,0.4663022607247308,0.3279708042106101,-2.225254129411696,4.708148426679376,-1.3831618585012282,3.97938833544583,-1.5406010773225325
ACH-000859,-0.45734743121858973,1.4135704303014966,-0.4285081441577886,-0.9662724677072452,-0.47653343216245037,0.21285017221953495,-0.5123205625697316,-0.2706414152879566,-0.5028410950857051,-0.6745575574276836,0.3368062256812228,-1.8585189718168154,0.5820678599965892,-1.365921956920248
ACH-000860,2.506453971514524,1.811251767597645,1.9994042338740274,0.9965273374623124,1.0403484833010093,1.5794526857843243,2.76468204007274,2.5119466108009894,2.906974163959471,-0.5435360141647462,0.5079295157303666,-3.6352004275241674,0.8757715450423197,-0.9732962916382166
ACH-000861,-0.3638543929399327,-0.018013470859849445,-0.7303023915771322,0.873429641657993,0.13482761179467506,-1.916233979074467,0.8332219154509813,0.5885854545618322,-0.14797460189604136,-1.4379715241906592,-1.8357866570923909,-0.4272800514461202,0.6097504757081285,-0.05784227214855923
ACH-000862,0.8525589158828814,-0.2415301546412748,1.1924238297192449,1.221808173826742,2.9316474344410306,4.933060960847009,3.8756517561885926,1.5014128079717666,1.9603986967818692,-1.582400939888755,4.037975596198438,-2.98652822895631,3.9132600302228715,-3.2867597713769174
ACH-000863,-1.833612671492811,0.18964077994277484,-1.509552288093318,-1.6175112396429758,0.00531397588086082,-0.6237920272991944,0.6915954020464641,-0.4602621718841813,-0.7658729514408154,0.9875118323425404,-0.9375278288892408,2.1418939582784158,-1.160465188216715,0.8602728455755321
ACH-000864,1.66844007387288,1.3210308561304085,2.6672469968710275,-1.4898296378723572,-0.3485948537288981,2.8928619005037643,4.813287099169011,4.361425762024835,2.848455365869654,2.6844162907039943,0.04863912859172986,-0.4268184164398854,-3.285887771399653,2.486545251809982
ACH-000865,-0.8181155110686323,-0.7732359698171933,-0.5069731358346862,-0.6397106892695421,0.5623358421281347,-0.9568757332425927,1.1183826974538071,-0.13884390136208735,1.8897820036212063,1.6190675545271693,0.10886543843744842,-2.8957023387821694,0.5919714858864533,-0.9845450937985385
ACH-000866,0.4828545904226562,1.6168811865361572,-1.0627139126782739,-0.4157177082292131,-1.6755048047207939,-1.5882130424910064,3.4878157872004865,2.144648835065549,0.15112944536645,1.5257078238730926,0.04066926054028342,-2.7568006505533935,-1.866073333603516,1.2249641494450767
ACH-000867,4.807328966725181,0.8861334364973137,4.387260501429694,1.07198309961479,2.4081201493413067,4.883233918768702,4.188592667094624,2.8930396720165152,-0.3467080010123018,-2.757396836469115,1.4238170553918212,-1.4821118180785833,1.729465528791087,-1.1687608242909284
ACH-000869,-0.5417683863722149,0.3780538648547496,-0.018293502818360848,0.7572027710461746,1.4551550794519277,0.639696387359176,2.0979421956686637,2.4784226942018774,0.8093416681344716,-0.5000739468258635,-0.39124994496306703,-2.0386814838329146,0.7506842036354691,-1.6415570151418277
ACH-000871,2.091996947776841,0.2900561007481172,0.07269842882757174,1.7627110473697012,-0.32283338940533546,0.2769993603240356,2.7806124837244393,2.004568316995063,1.174909062317775,1.5234377370823382,0.059187751277847464,-3.335152794478734,-1.7370117189114334,-0.12673174453003833
ACH-000872,1.6368521060100445,-0.7168519578962705,-0.6795782180648245,-0.2314160943391525,-0.7650275093176722,1.9242803491525347,0.06315243431463835,0.3344884554154087,-0.6216458869874079,-0.059258278253724705,0.8310325956509685,0.900218751325723,1.3357751390244987,-0.8553736970881253
ACH-000873,8.12634498338071,2.5698136477311553,8.231247570184694,2.4361325488493897,3.5817274443483975,8.984281237927732,3.361749548879736,4.7755262890693695,3.3458555082044605,-3.054775561461708,5.042558070341585,-4.597002371248258,1.2290613148251586,-1.8872298565847334
ACH-000874,-4.615601734692799,4.867185416793995,-2.4317366095652835,3.7461830560398575,3.040707508143752,5.056057601249372,5.8489027085287,9.060511303148598,7.051136044552115,0.8738749334370324,0.2558411647968165,-1.6504614715154091,-2.3639900753972776,0.12200395054129098
ACH-000876,1.776676427285948,1.8124186543097354,3.9766103661254495,1.6178422020905436,3.956622129020759,8.107455306140576,1.9370576820966432,2.3670019036601295,1.4566104722127173,-2.765039869044699,3.0488291602762905,-1.5041574048901696,2.1968280864117813,-0.327252964297012
ACH-000878,0.7795268929151926,0.12412442602006188,-0.7968047530633745,1.281967388025607,-0.7939519553016322,-0.34676312389650565,-0.30942647530657497,1.4079736746260665,0.36363419336805136,-1.8370339760353183,-0.8412330177889411,-0.7023187766280259,1.438817883341248,-1.9117115584452935
ACH-000879,1.1940834254512152,0.8260770063819283,1.4556486954537144,-0.24746527370128768,-0.2493858869221406,-1.7084134520504606,3.66359268907849,3.668969357349266,2.4771727408501985,0.44762270339810056,-0.4084177732424594,-3.2006170299119523,-0.28668305325822563,-0.47511139316783146
ACH-000880,2.044558616781621,1.113961613326223,1.434079498255745,-0.5857769075007303,0.04110805657938834,0.0944810444248198,3.6170036938402053,2.8358170973465153,1.282793199071401,0.15264097082614858,1.0687170810226254,-3.524081041223446,1.6577700068480108,-2.1681905373826638
ACH-000881,-0.9534778329160742,1.1259608752514914,-1.5090071416754083,-1.2560857679105735,-0.8347482164455207,-2.4809439607716786,3.347925052346479,2.122534718675419,2.1665673498040943,0.383850095049716,-3.231604795378599,-0.9313006925113502,-1.8859930256414756,-0.10434967264725875
ACH-000882,1.8832452306166771,0.038096659039212555,1.8361410963241531,-1.9321509919506341,-0.12465249147375251,-1.3127179065355894,4.305806637885338,2.5155341464984593,1.38448700391157,-0.03167283977517909,-2.390159717658582,-1.2663165374840772,-2.3065064536842734,1.7601566709337697
ACH-000884,-3.6735486656410896,-1.074210985289901,-2.4559868445010626,0.4698743502764275,0.7345538533562563,-0.6934351490635371,0.12966545101279572,-1.743266301744075,-1.0951872228598978,-0.19047322338984587,-2.9666861495393286,1.6960190522008078,-1.402877761909848,0.38270159015752003
ACH-000885,-0.8774203742666412,0.6275669369390018,0.14944400590371573,0.8622236975479741,1.586759419804698,0.6905047579680976,3.084769558416595,1.2553215139497127,0.5620061169646418,-1.0426360461714468,0.27189770933414525,-0.6645308626329636,-1.106870035059,-0.9185447690625643
ACH-000886,1.3405025275115825,0.16846356561667658,1.8833164657583072,0.4323488968563694,0.7146233620225233,-0.04329820528405148,0.8440839727249139,1.6290662180056594,0.37251958516049644,-1.7531249010644872,-0.11766930694846055,-1.232870641803267,1.2136503565077015,-0.6429776860664196
ACH-000887,3.23139079464177,0.8324244526977396,2.4435603591879183,0.1872632328953078,1.45826225817639,0.8369548836944243,0.3935177465020494,1.3602607096116197,0.33695124183510766,-2.413030669198171,1.1491909449761177,-0.9174665358174511,2.4915234975762,-1.502760929077238
ACH-000888,1.3506568247699033,1.6335446801167444,2.880390354871717,0.04659313212077869,0.3345130860507901,2.2297796888578048,3.808570809987836,1.3778116092963877,1.2763100931892244,-1.7557800714936334,2.5107488965269855,-0.23838756671536665,0.7640202272663222,-0.14900637812934112
ACH-000889,-0.06258486875089504,1.2454113718888071,0.11901114057020458,-2.3228004068718566,-3.6557937004802006,-3.6008872618243903,4.394706473144779,2.721646016269685,2.2606372910434573,3.631544338351162,-0.7822560498558443,-2.0087777247611194,-2.885936624047732,0.5519855016566274
ACH-000890,-2.2352568679149316,-0.9497877067010602,-1.3609967185697611,0.797252650663919,0.9460519369823729,-0.5188139970281394,2.191236106164655,1.47532001843773,1.446983171728414,-0.9481858595510461,-1.262528450050355,-1.6272527645036488,0.844343114930909,-0.1472856150567568
ACH-000894,-0.15430202795179726,3.598252609714831,0.6288491458956692,0.8969640517724886,1.5393649414494268,4.888423635716269,0.06767274889192841,1.9946204809660175,0.39708582544427884,-1.5030279572926148,2.961784574571327,0.3826008871501345,2.4531767533820896,-0.7845219859003064
ACH-000896,0.39907284090986295,1.3392926022817384,1.0532875204732919,0.8140451471848483,0.9828312352886635,1.5895324803511972,2.0875245582376616,1.951422091589742,1.0176663418814216,-0.43272586530601065,1.0209136247302786,-0.8508923837885108,1.759988447868687,-1.0184344585159453
ACH-000898,4.203457020632369,-0.7864928917441578,3.1940895978194668,0.5795799493251966,4.232907037474371,4.733641054839113,3.7989346695230837,2.3467849483327243,1.119415917554197,0.8868705984586421,4.352947524369819,-2.421046687008067,2.6050028122470095,-1.8084505870575551
ACH-000899,-1.4292613162615722,-0.5209799113116091,-0.9510783979430466,-0.656155227396256,-0.6725916544707664,-1.2396563207174003,3.336061446489503,0.043905424404993953,-0.9191287317288077,0.5190662471951172,-3.812637286082116,-0.4045945145565606,-0.9933477302955975,0.11089178749439077
ACH-000900,6.11361886672335,0.03419175107073058,1.6453185428699995,-1.2847704479225717,-0.6303290492761398,-1.2972910311554853,1.3577931056729649,1.8293348235019076,1.7024616523808909,-0.5774184870321658,-0.6867388072420207,-2.0335492157998445,-0.41124576202865537,0.8817515590466296
ACH-000901,-0.008319905217217899,-2.2002479061308162,-0.5822770005762792,1.162760816064931,0.13446573347109628,-2.9905152800681756,1.2585029042894824,2.35930096397572,1.494836455313073,-1.4421579338706143,-2.944675066736858,-1.1552496418601637,-1.4563500217882344,-0.4862060079385273
ACH-000903,-2.1096659122321126,1.773500761093242,1.3574830846678214,1.114427026535658,0.3692087645844427,0.9908902708892675,3.096922473040811,3.4148303916183647,2.9381494834414115,-0.5792770776326747,-1.187360994050541,-0.16021488317068164,-1.8206721221697124,-0.9261771993357035
ACH-000905,-0.4835434481958216,1.7330085578311478,-0.6269124905268242,0.5920365772260123,1.4774856948369022,0.5316156971364328,1.4333327097641315,2.958416126319006,2.4835397987791277,-0.8172801645150016,1.0341239221539429,-1.6607516109049314,1.3017150096790382,-1.638863904660128
ACH-000906,1.0894450525882144,-0.3371103606940964,1.1299165085272938,0.2524742965663659,-0.12943489685340653,-1.363548707961365,2.07194644667709,0.4634321977325703,0.845908575227167,-0.11047954899645451,-1.764158853158518,0.3176084905233532,-1.2288173808610452,0.22785794623066546
ACH-000907,1.3771188091988404,2.0061124449284127,2.978250979061241,3.421025589770405,3.7900000817962893,6.203953143025934,2.0667487899103114,0.5710519747634235,0.6996931568494054,-4.609161292588868,2.039329599238141,2.0035992858976073,0.6854430376368437,-1.550016717916205
ACH-000910,0.5638857133822526,1.7193443273329065,2.369231406856012,1.7499182657754218,0.9389454309459867,4.660455967580829,3.0795311070396267,3.1150322007945013,2.102116045182293,0.2542607795931467,1.1406150024203825,-2.8506814738455675,-0.4708405254856373,2.658139921916522
ACH-000911,3.4328193482315426,0.5902220696531989,1.8295517669843504,-0.106148045841443,0.7654784063362035,0.09925436355830519,0.43257674628177495,-0.45142554091342163,-0.06783976090514265,-0.72229902380946,1.1296651395323907,-0.6156096965213178,0.04070296189524626,-0.8517251428014345
ACH-000912,0.6820005865611277,0.8539304649683026,0.7256102806345073,0.4570701915195502,0.8986632144674045,-1.3184496095555316,3.477309004620754,1.8184770318061485,2.853433260161375,-0.8387992546151698,-1.1702069849595307,-2.3041596071404995,2.0221768257240464,0.26779664660159436
ACH-000913,1.5803842069507774,0.30699748194894716,1.0208300784566693,-0.5974791466344362,0.17142233862758727,-1.8013190080088255,0.7581456097214384,0.6914073497838699,0.389273403665923,-0.6444013027563957,-0.8436540657568059,-0.44636221586863584,0.5601189896948184,-0.7152032121669694
ACH-000914,-0.2336301477272081,-0.48756898083825817,0.07814740834224194,-3.724945419023622,-2.181394575839345,-4.540239068305033,2.7318344288945715,3.213454140998346,0.7457530620088322,4.9247878944927725,-1.5771221509587647,-2.851912039908726,-1.696148043992432,0.8149173256123441
ACH-000915,0.11527583712134068,-0.23049909143202804,-0.014823694025574326,-1.972811314100435,-1.366312195985554,-2.251032708920661,2.5913702061826926,1.3613652791180348,-0.21198230143782737,-0.47726625456497956,-2.3544465544749515,-0.4396884665025829,-1.495676123520083,0.05989669502112621
ACH-000916,4.338279493610199,0.035629531421648264,2.3805798875594553,2.4865185552194182,3.313771556316692,6.989261043241618,3.4911918455470414,2.3385527496479233,0.6867430244560544,-2.640600329964374,2.6072249948767565,-0.486257623568253,2.713137424030219,-2.125936001130412
ACH-000917,1.6288546936381594,2.1188267093101256,2.680368958631939,-0.3548381171733761,0.39081801664684884,1.1097555301972366,0.8591262834514349,0.3140683010025514,1.3058108500022199,-1.031583550101068,2.0587244848081028,-2.198950027126824,1.9134744830004218,-0.5441888120294092
ACH-000919,1.776563466602086,0.21116958793144588,2.398837356010446,0.9627769801088282,0.7872568033880343,4.4632972384731495,2.1002161848632546,3.36264440133135,0.9921354988857226,-0.1961611147758953,3.08944412408537,-2.9452053185644362,0.5522340963511898,-3.3436023957946617
ACH-000920,-0.5714986758971797,-1.2983732636337042,0.5380877029701949,-0.9163672966456042,1.5345943356226517,-1.048653023877371,4.000886357418137,2.783296119968409,0.6890609807833213,4.374424760062052,-0.34696049844642846,-1.3679145520102922,-2.6646415432874178,0.3907821669106777
ACH-000921,0.5415896545711574,0.5711042489293445,1.4474150702867528,-0.3718676366754944,0.10244389209572441,-2.4756789844349596,3.2185701210168167,1.734574941772582,2.43536755754051,0.19352455331429252,-2.7070338955534066,-1.7246984489976283,-0.050750723876361065,0.5111275449521073
ACH-000922,-0.07984005633246985,1.2716313247851194,-0.5020342400823862,0.43610075656415176,0.16769199024894,-1.1123448960918376,5.306769585973237,5.447859472550512,3.7041474597320265,2.709968746653078,-0.7428430709653455,-2.5969440402290878,-2.949215827181738,0.4939722462556629
ACH-000924,1.0802593681259078,1.1994174945820961,0.6319260946460972,0.3494202715427406,-0.5249335906309467,0.7473555933649042,3.225452007742424,1.664188828889358,1.4489211577424919,-1.810628906190206,1.3023984049368484,-0.6181238283746866,-1.0840169677335754,0.009021528324115173
ACH-000926,1.5087233764265502,-0.09830085694227542,2.3161758762460476,-0.4086450016141976,0.8240841086073747,3.2576696089613315,0.09196423933835138,0.2763105951366423,1.1283429345387668,0.6730183957816368,3.219292134486192,0.3996743724645153,2.378047858695523,-0.9646502593487088
ACH-000928,0.1343239264319467,0.005329003620317907,0.5747649540947113,-0.6796199451910806,0.7226330858727092,0.0473701776943301,2.4782160661560333,1.6765636028744386,-0.5449467079438283,-0.5464630347610254,0.10468940320858863,-0.7417412178154669,-1.0084401453585297,-1.1057849881056823
ACH-000929,1.8561265393085575,3.3879610739227823,2.1655603377433708,1.7592947053234513,1.276218653669841,4.879070492416398,2.3528425860248157,1.852940466441543,1.1220059086863836,-2.992156927144408,2.911669129949879,-2.8751274976292973,2.587438680924357,-1.1613145332897095
ACH-000932,-0.7115088505158448,-0.15495273512263563,-0.25410705675465595,-0.43008173837289304,-1.1957812779553092,-4.309861265908212,2.5613997744756456,0.7070491345978238,1.1200344648005958,3.998573714354421,-2.2690281449406284,-3.415889446098538,-3.1900684731797346,1.25319540393455
ACH-000934,0.7146750435715329,2.1129901854618396,1.5214401794106567,1.72021252327296,2.37762751866943,3.682904957903726,3.772920781125755,2.9053036589024055,3.017556360430336,-0.7027908868081574,1.207587641241144,-3.0904973452171656,0.33566930629038255,0.2243801524290609
ACH-000935,-0.38469318362314636,1.9834076466713608,-0.05428726262242408,0.21632893148980786,1.4378908737612597,0.10816611521683699,4.048155860048101,3.360819370483862,2.744021062298746,-0.3075399255821435,-2.374799765173048,0.050207653101877775,-0.45543925239075245,-0.9457374106954144
ACH-000936,4.256703804638002,0.9050250674002986,4.247529664706407,0.7379429856514765,1.1188301063951531,2.473769956850329,2.64537353145338,1.5443848016676083,1.8793593849337922,-1.3024300998812093,0.6759128655387493,-1.5658454629106895,1.083014180730812,-2.043089419716069
ACH-000937,-0.27475706640799624,-2.198083010082537,0.9776645810903576,-0.7197158010184914,0.4905359466602384,-0.9442056432933766,5.675220483241461,3.963214946227279,1.0244475163987428,2.9766143973152155,-1.1911538852550332,-2.508969625529885,-2.224343521549397,-0.6832536701242682
ACH-000938,2.3857189198327866,-0.5549346321872021,1.8673380462442755,-0.9348886123907179,0.24325323724266149,-3.153417908174045,4.220215060551855,3.485720369098406,0.6138262377698563,3.5798524097588444,-1.867927540909086,-2.595630629117513,-1.9792736261698276,-0.7034881112070539
ACH-000939,-0.06442442060462714,0.3472459509372194,-0.4193438878497201,-0.3990533313690992,-0.9122062682427685,-2.220030790193433,4.423639907375112,3.512869456158356,3.0877556593315636,-0.05332606233391824,-2.628816315186305,-4.149197733989891,-0.5515212893361015,-1.1618181384103794
ACH-000941,4.8847202906142675,2.0232148195168387,2.5367321544777997,1.9663929607854078,1.4826190471474792,3.883118152211403,4.748310230048694,3.1746698968861415,2.575062694262025,-0.5674647560476218,1.6297812078961484,-3.131184063361815,-0.9983785121555359,-0.35220236855990567
ACH-000943,-0.941436247483617,-0.3709191469011088,-1.0020514086308456,-0.9299357563279803,-1.1832118906405233,-1.626120722874652,0.4277816780658903,1.8903116696854962,2.077795817685917,1.220137733954337,-0.16265998998884978,-3.326382196577665,0.03127683027705373,-1.89639718453788
ACH-000944,-0.46436227357392035,0.4118999754683262,-0.20900710761052682,-2.043970710318001,-1.7152889830092044,-4.886532882881466,3.1772537522381543,3.271987786762354,1.4847264871929151,4.4598922134560235,-2.050306886473959,-2.0219435719809216,-1.9665158240086609,0.6092626825760077
ACH-000945,0.7963988018299216,-0.7434996441407057,1.0299481531384227,0.5396513798547986,0.5696680659609645,-0.6135775945772628,1.6908889371866065,0.4381288198797921,0.6472210133120613,-1.3860288170055584,-0.7723486730183061,1.0889204659527179,1.3892991162975883,-1.0630984461504405
ACH-000946,4.598093861215578,1.8706064853305426,3.109810677089436,-0.27961498613870317,1.7639700987000888,0.8234882482325107,4.813042672959531,3.35328517127573,2.6694409721408974,-0.982532506761681,1.319631833625293,-4.321805738627528,1.7479673245874014,-2.8841438887420865
ACH-000947,-2.5889248287813142,-0.8723470271587023,-1.538060089662639,-1.6477328508696922,-2.5689382088212156,-4.203111625731774,3.3942862857363645,1.610550288727323,1.965349906922623,1.7623289142143639,-3.0741142323125814,-1.4030131343078047,-1.7818012788559525,0.12809889412177178
ACH-000948,0.6936024664305995,-0.590008528702628,1.1305058925108513,-1.922556649485872,-2.148972314789145,-1.5127259327835665,-1.099612453436258,-0.10728801206944627,0.8314395844288397,1.1559039240437947,1.1241240933368903,-0.5140329858879504,2.6557449234454817,-2.111898459125125
ACH-000950,0.36510909125580193,0.5575878059334594,1.8955030472912806,-0.49293466106349626,0.10741165912541659,0.9840752117155926,3.352070259905141,2.4330792126031313,1.9297029814798408,1.1467975269435593,2.1737144992412993,-2.6850441626837562,0.318216384988514,-2.0576061366789276
ACH-000953,-2.4283095993366,-0.7181640108927715,-1.8679305547417584,-3.650986946968155,-2.65807040737418,-5.699161551128804,4.030762839719552,3.5982353000321843,1.7435582739780662,5.698166535025982,-3.954451862964797,-2.5299640620970356,-2.542034290853006,-0.14402079911662025
ACH-000956,0.09098272373097069,0.4962923502299137,-0.671679036175642,-1.3573276050251613,-2.174845290968885,0.1563045684783526,1.679500298955714,3.123162301764427,1.0562683010465004,1.45109411153545,-0.9055063692231151,-1.7750562103184835,-2.3242037559635484,1.3766359161939918
ACH-000957,0.4460142197570478,0.3617785318528002,1.1803823159209972,0.3265981162365081,0.6135402214486612,2.5983303086513043,2.917403511619953,1.385795427264482,0.6691499717534052,0.21006402690746143,1.9642823435297327,-2.584906234273319,2.0277881450795667,-1.8480315449409688
ACH-000958,3.1755496830006664,-0.14886741707122447,3.2622489583398746,-0.48731992229451876,1.4053725082887671,2.3667959271929084,3.8776869915838423,2.499553701110454,2.1902950510371753,1.2675192905020998,2.140693104866623,-3.101723583397449,1.71456227370115,-1.228912334562342
ACH-000959,0.26253252139771616,0.5801626635521566,0.33388056354040685,-1.0566809179133825,0.2627699591458774,-0.0783572918957167,3.1603024737525667,1.108595895155767,1.876626749388342,1.0346093814374298,2.161927631392981,-3.6561594004268825,1.2119058727408787,-2.5365980343923624
ACH-000960,-1.544510905004021,-0.19237975849017414,-1.8219731317892114,-1.1664464418957843,-1.0531556014458525,-4.648089055160065,3.3528011973850695,3.0400780603211026,3.2061866301152597,2.5169864491837393,-2.9401864212415547,-4.726461829956131,-3.6153681535823696,0.5758017276191278
ACH-000961,2.4317436960760133,1.0089795164467166,1.868827795111047,0.21260879010826486,0.13422691711856113,0.8576459339557243,4.008419488126334,2.7221346443879626,1.9290035506738807,0.737196106726159,0.35962883463553935,-2.973881038383819,-0.3536638585722971,-0.23315702206589578
ACH-000962,0.8965497259010585,-0.5054852868796577,1.9496074189553614,-0.4721296679749401,0.692923646555206,0.20851568075411478,2.1072381711631287,-0.1618508488530036,0.5293259111345071,-0.9356265419129189,-0.30274069866466213,-0.36701816383203556,0.5396082691572011,-0.6679516535316763
ACH-000963,3.2575703496555484,0.8903503596876273,2.2894987812782897,1.1066753273297127,0.582158263745048,1.5862423413854738,3.1259953026968503,3.1128039733568302,0.9726623011820064,0.288592090676051,2.2392099808626105,-3.790362183073594,0.54256556477337,-1.734876543455893
ACH-000965,3.075536937224608,1.6651039538785288,2.3771767830636468,0.4760803425624299,1.6251385975510793,2.144956512177331,4.108167972603017,3.2742564769093563,1.7010270228529052,-0.5783016674905468,0.5799320039316904,-2.7185553290127302,0.668742075794887,-1.6421421559212233
ACH-000966,3.308440008375899,0.8096198682107449,1.6956106238767221,-0.09781209993079623,0.3017258447342705,0.218605617869632,4.749987873544508,3.54173555960713,1.1687252364279612,-1.1271245366169529,0.46960081417496413,-3.133711748690399,-0.05269089265316587,-2.2056384152588366
ACH-000968,2.644112885649171,2.443692318179654,1.4138092932372752,0.7174584484738973,0.40423543512513543,1.7842689133046967,4.282568902627955,4.576158637129362,2.575567559938176,-0.3753195867680127,-1.0702347765111158,-1.0346682002470575,-1.007637753566431,0.6131679623950478
ACH-000969,-2.1240251102979824,-1.0196062014876959,-0.8820799399605781,0.30359379429020705,0.5675159424483377,-0.37870519813013936,-1.0489456308601222,0.9669769730527085,1.344321936703103,1.2875909025168586,1.9000608786864088,-2.0502900613672117,-0.6708467194456602,-1.0366437880544088
ACH-000970,1.9061752953986981,-0.1321495695308119,2.8751437417672947,-0.11999165067909205,1.0377841092646503,-0.09822527585700441,3.6986331890938744,2.342250490062569,1.1274844628353025,-1.000539067086473,0.7578670114677832,-2.8563036385645315,2.5027329117734123,-1.7085911941613707
ACH-000971,1.0692107963608866,0.09835652473502775,-0.685623466838163,-0.9447461284897947,-1.642211649550409,-3.566376469132102,0.39650098727108146,1.2490620793017284,1.2487100556973318,1.6609591729464133,-1.3573451923432847,-3.0164749706095506,0.10953808683373656,-0.42277941521151663
ACH-000972,5.895701068799481,2.332067815223054,3.6493670736411596,-0.16295511691769102,1.4437201955970898,0.8491927144472913,3.984854722884972,1.949468695859814,2.3424596216867526,0.08353607494020181,0.826819529053838,-3.681268738179325,0.045826743916223725,-2.161352743518433
ACH-000973,-0.34454928997913603,1.4087380595318797,-0.6056177004116272,-0.6872245850572021,-1.5245305490154488,-2.4597338471851,3.3612241515768844,3.1597341980895997,3.195286787957129,1.1523105576218349,-2.1769440190150906,-2.245077919840183,-0.7250793182179186,-0.5143927484981585
ACH-000974,3.0758636772726886,2.006948243247523,2.6773731045625,2.218664907983667,3.623762162929415,3.7803228202443355,2.000463697944963,0.8065483989923717,1.6608862919591532,0.07814236148699708,2.3376579748657234,0.48650151409190345,2.080348268363895,-0.22737065239576104
ACH-000975,1.9649672145140438,2.119558927873742,1.6005329137424167,8.219239277520677,0.945781661857745,2.467501593813853,2.2521944074396707,2.422646182429517,1.6407110544724413,-1.962315177111647,-0.8432406885459792,-2.3570714841545217,1.6938650831475117,-1.4100125884477825
ACH-000976,-1.5390458023713085,3.781115003613162,-0.06602701913303255,2.7653408348184305,2.5060846585324303,5.184915596979313,-1.8461291749931583,-0.6442211892384596,1.4881882603535734,-2.397420141206472,2.5099640351155235,1.9548718770666205,2.286211635436858,0.01598512799563926
ACH-000977,-0.3724609984484475,1.4760929442027608,1.9218733512373767,-0.01976840492418155,1.575977040010173,3.4118147800199465,3.769250158109895,1.6251189235500116,1.9390690687726089,2.264269131617093,0.6235146052301652,-0.9177442830762115,-0.10066166057034426,0.1468880744907553
ACH-000978,4.321802455419325,1.0287163236127956,2.12203976518861,-0.876887566172103,-0.240630251951583,0.20091586295676475,4.357758182406872,3.4560054878624493,2.69139023076959,0.7784965842729028,1.047180088510659,-3.402186696293622,-0.3691902922679428,-0.22719062784619115
ACH-000979,7.935403153355253,2.9901823939407253,3.3035654136179846,1.6771113787624654,1.5016260917959778,4.770746119712031,-3.796457332688985,-0.9917251383950869,-0.18046582429209962,-4.366883236015968,4.488317161719235,2.519757607761394,2.325233924588262,-0.2317247899317373
ACH-000980,-5.500903706303297,1.0942432022967916,-2.0875323329919446,-1.3191760935882118,-2.311572844181189,-4.052509057557382,2.5227232266933153,2.561356363204303,2.272470013046405,1.9344719031200808,-2.990162310695187,-2.3732673377297253,-3.923896126333498,1.8508990435922237
ACH-000981,-2.2404889649705466,-0.5182342713838636,-2.1388385226176116,-1.465469202905186,-0.1662545399700991,-2.4200917939638145,5.371720180200812,5.15251389956479,2.313028527501303,4.795550050786232,-3.4921207980165287,-1.4916914075110626,-2.5212280394332205,-1.511272803951363
ACH-000983,0.2722087374765583,-0.300884958015401,-1.0787097673216883,-1.4813534844024379,-1.4178547286417564,-4.734278589145917,2.8433204111068164,2.168189364632346,1.3061182655771253,2.3224177631800305,-2.2826107549645758,-1.350961813126447,-0.9715484995260492,-0.6475033756561143
ACH-000984,-1.0962629747400572,0.8419678684316625,-0.5570229529727075,-0.595604263873755,0.3028707275026155,-2.559650324045636,3.8829164792294852,2.5925357228789077,2.593248483671712,-0.23716537132711327,-2.396905633579168,-4.782953472620583,1.5794008428667277,-1.7369352474943032
ACH-000985,1.2323489329798396,0.23471418682422587,2.4297848617473625,-0.6275315058544617,0.5651818989159982,0.40293049228780525,0.8537159294682483,1.5314654932546525,-0.018555438610626113,2.175693504470407,2.734433861061763,-1.728628225403122,1.1720282002252065,-0.494034515588038
ACH-000986,1.036679094264102,0.19252525987277203,0.9908880179022731,-0.3050260216357285,0.6382925354000857,2.081138100084714,0.4978814349740096,1.043910602881144,0.560020467932321,-0.5681204271966573,2.737939541818004,-1.6066511130410872,2.594687748040619,-1.5740652692027135
ACH-000988,1.5950163969272697,1.2266927823056082,1.6364318684514272,-0.37968341806613315,0.22608562870816934,-0.11630719570262517,3.4113507581704012,2.2506318430290944,2.617531306583507,-0.2218661171654228,0.0893640448360527,-2.436697386046896,-0.9335582120557308,-0.8569197734207586
ACH-000991,-0.28030798410817764,-0.08162155304398744,1.4598241586000853,1.5599093247553866,0.49333044847720886,2.059671067340789,1.8827576657677625,0.4661471306917474,0.39174237942365864,-0.2596465069745588,2.014027041561629,-2.147739025521679,2.7971861979830113,-2.8092567050276878
ACH-000993,8.328346301655541,1.7230469393000547,7.12171734294993,1.3559356154216817,3.749026266396824,5.44917848002214,3.359853664982771,3.7859580242582886,1.6634239145844505,-2.8028967424377074,3.3316830129317854,-3.084066305637928,2.784699952222157,-3.2855542132744957
ACH-000994,0.15602465852227518,0.9802131307350758,0.8488328155011019,0.18598486635750364,0.9227371175842427,0.14484195397485838,3.0593007593017,3.379314721512969,1.8063808394653185,0.31537265034149137,-0.8581913784163748,-2.994328098299998,-0.7367199597248885,-1.9923536498658976
ACH-000995,-1.347794467026388,-1.2763773247372665,0.611039588741199,-1.1029610233574094,-1.2188215323973772,-2.8584796505668746,5.214357490202618,1.910262268649865,1.6619063224910593,4.033125324288122,-0.4814339691133348,-1.0132704637499963,-2.495981066494294,-1.2149319287785392
ACH-000996,4.97085828106423,1.2681660444012521,3.862045555812319,1.0812114276505858,2.548204818273259,2.703150571607841,3.062872496126998,0.7987627676585883,1.1841426071450598,-1.9367495034666764,2.109330076227937,-2.6504114492867075,-0.04812183015998354,-0.97425082464799
ACH-000997,0.851673062462761,-0.3103250826970537,-1.5020650085833143,-1.3634755148280704,-2.801810938816172,-4.409151912009078,1.3570262293252293,0.8266494046762857,1.005824830442226,2.551181077547695,-0.761308085521224,-2.51211726707904,-0.17754264046118703,-0.28007236798720697
ACH-001001,-6.077365038036671,-2.2483876188597476,-5.866267358245999,-1.7934923185601515,-1.9994281572633295,-5.831560873841287,-3.14420769430342,-4.2711688394296825,-1.7289007942975274,2.2319687432295705,-1.785861416845195,1.4271158399141117,-0.03852837116704603,1.3430218031948113
ACH-001016,-4.151936362668523,-1.4455550809033715,-4.258357657301524,-0.2304994846972902,-3.0717218250575042,-6.840471649796875,-6.089063462490725,-4.328040355787346,-2.045545073699632,-1.2336405268019561,-3.0716230505566426,2.047965849895684,-1.3090948366104747,-0.22184683681022865
ACH-001020,-6.495288172251032,-0.9361009819886563,-6.701146433755228,-2.8880836961331635,-4.6548495633003295,-7.4788633535371725,-3.22242760444431,-1.9501621386668238,-0.567411795395002,3.8083966433817844,-4.409544308390557,-1.1462729486811827,-2.4425598801878845,1.2768266248328826
ACH-001021,3.991511312446021,4.345610627939256,3.1602569070482827,4.3407185511086315,5.138484983368672,13.986981449479389,1.7841223045398402,2.4032454644324392,4.637123944021503,-1.62915589863736,7.330555995585925,1.4017740887857926,2.0454366849494017,0.5094232808068103
ACH-001028,-4.314537180446294,-4.201074878197466,-5.5416586502400245,0.211857165098312,-2.182636875518606,-3.3805805558575126,-6.638500496144182,-6.737049317384511,-1.6255873523607902,0.853992055902184,-0.1909362559080717,4.368484006107955,-1.776226920156288,2.790018154652792
ACH-001029,-2.2713056531844784,0.7247688802683866,-1.2144395415078417,-1.3044742609749096,-4.973971163517466,-3.822557482321329,1.5908843033536832,0.5149796854718075,1.3971179068525423,2.879308019390958,-2.423378757316688,1.1093251153169104,-3.7097756670951796,3.5859067345984763
ACH-001031,-3.9385801394495616,-1.8158915649586764,-5.427297159052995,-2.379631283305574,-5.113765027664095,-6.83845319267966,-3.25978659193528,-3.1293165645895824,-1.489847090343247,4.848213759446612,-3.288043339627093,2.485810567028528,-3.7144886143883733,2.743179963785541
ACH-001033,-5.31588516157963,-2.3638915261313,-6.38796505317886,-2.647563280228387,-6.23709778193395,-9.193989068772622,-3.8047623993874073,-3.85865056328734,-1.9234726317959372,3.0968989337102037,-4.307975664600366,2.3653825345970403,-6.472833495824335,3.199947085572532
ACH-001036,-6.1744762238425865,-2.6598198244913505,-7.035561147458541,-3.2795992232948588,-3.145170472777754,-6.190504964660493,-3.2491052875345208,-3.1730440832632767,-3.3320796973056535,2.7533613354781368,-2.6853476868159647,2.208153842825218,-3.55606469939421,1.0591574772034398
ACH-001038,-5.004541860156184,-2.0553549944040195,-5.672254007170467,-3.500289190457766,-5.48370009295799,-6.364537125845234,-5.1435012530671935,-1.6098377915610773,-2.5021492866270494,4.505420852111272,-4.499935720000522,0.3194947671279216,-4.6583127005322496,3.103731961301297
ACH-001041,-0.9867502793290845,-0.24007107360767121,-1.5674531185078888,-0.33280570284064265,-2.5389492612645856,-1.550291632626662,-0.06293864561387127,0.572470402804262,-0.5855150865618517,0.02345292092639279,-3.125044826452616,0.3646090434073219,-2.619036985612533,0.919238344928447
ACH-001048,-3.321817455294709,-0.8488319162602607,-2.818206977383379,0.7560307108131434,0.23385150631820406,-2.062096743036179,-2.7374466191204645,-2.5202899550567825,0.13493913727168888,-0.5215447990850386,-0.6736199216996189,0.5321373601483319,2.160753243815903,-1.262022209405504
ACH-001050,-4.714917408913289,-1.14712357725619,-4.864451360155491,-0.543764017258031,-1.988196565772867,-4.397102375851171,-3.3905234266401814,-1.896522543814946,-1.7287686479743927,2.05492008285009,-2.1961008742154102,0.7389204484595834,-1.9501397775954763,1.6291893244414437
ACH-001053,3.6758326177590797,-0.06234763027718937,3.083433235300261,-0.6211950789193719,-1.2885942138733952,0.3645829533367328,1.9352660802418122,2.9420512947282162,0.12281043370029388,0.02791018821608099,0.7718079026012435,1.0296750207477727,-1.7366485655702673,0.8384181417409919
ACH-001054,-2.800613064067535,-0.9655449357485089,-2.4079937570197876,-2.790367956585915,-4.393797826425432,-5.360558209235025,-3.344361938816407,-2.713706317361482,-1.8771407278648466,2.665283699160714,-0.2741468598582275,3.350876786428094,-4.556362172674252,4.394526857681722
ACH-001061,-2.3355759596519885,-1.6542735464364169,-3.1894979533979626,-0.33795688144424524,-1.1264304327450199,-2.866672920311727,-2.778842214114308,-2.538632163652807,-1.4495630363086294,1.217636740737427,1.3690919634712098,0.05569600988063071,0.6637712866856574,0.16163773319736197
ACH-001067,-4.408973646808745,-2.594471393417889,-5.209948814921651,-1.182521341881508,-3.7417690759289495,-7.567585127881564,-2.9882898173256365,-2.5932790327066444,-1.7150266452043914,2.2722707476740944,-4.188836699428318,0.8606633035688541,-2.920306492775419,3.3171606995613634
ACH-001075,6.01347301646716,2.5141118412352634,6.266336251641198,1.0122151578334797,2.540116837288999,5.406047493115135,3.6617933865699968,1.8463285467459691,0.49677908637907986,-2.786002366970437,3.6198852866857454,-0.34905929312484896,2.369581789716969,-1.8261873295725541
ACH-001096,-5.353603533477439,-2.0192099492451616,-6.365742847009005,-2.6613065826523883,-4.8449057046416835,-7.366739456606664,-4.930869526454363,-2.6355528156729857,-1.3876913608545167,3.4071356358221445,-2.5200976444278376,1.536825737636613,-3.5182926524525464,1.9486705022166528
ACH-001098,-1.4049139722775523,-1.8014430433376387,-0.962386025578783,1.2255859747728124,-0.5754069134234276,-0.24969368823837,-4.267930401066483,-4.177109107877831,-5.275226436736312,-1.1999420420545628,2.4661761746059936,0.5600583470883853,2.355240061682004,-2.07221336661634
ACH-001099,2.1706768264611784,-0.9280635168159526,1.3745118959873661,0.07530299122536224,-2.120783300946071,-1.522497319831569,4.333479855095419,2.4904188150377955,1.2252753964783454,2.827768832507663,-2.386529600393361,-2.1993395460276153,-1.1683864647376807,0.7795772725618855
ACH-001111,-0.33609013796710174,2.5484915340168466,0.028389867421869275,1.5141150411912807,1.6659708454446676,2.6582633370564377,0.10945603778441465,3.271661314233153,3.490708524063642,0.31503640537310107,0.06453341969632714,-0.8778999357597768,-2.0582180343492857,1.975650498478746
ACH-001119,-2.0626737571021003,-4.705236716755818,-2.2976909850976446,-5.000832544450121,-0.4106271872804709,-5.269396560494697,-5.661050260721909,-5.1414674936798255,-3.625091684237443,1.832032337466077,-0.36287299906429965,2.8942038650609017,-3.0636254238693312,0.5459653971458233
ACH-001128,0.8318463884707715,-1.1670323802011096,-0.0765989088716266,-0.26791973814610487,-2.624767393852335,-3.7555034480183935,3.202810448511253,0.869647226990771,0.1910276595681827,0.06830283599809911,-4.09706504904538,-0.21184209341314958,-1.1847687328578,0.2596927487906741
ACH-001129,0.7092198721017824,-0.2887705236549518,-0.5342456268965832,0.15711475718175213,-0.985354553840097,-0.19054241290267213,2.408356385360551,1.8396922515478398,1.1998673632567785,1.2797453616252696,-1.1650121120305337,-0.23961849752599773,-0.054212572250837796,-1.308731545745174
ACH-001134,0.43324779148220627,0.5753836489480111,0.9649321693532231,-0.12872456844216815,4.986129573504974,1.5719016413759632,-2.421322063752158,0.4529700842711054,1.3227201423312915,0.1633568988573745,2.383925000523014,3.324201158878335,-1.5355589932324323,2.5985410792839083
ACH-001145,-2.1747048831682387,0.10914435971099103,-1.1597408101315245,-1.6836971676208705,-0.8178477872732066,-3.368403197044707,1.1286137115659323,-1.0336915326080014,1.1627657147913986,-0.011401937054967809,-1.707309426910635,-0.9098631833787023,0.06772786565235148,0.3643119748090252
ACH-001151,-1.232590944725143,-1.213724862759133,-1.6409037324622793,1.2160672071396297,0.7460372035561887,0.6928246803361641,-4.457690921161433,-3.057830863061562,-1.287344717751236,-1.5076120899910885,2.4046868622123645,1.353066048734708,2.894813900957688,-0.7157929134244199
ACH-001163,-4.66886904776349,-1.5034344477193688,-4.063143653617196,-1.6972985851685867,-3.445890199638005,-7.874890944377106,-3.977098477157719,-3.9193625591839583,-0.0976449364651022,3.1621200424976146,-3.7909826975765255,0.8071414957481006,0.1019187486699554,1.0758191176242058
ACH-001164,-0.7233642276901564,0.1987200042913582,-0.4009649431654773,0.8215178154025626,0.6505946982597006,2.72426419915138,0.11949116880499468,0.5629312909416653,1.18467132313785,0.49647300533466265,1.612779858022424,2.9666809067750384,-1.625169662411672,1.3171239970942898
ACH-001172,-7.483654416664664,-2.673319923684157,-5.841173736748167,0.1570687340171409,-1.7984854473788103,-4.1737785188478895,-4.3135877002647,-4.652064014630065,-2.8238402200031336,1.7641381838940164,-1.9003024945551612,2.5175542576884777,-1.1446199177237495,0.9822555442501415
ACH-001183,-0.45313336026603024,-1.4826840188908048,-2.178114720957338,-0.9783204123795185,0.5917771441695533,-2.3236799863029773,-4.255128616750793,-1.5329158045671303,-3.4062409169916026,0.4384499648738725,-0.6288764236794835,-0.24162287012968334,0.27223108480802444,-0.11166239933129879
ACH-001184,-1.531847613333753,-2.71953495505638,-4.856802163963384,-3.2121628876488297,-5.332127974943932,-7.595946269278799,-4.4305256855561534,-3.8260868128843675,-2.059833924871349,4.628871319286224,-1.7694832447052211,2.316923843841985,-4.548028286288866,3.950509501008398
ACH-001188,-4.374474116179594,-3.6284094492678634,-4.263707142021874,-2.004132403736995,-5.12127843682541,-6.773997919728389,-5.010088685594014,-6.327967325862509,-4.939090268149932,4.631848279309691,1.0417532673098273,3.972628741374688,-5.4724677258281895,2.1987101200610883
ACH-001190,-1.2491807143216098,-1.157150921183929,-1.114650604157128,-1.2816535688391435,-3.0366076748557145,-4.096170899575198,-0.2692893766520074,-2.759377066853994,-2.983085269746926,-0.549077718865449,-3.5475868153813503,-0.15517263970348294,-1.1679474393175644,0.05086247950791967
ACH-001192,-1.3510911840809559,-1.320521708275017,-3.128011337029831,-3.718593258782692,-4.292587687632045,-5.74226189642038,-1.4398003093685245,0.5607763174475574,-1.0734303694155762,4.084616259472786,-3.4362554236532126,-1.907209882829319,-3.673820433916873,2.152202312649598
ACH-001193,0.7129654695035798,-1.0829021899735118,1.4945975734910733,-1.8119356684467693,-4.726619003672574,-5.446407570617955,3.3101125318752076,2.7505112265059974,1.0335472413277844,3.7933930420138973,-4.2399894603646615,-2.555280697147646,-3.056334018117162,1.4253768638150852
ACH-001194,-2.1407739512823145,-1.1626768893074428,-2.510218313143172,-1.331653912686966,-0.9645877736680725,-1.5376407128865137,-2.9420323134410604,-0.7206807307316729,-3.0745092788751154,-3.4203013919187764,-0.8620455902237028,2.298097282613195,0.09708700528122602,-0.6921434482156109
ACH-001196,-4.255310987207083,-2.302497904697666,-4.203854099882042,-2.307349378565283,-3.9411958664881643,-7.17762161612827,-4.644051613133408,-3.226973465616735,-1.6551028376140744,2.01268089922959,-2.263709879082718,1.0484724582170672,-4.689925116788932,1.5263644704369508
ACH-001197,-3.9363756512880355,-4.312398522930143,-6.108417823653876,-3.796756248765813,-3.4269308664114897,-5.628924719933187,-2.7022237245959517,-3.04125495520161,-4.054598577094555,5.312099748724797,-3.341605872028725,1.2652795589998687,-3.6017884293540154,1.917486351946276
ACH-001205,-0.9455726574265805,0.24154762719509876,-3.1022412759261453,-1.8582208963359168,-3.579304497141371,-4.629263147139553,-4.06089807328361,-4.010044074393759,-1.5929789082471302,1.5530906481484497,-2.7431108580293118,3.30307350520239,-3.8880869208438815,1.8909120211057677
ACH-001211,1.9684682985525184,-1.7325462715690683,-0.6498105548066894,-1.0137083415851094,-3.376848269830312,-4.00605012158026,3.853350924677405,1.1344787819188147,0.05019377757801215,1.6938540680233594,-2.8965016330205806,-1.1194489378026038,-3.1448947614646823,1.0759147514806617
ACH-001227,-2.6715048597574254,0.9639751204552607,-1.9227647608395648,-0.7229098431221677,0.44051695298668436,2.0921426390476383,-4.491710225669908,-0.002807108735343178,0.5059473018015779,-1.1811135193181101,2.5631354703985854,-1.2410494809298374,0.7549511073863546,1.2355971338891356
ACH-001228,-7.137740693386276,-1.1150806110904474,-4.7902260612129215,-0.8080804053827971,-0.9022159946109725,-1.004624908964844,-4.806629876427041,-3.3211724984395654,-1.6677898842242622,1.327627087578603,0.4239831096763661,0.06075032051870968,-1.7719320140567651,1.9517405082498653
ACH-001229,0.3785880529589205,2.3042753167074306,1.3382047221825664,1.4347876563010278,3.3490128155369123,6.161831914884242,-4.103814962684463,-1.7264873594926622,-0.6035095624453416,-3.3775546886725616,4.025118965215684,1.5728158792490956,3.798132400383246,-0.7024371427474808
ACH-001232,-5.951229014121429,-0.24105256555345622,-3.3013219901671897,-0.3613022948664191,-1.8201531783361051,-3.6735142775352663,-1.9425099871319325,-1.194664164434806,-0.757609433987314,-0.26701827964049685,-3.5098008259632683,1.32654492878975,-1.3847239449355107,-0.61359579508238
ACH-001239,-0.8735453455757837,0.47571671384923364,0.33166896851387406,-0.9034027486990166,0.701355977778898,-1.0671047091622454,4.060116926421502,1.7380733924156546,0.836378813848684,-0.28541864964199887,-2.4294790133554716,1.364865446867286,-1.9103670099847003,1.6632378866431863
ACH-001270,-7.442091336631456,-0.6436761428772959,-4.018714150117128,0.4352866531959678,-0.8527331722996225,-3.5740646723541283,-2.9658222216489345,-0.7067679995244676,-0.31070482933919763,0.7839324241317269,-3.1837803551330928,1.1563397032461677,-1.139469030436378,1.8093673394935137
ACH-001274,-7.141214068900177,-2.610925224234749,-5.193872980655012,-1.2152847529057518,-1.7901432174850962,-5.2203284733780775,-4.020617957306763,-5.263267367905271,-3.7598512888728663,0.2636417572707786,-3.858318837677225,3.391173852662005,-0.4641051032873641,1.0920841581936795
ACH-001275,-5.246957641359667,-2.2218217228402954,-4.309774421302178,-1.300616066223219,-2.761991529185983,-4.721655655722654,-2.9426544481999213,-2.734011567203395,-1.8272326966064256,1.215333420877257,-3.0833199945379968,1.9994749494838038,-2.622525613799114,3.0173538787461043
ACH-001277,-4.318641432064114,-1.7760964770131626,-5.985403959653231,-2.465950170752616,-4.939577888166227,-6.026342866381844,-4.448885373245146,-1.6512000948609438,-1.5676849249905989,2.146608752779781,-2.793236599390918,1.5845636253083848,-2.5843681946635333,2.9855520613808926
ACH-001278,0.9580919514517439,-1.5626308766953474,-1.7932727838872293,-1.4798469214464438,-2.779591522741943,-3.8276741819205404,-0.069449886429812,-0.2900012896659685,-2.2466140441915123,1.8682336325926405,-1.1495395453870783,-0.14175057676670968,-2.243314382155495,0.5864604086123948
ACH-001279,-0.5242813610294846,-2.773876458003751,-2.2252531341732817,-0.9215044264522706,-3.575099340976058,-5.408374483498416,-1.8225314033260616,-2.703823686061364,-1.622122436336225,2.649811376380358,-2.792011947292862,1.8165927215673425,-1.9749048040952852,3.026185872604602
ACH-001280,-5.876517095117691,-0.5491815269069499,-4.277839950787366,-0.9910560227486497,-3.5267784730777127,-4.399419109064921,-2.3571911857188144,-1.7905457482251754,-0.31136384576947257,2.239285517375281,-3.162866043659032,2.7098288008127596,-3.4683254809355217,1.2044498879160563
ACH-001283,-5.351813095827032,0.17535400881216667,-4.635427242808816,-1.2371293925479103,-3.100614239144032,-4.109393648921408,-2.473417245129895,-2.298285745059353,-0.2175858171901937,4.503182502139897,-3.8202494755794234,1.7060168082846436,-3.6902148372967623,4.777026174003731
ACH-001289,-5.02805801033501,-2.7356982123879994,-5.3530219710862745,-2.375397993145445,-5.044830135502054,-7.295801600447744,-4.342019951495217,-4.2434154443194405,-2.8557251624918814,4.454570090131791,-3.8227474454108563,3.3273109334317743,-3.7864389311928446,4.3821409501790844
ACH-001295,-2.3932463863695004,-1.7646097650354506,-3.372619634459303,-2.340406558840372,-5.014514613470377,-5.867217067205093,-1.1680363254402488,-0.9588676566478123,-0.607916583995479,3.5712362553419776,-2.55288933745196,1.0733121660640181,-4.715581545946597,4.702436155414463
ACH-001300,-6.647726046090093,-1.1151764951404692,-5.437770446503161,-2.4733799040669546,-5.182916682729959,-6.088044236928427,-3.6414254545551588,-2.992645868242542,-0.7229695470755367,4.458673483269201,0.17085257571337048,2.6816693781174714,-6.228711521524061,4.00934968544027
ACH-001301,-6.435132326182147,-2.1415887873485,-6.374215912132367,-1.2982762543544186,-4.405842619304954,-6.437016654411404,-3.1675624286590045,-5.088893740224413,-2.1114731227700165,4.39994606048488,-0.23260277553367112,4.11454732138933,-5.659541704895456,3.1125765297660677
ACH-001302,-2.911570413406072,-0.7544763774242726,-3.8249296507142403,-1.5559274167163686,-5.135905022726782,-4.081761318836089,-2.95099825294485,-3.483468005590727,-1.9898757834922982,3.184063108414272,0.16364666766689423,3.5115748537990834,-5.192315222363312,3.2793752694005356
ACH-001303,-6.0982929697462085,-1.9866100965447857,-5.257754551493627,-1.2704599240217196,-4.300359593572223,-5.183084227200688,-2.6067964805218837,-3.6139861328046137,-1.408951286570249,4.136803905583136,0.5885448815387645,5.280396473575302,-5.869712673255884,3.4003929212898885
ACH-001306,-1.9448717351077474,0.6047615091304314,-0.674481048179951,0.7341641716941684,1.0427537812419003,-0.35120505785044775,2.488565521236488,0.7333853698584432,0.7381180637595465,-0.7365446361808052,-0.944747952538113,-0.06882046186781497,-0.41295257287053844,-0.4673605590452827
ACH-001307,-1.3967987832074527,0.709534559913674,-0.5312046300339301,0.08985075623028389,0.5793631669893591,-1.4236496259047713,1.8393759430923007,1.0053313802339998,2.6763817391630855,-0.22060429774457266,-2.1990262776209892,-2.038357500516891,-0.28547579354043573,-0.8553659874873752
ACH-001310,-4.897855025525057,-0.23673506668209587,-3.036492787691861,0.2966545449767626,0.7604480832902645,-2.945533806493438,0.26804773905483636,-1.37009351449712,-0.9415522352996991,-0.1091439785331196,-2.797176935845614,0.17072568616554284,0.2854614378432727,-0.16897790425350004
ACH-001318,3.199793500813244,1.336721879121855,0.8775975298185855,0.7802375428791808,-1.1334957195432822,0.5194875828127005,3.203524224933633,2.994845180488475,0.9905170107918244,0.11917534923911681,0.7722693570371479,-0.9676662128798376,0.3317210112168639,-1.5270034979463327
ACH-001322,-6.220071338315878,-1.1103418588344884,-4.396501306213342,-0.05614817562863502,-2.0313368808438006,-3.90292590161086,-1.0565026534351163,-0.5268969720154627,-0.36430795056699716,2.089409033708676,-3.2360568001056964,2.6936704511267435,-1.6146830965307222,1.3416398207783713
ACH-001328,1.6779121846437366,0.4098998425898171,2.462862486539918,-0.07253523013888145,1.6945068789289972,2.9621572266368905,-6.682100759662197,-4.154865624895408,-3.1834030361279666,-2.2081203413049058,1.7557718448594921,-0.19519182084319023,3.5468698932275524,-1.297533299887984
ACH-001329,-2.071300444256954,-0.11041496081846901,-2.1832814234716027,-1.1751243291877946,-1.6928332245165496,-1.8808279932528373,-2.405901375893278,-2.1653695228488767,-0.674779002072827,0.2117873322463925,-1.4783466962594645,2.6389405564638966,-0.771977518713397,0.08120617017099113
ACH-001332,0.030012507982024456,0.8250998011914175,1.5132827944788139,-1.7047220686792168,1.0070970216152835,3.73208730912558,-3.0480084988233522,-0.6540771125922733,1.0596315955320248,-1.5289579352555707,3.383898411917541,-0.0888389903350143,2.844703756429298,0.004085533843356165
ACH-001333,-1.9776324857615961,-1.2443466944688475,-2.9672367394780843,-2.6128288131640027,-5.184503528800643,-7.978991110873503,-0.6096585888208723,-1.1241550206286,-0.3782537050244885,4.2625115722775355,-4.357975320820621,-0.6239237001881127,-4.071130193834462,2.5688762257061133
ACH-001334,-1.3803380620344456,-0.5422767040531294,-1.3489330467792824,-0.4819348402356761,1.5258739910118755,-0.14477722816706323,-4.326844189855873,-2.602532015679957,-3.499073458343697,-1.8632035235355104,2.772194271962264,1.0999544981687759,3.177862958531218,-1.0913304159855715
ACH-001335,-2.163836655839361,0.6078425459889736,-1.9397100135420775,0.3468343013967048,1.1055238629037423,0.9972655004483728,-1.6052115790903805,-1.8419716120364307,-2.9209524469606363,-0.9586253951000568,0.8444898552637237,0.7778338548700717,2.620984034618368,-1.1887688594925259
ACH-001336,5.523828974394113,2.4362766533294558,5.062300600194818,2.2184436907563025,2.721719594171017,4.98926615464715,-4.019038548397854,-1.00853202118246,-0.974348729056781,-2.6691886560124227,2.894835814391649,0.2949430289881486,2.2953448976942123,-0.1668130845476975
ACH-001338,-7.136683892358627,-4.454842804101149,-5.630261353633086,-3.51672091419172,-5.224776361466242,-8.265586473415057,-5.52948679179668,-3.380230348125244,-2.6972517295877045,4.81171101301265,-1.7563410733278946,1.4643080033423317,-3.9596392978050123,3.108333903807011
ACH-001340,-2.4345674024701247,-0.137212187277653,-0.6743540869930225,2.523762853973105,0.42820773276672414,2.6920862519058097,-2.768786831104126,-2.2396625272815363,-2.494539580566979,0.6118287939110657,1.646414295014962,3.334079966398843,1.213890069577345,-0.5718826316948131
ACH-001341,-0.3639854993460254,3.2999411000002676,1.39758894732235,-0.22721755555751563,-1.3966110896903476,1.0281438020952038,-2.859026434460636,-2.815518304976484,-2.1725474997107064,0.2281683143689137,1.3420546692361914,-1.8859480923765275,3.82014250517772,-1.5692439632384532
ACH-001344,-1.660552716224763,-1.3770337140484155,-2.5966727580977182,1.0190199955608543,-0.8467195875523431,-1.1442408860238633,-1.8487600994787903,-4.855365204754552,-4.054135331341336,0.5815048821610606,-0.9914975582966473,5.383528673794847,-0.7265157029047649,0.6500077418273031
ACH-001345,-2.4628892742997928,-0.149599001488298,-3.123420394426813,-2.638536466817266,-2.718742116818545,-1.4850694093970762,-5.032764286864431,-2.3982757655536076,-0.153302461021658,1.010703569666383,1.7563657549673726,-0.5374540874630811,0.7961196709001023,-0.14684816285025848
ACH-001346,1.7815642197833983,1.0176615706901617,3.4038797561881036,0.3538006892705546,3.149941712135688,5.40140646846413,-0.9425686151726659,-0.779594201742661,-1.4750777713262528,-3.4193494602564605,4.4552847309450785,-1.1469057568504688,3.9770103032270856,-2.086990202924139
ACH-001347,3.978078199182378,2.1941000153609274,5.159256030380453,1.477551162616781,3.777273798334085,8.419648864534524,-0.4308149673480285,1.62241768067277,-0.6675953175484162,-4.128308506516004,3.85946117223141,-0.44653536120931075,4.42191316795392,-2.1358778616900453
ACH-001349,-0.3209162542247205,0.476716743120671,-1.7700155149059817,-0.14130781691741845,-2.7171805493194006,0.7308699892378221,-1.6571238229736265,0.36247496395112966,0.3732568140705279,1.193627425628347,1.119383899471254,3.191954676741729,-2.7274011029603407,3.5868503601719732
ACH-001353,-1.3441332060530289,-0.1093459588627812,0.6579948277192587,2.387867068450353,3.59087594955154,5.6312628196241565,-4.0431783469306275,-3.23971039542667,-3.113415735372351,-3.8869493904243555,3.2510827881112925,3.7845155680631186,4.301764396198581,-1.6876236330921761
ACH-001354,-3.224803209566898,-1.2396274963440315,-3.4109123532349925,-4.2809445739511025,-5.986912140328321,-7.427090959094158,-1.0960219206593773,-2.2803089189089683,-2.3513470859518844,5.318741757354953,-1.3699641252692714,0.40599975376408415,-4.979666449968908,3.730151179783295
ACH-001356,-8.337590867801511,-3.0401938180632753,-5.712864713639832,-1.0617009008864575,-3.260183890722945,-6.628238593766591,-3.274699924067822,-3.982245457176339,-3.935228203033796,-0.13379671152912093,-5.2599127032099355,2.0268512356927357,0.6476900236171511,0.27390728796430686
ACH-001360,0.029542789433271405,2.680704789493006,0.28215066756885737,2.192082892838955,1.5545886440470953,5.286440559260079,-2.300146332305119,-0.5833629398011038,1.4362146182222923,-2.409388046763021,2.539381569347163,-0.7278507605717018,2.854073466060845,0.1892689511212764
ACH-001366,-3.5885160955353745,-1.7864065192797778,-3.2169904100764937,-1.7918849498292375,-4.779526542978139,-5.57122909652625,-4.779342850838808,-3.1283118465101785,-1.1040820712288206,5.14170604308618,-1.4519276010295363,1.7593354564637003,-6.12511313122036,4.900406775158139
ACH-001367,-3.4493894077133267,0.5746320459777468,-1.829128059422244,-0.579178925674007,-5.574847265760923,-4.225248243466319,0.11813165946215806,-1.0378155812772114,1.7729455871961064,3.463555309710599,-1.3272477925540864,2.4811224942683725,-5.170218061073933,4.826638605642045
ACH-001368,-7.081343615315996,-2.6968680667085474,-8.33434378023729,-4.049944224982421,-4.890774637020411,-7.59794313711146,-5.142970243635384,-3.9009586964870984,-2.7696869374856683,1.6824705564757347,-3.2490206263067214,1.4453832252467087,-2.6385672730360605,3.1993142275729194
ACH-001370,5.688149135467262,1.650236474121805,6.535319362539785,4.116874171634733,4.4981076788014684,9.897610705554765,2.2106672513847614,4.496581263943597,2.081979776876192,-4.1953607125895696,3.923090292722266,-1.1066690048184087,0.49437406550535223,-1.648569850009316
ACH-001374,-4.536574678356271,-1.9224576006875052,-4.046733088628939,-2.116444172228702,-4.297563495431699,-7.084269280710029,-2.397619435141243,-3.5299278412196173,-1.3421805774616398,2.597779032685405,-1.7189274327935062,2.1303179507667203,-3.3622375883737345,2.0977382381333243
ACH-001375,-2.5857558712754454,-0.3020401522936344,-1.7301010900676244,-0.5221072921471467,-1.2112042657833197,-2.758814709263278,-3.0792598320802007,-3.732599369188587,-3.1560316637028722,0.6576223910911541,0.15538756692830683,-0.620742509394463,1.6546280961681363,-1.1025085438255842
ACH-001376,2.8950697247597703,3.2261693619111327,5.820709693637391,6.634679341368845,7.303910679789221,12.30167577016755,-0.2916021679612268,1.8817508445035123,2.9568739181086396,-4.538733758106326,5.462387466581362,1.155737721763411,4.881718548378251,-1.684287135076545
ACH-001377,-3.0379091033451644,0.40558460070154456,-2.6618286906239916,-0.9665937882711213,-1.2619168251335575,1.2590416957107153,-2.663970567200376,-2.6504047551016536,-1.5385791217148461,0.31598926269879457,1.9398705652627204,2.4681311355680333,-0.013849599007666441,0.7792680248805248
ACH-001379,0.35349145971203766,-2.240466634807812,2.183807301459485,-0.2502439537690792,-0.24835999999244363,-1.4558138984865099,-3.038353272378303,-4.757621940471307,-2.662755371134198,-0.48964724171394547,0.42152482514187517,0.23916831936011645,3.422585850179842,-1.4072431269703423
ACH-001380,-0.6906790974351789,-0.08835943692150283,-0.12595515111754535,0.7153847555064263,0.302914269323935,2.1002056481516718,-2.3920117910984446,-3.128289175127173,-2.1668567311681968,-0.5582840090104866,1.6798270120691985,2.41237233477241,0.05788548658183608,0.7047924050368594
ACH-001382,-0.546243631666738,-0.21093157506677995,0.31366177439996606,1.4702909185875197,0.5380030417913763,2.231324372644104,-3.286458675946804,-2.7204122428162485,-1.929111707773352,-1.9701819618968772,1.906690755606116,1.9913445737102686,2.8731371013562743,-1.3088386425016756
ACH-001385,2.89485045346574,-0.22497110123002562,2.1644217736220335,0.20535339906668648,0.49208974952727375,2.3464653269753004,-2.6346281904759086,-1.9276779849457064,-1.0313200397312057,-0.2262454484655785,2.668096547046957,1.8048806835806313,-1.9022705529137172,4.437985406144173
ACH-001386,-3.560842402181772,-2.222519004055692,-3.067812470874539,-2.244667900826002,-4.6668014796149855,-5.591289749254825,-3.8224636590962975,-4.697345124702989,-2.0721772095929656,3.0644240238124802,-2.9773703631916555,1.246930972536431,-3.204401063345848,2.643205016071442
ACH-001388,16.66566131105766,2.7190836338733613,15.495759994624585,6.0790941460739525,7.527438861323322,17.04072070401034,1.3500665543547141,2.3924841057679878,-0.804342440996697,-6.363096804139826,11.985264505938334,1.374661918175512,5.5811588119254685,-2.3198508170299337
ACH-001389,-0.8985717258161112,-2.932024545305882,-3.461185008994319,-1.2985350311927766,-4.0004194629764775,-4.9909677511962505,-3.7714551365550983,-2.6666027925498916,-1.6619593784214761,-0.07131489596136947,-4.142725701978238,1.8892523145163105,-1.7612200256897366,1.813378783577916
ACH-001390,0.3647244538192497,0.5254467692320829,-0.962807975666415,-1.1263131848261372,0.7208193806978604,2.850388590538651,-2.4297711272532134,-0.8903437727689439,0.6577469451911988,-1.0543713838604445,2.8101456103711118,1.6567981782018257,1.1714190492742642,2.3117884303433063
ACH-001391,-6.879699404772016,-2.4255627383592078,-5.878166749866556,-1.831840575477629,-3.4611180997019524,-5.071742223067199,-4.994914774414969,-4.421706495860179,-2.828592416177673,1.428914713215516,-1.3179294085089028,3.250164437339554,0.3705755623688365,0.023354154356929974
ACH-001392,4.76919598984813,4.507183080493015,5.6962031248008556,5.480068526931385,5.594319740245642,13.829943003397924,0.26930876813562227,2.060991949300082,2.606137139938007,-3.4112836229641266,6.021784058924075,1.2022239678379418,2.1470368622537896,2.7904859216246156
ACH-001393,-3.5517941452315642,-2.4037585781996507,-3.7511176386545806,-1.6610030114731753,0.01237778530039993,-0.5106642792805931,-7.363054915937773,-5.738302113106759,-2.5548526992344756,-0.08085097742743819,1.082605525384614,3.0880390138221636,1.9905994062548074,0.36755318743385784
ACH-001394,4.020618181498597,-0.11139298177749635,3.257144060508201,1.1063794288760882,1.2031631135742846,3.68163750661834,-3.836626610202185,-2.6005630828529513,-1.795430007277292,-1.854678485624095,3.4015939554193833,0.6748125015592609,3.318442044058009,0.17281026600482002
ACH-001396,0.4133522245313398,2.3258637695518907,0.0917782044099,0.9993669507376224,1.312059206414531,7.699389155822282,-0.41900786441173277,2.1147897792055903,2.577268344643318,-2.328676004961164,2.2747152737138614,1.740784420239564,0.4383624124794162,3.0349592131322405
ACH-001398,-3.8682878406170618,1.515293043233014,-3.2813208966910827,-0.28158598681673663,1.900290221843001,1.351624434895918,-2.4702736771005176,-1.9111195512839791,-0.12061542855725342,-1.7229875596973045,0.8439721384263918,3.5157372137354232,-0.9167823306023111,1.4665804005794056
ACH-001399,-1.9279757207543482,0.620929981390488,0.5515495659018478,0.4794134823914635,-1.0290395941757557,0.2970268996501706,-3.165703295729418,-2.151878992297829,-0.40290621761385226,0.6769843723368794,1.197084848676,-0.0622100103635258,2.457084364113533,0.05709237900126374
ACH-001400,12.660559054145024,3.6794247971961473,14.610225743978035,7.2557003523364285,10.0811770499693,19.772200090104242,-0.5906379031782224,2.637861007431592,1.075401676783856,-6.834070529461726,10.185415407009987,-0.24266171145333595,6.81955095439111,-0.9894513895232042
ACH-001401,-1.8042531593260052,-0.8859204884593006,-2.900267224601005,-2.1771711848715407,-3.9827818102870394,-4.736218395385544,-2.203063505016475,-1.764943362478903,-0.3980442695381148,2.4940320848751343,-3.4739148514064198,1.2765286110512728,-2.574279331166072,1.6732646745007642
ACH-001402,-5.838646267101276,-0.6078678012263234,-3.5790472815659045,-1.7970546135258372,-2.2446760402219823,-5.092740193984253,-1.4392504152282255,-0.673260686158205,-1.6115505616320533,1.676957815550906,-2.7965962275731524,1.203360251315501,-1.118265759201817,2.0508485948833775
ACH-001403,-3.1423941570872036,1.0878265916240677,-1.2609962897100067,0.8541085125558765,0.2776135217962862,0.1475768948301956,-1.3730191509280096,-1.766732627040153,-1.5613574445435399,-0.8756002410046948,-0.6801580489225106,1.2574530973382387,-0.6611941167004496,0.805375127239082
ACH-001407,-4.9075538064045094,-1.3349681748084579,-4.438200045485953,-0.6317401210264688,-2.750739633372679,-6.218298888233394,-3.291418045827028,-1.6839400670649132,-1.7751799781180253,0.7196824040999948,-3.125345115155899,0.5782640985720259,-0.39119905346827255,0.3089418068530158
ACH-001408,-1.1362518986078536,-0.6607938472870768,-0.3856274349119966,0.4789721919434541,1.26460015534808,0.7517417372679145,-2.2453622722723625,-2.0161947507989955,-2.1070846075486402,-0.22698253405501181,2.1067622854628585,0.045396683353208796,2.5677522677345914,-1.0634033770304927
ACH-001409,-1.0461295413108758,0.12938280740978886,-0.6265863322867931,-1.0714850992920748,0.46604960994534644,-1.772041030886134,-2.9897055964758423,-1.701855810171336,-0.047511106228593586,-0.9675972019856038,0.5849259635147822,-0.7524889212188054,0.8866588407135372,-1.2053451101459975
ACH-001411,1.7191546437166356,0.32251636360043373,2.509816468698652,-0.4123160693476932,1.246307467100734,3.060003360484523,-4.356394305257131,-3.0078590998304193,-3.101054057200942,-0.3248588734326099,2.1395969461930022,-0.830539870933442,2.5166336411178345,-0.5385358096549073
ACH-001412,-4.40758203322863,-1.338094838574457,-2.5982110662779387,-0.724825419782572,-0.2872220107874958,-3.260628206960843,-1.316110987145984,-1.4917994186338215,-1.3499378633048238,0.17859142211519313,-1.4507495755651467,0.9300375368652145,0.23937759895608732,-1.2258748985726116
ACH-001413,-2.8828416397851417,-1.9724192396612856,-2.8215666579165877,-0.718220344745303,-1.7992413661364417,-4.303210611096483,-3.096846194566442,-1.5425821029828275,0.09302614600810485,1.2425418367319336,-3.1706640570257076,1.0043811612507019,-0.015014225195904507,0.7186768556461709
ACH-001414,3.9541910508124363,0.025474109756222663,2.414516770978954,-1.9686170306233404,-1.9367894844104965,-1.7211579311623386,-2.7335176993429915,-3.1589288210508544,-2.0413750769116765,0.4967880511495041,1.6998669055286433,1.8475014286351468,2.404499458491689,-1.2296738192084034
ACH-001415,-2.494456356036736,-1.1303212268350564,-2.279546091357592,-1.1073954048863275,-0.7911014483256035,-2.5122267824048365,-2.331252390628013,-2.0240004662739564,-0.7777585276432633,1.0297970468241602,0.24212772630448398,-1.807210364238482,2.8531320839449954,-0.9972931072906811
ACH-001416,-1.7112718245816525,-0.8116344882750093,-1.2231242475339845,0.13755507321257532,-0.9274936487892038,-1.847732437636227,-3.2418505503643367,-1.8191080637488328,-2.3473428118850626,-1.1046017937524313,-0.049848346464503146,1.2298055217289154,2.4805208077408745,0.9933523042014383
ACH-001418,-1.8591442915441194,-0.9556052929679688,-2.815948040258617,-0.183970573216066,0.30235985771598234,-0.35523449999316986,-3.3589053634377652,-2.926297805407321,-1.1409969972757332,-0.4157416655904443,1.1522174019771971,2.222333199126735,1.5476761424897651,-1.3738177407225662
ACH-001419,-1.050351550738818,4.004704638895568,1.3697657882996102,3.708086340088583,2.724643512840782,8.267308310312456,-0.8152090654499108,0.976964457125801,5.415835854712927,-1.9574525287216122,3.9567864775100614,0.7636640162645649,2.4154635351706903,1.874271497780055
ACH-001421,-3.4323161784598475,-1.097132558787349,-4.204809609331732,-0.9532135831747939,-3.258556388782948,-1.377596507537296,-3.3202392729532066,-2.2359709715405525,-1.4888043400836593,2.8931561936786854,-0.08157832930815805,0.9257866215472995,-3.5250590072109342,3.8953892650510107
ACH-001422,1.0698363676215805,0.011783811190040738,2.106300238828067,1.905977565643771,1.1917891948708057,2.8738076230595175,-4.3862151587872695,-3.858737927725326,-1.71457570468802,-2.686593581226196,2.813128198706687,0.9691768340346542,2.8788883620911974,-2.244159635869723
ACH-001428,-2.648079817475529,-0.9642528647425477,-2.571375853150192,-2.2190492531034995,-5.469546016096585,-4.668962913486988,-4.044717649309543,-0.3800963011279222,-0.18593792995551184,2.1115062557451707,-2.3561889593307046,0.2978765616290653,-4.77385149585536,2.281613857505671
ACH-001430,-3.604913272614816,-1.5072313327999403,-3.294047057004676,-2.179941097555241,-5.09244380729236,-4.69681299095619,-3.123784246808207,-2.654156427722887,-1.1864011516102169,3.3231669134991666,-3.864326990722587,0.9097678311616988,-4.711545531076091,3.158407592801671
ACH-001431,-2.4074044657858495,-1.5083944026495473,-2.39882120153392,-1.7021100444842001,-3.6616166320023775,-3.553786128719608,-1.0650034318445225,-0.7990349070084984,-0.9206853175504304,4.820743258800814,-2.8027253266576753,0.9888708419417954,-4.051307191697833,4.48124814685959
ACH-001433,-0.8026276153762775,-0.8058403306842026,-2.605655912149256,-0.4370279189734854,-2.048857921147698,-2.2346671388413215,-4.28653129928388,-4.02021438356613,-2.892667925209491,0.1857772047116466,-0.2416720505848908,4.250621986794765,0.7998192960759979,-0.06020671200154437
ACH-001442,-0.7727993303479278,1.6655523610043397,1.5113893985905327,0.20071211015829743,1.681048924456543,1.300564825371875,-5.61396486521925,-3.6943054006459115,-1.1529635974219925,-2.476134522715133,1.0900344172706942,0.24872927590457616,2.245711178278006,-0.6701765608190831
ACH-001443,-6.451294158768777,-2.8959908314068743,-5.980287676756993,-2.0410384983691707,-2.2954581842006814,-8.611980155807895,-2.660142280985431,-4.088898184352865,-2.842920498609172,0.2219794546654283,-4.597415382432722,3.263906626170711,-1.1204763128003432,1.2994504428359366
ACH-001450,-2.9652766191807607,-0.5205560149628846,-1.0470450829779596,-3.055436157972995,-1.3361997135975565,-4.290078729970063,2.3979206158881086,0.9206583809714239,3.0778151251225516,5.58099670091306,-1.7661905689590274,-0.07923079475018198,-2.107269346588166,3.0449850229459585
ACH-001451,-2.045660365897267,2.870462988782857,1.9301040232914832,4.765055299581612,4.306820825595941,8.604403306944988,-0.23219870461896758,1.8831346271366676,2.9050161133283563,-5.5470662767855,1.6120956341100576,0.5046906802765059,2.5107393130531785,-1.1184653241392635
ACH-001453,0.015832335772400605,-0.4282188272182442,0.8541206799687742,-1.037315663265905,0.028361295791446486,0.809170276485725,-4.222503676860953,-1.996050982746555,-0.35955159421717475,-1.016958413978342,1.0150939197725404,-0.8470002489215347,2.693999998654023,-0.8502689381433874
ACH-001454,-2.4908899540145417,1.1634624049980373,-1.9609732402160232,2.0524671680615962,2.0069222848539265,5.849406108736832,-3.7205232423307057,-2.359448570869331,0.6630810616964125,-3.500612885923163,3.0679143168555436,2.2011841112266,1.6818250703991597,-1.0264911598291055
ACH-001458,-2.334179475740633,0.18554805443623082,-1.819093333277723,0.8256766008022561,-0.19504586562614382,2.521058394512894,-5.030585181659876,-2.4146762218289473,-0.963000659287901,0.2536028297271537,4.186365488439459,2.855893839391756,1.160714932090922,1.032133681753021
ACH-001459,0.3280173794294014,1.8730383394647057,0.35101374036174565,1.940580455921237,0.11950950926698753,6.973483079046363,-3.766114321077249,-0.9757993976685191,1.006263473010247,0.31416986517141027,5.010696529256843,1.447873762899643,1.2961620543813877,1.2963368279402345
ACH-001460,-2.395638668388317,0.3049524545975654,-1.5539807496684939,-0.12806251148083347,-0.10047985494668955,2.200843066423759,-5.090959317935337,-2.873382025475251,-0.9661825727993877,-0.5014388914834411,4.015191360635064,2.6164310841021687,0.6366558060580226,0.5763251974696385
ACH-001461,1.0258243866693553,2.566508264415317,0.48074609036970367,2.099237208504429,0.9507883627351674,6.650733433651871,-4.027161923026995,-2.1256307329599524,1.5193481092820975,-0.48233246938870245,4.778682516846823,2.6281623699759056,1.4927212852347678,0.727864376320899
ACH-001465,-0.17752283640976557,-2.280229235045338,-2.380436014130272,-0.8323022909768607,-4.280602452452782,-4.82174382041484,-4.058841460247328,-6.156798904845778,-3.6929576479709603,2.82868540118132,1.307180899361933,6.014709973673987,-4.468409339355874,2.166419479985655
ACH-001481,1.8514090339385734,-0.08162730248962691,-0.6039405451178823,0.1683491879619678,-2.1332305089968173,-0.09232449525444249,-0.021196295928854674,-2.728053867051215,-0.5101618441749953,0.2904743802077247,1.2392216233843671,2.5442960931894323,-2.2414515037588205,0.6136169116817044
ACH-001484,-4.018168835702515,-3.7627591593984975,-4.4634266901055515,-4.422295068844933,-2.0219431875517913,-5.4605467896281406,-4.2299977360692,-4.337826045335216,-2.9898263087329107,3.9733158819929115,-0.6064671974083273,2.509689033042058,-1.9627409658560215,2.252051822915286
ACH-001494,3.6047794947896588,2.5697709253750958,3.5702528854785194,4.602391831298264,5.689469823161595,9.274222297632598,-1.0447936301748513,-0.9691319408703059,1.3331701968373173,-4.333624452815953,6.033277429895525,2.5749216180213974,5.786308963533897,-0.7446059322631787
ACH-001495,-1.0334206807627289,1.2989889898298015,-2.15292985094521,0.6190265412131867,0.8979869687304666,2.6530196925737077,-2.4292728168308995,-2.773202007192145,-0.3414456540773482,-0.6873455967693751,2.1347004933237828,1.1357003158061234,-1.106263523773095,0.7679728744293404
ACH-001496,-2.5996226481902003,-0.4417070329644656,-3.1223171222435524,0.36112144423196213,-1.6800114632584413,-0.899024712735866,-8.435722155415386,-4.782951777999302,-1.8752745061909752,-0.6338765972875258,1.1523693446518757,0.8249096118795429,3.7678001385861943,-1.3708653766580794
ACH-001497,-0.8294596328802953,-0.445352682327919,0.6930931351469509,0.6913272484626838,1.0017689521285797,1.6663754687765793,-5.301226334582955,-2.5261401606291822,-0.6058880353783453,-0.8488848085949795,3.2996774668383506,2.429905780420337,2.775375603294433,0.9138296903273804
ACH-001498,-4.351732125788832,-4.2761120849182,-4.50873453345286,-5.449121731296375,-4.4028218046060905,-8.842377508022228,-4.217849836195066,-3.194467924463054,-5.041535773537616,6.4397645820151626,-2.427297654672731,1.393281141926299,-2.467522225808996,3.6134499914257185
ACH-001500,-3.40324590257129,-2.2677613767767877,-1.9878823694785215,-0.9599423112126259,-1.3541183802455723,-2.7937148334484605,-4.277115852149142,-1.6420543376241172,-2.123343430841533,-1.4023578310637834,-2.8490001310031507,0.841268072694866,0.2579859878873726,0.7674787590088513
ACH-001502,0.2824020217513681,-2.3984105863179837,-2.2502191935335567,-2.788792822038067,-2.739590991348786,-5.130046158700988,-5.346962257541773,-4.773829869249607,-2.3145143178856493,-0.6222888994830281,-0.010337198099661521,3.0852435411353523,-2.2483750932529873,-0.21733207441963132
ACH-001508,-4.292837633803762,-3.4008507571158697,-4.096226289446099,-0.9789459908684777,-2.6622143800493894,-1.7269839523199484,-4.517713077194965,-4.649336773270583,-3.443105619652499,0.1324007441364991,-0.5839926075218245,1.3885347603134148,0.8171870016161645,-0.08662167536497101
ACH-001509,6.624246854196886,3.0622467677698535,8.834693984665732,3.3018019551236018,6.167634534839144,12.291692792870506,0.17964090516514927,4.160496741220024,0.8990904566339998,-4.4554244285450855,6.747060053338208,-1.9224292954302182,5.05619852073729,-2.2437263293247693
ACH-001510,5.750641942409195,3.5466357384148424,7.412873656792837,3.198248497447904,5.699380652232538,9.338482604311707,-2.7735748668020532,0.9969158297878715,1.6817126892860879,-4.789410733556897,5.2249619985767,0.9306149966761352,2.3929314990188053,0.9037801030704234
ACH-001511,1.4114113274855824,2.0414794838017136,2.866519888105451,0.786738702719725,3.5960453134112504,6.7409182910389225,-2.6935397323795933,-0.8196461290682288,0.13652543953605792,-3.974602870847171,2.161578777208512,0.8358745495540189,2.68443580675814,-0.9710560984491472
ACH-001513,2.142625018567315,-1.2127578174700857,-1.2459957257620733,-0.3999250301475714,1.3089883115528822,2.3034321207463666,-2.046425956922556,-2.152259384090243,-3.2697914198965936,-0.5016776631432263,3.0694326566658066,3.532427077125695,1.3788896410756968,0.6790516764679371
ACH-001515,-2.397652183960043,0.10541995942544818,-2.609761805183338,-1.0234750004786117,-0.3956576211066882,-1.46947595248356,-5.280324675576908,-4.348650520184789,-4.263220717123217,-0.12768362083209256,1.0079844160749047,1.8025878760189478,1.9529892436258125,0.10720311980480107
ACH-001517,0.8764899973509542,3.800856585603155,0.42380906208121,2.8298789632739063,2.0748623647650026,5.3409017913413175,-1.0494242673574405,1.1125701508352963,4.913742964882112,-1.3090388330235927,1.409122793202048,-0.07811806124346607,0.7010445610967797,1.7160579466924724
ACH-001518,0.7869475572023616,-0.6957032356068601,-1.3184619760963254,-0.9825516404968101,-0.6359434970618502,-3.922999754961068,-7.4612258618449205,-4.631040080390226,-1.6443819528671764,-0.04082813914478086,-0.001011099413025414,2.488522224465024,0.2795600520659729,1.3554512545989086
ACH-001520,3.745351459612347,1.724274190979485,3.4190743102335386,2.078268101022527,3.40493575270364,7.084699813850102,2.097581130991157,4.181802025086199,3.5096775555945854,1.1021001167019586,3.560803071536465,1.0421392689272237,0.15490375701407863,2.014147651839023
ACH-001521,-2.717784203452603,-0.9323756233476848,-2.20557932373966,-1.8408504162591017,-0.40399851484233357,-2.655743079728659,-2.558591286854644,-1.4077366864073435,-1.7455376243332585,1.3378897136236232,-2.0114147571303143,-3.051004710920885,0.4096450868281474,0.5592282874465917
ACH-001522,-1.6998599178264326,-2.748496927246519,-2.4838184211475025,-2.8971583035004946,-3.846162059302608,-4.968071723032541,-4.713671349612161,-4.491950841263549,-2.900798989530461,0.46143002496761487,-2.253579916577867,1.8162485738198904,-1.2377226189262425,2.001336851046573
ACH-001523,-1.6825985458042187,-1.3687626286046575,-0.5046332607225772,-2.7395195430399926,0.32800264265890955,0.8423030377363969,-5.829455140487912,-4.719577963091498,-4.259274897920278,-0.5903709878842545,2.1627062354073097,1.8899022285816476,1.0337672056083562,-0.932858102155106
ACH-001524,-1.7206264904747635,-1.2232914986709633,0.48934164821640413,0.7329078957364602,2.5064816524770652,5.134052997512813,-3.350119762850725,-3.5258407450240914,-3.1921546473102476,-2.9779600534525654,1.6731999316873383,1.945297435208671,5.132182525723971,-1.6758411015651649
ACH-001525,3.9033148188786777,1.8771876527006586,3.572626497698628,1.1874351577407722,2.8295005392435693,6.849324861987522,-3.2305606640958784,-1.2241675556397802,-1.2898731461326534,-3.513796571780984,5.059753053794841,-0.7380705496922361,3.2350283605503085,-1.0964957712517904
ACH-001526,-1.8970353182892312,0.4050369898949737,-1.832793772754856,-1.2470319704406678,-3.371096400423142,-1.2389514556938854,-4.247739973618973,-0.9795702287731877,0.23842499084560684,2.0371924400412826,-1.4998747495841982,1.7621518700354826,-0.156030998910122,0.5391590982944638
ACH-001528,-6.335194408428181,-3.3965808145270113,-5.293342603143525,-0.7697226581894627,-2.145290143235467,-4.59766332685276,-2.6328265003521407,-4.494730998951615,-5.022848645368663,-0.9805393613240352,-1.8525589039960666,3.5974631799067356,-0.6714778488844689,0.36071890297766335
ACH-001529,0.49573732778354374,1.8007873529688379,-0.10626334217940453,-0.9932015302503439,-0.3098436788597163,-0.06026606434175405,-1.309202178218815,0.13102848945839465,1.2996120721613431,-0.20180397583506154,0.38127800112908805,-0.7525438702861363,-2.2813878793374665,3.2614055999777065
ACH-001530,-4.235621409591531,-2.250234978230609,-4.5117770313950425,-2.760031480020537,-2.3819046598086713,-5.399049608364546,-3.531166861606082,-2.868785518780491,-2.6404807882648575,1.2623271584789921,-0.2222858682890894,-0.4025604578130001,-2.7528227264357747,3.772222296582177
ACH-001532,0.9393005287113905,0.5001296562125426,-0.47155461830149736,-0.1727948950652478,-2.3010658910313184,-1.0663753987171483,0.1844361055710825,-0.6288738125280653,2.4760020983568536,2.248029362542014,-0.03703390493027481,2.412197967177944,-2.768376731111716,3.8934740539969663
ACH-001533,1.468065622221916,2.536961715648632,0.5792456757161047,2.719639213172353,1.8734667407426366,5.325694866736054,2.3238697550417147,4.292255848251108,3.9301384308271334,0.7341760158362601,0.7431801967153068,-1.2057410754002196,-1.3348594412569978,2.147473789464944
ACH-001536,3.4546659728852815,3.897182656738414,1.6314651410996854,1.9362530827149755,0.40047310631601596,5.678254012054543,0.05208327355897681,-0.5681088934386944,2.6544789851109902,-3.415220968823813,1.7793885995184862,3.6332699425906134,2.00339118834498,0.9174662413898922
ACH-001538,-4.107535239345119,-1.880748941227578,-1.9329865326069249,-0.019819171714012415,-0.9450361901053275,-1.3081698436872662,-6.251359551099342,-6.746949217755158,-3.7795439178469343,-1.3650796250880413,0.6173561956255186,1.5493276160621723,2.5038084834637293,-0.21832552342297384
ACH-001539,-3.677990987393207,-1.073381363638013,-4.103603746461913,-2.2698155680437426,-2.893081728012692,-3.419340156919249,-5.101370857121626,-3.848466855156404,-2.7193168059744846,4.254783613089601,-0.6307492191678082,3.743649632178618,-2.6961456519065514,2.8020660286301133
ACH-001542,2.752851304255923,1.0457643987746144,1.9552954689770403,-1.3002809264867776,1.4646740407798207,3.591029563545661,-4.162127756898216,-4.188922860370617,-1.62531434772445,-2.3939663767163277,3.6185366781201034,1.6939778093114075,2.0343868574650483,-0.17052299779650587
ACH-001543,2.255728009582617,0.9932246504342086,4.358499040003705,0.895915676708031,4.0713683116607,5.676016903452446,-2.5645297120806383,-2.714541266726197,-2.7860913804093754,-2.9166542714778427,3.2711454482112434,0.6332243103116617,4.317625327339398,-1.1395639907522963
ACH-001547,-4.4940659532981355,-2.136334283627314,-4.758771677049748,-1.58633278485904,-2.5157683345970634,-3.6458061055846747,-5.5083342755389815,-5.780784689638594,-2.540981567084363,0.0015210684958084364,-1.7298342142131358,4.688462532642043,0.12160707165640855,-0.12727421211561585
ACH-001548,-6.228652221367231,-2.253047280626599,-6.263616442990063,-2.870078166608412,-5.2508630903756055,-7.795105754290613,-3.766965995734524,-4.308202277077582,-1.4553735878480527,5.040321571540372,-2.138414336704591,2.0421072789599957,-3.4132880968531567,3.884263675855625
ACH-001549,-5.52888458980803,-1.2028423358775444,-3.591006761169139,-2.0786225153180053,-4.086129078746264,-5.763458478951939,-2.555076838897914,-2.0973404336824757,-0.06261703866662283,3.6405183897199622,-2.003103917420775,1.2637915806500843,-3.391039298265876,3.197859863672002
ACH-001550,-5.888927542239339,-2.964193522771082,-4.661355110043187,-0.22357859183295586,-2.21518836025939,-5.360101871804214,-5.008549261690372,-6.344842270308694,-4.043879369590178,0.5940297411314928,-1.8265438138249228,3.7824418630120498,-0.4519653041732221,1.0411079406163133
ACH-001551,-4.232131177663375,-1.4403705160426492,-2.8571489543558495,-1.1680372019333958,-1.2544433458865236,-2.857711396423795,-3.9373010112281754,-4.535250935059369,-3.2105053928270166,0.5800322355861639,-0.9203757417997923,3.1160899077158257,-1.673844225605803,0.6174583345759463
ACH-001552,-1.5531698849145312,-2.234128796859011,-3.7766362000000258,-2.1141140136002305,-3.2732390439914316,-4.946701641056863,-5.58059608648059,-5.736350331445186,-3.9651098919921055,-0.06467108882731679,-1.7991006121738236,2.7389369100019705,-0.3646658663259802,1.910620959766356
ACH-001554,0.6275551560714882,-0.8609009249115103,-2.319203610610404,-1.2054171321578961,-3.553355742396961,-4.12858407426513,-3.729003994099656,-2.99554876070417,-3.6073505152393492,0.6882193229807148,-2.037302860944271,2.523259774582468,-3.363089911971568,2.640394332233797
ACH-001555,-1.8795095917612297,-1.9703871672600222,-1.8781244393255527,0.7485119673924914,-0.06377491326391638,-3.712436700117938,-4.760172641674987,-5.662794676047175,-3.807634990131488,-2.986248867735042,-1.7428196010773362,5.2805405714701195,2.045675396029605,-0.7954422767903575
ACH-001556,-1.3929598744218796,-2.6929640581384495,-2.8502454346045183,-1.7071887744860128,-3.892937724204933,-6.709174405831125,-5.136080128530664,-4.893647579000216,-3.7566720454747196,0.5706171522072128,-2.5038501269705087,2.1280772826739947,2.0246722670291626,-0.7502086434212112
ACH-001557,-3.2631129920262616,-1.068675278322445,-2.216608374434576,-0.8535051605823732,-2.1008399810309566,-3.1312468451373,-5.348174680970405,-4.41802015157735,-3.1949650149247724,-0.31930406220930246,-1.3126826850014157,4.583609036704719,1.4782076898056378,-0.7164637591339648
ACH-001558,-7.93526706464003,-4.119310344229383,-6.917508484122738,-0.8534938634493934,-1.7290371790815642,-6.139769083779959,-5.867195803358775,-5.884900593870721,-3.944429098135602,-0.1341074617189306,-2.8682819158293436,5.6600127765511,1.5283191550888742,-0.043877272139362655
ACH-001559,-5.152827045928576,-1.6117528937764873,-4.906268726911473,-1.152642167775872,-2.204080246889877,-5.420166372798545,-5.477791098742621,-3.673253912379008,-2.3529427464685044,0.08220061294696547,-2.4469874941573275,2.0323626365798977,0.5645761218288312,0.4864283981154659
ACH-001560,-0.6265652664746678,-3.3329547682657807,-4.025026615110575,0.334784450760525,-2.7353598716431224,-4.913076668448722,-3.781687610562044,-4.8842660712869606,-3.232310686045981,0.28117363380902427,-2.5010237876652357,4.677312138310416,0.2430260705114753,0.2266733009144939
ACH-001562,-3.347888986407002,-1.817073089318078,-2.9467616480116243,0.3505180170210851,-1.6477423945069196,-2.2646970870835172,-3.1622673722802968,-5.022983376813262,-2.8158305513257504,-0.2536782346389765,-0.9650317050195518,3.813590159504726,1.2795430655593356,-1.0412672337924085
ACH-001563,-3.3776374513567555,-2.4947358807096762,-3.779897800156618,-1.780395082740088,-2.1778384781165667,-6.257526268745104,-4.5526498066780725,-5.928140536058094,-3.084359345462091,1.5890241198978245,-1.122007685294262,3.862008899834665,-0.6509640898337455,2.258654953775431
ACH-001566,-2.953379090262464,1.097437488891445,-2.135566904943422,-0.5146244278805049,-1.5232783925294924,0.133522611272587,-2.4724405816690074,-1.5589992129018742,0.5146178369433558,0.1289768991038378,-0.5247361291065838,3.9417279818361344,-0.9651201801297099,3.0285995725622508
ACH-001567,-2.43407998535986,-0.8815101244533321,-2.672237386620908,-0.16695892994961387,-0.7453656164207032,-2.9886553315555693,-3.8340366436983024,-2.3394961736178783,-0.5432163667591524,-0.683554788973676,-2.0412037926043523,2.785059852478958,-0.1537686622152482,3.516931806585702
ACH-001568,2.651309651160187,3.65374402450653,4.115430069839675,3.9918554476421777,2.659687224631977,8.195917969258153,-0.9136241257443873,1.365972676670199,3.9658937612806433,-2.7425486456397317,2.222616921979597,3.9480717612889293,0.8949974549059314,4.069238730672739
ACH-001570,-2.770878568106974,-1.03221053376401,-3.9899349425639996,-2.5573869853674966,-1.9865307017074132,-3.010045571031533,-4.698581310245677,-3.8523699297003455,-2.6485974755189217,0.8121987003762381,-3.1300227455550944,3.673143139728981,-1.5874556661201602,1.7738827681169251
ACH-001574,1.8589465529899216,2.8499227896372483,1.8402423035891209,3.0064444552683955,1.8351493900410358,6.996105794719566,0.2562587012226857,2.999414421895216,4.328977390684847,-0.5071572908390879,2.4082032690865076,1.614593628159499,0.02458451158169528,1.7354571366579763
ACH-001577,-0.6015531471161201,-0.9683011625474238,-1.38257602304057,-0.17887044301757588,1.889366835008316,0.48464652058227564,-2.074106153961936,-0.13347801837442191,-2.8517514924427565,0.9958212871517444,0.16976504926709401,2.7926910704436514,-0.8501473272758606,-0.03001238712974552
ACH-001578,-6.686300032848776,-4.3330320606463895,-6.545984549892881,-2.7246140822381983,-2.3365163258764454,-6.913344424883201,-4.259558146599821,-3.3915067656511937,-1.7518999418119818,2.363566251833992,0.05229109677589218,0.1948887167238903,-1.358958106504582,1.4522061998673337
ACH-001603,-4.100009168505041,-4.516383951498502,-6.610588303793079,-1.918142112393983,-6.624809025154167,-8.037474908750749,-5.41713688605109,-6.486622801917512,-4.445055821216321,4.8521006576256145,0.2040889208544191,5.330688947959824,-5.735799866417933,3.456784552775404
ACH-001605,-6.490641082945237,-1.0843356650184819,-6.1476111191818195,-0.7122090581941352,-2.8162354208343148,-3.244467188826821,-3.5500185278544567,-2.0978008687504732,-0.9044383101865231,0.5622295577459069,-2.8576191112154397,3.036673434668054,-1.5769783397842898,0.14172920455060284
ACH-001606,-2.8594935989033994,-0.659061834192733,-4.199751509491641,-1.9668506906401841,-3.384804729896322,-6.518430394232506,-6.174727190195423,-4.042516658982892,-2.9252526680100908,2.5843613450224394,-3.2612346725918084,3.791871028864681,-2.0873651398236817,1.314367153548749
ACH-001607,-7.868712303189688,-2.642754358123967,-5.496629541314943,-0.24838197808600804,-0.35899208251338277,-5.033083378934363,-4.8798329260118125,-5.786983310598693,-3.350713309156633,0.2368768696440602,-0.9814873235194456,3.745033525032051,2.955539977965127,0.2996463751702727
ACH-001608,-5.610322649347351,0.11801335210672262,-4.897061879651229,-1.396652737061391,-2.6567484083274278,-4.82398370884374,-3.666985875093967,-1.8832073464208887,-0.29539541342719716,0.48799682515622783,-3.2868045971225017,3.1706489305748042,-1.1310441624443082,1.6053458715170152
ACH-001609,-6.845872414707889,-1.8760657605112336,-5.864078619266159,0.012308519461803336,-1.796830576176137,-4.295175195240769,-6.5090267607813255,-4.604377711042613,-1.461588651810307,-1.7553528183250204,-4.134529096409118,4.465144262360883,-1.4335195007772439,1.3148275257590085
ACH-001610,-2.019645354406793,0.27305626881675055,-2.1089702738324925,-1.1048253147281581,-1.6556645499303269,-4.035319448256776,-0.16049071538059087,-1.5064868450525353,-0.3610514448696127,-0.4615716079380188,-1.8507678704477417,1.6664829060257067,-2.226559121223377,1.8409525974930403
ACH-001611,-5.530465217276411,0.8589143496129827,-4.203183699075863,0.4845025229227057,-0.5854272319494779,-2.8368608946428644,-2.0146556895257763,-2.5952498769695764,0.8084474954975164,-0.13718584792396304,-2.132390688235981,3.1375159950142764,0.07915675439843467,1.4740269613056547
ACH-001613,-6.404875332015515,-4.579030266389859,-6.8617723981150265,-3.821313906731889,-2.450724761514874,-7.639556585693948,-6.122123586216928,-6.060230609227516,-4.8645832889036855,3.5276865513511635,-2.7088001975511187,4.202613674349751,-4.376123895920154,1.479309486206306
ACH-001616,0.4157931346477772,-2.035833244948208,-1.4682131167910069,-0.582273468145553,-1.2115265826519084,-1.5755984914544068,-0.673935005666425,-0.6704929674523517,-1.659655962056779,2.9300821468144433,0.5078349489026119,1.8852027902680655,-2.3867332682149516,2.142268575578206
ACH-001618,-2.832193301238057,0.5171695815379289,-2.042380298285361,-0.44686288713426753,-1.2257305899142807,-1.19580737368701,-1.9409042113975046,0.013890916342620227,1.4487397595508713,1.1270125068106762,-0.5567703106463273,0.3146946317205506,-3.6319774315368445,1.6023786884020799
ACH-001619,-4.489497477447543,1.8687358730290906,-1.6210320069577755,2.8190243472997243,0.269492940075909,1.8427497860155657,-2.237330159206382,-1.5689767298123372,0.04267350584657692,-1.448073669071899,0.0827450192668912,3.3719785028783082,0.25729165933602155,0.9251037346579217
ACH-001622,-3.184852371985789,1.8837747625746355,-1.069963147287252,3.05714849648687,1.4614360736828949,3.3029598317098774,-2.453318369541961,0.7389339018218616,2.5024443993378,-1.5249733914213142,-1.1995215689155,3.9942648785572104,-1.1114309125907365,1.9081232726579125
ACH-001623,-4.94278849831298,-0.7577778102815422,-3.789797576242,-0.21208098726036478,-2.3646571869733193,-3.4764561201261763,-4.658173073719121,-2.3353642390012337,-1.458440512463323,-1.6439332826723796,-1.2250280068467416,3.5121531305952765,-0.2589382601680908,0.005170451887649058
ACH-001624,-1.1145903476766619,3.3185722270395765,-0.6816935796245681,1.4158464085043136,-0.3646571973216182,2.2831599691999145,-2.5272997070431167,-1.2205449001802664,1.7066709399250273,-0.676540380737327,-1.587070580411602,3.4737372367466293,-1.1618435079631197,2.3207780755806144
ACH-001625,-1.8687937507208074,-1.2425486389665465,-2.019972859265768,-1.323298131714312,-0.1446276128044942,-1.8609932689512858,-4.7730947499152245,-3.915452744455807,-1.8227353672592477,-1.2937713704405227,1.2364211178170574,0.2878922026457933,1.2291692518139334,-1.2291821299569776
ACH-001626,-0.22013127895502033,0.11004397272382094,0.9805318597564564,1.107020251248521,2.463436239599708,4.4311000317897316,-5.598251864928587,-3.264848210324902,-2.3874116774291414,-3.349467534430997,2.3591112824111184,1.754974983784246,2.7532195188293405,-0.8015303046647457
ACH-001627,5.646631845238721,1.7426720171647383,6.2749843186834315,2.386206858945077,4.4645100952034635,9.478691847476805,1.4999155892975298,3.5318549089768254,0.904189717562746,-5.1882221903610795,5.375798964612614,-1.9130694136828374,3.5318854565603943,-1.6816715783783411
ACH-001628,-5.649134908798699,-0.7044308783993309,-5.528075715506312,-1.1209705762426478,-2.6456407269199036,-5.573254334668428,-5.0198595695389825,-6.034774611705455,-2.4511074303458082,0.1649671471144173,-2.048513800954605,1.757626454284884,-1.780469066944914,0.6786581085812673
ACH-001630,0.8176229235672634,2.111070853340058,1.2395757289061617,4.161893178442366,2.773072755879246,5.173416882445657,-2.3554125108662345,-0.6585753808432242,1.3511372777964314,-2.6171316550512502,3.7178665644073288,2.6527505142358843,2.881003429265318,0.1661649586320898
ACH-001632,4.035183700571967,3.2416475744698956,2.8458204374919767,6.246958183229083,4.562686951931325,10.824132729200413,-1.8100030368112252,1.3536246928498294,3.2853344684347063,-3.5517322946043732,5.274079418056612,2.8961925271188433,3.196409707644471,0.4869373126939619
ACH-001634,1.4522982562088853,3.672381711414287,1.818143199040263,1.9955050060889068,3.24399565372592,7.188779854984275,3.601466471174857,5.050075742246296,5.9629529896985245,0.9636187167863864,1.0823539961037838,-0.6095429756597304,-1.5326104334170068,1.8168218858827834
ACH-001641,-3.205236533782865,-0.45327262246579897,-1.0385807417635569,-1.8623020246582287,0.7532447269026327,0.9278973508306733,-5.3496129667070464,-4.269965048063529,-0.7812699249437222,-1.8437892167199839,1.4197752647769428,0.7333481063430065,1.4948851808526475,-0.22772599060870846
ACH-001642,8.332806452310006,4.01164536005776,10.2060131683807,6.549550556995747,5.705837268055886,13.391416580418245,3.544465894975369,4.825361801351785,4.538690868354044,-4.150573877569454,4.685972749470625,0.4585049492943164,1.6488753617535086,-1.1052039133262412
ACH-001645,-5.518574780321515,-5.181013684635888,-6.184055981885384,-0.05072569048406837,-2.055527482265847,-7.182097711479508,-6.707545942680379,-6.882980319893969,-4.569202169588676,1.750431753764178,-3.6511841616860643,4.402892188509565,-2.637508055560988,3.8743418860448573
ACH-001647,-4.28509614048489,-3.379185145283637,-3.254309118982395,-1.585646644011247,-0.28666182450785466,-3.487891022390188,-2.402497895249201,-1.9945908361151132,-1.9237586348216156,1.5767942254525973,-1.609500511736649,2.2056102803314923,-1.0444652241477708,-0.402130955353208
ACH-001648,2.05364733739058,0.5944618778710251,5.439730333946763,0.9200222979888045,2.3523938030160148,7.1787475149789195,-2.319346020901324,0.2863388803059222,-1.36160647325989,-3.8366165674146875,4.0850357948326,0.49045792295549023,2.903521106638303,-1.4241529785598013
ACH-001649,3.177367401564555,1.6021924686815447,5.201193816672641,3.1622921239262403,4.469657058028855,8.755328198102617,-0.5577490559643141,2.0883206454823977,0.01392132032993268,-4.271493535868215,4.107114987432746,-0.546525631144082,3.996158286162664,-0.6862369683742489
ACH-001650,-7.44047500611084,-0.28769704426665405,-6.031623158532335,-2.5877043429375868,-2.4716590790052066,-3.540466694450189,-2.9661574342709387,-3.5139716203623905,-3.236137194867172,0.42137883482958205,1.3598480632037826,1.0755909880680297,-0.48862527034663467,-1.2804912098389027
ACH-001651,-1.5756967471147096,2.261482114376349,-0.03913631216019044,-0.3426256898424878,0.4285956581175764,2.6410190919629515,-3.6138279244990628,-1.869441530187793,0.9251890244913059,-2.7153741664183753,0.8141973204130318,2.467087727632212,0.47165158465242385,1.5002835492996827
ACH-001652,-0.19576700722963356,1.4778123864756882,1.1599443660931616,2.413432879663033,2.319257748640296,3.587421892203524,-3.810057357013068,-2.0140187611641167,0.9205559131367448,-2.01770958938147,0.34860106488989373,1.9266758937285127,1.5927156666524183,0.5725911958606841
ACH-001653,0.7113410101962543,1.0316203052567448,2.358161674312284,1.8048613338564325,1.0473583995804217,2.102458521125922,-5.822531821091796,-3.428635411760522,-1.4850578326429698,-1.8182871545852708,1.53153984317238,2.235774810291895,3.397295613728144,-0.5137755018958646
ACH-001654,-1.8889426861265215,-2.9935644332761626,-2.3909126644777365,-0.9006714916171695,-0.6584092374040684,-2.900343747120177,-5.658555864713057,-4.328334761847137,-2.0897043694306743,-1.4907129492445697,0.7372318502010158,1.6192691945012996,1.2442549105418592,0.362052001907859
ACH-001655,-1.499188551675532,3.0997065247281013,0.13585525795934922,2.5102850484875137,1.749058068346845,4.096087548807551,-1.8261226221108777,1.1322802734801338,3.9415374451899035,-2.773772468339202,-0.9308219065919272,3.743584189568181,0.2563812430739167,2.309508638708543
ACH-001656,0.4978964753395913,-0.6559385564496322,-2.1184214826842425,-3.1856553865771318,-1.5857298058649152,-4.154568615405542,2.1720622872487487,1.2669131511506757,0.2594089877090927,3.6612540610853763,-3.3563417224593612,-2.726238014403961,-1.6934301553191593,-0.6559048773721804
ACH-001662,10.886752997378439,6.608312663574521,15.309530105594254,9.28768866974512,11.205064661523476,25.078984379891242,8.78282469850791,11.127802648622943,8.241802532088586,-5.481208564578221,10.45843212613846,-3.4807553123212327,3.671859165562681,-2.8103546189114414
ACH-001664,-2.3461795195722086,-0.7829995064240234,-1.9189556993417318,-0.8509534044887341,-1.1201120981801633,-2.452223133253872,-1.8371817144733007,-1.5954888331128554,0.46919193431705264,0.9386430145244018,0.3001344217165218,0.277891523656129,0.5192197266485885,0.5592354089383961
ACH-001668,3.326885700880034,1.5144655095160549,4.525302325310918,4.06471453564995,2.9331787556993514,8.197718392190188,0.9928087597772832,3.2470575463742843,3.9046504692155564,-2.682300551997902,4.853916549781129,1.2732041716909805,-0.7241821093983676,1.5272348831218558
ACH-001669,-4.804534194962363,-1.3143435272686044,-4.504635640330931,-2.562787217740494,-0.054250136967787466,-4.062046904569753,-4.527087981206019,-0.25871097300353496,0.5478741684003945,3.4238151189869996,-3.5751831705936588,1.9894108232436445,-1.9382999233659937,2.3727927542994856
ACH-001670,-5.232295141565178,-0.9893712776203971,-3.4195223435992603,-2.2085608019898273,-3.129344654937884,-2.924501411788506,-2.565840036261132,-1.4337760924389915,-0.45525146277216666,2.587476267559541,-1.9261283178949031,3.466254604438098,-2.8383213583322897,3.539003107614014
ACH-001673,-4.039290774366563,-1.552212625775536,-4.121180633633035,-2.430308101324238,-0.27390422380920343,-0.608807170836375,-3.393647568091347,-4.378626780456701,-3.684657298616073,0.3451091374821774,1.6435780742170147,1.8451367940364114,2.759274339205029,-1.4916206308489577
ACH-001674,-0.9844966771756605,-1.1288845696791088,-2.601611149779169,-2.744473749289733,-4.93843683850545,-7.785106201444283,-1.9185351466256886,-0.920669378366843,-0.6700044685535164,5.343415612914264,-0.47321274053562346,-0.5600122884884277,-5.089186133243128,4.6797169225625925
ACH-001675,-1.79029244273375,-3.118901184244846,-2.7170407330737287,-2.270264691418146,2.4353011535197346,-1.6609977850132385,-6.0143042743959985,-5.910703265315253,-4.819074771551284,-3.075098666789186,1.0216223809548426,2.809625124513291,3.8778840274291655,-1.8634447983217517
ACH-001676,-1.686593783053059,-2.510352189431085,-1.8682041775675757,-0.9116945750489712,-3.6305932178336975,-3.519605037063625,-0.8373573931539975,-1.9314147345973907,-3.1303687507233997,2.011012172866124,-1.8436025965010023,1.0609171230559489,-2.502192415141937,1.2928299374348469
ACH-001677,-4.757968530206332,-2.0997996310510083,-5.38538120270198,-1.9497677911843083,-4.520831553753091,-7.827440717022001,-2.2982262480919067,-2.759622516781285,-3.30028085013962,5.381564472880591,-3.1790361266122105,1.1180513501986096,-3.2917772085140786,2.602502728009084
ACH-001683,-4.469437816815751,0.17485248879383392,-2.8039990945846274,0.1027160342793278,-0.2519493926066704,1.3756859555906824,-4.047882310124313,-2.024782530421212,-2.0389832783384736,0.306220735418,2.637517749583088,2.351666692699127,1.2820635479624667,0.9527030552219351
ACH-001685,-3.1591498872633452,-3.646624512960313,-5.827431037667183,-3.3712542201930304,-3.5379891053167545,-4.210816744135543,-3.3151309426122704,-2.895395605920431,-3.413899870494184,5.338896014740121,-2.4167334303963997,0.6138738897076239,-2.592296455599154,1.7937902206747296
ACH-001687,10.273554542501923,4.00303971603673,10.921695362951098,6.801863099324931,8.433188008496877,15.295131267498556,3.092291508212705,5.841535383768807,3.143130190495284,-5.452522856442164,6.379147833287311,1.6642432328469299,3.3859096078817537,-2.1255029327710044
ACH-001688,6.145719436165794,5.129338535266094,7.590478849151093,7.280166546647024,9.548474825345059,17.130217006294576,3.175237711258137,6.627713119135827,5.004481345782805,-5.364417247361004,6.0109211206831406,1.2777306316949333,1.4482118989398858,-0.14244824457730448
ACH-001690,4.2788078932761096,0.5120672148764973,5.004558488618813,0.14060071356578258,2.992468383070725,4.6203998809504485,-6.685330225890789,-5.176580103831699,-2.6968941621831215,-2.9811481948148733,4.320866870961957,1.9954224994249716,4.341907394017142,-1.5134374049027841
ACH-001691,-2.072346869202386,-1.607837358711738,-1.7038324724575398,-1.295710994628795,-0.6638986958020044,-4.35034591334508,-5.846776884501532,-5.38391152837785,-4.213349335978641,-0.2771447205421417,-1.6486148590616767,3.1489007955008534,2.000606325824816,-0.3587101607590861
ACH-001692,-0.4212293722412439,1.509349625790746,0.35034827192873064,0.1681734483836095,3.20919650515445,3.8996670358044714,-6.367558977772305,-3.1927120174067327,-2.436764275138268,-3.953430953938051,3.036886602938479,0.9572527387678618,3.40972455335463,-0.855979430104664
ACH-001694,1.6258479082472288,0.7429818577637934,2.3832228528558566,0.517820245701187,1.732561941612472,5.776213886588189,-6.966670715692165,-4.613739728794998,-3.5480013410997575,-3.08655160767667,4.291640265672132,0.5904910625227688,5.152927773671767,-1.8039927365369899
ACH-001695,0.39299159215840623,1.9857313451134821,0.678939933938388,1.0039139451589345,5.078104463413001,8.06766291492514,-2.1055869865030177,-2.1217620486212905,2.1769087651923096,-3.5806474022201895,4.366685966701755,0.7404172031805006,3.121047417883571,-0.3821434712297066
ACH-001696,6.590474850423301,4.784686589674475,7.998532002309147,4.866424882048078,7.4801657857204376,15.354355294248608,-0.2240750739464787,2.290696749618688,2.306103053497767,-5.33858612795136,7.843200213829752,2.983711004242043,4.569654051450613,-0.51881319670398
ACH-001698,9.923806116986764,2.215783367318808,9.615866045794995,2.217352669122862,3.7941134663965563,9.754495538279976,-3.6646654389038824,-1.4413202430415653,1.5527936483096147,-4.0544969726808056,6.905770183244411,0.19678065060775235,3.6507847701877427,-1.0353825004283599
ACH-001699,3.4735199805273576,1.645094529886022,3.2362379864272137,1.1188677607534867,3.11170732067722,6.276649712527554,-5.672009046737644,-2.494607666918542,-1.1279994691589876,-3.6943405927206716,4.292464296099731,-0.09890993201632861,3.874714228161721,-1.034151765177997
ACH-001701,3.403034232575872,2.6108246829622113,4.630898362045149,2.4397765375882807,5.225407415142149,12.396464146018666,-3.289132146502593,-0.8425853348162681,0.10201306660439663,-5.486442638737365,6.010354183247034,1.9596127404597476,4.930465530320863,-1.1626706525731887
ACH-001702,-3.0642377270073684,-0.5620672235719227,-2.8826292834961262,0.25045390512958887,-1.0088233454239535,-1.6486820335099708,-4.291305198092727,-2.41505570791358,-0.9163287521618807,-1.5415725939988207,-0.590510033192722,3.832589739552075,-1.1156967506743902,2.5053978624836177
ACH-001707,2.7661990495233226,-1.896204062845427,0.5185946368320882,-0.13150048389348823,1.2087647165588926,3.766319554767416,0.2926259776724141,1.0719950547454973,-1.040943279859108,2.269900764294658,1.7355435664471102,2.250138382071701,-0.9080871988961693,2.6094313850464514
ACH-001709,-3.6656105158890573,-1.8484680007539143,-3.757763230977444,-3.935756607550284,-2.2872918502437107,-3.9839540006066723,-2.364229423808299,-1.3993033500042564,-2.115711875105325,4.465927740754908,-2.3779247758514215,2.0892587109163223,-2.918352295224853,2.9671423902700673
ACH-001711,-1.1668024436460394,0.4561752163745525,-1.6579827488632803,-2.2947019320501187,-2.8192286126451878,-3.482998540324531,-0.4281287895456262,0.8378426608422194,2.214857170636993,2.275774157120423,-2.4273867971250453,1.032459693731569,-3.0269819273790466,3.242329450094326
ACH-001715,-5.140995683932201,-2.6460605307390708,-5.721340235616673,-2.9704604764163522,-3.8756192932390743,-8.217392641511044,-5.782338833469115,-5.525035132497461,-3.0301649257784233,0.21547277901044695,-3.6972373051680374,2.1840597194189213,-1.9541476526272616,2.0407113373597348
ACH-001719,0.6397686043850837,0.6631087508083447,-0.08993936894257915,2.0275743205033256,-0.09477171659383254,1.4059456831952732,-2.5479027961733784,-0.4316192846631874,-0.5439543584258498,-1.4918222262955343,0.1343642698409827,0.6278323108398995,0.29265282981386176,0.4747082287623518
ACH-001735,-4.517087742782041,-3.427104055820455,-5.014358550404997,-1.0089022167445316,-1.4450099749232916,-5.8227889111504,-1.973717933310954,-1.664412087120236,-1.7758359987211758,2.986996616844087,-1.1833661816003025,1.908037841348336,-2.2464983169270667,2.2876928525271056
ACH-001736,-1.274218015386693,-2.6275000992562636,-0.9127225395489963,-1.1211562819092304,-0.8967186786032451,-4.428151708748035,-1.4720677223510727,-0.8020602631179601,-2.2875862130387854,2.375076770688826,-1.2329289385158912,2.0281212586118444,-1.6819074783660626,1.1851630105433237
ACH-001737,-0.4795470581310326,-0.1924205908222632,-1.728722089017078,-1.2186158731050083,-0.6526655389884002,-2.3809178796813555,2.613505522285255,1.9658630136985087,0.6429749765009158,4.441183415171467,-1.404311881551807,-1.4632614814042793,-1.7880405583246826,0.736671183536858
ACH-001740,-2.604322639274404,-1.0066375911307053,-5.056384451231895,-3.3851217137942835,-4.259197828753526,-6.519367086288318,-3.404739699605182,-3.717117665096212,-1.4102076121387521,4.196585430176959,-1.9356996818164625,0.0673626635385498,-4.208381882826265,3.1854951661199307
ACH-001745,0.19354910062944766,-2.103060803294547,-2.6625071363564614,-2.1936846392513285,-4.837597941405034,-5.981018249912662,-2.5808951712650283,-2.4037061768828893,-2.393542475758775,3.8560336268104822,-1.7044129034479234,0.3458419319083316,-3.5318065758808768,3.361685173152961
ACH-001750,-2.207132310083227,-1.623662203511452,-4.2405691077056336,-0.7691333642526845,-2.3147090915768445,-3.791707586374112,-5.56926522557555,-3.849390728130465,-4.201265882709186,0.833435682735206,-2.0823863999225325,2.716941217295398,-1.490291516473334,2.7655908413507047
ACH-001765,-0.5313536553653715,-2.342060585832108,-3.171591591322704,-2.5149875928623766,-4.929426073261532,-6.806806695381537,-5.291010382837852,-5.091628590234564,-2.2584515351950984,1.9539958870009104,-2.2983801293841135,0.8652038648221764,-2.901223869848918,2.473016667862275
ACH-001786,-5.315690530501823,-1.4333918050221772,-3.8959606790317833,0.6409015653445407,-0.058880790601873984,-2.1447919164345253,-2.006295264943648,-2.5462668834776196,-1.2329662255203675,0.24790513374329848,1.8168086909657204,1.3530760007097777,1.0004318028223982,-0.1392867513963899
ACH-001791,2.533320885660428,4.822200517500954,7.229051884555514,5.597463239659526,4.806506197057776,12.638907114678819,0.8598637358303272,4.769309940168118,6.1069871496850565,-4.8268336637541625,3.8924800718287313,1.7672886898582574,1.0935632167852813,1.3001443662304957
ACH-001793,-4.151503756855185,-1.967190632502831,-2.911163649298897,-0.8121785138397344,0.5049731492069558,-2.575436563980836,-4.690936220340639,-4.21491002276745,-2.8338437184433602,-2.670052066566838,-2.075785547172613,2.2698774002151314,1.1414519557504377,0.13122954076697058
ACH-001794,-2.817262867309464,-0.18540879099082835,-0.8609677766464883,0.1464884184185533,1.8905678729154143,-0.6364672010959548,-1.358097242034875,-2.4116160477330357,-1.5565005503139442,-2.559853393512165,-2.8175222010103393,1.1650009610359326,0.5624267872424128,-0.5543288040173149
ACH-001795,-4.448173001698206,-0.7399137415631777,-2.8859439840324863,-0.2856243082389346,0.7057157769683078,-2.4035826737025787,-2.309998962105684,-2.60783833189773,-2.2756111545182898,-0.4737100963562865,-2.4457217351628255,0.3991898504895738,0.9493676319198033,0.18512160496245744
ACH-001796,-3.495412101028904,0.7269101171962563,-3.122018058638899,0.10174635278381615,-0.7809604234735044,-2.7141809314196506,-2.9725156855076063,-0.8809794819908581,0.9164742463579612,1.1623947288529752,-2.607770373359829,0.4712717526591148,-2.4279104668888967,2.406343000175773
ACH-001799,-3.9930177565938543,-4.327956683420739,-4.117313611271083,-2.359290866618639,-1.585453633919151,-4.265239597920858,-4.614863861253514,-1.5548528685776493,-2.53448125068477,0.5309488848182998,-2.818798774185047,0.6419696416485998,-1.4488842614438486,0.423943665188648
ACH-001802,-0.8183236159239659,-2.1051234263499703,-1.2081859626036489,-0.5814222525936199,-0.7412039178179847,-0.9939980727799513,-4.96727966416955,-3.361610450245071,-2.3233659651510945,-0.22523758861683052,-0.9853558773823472,3.974582287325462,-1.1829419516073363,0.508953242866658
ACH-001804,-6.153311204192629,-2.2037061163407694,-6.361383419041775,-0.9586508022415883,-2.4563100959529645,-6.048426335619582,-4.936681140511429,-4.77798942391161,-2.2460974874458626,0.3440432505450875,-3.8057089633724375,3.6274321377265792,-0.2784450541561878,0.3610002099566122
ACH-001814,-5.456298510533767,0.3640871154265316,-3.198557399030782,0.561722409215546,-0.39484533953116346,-2.0128900332244197,-2.1672049005784024,-2.6476403380611706,-1.6395223948937965,-0.205752121401445,-3.891738365051306,3.039083748084213,-1.7393258486696763,-0.04011674790999359
ACH-001819,-5.169635216306753,-1.0363254588445057,-3.555653951843977,-2.081740405494414,-0.9938149621972726,0.13579746007152704,-3.5001649178370617,-2.234993617757579,-0.674665747709964,0.41757132372480976,0.6778728251687611,1.8499825131333147,-0.6962439770123904,1.6775176306162596
ACH-001820,-2.9710310474728017,-4.063237436027545,-4.000778679929835,-3.2340140182163206,-6.923556696283995,-9.4815953298826,-6.003221229891575,-5.38342854188484,-5.180280222878154,1.970741407448882,-3.0342649941284003,2.0845335374809784,-2.920948566883158,1.1947308450797098
ACH-001834,-3.4038345361192097,-1.6658785096613182,-3.5661778466146363,-0.6525348033146718,-0.8305517267073468,-2.5362149076593954,-4.540553612115434,-4.211156065759385,-3.9732229022817056,-2.6550700876432836,0.3120998294742947,2.588508104460913,1.9242321047386994,-0.5799505784346293
ACH-001835,-4.821315854623911,-1.7001907491633315,-4.164988500016451,-0.10478732780228317,-0.7360550629612939,-1.4620938680588453,-4.963455525811019,-6.258587444827401,-4.200520563895342,-1.8616793962660003,1.2372740136979885,3.933438743224979,1.4183959896177958,-0.5924698613774557
ACH-001836,-4.589333476631101,-2.5495425795528233,-4.455037608484145,0.4988335394112705,0.846970735465295,-1.03947616997232,-2.846431698081602,-3.3787707314799,-3.9536515538524406,-4.280791047511402,1.2684818012816172,2.183109642694487,2.8290700700691627,-2.6850886890758647
ACH-001838,4.617168023418602,0.8214344343110602,4.08453408658604,1.2039523947080588,1.6574142144644413,2.634504359019934,-4.514947209576019,-3.786188162903228,-0.6284432767941766,-2.230779303451592,2.748179412130951,0.2920836166366413,3.4449193391356494,-0.38148699176383183
ACH-001839,-2.1570376317290076,-0.3420858460445643,-3.2334545301118855,-0.5593127153747386,-1.3329004160305766,2.3510345403239334,-2.9368319927104074,-1.8443377660542974,-1.836983059754387,-1.1316760133911135,3.784197665307288,4.496565370458919,0.2269155069067263,1.3715059842251272
ACH-001841,-2.2483173203717777,-0.3799674344430071,-1.8708700511183625,-1.694789551588236,0.22539656192255472,-1.0244770431191301,-6.542042276539513,-4.6820681487647935,-3.0960188857870374,-1.0689864980905088,2.133176748067879,0.6902652074061573,3.231172438688505,-0.6223408489484609
ACH-001842,0.8802293803002585,0.7928849415176289,3.2803156811745473,3.095941472023303,3.575164406829669,6.41720231484953,-3.417129212357407,-3.1451195695130725,-0.36433968182065224,-3.92414085930755,2.2882258664079744,1.5019162288168713,3.3716583542260166,-1.1353221503388193
ACH-001843,-2.1921478414425324,-0.23479887205702554,-2.0903466129633608,1.4752467963064995,-0.7629984305251304,-0.22261326488476055,-2.9692068390588076,-2.357405339238719,0.05592540392516687,-0.8030911956185675,-0.16866169318737767,2.992176052197816,-0.3015346363264366,2.7140475646695847
ACH-001844,-0.7565116887892888,-0.547176855203534,-0.5890543289665152,0.8627911856643246,1.7103534011687396,3.332498852925344,-1.9665750429527074,-2.773187562501615,-1.4797015423334439,-1.859805269241808,2.3204936973802774,0.9437810647795968,1.9792912663009934,-1.4524958656974736
ACH-001848,2.958663403647884,1.1351819856970289,3.0049069631855225,1.9226864922808742,3.940073742064931,5.663448150391537,-3.126689054099002,-2.1741457679778997,-0.884309445167581,-3.5285048338679688,2.880626210713895,1.9032400193879424,4.38277893116679,-0.5831307737296373
ACH-001849,0.5988314378476767,-1.2525228836528648,1.7508565304005785,1.2143613788409389,-0.13259656392477592,0.5432235371653993,-2.888857808743191,-2.9817674654327497,-0.9052571154777223,0.44526244558549594,1.8016815252477727,-0.3587693488604657,2.6489205762462493,-0.7385551044376895
ACH-001850,-5.854344843306589,-1.5395116348859452,-3.9581414065271643,-0.04821639196343572,-0.8492192527962286,-4.292665395963808,-3.961368215805215,-2.514675596072855,-0.723806830663772,1.063296817398548,-2.8445949391018783,1.0650412499244193,0.013635173953569557,0.24558467427014083
ACH-001852,-4.66339518609178,-1.2496006910787882,-1.874366636619887,-1.6480247861886814,1.2202980969353683,1.8501067744914494,-3.3910694923150495,-5.1460129846265765,-1.925445759268509,-0.9893727392240029,3.891045309782372,2.7276819528186476,3.2297941229008957,0.1282613197778737
ACH-001853,-4.1520775844114715,-2.356364577953945,-3.9253274842193866,1.0496648953658658,-0.5863524621549651,-1.8343560051822363,-4.674301896555636,-3.4076047639012823,-2.8631482528849537,0.8131466697622843,0.3469359478521741,2.749318136901069,2.430611382801562,-0.8237760176418675
ACH-001856,-3.896336514261259,0.9085859950623791,-2.6422412460735076,1.9306000104017833,0.9084981426253117,2.3579525838431996,-2.0294263135885937,-2.043756935232209,-0.04330729133511807,-1.7105629852766582,1.4218908949938174,3.0046050677058984,-0.5068438474776749,1.87670206215682
ACH-001857,-0.03438610139717846,-1.2318809188175583,-0.8812636473156132,-0.09210412880340509,-0.6830642743446194,-0.5526338814809628,-3.032519622055275,-2.5121497898786065,-2.9645020748975335,-1.019263439738855,1.7143273666482925,2.3932346261894133,-0.7734500611245091,1.1699787861360538
ACH-001858,-3.978473465194138,-2.0659327212370293,-2.70125494651514,0.4281272869736199,-0.802434143600993,-2.611085610354311,-2.98925923879157,-2.3839142120235874,-3.831059119709952,-1.3539975760742653,-1.2055999415512957,2.7798609334819044,0.3158907375836012,-0.594670982443823
ACH-001861,-5.992576484032896,-1.8547536151842825,-4.989406812907687,-0.416268161314692,-1.1150011708571743,-1.4276329828054695,-4.34192523803758,-4.2713801052419855,-2.2151333667061044,-0.9228139332193639,0.09198677721776546,3.3943096566329167,2.4410800773374848,-0.07319749245478446
ACH-001862,-3.4975655865195394,-2.0716596046878246,-2.3064395726956946,0.6770315777475333,-0.8782902331887248,-2.2424468410224287,-3.1991716246910866,-4.717179407249927,-3.4910603588897757,-1.0728064893885463,-0.9069748108442794,4.092544128045523,2.8617342484883523,-0.7357690906582401
ACH-001863,0.9251940548604346,-0.11296650249253759,0.019534219280590046,-0.0721243692749079,0.9736550152425235,2.7287544119642795,-2.5366999998684383,-0.16078898114032814,-0.7367038584727548,0.44596914520249314,2.8591628820681225,-1.5066255516454328,2.766673593793759,-0.672424827883612
ACH-001864,-5.743539648923571,-1.9775213654219437,-2.892393082789336,0.44100636676737215,0.16220445923412424,-2.0571965101788043,-5.872522522691257,-7.2321017507086305,-3.4839580044964653,0.620571578863851,-0.8681621629462136,3.436318495827118,1.0008665474485845,1.287702330706268
ACH-001959,-4.3638448749098,-1.041061073877965,-4.927741782106696,-1.7821163332877863,-3.444886603707819,-7.63003814390667,-3.372862820230058,-2.303376105457826,-1.095404662707201,3.132652465109538,-4.190869829453391,2.2829791767684986,-4.708014736321942,2.8376337933585445
ACH-001960,-3.811259535133257,-0.9440648415998577,-1.998960002471233,-1.0138323565307887,-0.6860786869688995,0.7267658958062696,-4.036826522319243,-2.575755399693537,-2.121745199463366,-1.6431234281130278,0.6560530641089687,0.7221251994952766,1.5470139282415842,0.13573852418603377
ACH-001961,-5.23228465026873,-1.428765657369594,-4.431642573237317,0.15492183201366372,0.8581658866194086,-0.8139101476237784,-5.498774500398454,-4.600493200818237,-4.228896749379042,-0.685433837537859,2.485269718993204,3.7107212472547833,2.673278820176636,-0.12166584546569564
ACH-001970,-3.164005187267966,-3.855186443135522,-5.19038324907186,-3.089924809625887,-4.663074054496094,-8.00163620513484,-6.002813675229978,-6.487642175400332,-6.324977838884193,3.5666884790913578,-3.7344052129472987,3.0992892991255037,-2.3874567025818716,2.401266448752046
ACH-001972,-2.390408551230675,-1.9653760645991256,-5.885412796693957,-3.357791961983104,-5.35824798875085,-7.363903807211948,-3.182326866692323,-4.559864557318822,-3.88844338977787,1.9259814506632684,-3.786914852016729,3.083697317730588,-4.001996117063697,1.7547257396895317
ACH-001973,-2.8261237705726217,-4.656122941289347,-4.338225061757283,-4.921629294954389,-3.5036887957065534,-8.741773912367584,-6.170758245690563,-5.68062689478425,-6.686985554057692,1.8859277739922646,-3.646159060870652,3.63171638709902,-0.4568235989413258,0.7218452758555733
ACH-001975,-2.701811935459954,-2.2986543264548747,-4.134002243199111,-3.717954627545885,-3.557369768517417,-5.851805263879922,-2.929759520585869,-2.2329020489547537,-1.9249940938691725,1.794120763025747,-4.2338868461303,0.9211955913270591,-2.774882828755377,1.9591025582135366
ACH-001977,-1.8383997143910749,-1.1943765379346991,-2.977875913857207,-1.7924932388543056,-3.4655355186132684,-4.076084583453042,-2.106960685664902,-2.1001488713705756,-1.9128067339350645,1.6909015024290597,-0.5439618212147539,3.879907947626126,-0.14418471873059122,0.30057951847598013
ACH-001982,-1.2505602220857175,-3.892265013920481,-3.271728363756465,-2.6792172779022323,-2.572799346457211,-5.167155343496602,-4.372273709451497,-3.14248628635796,-4.184009489447543,0.617038922836754,-3.1899869040987685,2.2041663150244215,-1.4529522757181863,1.0816582452371664
ACH-001986,1.0097596048345554,-1.0357213083195815,-2.088137261076738,-2.9948746044977637,-3.0995924810331608,-3.303609440434156,-2.327799017468828,-2.8994850870686797,-2.2523625426683918,1.142169851261386,-1.7317332511477217,2.932031058153791,-1.4888621209807018,2.541125250878575
ACH-001990,-3.3135952643065183,-1.3339425041769664,-3.359544362728543,-1.1355014435511341,-3.529975700914244,-4.618262102736965,-3.2635061665993734,-3.8319446151774468,-2.7290172732322313,1.030450095950675,-2.6077638485445185,2.0296293625875186,-2.06023325731226,2.492886167544302
ACH-001991,-5.8394841382384906,-1.5560660473455452,-6.558517054552478,-3.632631626056108,-4.9495336166271064,-7.310759019161468,-4.727384683182172,-4.994102894579889,-2.8604983973492453,5.400759939987788,-2.645123566053321,2.121500952192427,-2.2677141911187144,2.9967274018580587
ACH-001992,-6.193282797438618,-2.5085035388186476,-4.650539078887802,-0.4410088752379623,-1.4169204703106846,-4.431464961380356,-5.64817601196893,-3.282390593266713,-4.343627267778422,-1.2108128138786431,-2.5588800404257777,3.43697559120229,2.094493482342247,-1.915085637363994
ACH-001993,-4.330639254544899,-3.835333940369313,-4.1752543886368,-2.0760659823270142,-3.620245722763164,-5.272446054891367,-2.362276923383126,-2.805298951787621,-3.5165353019602157,4.418028199186126,-1.1734393927665685,2.238965441967972,-1.5996718514646928,1.1278922957275943
ACH-001997,-2.3885712472467895,-0.7419553885587671,-2.12054628752039,0.7185364242707246,0.32286951825781696,0.8751502672736499,-2.536937251670327,-3.8498679325437206,-3.530379773455768,0.06385531575930314,1.6425765454621608,1.3275627053139583,2.5136371700082702,-1.3940258614081884
ACH-001999,-1.2446654729390312,0.25167483404879476,1.7225417067064344,1.9406709522771695,3.1883867585371637,3.8783163986871316,-3.1721883936001865,-2.5920239647166476,-1.9272535940115973,-3.1754762239559433,3.7990738341635035,1.6226586588847471,4.732654036083362,-2.7050577127994715
ACH-002001,-6.935415824552403,-3.467929159617665,-5.375532878403418,-1.7783332557185894,-2.1684522941523903,-6.268076794212684,-3.366312287779332,-3.855065348128157,-3.570893584891163,2.818731318797288,-2.4149582632009836,3.100800711065622,-1.0562452330870924,2.084110551024828
ACH-002002,-8.473492190070788,-3.922299608004518,-6.440488130854956,-2.7474107935566385,-2.0475906142042124,-8.051221704886332,-3.669224176779457,-4.961789061043496,-2.632554018720676,2.0841250012314285,-4.187592991767177,2.6141592849910635,-0.6964585071772621,1.1850155237581816
ACH-002003,-6.090158794528233,-3.044225163422875,-4.928254376151222,-1.653185303744908,-2.68857768331939,-5.665115217537439,-2.7395913470240822,-3.479249725291023,-3.5095189785339636,2.7533225642957744,-2.672638527788542,2.5584945201168106,-1.2837470378805538,1.8334896705462385
ACH-002004,-5.1528546774316215,-3.3824697762332327,-4.126683197068074,-3.0497418655241066,-3.3332055467753188,-7.106578528141297,-5.762038634578106,-5.812493738137165,-2.9187348633643193,1.7408069851470647,-4.635020756171047,4.79569956218652,-2.0978584540017065,2.1854653220324938
ACH-002005,-3.5847703344481823,-0.5681956483402556,-1.917702377174633,-2.4504613096855747,-4.166218099546473,-7.0355858431031875,-1.445592586983697,-2.077458025308214,-1.8503859891634098,1.8894169335745419,-4.3289429545954965,0.9801121050859667,-2.2137086158858756,1.572496407923435
ACH-002014,-1.808138676771465,-1.744299839689501,-2.7578804887860318,-0.8723556114280747,-3.3511249264825005,-3.5942835294225133,-3.272203416593794,-3.986365544201035,-2.5822871982944844,0.22661817775636697,-2.5952002788014408,3.9868072292134893,-1.6911267390300662,1.8727142212434404
ACH-002015,-6.730173965750557,-1.4659960782485038,-5.4893797473266455,0.8219640143166127,-2.9401921568006113,-4.267683121292154,-3.386921363387225,-6.162851008897566,-0.6579072180098937,1.1564442991950266,-1.855867632505232,6.034323670491062,-2.6860821312902754,0.9562354376639248
ACH-002016,-3.1194611478832885,-0.5457138893935731,-2.301228058235527,0.16275491256131946,-2.0008541706407055,-1.2437820818082284,-1.665475879251441,-4.435706132901701,-2.3519617458949487,1.2727977422744443,-0.586990807476847,3.947338094480482,-1.791219772955892,1.1654185000884412
ACH-002018,-2.2954805800010307,-0.1677703902580197,-2.9964616135699647,-1.8571259919535146,-3.37931154920414,-3.632200847261254,-3.4454788146498374,-2.5600489603304903,-2.5349422423147594,0.4772749811218181,-3.7732993104903243,3.0222724021792264,-2.989330147537068,3.2801781899090554
ACH-002019,-0.6477805605432654,-1.213227208837154,0.36804406225634817,-0.24176448757991015,1.5299795515001509,0.5593614574530142,-4.808453075693571,-4.461408447714106,-3.29528872046234,-0.4663355814592807,1.132122202467793,0.4070985146269047,3.9323418517985735,-0.7298651204847169
ACH-002020,-1.5147446329888739,-0.18774772061157427,-0.18350559070365147,0.4259894652617756,2.325566263857948,5.633003316335381,-3.2605495483243834,-3.658604026081309,-0.5979882468775349,-1.5044709028372019,2.8557696282938467,1.1128664924214782,2.9147651762335327,0.9074714460334505
ACH-002021,-1.5331015413128537,-3.3695453546050773,-3.885242688639178,-3.7824575779880387,-2.570538446343392,-6.787412431896002,-5.536497513273207,-4.374494102439276,-3.1087854557186416,2.6032229985162836,-1.0997639523770641,-0.13468481795757126,-0.8470519748046144,2.2236320978610924
ACH-002023,-0.025755580068594616,-1.0751609318833355,-0.6723055674108293,0.4212917692818876,0.554090244227987,-0.057196575573816584,-5.3994454095465025,-4.991938405851471,-4.967496270797146,-1.4249872295327815,2.303400707681811,1.876942388497176,3.981551429947955,-1.3664721273031886
ACH-002024,-1.0463909571506604,-0.28586884335694207,-1.1444454103374022,-0.6805877408501366,-2.9344284152361912,-1.1964497440097646,-4.326294792885445,-2.4242913386912903,-1.728891193013323,2.221689807274056,-1.4699314182137726,1.9128768160932648,-1.0307497935612961,0.8415311758887224
ACH-002025,0.6501696537134074,-2.0361599350085173,0.05348583950210822,-0.786642748209248,0.2657397589336663,0.19436472744131036,-5.32450806683645,-4.236454027084416,-4.241683003248798,0.7040564488126567,3.1883007840168247,2.2386259353432334,2.336517820243988,-0.6300332554801955
ACH-002026,-2.281261759180703,-1.0376102696487057,-2.620865851480579,-0.9541372829588359,-1.0138379282251082,-3.270940887893316,-3.8815970069336294,-3.772907163872519,-2.359023725865245,2.145097745963644,0.5973806890355989,1.87183261566536,1.583931739593001,0.47893256858796435
ACH-002027,0.5479270141140685,1.255127396429788,1.9380405452247351,2.6571375278860945,4.838520073096854,6.999590974079297,-0.8723062590393734,1.0169196470675688,1.8768551648791696,-3.0973391483441794,3.869969165144812,1.6854299530164323,2.238351436885469,-2.1703281879958984
ACH-002029,-5.2667984815154245,-1.2492010009757353,-5.4283034281378155,-2.576416646416873,-1.9627203745913726,-3.9698325053106354,-6.270081603145312,-5.025064807282476,-3.1011552807608007,1.0740754830312755,-0.8410437644874285,1.773592342215243,0.75784172117776,1.2990619015689924
ACH-002030,5.041584554869238,0.014003607098278942,2.340936728187638,-0.004402032383252014,2.9847998257215465,5.282008689792259,-6.835943296838668,-4.37692643207595,-2.878980335652511,-3.457566026059244,3.8439468120333395,2.5375038488201,4.523066785467816,0.01892742351403809
ACH-002033,2.398850037273134,-0.22993621992126018,0.41157948004768047,-1.3040330679386765,-1.0178943602817334,-0.23934509621874897,-3.3102733032751344,-1.4111265296883484,0.19888153802990954,-0.35420425358961904,0.013619994123914958,1.2422076466525809,1.1818602087369439,-1.1075591569765546
ACH-002035,-3.1589666432931915,-3.192843872858755,-5.498214193750227,-1.6625783153548752,-1.8901442897681393,-5.6103591402414885,-3.571376144084231,-2.218292524111889,-3.868089057828645,0.7840995507709639,-2.528393477607798,2.691068709297869,-0.12098431822373663,0.2784746749091536
ACH-002039,-2.836735572240254,-1.847720780972344,-2.6700378557207567,-2.5005287380126653,-0.5167406634799994,-2.178362434984138,-5.8067860851724635,-5.086024664090401,-1.914886948989462,0.5388917356392012,1.580310932050747,1.343478661100315,2.333893182779849,-0.8181145664767231
ACH-002040,-0.9682765217336962,-2.910720727881346,-2.7868759646566414,-3.785567406206123,-2.8979729495902458,-4.46732563184865,-3.2243041580159746,-4.497105868735165,-2.7440565100481895,2.2105057752153314,-2.736382704780075,2.572545835954167,-1.1253412744282192,1.4825935019290928
ACH-002041,-4.1552596773174155,-2.539503916867925,-3.0651802364841627,-1.2462066191075518,0.3835561278273275,-1.6289801650540554,-5.835010736495539,-5.335188154847213,-4.450855803442953,0.08508949368223855,-1.8687709212222297,3.4313468859528315,0.41839166441758124,0.2785519996390861
ACH-002042,0.7126648677421467,-0.6383653470931661,0.9415918689266641,-0.6205091195457024,-0.09644104585339058,0.005326778634210157,-2.5567346871854117,-2.8078346501057,-1.4526142282692844,0.009286407931492796,-0.4246175547051323,1.008854289598379,0.8592669221309245,-0.604674069221985
ACH-002043,3.4907408741427126,0.13982521551478755,2.4541710909591976,1.6854089552345966,2.3750543383051013,5.9185762618160895,-3.1749419657800027,-2.4275398056527595,-1.5079507405907147,-1.6318970320513944,4.1956530214875,2.379006837204088,1.2344119616336355,-0.25411421035230286
ACH-002044,-5.2138050701893635,-2.4064957689055384,-5.25013693141696,-3.342239725201841,-5.392880054111975,-8.194237036853133,-4.440194709826376,-3.7421288653173534,-2.719612590363105,3.8480162526804538,-2.5700436038820715,0.24003354504294913,-2.592663984019432,1.280388219477899
ACH-002045,-3.860544468212143,0.11649426897309775,-3.921510483194567,-2.0630219877830704,-1.1005169794506784,-3.278458279451904,-5.972814214369972,-4.055638080029529,-2.3578891363049834,-0.545101890758627,1.393596508127352,1.3717492194057563,-0.4769866374291699,-1.462071827962655
ACH-002046,-5.816863691064629,-1.5356740965537525,-4.288993749909458,-2.138837701208742,-2.1404752652263443,-5.641426264536198,-4.76018921219914,-2.9977273496882972,-3.046684312928962,0.4381903169572688,-3.6171686408828245,2.400530245154073,-0.23318259058238358,0.01650720427577379
ACH-002048,-2.2193276501974704,-1.3724146699297415,-4.08197938532985,-1.6718590032225569,-2.0423999447412267,-3.6403836903067828,-3.469771421590886,-1.507405524963097,-1.126447285733414,2.248296606482027,-0.9617661468535416,2.1083133478960367,-3.5410226300198278,2.5079178716908914
ACH-002051,-2.620953368025693,-0.2772688934361004,-3.430533945972862,-3.3721458706183105,-4.54932006752518,-4.839864698672793,-5.8012769382495595,-2.4779728547478244,-1.1202777894675817,3.728559456673474,-0.6070066198247547,1.9756094536532942,-3.10558662329961,4.006281640874968
ACH-002052,-2.5165083042345637,-2.3859231763231574,-4.098195629459682,-3.8045107973661945,-4.953235944253882,-6.24468836873274,-6.611484045399389,-5.807714732481441,-1.7891561035404169,4.119040487260567,-1.5231275654927905,1.7651139625833157,-5.75639609036541,3.8407283636995686
ACH-002055,-0.08371349366524583,-4.164126173119434,-1.7446798818004627,-2.9844586714901853,-4.442561607025674,-7.499847329191053,-2.8312460123652503,-3.396508626541635,-4.781361299086458,4.851829817260659,-1.825152900550337,2.087994110681757,-2.085182470667112,1.7318271550803752
ACH-002059,-4.634718219867792,-3.5355211061565717,-4.9631925846347755,-3.340714776053082,-3.727027754347424,-10.858277147372249,-4.529218072153615,-2.8661632753035096,-2.810967088604824,5.501345387848222,-3.759771150855531,0.1898235781426507,-4.090230266142255,1.5313678132067272
ACH-002060,-2.0359837832253787,-2.205646404850832,-3.3516824822798457,-3.381797198073011,-4.446874955820685,-8.541314142388357,-2.6685074714945043,-1.168475416961945,-2.4421360244048724,5.055040768274186,-2.9412002486481295,0.011776292618433326,-3.554001147611767,0.9227588511605775
ACH-002061,-4.427810108253111,-3.032876872151947,-4.381892799942946,-2.5056430888767784,-2.559730921363102,-6.892869080614439,-5.540094275529868,-1.8370526108776264,-2.743501867926304,2.5184271525835706,-1.791726393514555,0.8979742856833891,-1.1340516327986807,1.6405059050793214
ACH-002062,-0.992427283449862,-3.2435116072799044,-3.7247458148904844,-4.271747877308603,-4.940103238833004,-7.315130120882873,-3.854343855241138,-4.380268986973416,-4.504407454641891,5.382978255423204,-1.576256219709819,2.223043117285459,-2.341520851308562,0.7054183215396703
ACH-002066,-5.750484915425866,-1.412216750329779,-4.7724332075077145,0.26052012683570447,-1.8714176497898571,-4.299519648895905,-3.685064159801348,-3.3757118471686276,-2.7022994051139224,0.6879810491454732,-2.889018693691063,1.0111967307016057,-2.0539041345728886,0.7694181764155861
ACH-002067,-1.806868496503104,-3.8905229349194324,-3.8318783405177177,-5.0848897858187545,-4.6091541114253225,-7.149570521632965,-8.361429532882886,-6.772758220704047,-4.911949185055543,3.019877989042661,-2.72380100681099,3.7774647753235273,-1.1355087048159478,2.0543336242621777
ACH-002069,-3.0475997701289796,-3.103344683738212,-3.788876194592449,-3.4177604930160688,-5.24281793169724,-6.448958806950162,-5.066609501867198,-2.4339040698572783,-3.520638592238765,3.2167762078118547,-2.4444337966649217,1.833234062909163,-2.4715476549926865,2.0817786723420064
ACH-002070,-3.8943862280528063,-2.380319717769525,-3.3080411311367124,-0.45878321465037,-0.28770521926859294,-2.9433304541279046,-4.888319991875935,-4.195143000888331,-3.9349734026444345,-1.0841394211890316,-2.762204905485044,3.6497335575878087,2.5074691924575814,-1.6352758360984794
ACH-002077,-3.053546036271685,-2.8371900402128936,-4.09683000177237,-2.3198309961794092,-5.581944616647054,-6.119412901910839,-2.573340567867542,-4.123012134343741,-2.7949191767866943,4.26680712305796,-2.7170850769308137,1.6141764108746077,-4.327660170716801,2.433943192028076
ACH-002080,-0.5584453575451247,-3.3490491587482105,-0.07905927642411185,-2.3368591069202855,-3.92213933199983,-2.5446181315255925,-3.9967399143486007,-3.398208838727123,-1.8046610517040145,3.576369571455394,0.8594375220927304,2.16051655077669,-3.547132571471755,4.2745997910309015
ACH-002084,-5.118618572398924,-3.0179954093861934,-5.167451289907171,-2.2775688644131598,-2.910900604214438,-4.268448592740331,-5.2275172425952015,-4.601142773523308,-3.442001887745701,1.2622796737783148,-3.695433285031362,4.375122496744729,-1.464338451915768,1.671431071813409
ACH-002142,-3.727684032937758,0.10196012341303856,-2.528612726172037,0.25836206696253544,-0.6439947871855217,-2.171992553000586,-4.819552163344624,-2.865672314741553,-2.0698909739363462,-1.3026111686212754,-1.9773837543246242,4.189696321072107,-1.3165477885698085,-0.012286335500917608
ACH-002214,-4.422661782236245,-3.0000184840114357,-5.229169831233798,-4.945406354392951,-4.722618908113052,-8.67992546806707,-3.383749967135872,-3.4991890006627577,-3.8906613841155844,8.351733647527995,-4.427776086033766,1.7437956417297626,-3.60913476538331,0.7437109266962909
ACH-002215,-3.4720964160198617,-2.4445059353337353,-3.936955175635945,-4.047853025081896,-3.5417952862826683,-4.585886537996436,-4.964655882404876,-3.9625255297533664,-3.8426481163615276,3.894682151887476,-1.2602754776340057,3.8054551597399824,-1.9835569504125519,0.3937321131568266
ACH-002283,-1.5786253362436775,-4.088234263459599,-5.363575467888477,-0.6516916023865336,-3.9728147902772033,-6.411204053967578,-6.284046110912474,-6.667036601270115,-5.5499997684799505,2.6476199777104457,-0.6797025266598187,5.037148905321064,-1.2980604304375551,1.1867060679323767
ACH-002291,-1.6042479747509182,-4.523686014601715,-1.8234294130756168,-2.2383194842794643,-2.9238823271911443,-5.097469406599414,-6.8059251367035,-3.5858168030013293,-2.746216541640681,1.0623280275134004,0.746901453227016,4.7941159425294835,-1.5663788032909733,1.7203220590982813
ACH-002399,-0.660759218483804,-1.6272691958293823,-0.9892771656992104,-0.6070060372006029,-0.7208148400246923,-1.42049882553908,-7.008791313976935,-6.480878048375813,-4.485297932169805,-2.1824282772653114,1.0614190341384258,2.4878463486493145,2.0186841592154336,0.0430713910809304
ACH-002400,-0.004517527130572102,-2.000288303084734,-0.704484814264597,-1.3328754921282984,0.7242577103760317,0.11550057069634524,-6.595975831960743,-6.066585720589051,-4.335412393603191,-2.477208929281199,2.6311899379599932,3.890446576102917,3.2383399471073444,-0.797302345249862
ACH-002401,1.0941681628846207,-0.4935227309755328,1.4768410153005842,0.5836928982112974,1.8345529055754743,1.9704190675980222,-5.70758292607209,-6.008532212375087,-3.833371750491058,-3.5174252540410333,4.054129326362856,2.2201242648997246,2.953945116348181,-1.4151258743834265
ACH-002433,-3.304438497875445,-0.826380312606278,-2.437542942792281,0.6364483536888357,0.07044626508779869,1.4388769175960525,-4.921662515592011,-2.96809107079873,-1.5889890980239343,-2.5065886083156634,-0.7905688435731433,4.808126203691622,-0.6080496982697959,1.1448947264642475
ACH-002446,0.7205459588611378,2.4966691223891537,-0.4561481698208583,0.2274255597160933,-0.14678213932725837,2.8013173134717673,-3.3455395227672917,1.1237633518235446,1.449417651352658,-2.729505042026262,1.028727201225758,1.1693381433502734,1.1589894780809242,-0.3441397194476143
ACH-002458,0.1207630708566575,0.37148547727606973,0.622248376084782,0.3261526545351795,0.04979296535556746,0.3271244567424636,-0.16870324516706522,-2.039556506431629,-2.2287939826747825,-0.5520379969935959,-1.0481587074549659,1.8719491647774142,0.24087730862340428,0.5308101314121251
ACH-002460,0.5455224094542321,-0.03976542250538642,1.0297148367367128,0.7682043014928283,-0.4490355610149075,-0.6440220040039417,-0.8420443784399411,-2.9788020576799963,-2.925673236337564,-0.8368745348100752,-1.0407448420809862,2.2993530468443275,0.1951566227776521,0.3788528095835533
ACH-002461,0.416414454964523,1.1179279272766294,0.4987202640761367,0.3258803545250628,-0.9278924686615843,-0.6582027332698768,-1.7869952062639884,-1.572231129903374,-0.7427171117889926,-1.9640717504550176,-1.5556346821851863,0.5121919119586784,0.14074956783482073,1.6948008619365165
ACH-002462,-5.444109985107038,-1.9200562393960026,-5.55198695620749,-0.5867054095687934,-2.439252866412164,-5.1563363375017754,-3.0307205116442737,-4.533682449203899,-3.363785007058932,1.5184291487701151,-3.5809903920688426,2.8260729623929555,-1.455395012309663,1.662418864544196
ACH-002463,-3.181295774280963,-0.977359592753059,-3.0462421860738966,-0.29787059107355013,-0.627780664190611,-1.7753336250857463,-3.516258640045973,-4.412401048022523,-3.7503236893842273,0.015415306610023334,-1.4988696259026366,3.8623245912043664,-0.678041728306409,0.9853595628184271
ACH-002464,-3.681296955386522,-0.8689058238515869,-3.323095157997371,-0.08905641225331377,-2.4550258591907195,-3.004234353571881,-2.798323433250719,-3.6553702630045812,-3.8525180003154453,0.8241270179517663,-2.5054866904787905,3.1826876921777556,-1.070461120690904,1.5543511971228767
ACH-002465,-2.8704956088547267,-2.0066957732703203,-3.3828068913931784,-0.3515222159135931,-1.3306484820048234,-3.961750811067635,-4.289417022835163,-4.775263745467417,-4.306036637015871,0.7947506313530395,-2.1660240035942264,3.683177043813834,-1.550686367542934,1.4614522061252098
ACH-002467,-2.3889751408237396,-0.9263219420438125,-3.0020787128598743,-0.9275772892553795,-2.3519221759322413,-4.378657401914168,-4.520287508349007,-4.354459317792517,-4.335483805130989,0.9882742029257321,-2.389900191361927,3.4735581490857736,-0.6618899759655585,1.3944430061914515
ACH-002470,-1.415220908701373,-2.053398452726216,-1.977019220560623,-2.5938142509296225,-5.784362899917663,-6.704661680884824,-4.65316002949585,-2.9858409434617563,-1.230859604157257,3.690662953954597,-1.530954921577332,1.0934429472811815,-2.9129619702620273,2.663158217369515
ACH-002471,-3.341527312431274,-3.515488688119206,-5.364394574291445,-3.5995311557082674,-5.840317290873286,-7.7911069127481465,-4.904756281045051,-2.115765606244321,-1.5077289330937456,2.3393261677045762,-4.701557145096213,-0.17520787290277956,-2.7664926233335256,1.943103887822865
ACH-002475,-6.3668045131386775,-3.608183748517908,-6.271329768217636,-5.041363964494014,-5.472141131486766,-9.827183523145534,-4.810442831430242,-3.9515417887653306,-3.133604048457009,3.7130761719679164,-3.3153999159581033,2.2772599970212655,-4.188048970972648,1.1934976849440802
ACH-002478,-3.2100575637523603,-0.3202486561022753,-4.49667811690193,-4.345265916415941,-4.727998743434031,-9.026934481603577,-3.084401681804376,-3.905654186933246,-0.6019767783905488,6.35553681701327,-3.2344194322492332,1.8797765118679155,-3.0025190588698445,0.6165787843181838
ACH-002485,-1.362324979392796,-1.3670341145415121,-2.818348160797156,-2.007974326241541,-1.8234705308218833,-4.049289931707152,-3.1080758533711017,-1.5112667312012398,-2.767998051315125,3.7527741502337184,-0.9731055828148907,0.023308173974937226,-2.181931248000302,1.187458016532319
ACH-002486,-3.942905233824869,-2.5645455272384083,-3.9772526929431287,-1.2652327809654942,-1.54199144398876,-5.038369249407291,-3.7909084819045002,-3.1215503400053914,-3.203133123856248,0.587817678774555,-2.7175662939064615,1.7801753864093257,-0.5012535404244918,1.1918927890003008
ACH-002490,-2.5102024717760854,-2.335323365371256,-5.358154323069827,-3.0932598480389095,-3.3859752000819396,-4.862248756536174,-4.9901679097265434,-5.295370011724546,-3.2524096834805807,2.965950618269919,-1.4253127732361202,3.356711836062363,-3.055073097214132,2.971631539945363
ACH-002499,0.18768324599299457,1.4183635232134828,-2.826308082144673,-0.4147214552490026,-0.7283745334025952,0.08874676457052333,1.0651807531215447,0.7914807577399896,2.6085847296576437,-0.15977403102974003,-0.4639845289197474,0.40133666660606426,-0.6005360619390716,0.5027428959294284
ACH-002500,-1.3069729454960133,-2.242432953298789,-2.3650427350030423,-2.422502980613563,-2.222723013470633,-5.739341469342661,-1.6190562483746562,-0.6381719882278819,-2.6230295795623033,4.5109202083584625,-1.9571496366247747,0.2112958348142814,-3.2677664133729367,2.4065394501909267
ACH-002508,-5.830701279608707,-2.936648127442616,-4.925262247085118,-0.30561371020030476,-1.1135064181013452,-3.275953821014854,-6.5657937472478745,-5.177144312459237,-3.612127591999067,-2.9655095449080617,-3.4498294943566967,2.6117381054376008,0.2849012104684816,0.6829751995879707
ACH-002510,-2.87610705740417,-2.4890521391821983,-4.04444758429023,-3.7921232551499786,-2.326276128714566,-4.523915569590322,-4.698074188681273,-4.727130030832907,-2.0259521516185033,0.7658988475873422,-3.330188794878479,5.368977607117136,-1.5591704229304866,3.192247265467856
ACH-002511,-2.4046972634424444,-1.3146209645481015,-1.4751804634687613,0.4900898679777026,-0.41035327139443145,-1.2797122198654232,-2.9450394149034578,-3.299418859489846,-1.8613390396469722,-1.016305278021334,-0.6722403471502983,2.462362493036737,0.2586276279282829,0.4643934155859474
ACH-002512,-2.941206578541314,-2.216342732369976,-3.1312222569458013,-2.625510206093277,-2.5438913674219354,-5.33944824317428,-4.3744384505282845,-4.203362534118226,-3.817502892831873,0.5546030539526808,-3.0534053326236816,2.3813262015996424,-1.589583271287942,0.6624726389232025
ACH-002522,-0.6990463522031958,-3.6083526549635137,-3.944615972033885,-0.47264349594564803,-2.2368037783130474,-6.312477012350391,-7.690612146237863,-7.076820825689518,-5.819745443916902,-0.04481748638744048,-1.9081433275501842,4.359703861852174,1.147648725486429,-0.1489854326517982
ACH-002523,-2.17119039466914,0.3325999020886342,0.24413286227906092,0.6661047189710806,1.0132123505542265,2.6198553554140074,1.2311896248744967,-1.2336316646433245,-0.8568722834863784,-0.861256894220194,1.0455207378629423,2.580107935372293,-1.2342972324515167,1.2225305629984062
ACH-002524,-0.9460272120417075,-1.0840899522102265,-3.0081144738104784,0.37142940969286786,0.19870498382490018,-0.996284363566922,-6.102925145786494,-3.5250974816777445,-2.8697433056178863,-0.3291756534931002,0.06119216146586824,1.4490482654806205,0.5522577079940177,1.691582288063052
ACH-002526,-1.0213717427023568,-1.9375684387846266,-2.1986748399965412,-2.042791834840779,-0.7351198288244116,-2.7117662370141256,-5.388032547195683,-3.950088186429018,-3.929456304688477,0.06752683120377248,0.13996879772182247,1.4353621340904925,-0.5133363787604684,1.9607508069336688
ACH-002528,0.4516596934430935,-0.33704393304410274,-1.226194470052891,0.020085065463114768,-0.4322809330720056,-1.1156632123328192,-4.105655155480653,-3.8454238320254084,-3.5404066170387005,-2.8611770024935184,-0.3878722735003372,4.148071653423691,-0.06331713068059244,-1.3670640589112046
ACH-002531,-3.760677919250959,-0.7086718175263749,-2.5542856894384536,-0.24269209203711492,1.1952449594500167,1.8576734685604623,-7.656523943597755,-5.874059507814382,-2.005778445080418,-1.5935837819518803,1.876672307722702,1.863587208526043,3.968474303346846,-0.7981378744786407
ACH-002533,-0.0533397029049071,-4.297441543368789,-3.53537024590924,-1.0185536862601041,-1.8694886410432427,-3.34898296405116,-6.190176385991843,-7.209767258333519,-5.438292841026329,-1.0318697341503729,-0.5649565619006307,3.0961353136241514,-1.180727421976282,-1.0752737300299708
ACH-002535,-2.6916122568098118,-0.15255955013360312,-1.721399008408583,2.0182910820116775,-0.019569041767666884,0.418225603276407,-3.6352665539995894,-3.4734241654034754,-1.122825264939493,-0.8098477587106826,2.1407809557063286,3.1385294333931477,1.8603448746368783,-1.9972064974852732
ACH-002538,-3.512182115157426,-3.196655943334335,-2.81561213245258,-0.9221378585988673,-2.263869584177374,-4.532971985421472,-8.029489315526428,-7.016157843498114,-3.693327688556829,2.149793802045747,1.1538767667465155,1.4767872246505493,2.5162876826070493,-0.21399834561239223
ACH-002544,-2.3980089791355437,-3.4645342896110223,-3.2901260378820334,-1.5867209772654642,-2.7718326488749425,-3.988419596895678,-7.683817356311957,-5.940074579814558,-4.248345037192768,0.26017954108811076,1.1703091146110935,4.999397745057792,-0.6969148233571705,3.8077750022534493
ACH-002647,-2.4413612138871206,-2.1423792821444225,-1.824260747019491,-1.8754364703213837,-0.8027262205462083,-2.543679548185593,-5.186524512215658,-4.143808348937849,-3.693553017667176,-0.1115219000636265,-0.7880237492204797,2.016995434156345,1.9903465465819932,-0.06914034612316339
ACH-002650,-1.5245854050793595,0.9771858766442062,-1.279124906162361,0.6676901473526915,1.7991403912723054,3.8137943670682235,-2.8067876916026764,-1.6566987417582935,-1.4599274999372684,-1.804304066820039,2.002960558209178,2.302026155663405,1.5564096932668834,0.6017626710554362
ACH-002654,-3.101633007801877,-2.0111866724759118,-2.8843679619314773,-1.5301745652812537,-1.4840526592237262,-2.49529075297991,-4.787220050220982,-5.31356387291797,-2.7042058170237775,1.0700557338884373,0.8296993134467734,0.8220446356279882,1.6094520263594676,-0.3343949829747186
ACH-002659,-2.668406621114392,-2.931290664351073,-3.819224615414996,-2.6935544212634537,-1.561222468821793,-2.8458156232269958,-8.544517999689083,-5.538285790425813,-2.4782300664060344,2.4911690658471985,3.0004578861540976,2.018209405376784,2.1116302383336683,0.28926464517514794
ACH-002660,-0.6721699001724635,0.24058024496966263,-1.2276030200241699,0.5079452031436591,1.5154210506464219,3.5400616865251187,-3.889469766028639,-2.824072511505889,-0.08453029075373633,-0.7909694287931036,3.4136242894701385,2.37447019677877,3.9267255807281582,-0.5209787849164667
ACH-002662,-0.8687331569897432,-1.0068359618930625,-3.2987528099651575,-0.9975181778765417,-2.240665902480001,-2.05322629068235,-7.990636567877162,-5.559741345202047,-2.5682336605896356,1.4098013442651232,1.8519805410132544,0.8755033712628797,2.1862621833513316,-0.0680383583409912
ACH-002664,-2.0109040965983036,-1.7654949065918908,-2.370489292711108,-0.8495577891280364,-0.3040073231498946,-3.578627998934509,-5.280533828324177,-3.2458785014430562,-1.6744533252703793,1.5616347411464349,0.9948759370512994,2.057226818145998,3.4353381467977293,0.4927494243598636
ACH-002669,-0.7832968100290002,-0.9549102086990596,-0.9500162466188034,-0.042034229782068,-1.9772261953312165,-2.2257032905854186,-7.359049916388371,-4.634976830442465,-4.00161932604032,0.311906109813475,1.1328609273671972,0.6577707461318341,1.3381715473692408,-1.5879357779297463
ACH-002672,-3.013291172530086,-2.1979453421257107,-2.650034431416023,2.6073750713668686,0.2462063854785786,1.161100671169621,-5.477329664561499,-6.179264043001345,-3.5994970313130112,-1.3924965351460268,2.4943316968632945,0.9453554812869422,3.0217180185202692,-0.47648583101059216
ACH-002677,-1.321413950059145,-4.596282739812509,-4.371641295799134,-2.684403447297286,-4.967592605725229,-9.649203401179172,-6.018033529799156,-6.318781594534826,-5.664679175500499,4.313721350919751,-1.669605160496245,4.133722414515517,-1.9986784979858792,1.8901102571406285
ACH-002678,-1.6665901027149406,-2.5805510097255455,-5.635717097526726,-4.378093548173701,-5.165511742655544,-10.190882239352046,-5.490120855020914,-5.03091160092354,-3.51392940526672,5.484304935739025,-3.2262289870765253,2.5660884370260986,-2.879491304654639,1.4918819753515
ACH-002680,-5.269392270717428,-3.1235605634720964,-3.7161701925587414,-1.7512532767269788,-3.926717106129097,-5.433638019874715,-7.2205557194468675,-5.677285872835091,-4.054190094663684,0.7777645542250142,-2.9526598297801194,4.728721468846,-1.1397959574068746,0.6083052553880238
ACH-002681,-5.182908964100945,0.8332198794717559,-2.3877028894301775,1.5728697750898009,0.18211967234876075,0.5887215836356012,-4.317161682825172,-2.8287902371489495,-1.2966327161112274,-1.0705386114445425,-0.17470629886407635,4.683610311204097,-0.7568710286789875,1.0527038849805428
ACH-002687,1.213239801121589,0.6830679725338323,1.6078251146049065,0.8928556135943451,-1.018445068478742,3.1890366849415943,-2.121834168309465,-0.8456316870534242,-1.5267257486510812,-1.040155131691281,0.24341457892027102,3.4278853601054813,-1.5825794701321865,2.6663212100840448
ACH-002688,-6.785625092463392,-2.939072798275265,-5.497361722827755,-1.5240912964157425,-2.9307853563361057,-3.3876401019220257,-5.608911668365629,-4.760134026527973,-3.001233894697262,-1.474517087739931,-1.8348393341242284,5.667466112853196,-1.054566962350312,-0.2691068313067158
ACH-002690,-4.551491920870905,-1.9272342427183569,-4.665742622022405,-0.6096389095502545,-1.8387951339288162,-3.815205058465177,-4.499573789704514,-2.7827160262954442,-1.6768890948043604,-0.4280155699742283,-2.3347301700996708,2.626872951624102,0.34604174395984144,1.1837237662659523
ACH-002693,-0.46108141247195966,-4.144352180366061,-2.0326970482752325,-0.8067045673861535,-3.863029838482528,-5.804141497159908,-4.818765079266208,-4.807920755069669,-4.622454409088423,2.2569295487650276,-0.09440571907185608,4.801998435793029,-2.043892709066848,2.293597023318887
ACH-002705,1.272715125208504,-1.046780166244709,1.539597347328576,1.6343729898487587,1.4097934080904366,2.0702886327737384,-3.248137937697921,-2.309882409321097,-2.5071255510971295,-2.2244569520152,0.26138665806444356,0.24269089782275843,3.3106916850368524,-1.12005031894677
ACH-002706,-4.122684894267354,-2.2276657104833806,-3.925743708193806,-0.14398441962367753,-0.6126862491947265,-2.7681011228432926,-1.6270889657351522,-0.9280919961880124,-0.5053844148776714,1.3210727653251226,-2.332757174127277,1.3873576510498369,0.03537272788342555,-0.39943013272577954
ACH-002708,-3.237654262814691,-2.1480748044393776,-3.894460005947152,-1.369622874621578,-2.152764633037507,-3.895196891023574,-5.768488201484302,-3.775890778624793,-4.130106512552195,-0.2632920180143935,-3.6522131972072835,3.730595636654116,-1.1828640056344042,0.4539590007780436
ACH-002709,-0.1877948189829683,-2.7458900331084872,-3.987128268880052,-4.170956931427561,-2.2706069780867333,-7.287740827890374,-4.8165682540607735,-3.996260340824931,-4.107442894468004,3.72671770395913,-2.849542379227617,0.1522283694980232,-2.447141125262123,-0.00184470453391819
ACH-002710,-1.0809432714488552,-0.17825631576486078,-3.0441329863433157,-0.5834277727275277,-2.871355357559082,-4.0736813949446535,-4.491939499947042,-4.9139024069313315,-3.4619712342197713,-0.10311058720807253,-2.3954886681132264,3.345663567449615,-0.6663358329036604,2.1661529210659776
ACH-002711,-2.428631416017376,-0.3064610723489584,-1.5138145523512367,-0.026125893093610922,0.09710956821118555,-0.11809965501800028,-1.497218797635897,-2.3300484266619597,-0.7970575291576423,-1.40949173580129,-1.4173322712355656,2.101667851175161,0.08390889728684867,0.7036234852298592
ACH-002778,3.0807413994713833,-0.07291182807792373,-0.04086888585098298,0.7896265979250949,0.7136540828295012,3.5764240138777987,-5.90278786834383,0.9967978840396199,-1.3870033652543465,-3.7844093676336756,-0.5531494538618721,3.7158031861382543,1.8122619269445743,0.49581636966143
ACH-002780,-3.721184836213837,-3.2392799892516804,-3.0722044303161944,-2.9444525471345875,-4.8965869081064,-5.889162601552097,-5.420304900443812,-1.9718279581266782,-3.4388113461139955,3.221044509678987,-3.157255152346482,2.8777299375586396,-5.5561089503520185,3.507716947736329
ACH-002782,-3.205934290741839,-1.7798015202894062,-3.417409562023734,-0.17427745672125977,-3.430311383150721,-6.267431829598327,-4.790219192281931,-4.162435667840053,-2.9791133991834786,-1.0093682949874059,-2.5453246941805743,2.877349584342575,0.416625967801024,-0.9012621824243067
ACH-002784,-4.433945629273105,-1.1494224779359632,-3.9158472735259453,-1.226568265267339,-2.20975299845642,-5.550216819324574,-4.615228602468046,-2.221878735940113,-2.4900098194208096,-0.036974102736227255,-2.6919197224162805,2.3398055010825543,-1.0064032787839723,0.22866104211737345
ACH-002785,-4.7942451579587875,-2.731981253695566,-4.767768083777518,-1.7202088583580373,-2.495046541211219,-5.932872356270045,-5.179288515189141,-4.610334376574136,-3.6821815943108116,-0.6800003517353652,-2.949887332379115,3.545639067176231,-0.5023022271736174,-0.7275186906443938
ACH-002792,-2.9334007569542386,-1.085480550242323,-3.0869179210643263,-1.2097684896558158,-2.400465661808472,-3.5220107521333843,-1.583428768941424,-0.11356255025029446,-2.2842762678883277,0.7479072773216918,-2.5296513169363704,1.2614685238112653,-2.2995789843712195,1.8060431034654028
ACH-002799,-5.275596604282013,-1.8289900398443244,-4.791920342278433,-1.138923398965191,-1.2338299161554775,-4.035196053404495,-4.059850452986993,-4.204895880036469,-3.3345951194153467,1.3652123055414855,-0.9302257574703439,2.2771169129050968,0.779402177789336,0.8862129269800649
ACH-002800,-2.693337751563781,-2.283189094877715,-2.515722865656508,-1.229436714745203,-1.4585126705197713,-1.4243153597188278,-5.5550065890505005,-4.87321094302938,-3.9787850987430606,-1.3246420598628998,0.23985755335712372,4.478829451240854,-0.8105048909688278,-0.4078924980065589
ACH-002801,-4.055088537503809,-0.8055646662229656,-4.06590525244113,1.0137110469718758,-0.4922543202978957,-0.836989542808326,0.5650208184898647,-1.631421039275492,-0.26882888265495614,-1.2520787232781212,-1.7261567426607227,3.1075727770937562,2.9922348886233423,-1.1586849034177327
ACH-002806,-1.240109310452184,2.3102290794382525,-0.8519352551486352,1.2425495080562188,1.6933991175084977,2.2638715112743952,0.14950812300838742,1.3438256855039745,3.415252504035619,-0.44698646009247334,-1.0252563438289979,1.863387751658263,-1.5319252216650519,0.5056719250206124
ACH-002834,0.9006565280300258,-1.0708418129105537,-0.8811270588738837,-0.868685648856907,-1.5101270344335564,-2.7014872705534314,-4.802711034537999,-2.9356437371227995,-2.276828093873063,-3.60923592100273,-1.444024547213688,1.9810791176103104,0.5440826632178295,1.1471401575083227
ACH-002847,-1.1011680727100477,0.21259077436107665,-1.5929071931443057,-0.27272357682392157,-1.0066429480427599,-2.7002777534429363,-2.9763472636941604,-2.16078723398934,-1.6354978532672884,-0.4279425706116173,-1.286852134599517,-0.5121932055327991,0.045410622359503376,1.1435063949230133
ACH-002922,4.818502096415701,0.7049062913341994,2.910104056158768,1.629075104648028,1.0211140911563974,2.6374327234361132,-3.366123848486125,-2.248368393177403,-0.4279575022448115,-0.08892991089058541,3.5204069448628355,2.991219839302876,-1.2730940659525856,1.379899426761441
ACH-002923,2.097473408828588,0.5772681972676713,-1.115955879752641,-1.5313104810797442,-3.1503926357236693,-3.0642308677782473,-4.174264633426457,-4.643133253529689,-1.463652976343044,1.3994050601243486,1.0451448257545142,4.3704918010854135,-2.7933511919526186,0.03362161197245575
ACH-002925,2.8394768778442385,0.9836332236549825,2.0351822494980834,0.13100183154904838,-0.530209800639108,3.6454887863919843,0.32839604327440153,1.5328498003177529,0.401086267459839,-1.0686036248792143,0.12508625812270557,2.997715912338304,-1.4952137540392845,1.063994606147374
ACH-002926,-1.0326700507898694,-1.9194508221645368,-0.6402382274703158,-2.0758947668544856,-2.954015889943639,-3.067627458686898,-2.7883092476203224,-3.1462866167764356,-3.391609281018812,-0.2168819224319583,-1.6821810591799187,3.4172966437888976,-0.8397066171108972,1.4541293887717603
ACH-002928,-1.157071350799863,-0.78211171272832,-5.058670310092721,-0.9550211288006999,-2.5299531004737315,-4.047749619711302,-5.986324875981587,-5.0077309790679845,-3.317339947597383,-0.11856251457841822,-2.445734482986126,4.090270940496125,-0.16147516546726082,0.962595627976382
ACH-003012,5.422169109027143,0.9086992093701901,1.9222742714223984,1.5674935946984576,1.4232556479639544,4.715813755145036,0.07601145248802045,-0.10076732337894395,-1.1435043254125037,-2.3603661111954612,2.9562233305312766,0.9649981302494397,1.2766529194999523,-1.2958025298287126
ACH-003064,-1.7304163035083997,-2.565882283005319,-3.1943606357826937,-0.8658315316960128,-1.431054630621876,-5.620974143250292,-6.193363277288962,-6.668420167741494,-5.609613712018114,-1.1943458167151793,-2.671422031684301,5.310205505463437,-0.1787424755657482,1.3162877973057112
ACH-003065,1.589346120158066,-2.7016391377441167,-2.292290713794373,-0.6217949537352382,-4.41928405489256,-5.875560710604227,-4.249698767424703,-4.6481387975799535,-3.7394056855573377,3.408786393261004,-1.7573654950830684,3.293782040939823,-2.1922053268949195,2.132711934206371
ACH-003171,-1.7649711126340524,-0.9414774331451132,-1.987930499513224,-1.3161234074210573,-2.378637989668642,-2.4008543925692445,-3.8870913712276725,-2.84381299831941,-2.1429523151009313,-1.4398776633066221,-1.6411800947087922,5.442031473310491,-0.3251765634390314,-0.7537760104568878
ACH-003176,-0.3889811778918056,-1.9472691658420114,-1.816750025096833,-0.3056170748437675,-0.11219330016644133,-2.6868394992973275,-4.896646088718613,-5.736196510668914,-4.2091204955342825,-0.4445231223901255,0.35097004544338267,3.8535167482959976,0.25869374114870297,-0.639392579892498
ACH-003177,-0.8342536972503688,-1.1190322498936895,-3.05168533140005,-0.5906051048286974,-1.4291444448048556,-5.1782135939629805,-6.726976863284298,-5.133500713209308,-3.6855466593060866,-0.20667105140253136,-1.2381421499173406,4.7320449620610745,-1.2224288399888055,1.7816192153598525
ACH-003178,-4.725339304561196,-0.033355518212077745,-6.134026833727109,-0.5146626828117279,-3.345986740888341,-4.624439903509795,-5.57825966599242,-3.3149620093322194,-1.408245134033765,-0.22079097978448317,-1.8687597519199772,2.9959859660102186,0.49364311901380165,-1.2176821612848765
ACH-003180,-1.093758690607733,-0.9958883787995962,-3.4459480470678927,-1.9246226431650713,-3.4704831687537925,-6.231542284887884,-7.899915031820094,-5.93938506055363,-2.8101745018396644,-0.3414248092029318,-3.0661890823679627,4.433830287504609,-1.0037306498282739,0.8412997525822128
ACH-003184,1.6212114899551926,0.8367572184946199,-0.787679374487545,-0.3347137519740546,-1.3617484552750425,-0.11426316514191762,-6.869462221385389,-5.668700292885004,-3.140709539783387,-1.313719453397161,-0.05941402758474448,4.485574749733195,0.2933951363984115,0.4613665612012187
ACH-003185,-3.7530963893485,1.0838644768535863,-4.516432432867173,-0.8790601846903743,-3.831709312487814,-3.2978539685573005,-5.054611132128889,-3.1070491397470277,0.07099456751958888,0.2450281355531902,-0.20714094174132905,3.517425445990903,-1.2133720502181262,1.0885361612738025
ACH-003186,9.366106216195536,1.0718118675632327,6.107277893032419,3.717853784863796,2.8930594029208683,7.7490068546779485,-5.194033701124865,-2.7631551090135638,-1.2581113947390092,-5.292892857239215,4.922769025529756,6.224822059737428,1.5496983257363135,1.8681797485156006
ACH-003189,-3.322004914647137,-1.7791059958754762,-3.0739597439773063,0.8210685238697883,-0.056614439421348306,-1.238635233970532,-7.662220459965689,-6.792250550926463,-2.559288580820225,-3.1860649454121344,-0.38239478181047526,7.945186960773715,0.5556237289338224,-1.29408242697841
ACH-003190,3.152437076313974,-0.6092935694862673,2.2671000100402767,0.4072071020973208,-1.1059917353003108,0.7707056661858029,-4.467526562504512,-4.365756781246417,-2.577608333257249,-1.2912402707376947,-0.6762065317969671,2.136810646825498,-0.13367834780674093,0.36673087399391563
ACH-003191,-0.7542861092309551,-0.29339457791540086,-0.6696924091445691,-1.4364689460814173,-2.2082956600852066,-1.805330857928694,-7.751687880364422,-7.413423763978568,-3.6107109256934296,-0.940229382682048,0.03253528639395152,4.784227229914842,1.1887636132743578,0.8242732692985508
ACH-003273,-3.627593040534104,-4.802409565852811,-6.063274977490318,-2.7711802761941318,-1.900159029081494,-7.431519332096988,-6.322278479989786,-4.578931355418892,-3.516824800877847,2.674402927233851,-2.1216458275864705,1.5511119901766215,-3.021052471313157,-0.03745375737526602
ACH-003410,-0.6915573201129532,-0.8788556231816584,-1.4059133533283494,0.897051094560782,0.4457719147030903,0.1524881927771921,-2.770049319259208,-2.806573187590934,-2.7079313698213645,-0.3465857039487008,1.241997040450143,4.908215937398479,-0.8063792515309378,-0.2945837293906396
ACH-003573,-2.4223067176338064,-2.777335442930512,-6.5714678984286525,-2.629927282967814,-4.90180232802039,-9.974089608341112,-7.535789483417696,-5.716063638076881,-4.87507524000083,0.5592265753313522,-4.154709663226551,1.995979413341415,-0.31543692841625315,0.8508198314439019
ACH-003587,-2.55408774684803,-0.8784508102514744,-3.7169123817178527,-0.9012316871883675,-3.228575853962068,-6.286601054806944,-5.559248582395068,-3.9430348244588282,-2.095046927910536,0.5013458660681602,-3.121420689590455,2.8106807022446674,-0.8687402895364587,1.424700517233164
ACH-003590,-2.7107630150387556,-2.3027863793304038,-4.155416344982158,-3.3882218186905586,-3.508893891367504,-8.193538242620706,-2.9344321311885584,-2.3307789317645575,-2.292144178900732,4.815595770881572,-2.3336416173222707,1.4103473301933296,-3.652258655544869,0.044834452560716054
